{
  "type": "FeatureCollection",
  "features": [
    {
      "type": "Feature",
      "properties": {
        "type": "Light Rail",
        "network": "CATS LYNX",
        "route_name": "Blue Line",
        "color": "#00509A"
      },
      "geometry": {
        "type": "LineString",
        "coordinates": [
          [
            -80.733725,
            35.312138
          ],
          [
            -80.733898,
            35.312151
          ],
          [
            -80.73405,
            35.312163
          ],
          [
            -80.734552,
            35.312202
          ],
          [
            -80.734942,
            35.312233
          ],
          [
            -80.735358,
            35.312266
          ],
          [
            -80.735973,
            35.312343
          ],
          [
            -80.736264,
            35.312474
          ],
          [
            -80.736407,
            35.31259
          ],
          [
            -80.737683,
            35.314261
          ],
          [
            -80.738051,
            35.314583
          ],
          [
            -80.738399,
            35.314786
          ],
          [
            -80.738929,
            35.314974
          ],
          [
            -80.739561,
            35.315057
          ],
          [
            -80.740173,
            35.314999
          ],
          [
            -80.740678,
            35.314847
          ],
          [
            -80.741115,
            35.314566
          ],
          [
            -80.741778,
            35.313978
          ],
          [
            -80.743214,
            35.31258
          ],
          [
            -80.74322,
            35.312585
          ],
          [
            -80.743488,
            35.312344
          ],
          [
            -80.743806,
            35.312059
          ],
          [
            -80.743873,
            35.311995
          ],
          [
            -80.745184,
            35.310738
          ],
          [
            -80.745184,
            35.310738
          ],
          [
            -80.745753,
            35.310194
          ],
          [
            -80.745762,
            35.310185
          ],
          [
            -80.748163,
            35.307884
          ],
          [
            -80.748173,
            35.307875
          ],
          [
            -80.748353,
            35.307703
          ],
          [
            -80.748821,
            35.307176
          ],
          [
            -80.749729,
            35.305774
          ],
          [
            -80.749735,
            35.305763
          ],
          [
            -80.751409,
            35.303245
          ],
          [
            -80.752474,
            35.301647
          ],
          [
            -80.752847,
            35.301111
          ],
          [
            -80.752847,
            35.301111
          ],
          [
            -80.752971,
            35.300933
          ],
          [
            -80.753293,
            35.300475
          ],
          [
            -80.7533,
            35.300465
          ],
          [
            -80.753355,
            35.300383
          ],
          [
            -80.753439,
            35.300253
          ],
          [
            -80.753517,
            35.30012
          ],
          [
            -80.753595,
            35.299987
          ],
          [
            -80.753669,
            35.299851
          ],
          [
            -80.75374,
            35.299715
          ],
          [
            -80.753807,
            35.299577
          ],
          [
            -80.753875,
            35.299438
          ],
          [
            -80.753935,
            35.2993
          ],
          [
            -80.753996,
            35.299158
          ],
          [
            -80.754054,
            35.299017
          ],
          [
            -80.754108,
            35.298876
          ],
          [
            -80.754155,
            35.298733
          ],
          [
            -80.75421,
            35.298575
          ],
          [
            -80.754213,
            35.298564
          ],
          [
            -80.75423,
            35.298514
          ],
          [
            -80.754281,
            35.298348
          ],
          [
            -80.754306,
            35.298266
          ],
          [
            -80.754667,
            35.297082
          ],
          [
            -80.75467,
            35.297071
          ],
          [
            -80.7551,
            35.29563
          ],
          [
            -80.755104,
            35.295617
          ],
          [
            -80.755156,
            35.295442
          ],
          [
            -80.755178,
            35.295362
          ],
          [
            -80.755462,
            35.294396
          ],
          [
            -80.755929,
            35.292887
          ],
          [
            -80.75632,
            35.291812
          ],
          [
            -80.756902,
            35.290794
          ],
          [
            -80.758008,
            35.289418
          ],
          [
            -80.760787,
            35.286737
          ],
          [
            -80.760793,
            35.286739
          ],
          [
            -80.761755,
            35.286024
          ],
          [
            -80.762484,
            35.285329
          ],
          [
            -80.763096,
            35.284697
          ],
          [
            -80.7636,
            35.2841
          ],
          [
            -80.764432,
            35.282976
          ],
          [
            -80.765065,
            35.281886
          ],
          [
            -80.765583,
            35.28064
          ],
          [
            -80.765586,
            35.280628
          ],
          [
            -80.76574,
            35.280075
          ],
          [
            -80.765976,
            35.279052
          ],
          [
            -80.766071,
            35.278613
          ],
          [
            -80.766147,
            35.278263
          ],
          [
            -80.766204,
            35.277942
          ],
          [
            -80.766204,
            35.277942
          ],
          [
            -80.766369,
            35.277022
          ],
          [
            -80.766371,
            35.277008
          ],
          [
            -80.766597,
            35.276003
          ],
          [
            -80.76682,
            35.274823
          ],
          [
            -80.766917,
            35.274352
          ],
          [
            -80.767205,
            35.272974
          ],
          [
            -80.767641,
            35.27091
          ],
          [
            -80.767644,
            35.270898
          ],
          [
            -80.767937,
            35.269358
          ],
          [
            -80.768086,
            35.268619
          ],
          [
            -80.768187,
            35.268203
          ],
          [
            -80.768321,
            35.267759
          ],
          [
            -80.768429,
            35.267436
          ],
          [
            -80.768434,
            35.267425
          ],
          [
            -80.768438,
            35.267417
          ],
          [
            -80.768466,
            35.267345
          ],
          [
            -80.768562,
            35.267115
          ],
          [
            -80.768667,
            35.266889
          ],
          [
            -80.768776,
            35.266662
          ],
          [
            -80.768904,
            35.266396
          ],
          [
            -80.769098,
            35.266045
          ],
          [
            -80.769117,
            35.266009
          ],
          [
            -80.769399,
            35.265596
          ],
          [
            -80.769617,
            35.265282
          ],
          [
            -80.769992,
            35.264807
          ],
          [
            -80.770181,
            35.264593
          ],
          [
            -80.770397,
            35.264365
          ],
          [
            -80.770571,
            35.264189
          ],
          [
            -80.770738,
            35.264027
          ],
          [
            -80.770902,
            35.263879
          ],
          [
            -80.771053,
            35.263748
          ],
          [
            -80.771273,
            35.263547
          ],
          [
            -80.771507,
            35.26336
          ],
          [
            -80.771661,
            35.26321
          ],
          [
            -80.772141,
            35.262733
          ],
          [
            -80.772416,
            35.262259
          ],
          [
            -80.772517,
            35.261885
          ],
          [
            -80.772725,
            35.260526
          ],
          [
            -80.772793,
            35.260086
          ],
          [
            -80.772789,
            35.260106
          ],
          [
            -80.772927,
            35.259211
          ],
          [
            -80.772995,
            35.258964
          ],
          [
            -80.773148,
            35.258723
          ],
          [
            -80.773471,
            35.258447
          ],
          [
            -80.774267,
            35.257814
          ],
          [
            -80.775753,
            35.256578
          ],
          [
            -80.777263,
            35.255549
          ],
          [
            -80.778327,
            35.254876
          ],
          [
            -80.779883,
            35.254139
          ],
          [
            -80.781703,
            35.253416
          ],
          [
            -80.783817,
            35.252796
          ],
          [
            -80.785074,
            35.252555
          ],
          [
            -80.79289,
            35.251455
          ],
          [
            -80.792876,
            35.251457
          ],
          [
            -80.796546,
            35.250896
          ],
          [
            -80.797195,
            35.250753
          ],
          [
            -80.798339,
            35.250339
          ],
          [
            -80.798826,
            35.250218
          ],
          [
            -80.80528,
            35.249365
          ],
          [
            -80.806025,
            35.249194
          ],
          [
            -80.806025,
            35.249194
          ],
          [
            -80.808382,
            35.248501
          ],
          [
            -80.809533,
            35.248061
          ],
          [
            -80.809951,
            35.247871
          ],
          [
            -80.810534,
            35.247588
          ],
          [
            -80.81078,
            35.247435
          ],
          [
            -80.811036,
            35.247223
          ],
          [
            -80.811324,
            35.246869
          ],
          [
            -80.811949,
            35.245699
          ],
          [
            -80.812132,
            35.24546
          ],
          [
            -80.812479,
            35.245143
          ],
          [
            -80.814941,
            35.243336
          ],
          [
            -80.817097,
            35.241681
          ],
          [
            -80.817098,
            35.241681
          ],
          [
            -80.818912,
            35.240276
          ],
          [
            -80.821844,
            35.238006
          ],
          [
            -80.823047,
            35.237074
          ],
          [
            -80.823153,
            35.236991
          ],
          [
            -80.823261,
            35.236908
          ],
          [
            -80.823262,
            35.236907
          ],
          [
            -80.824063,
            35.236298
          ],
          [
            -80.824274,
            35.236176
          ],
          [
            -80.824754,
            35.23601
          ],
          [
            -80.826171,
            35.235639
          ],
          [
            -80.827269,
            35.235247
          ],
          [
            -80.828015,
            35.234806
          ],
          [
            -80.829019,
            35.234044
          ],
          [
            -80.83152,
            35.232298
          ],
          [
            -80.832777,
            35.231346
          ],
          [
            -80.834695,
            35.229871
          ],
          [
            -80.835084,
            35.229571
          ],
          [
            -80.835089,
            35.229567
          ],
          [
            -80.836787,
            35.228313
          ],
          [
            -80.837677,
            35.227702
          ],
          [
            -80.83767,
            35.227689
          ],
          [
            -80.839883,
            35.226146
          ],
          [
            -80.840871,
            35.225359
          ],
          [
            -80.840886,
            35.225347
          ],
          [
            -80.842011,
            35.224476
          ],
          [
            -80.843106,
            35.223732
          ],
          [
            -80.843106,
            35.223732
          ],
          [
            -80.843921,
            35.223163
          ],
          [
            -80.845496,
            35.222269
          ],
          [
            -80.846375,
            35.221675
          ],
          [
            -80.846375,
            35.221675
          ],
          [
            -80.847853,
            35.220879
          ],
          [
            -80.849078,
            35.220038
          ],
          [
            -80.851406,
            35.218499
          ],
          [
            -80.851406,
            35.218499
          ],
          [
            -80.85275,
            35.217487
          ],
          [
            -80.855178,
            35.215813
          ],
          [
            -80.85518,
            35.215811
          ],
          [
            -80.856405,
            35.214921
          ],
          [
            -80.857075,
            35.214379
          ],
          [
            -80.857796,
            35.213624
          ],
          [
            -80.859038,
            35.212113
          ],
          [
            -80.859038,
            35.212113
          ],
          [
            -80.868992,
            35.199771
          ],
          [
            -80.869005,
            35.199755
          ],
          [
            -80.869332,
            35.19935
          ],
          [
            -80.871557,
            35.196712
          ],
          [
            -80.872235,
            35.195761
          ],
          [
            -80.873253,
            35.193972
          ],
          [
            -80.874069,
            35.19253
          ],
          [
            -80.874532,
            35.191712
          ],
          [
            -80.875006,
            35.190875
          ],
          [
            -80.875018,
            35.190853
          ],
          [
            -80.875615,
            35.189799
          ],
          [
            -80.8773,
            35.186821
          ],
          [
            -80.877881,
            35.18573
          ],
          [
            -80.878291,
            35.18475
          ],
          [
            -80.878525,
            35.18407
          ],
          [
            -80.878742,
            35.183267
          ],
          [
            -80.878899,
            35.182454
          ],
          [
            -80.879363,
            35.180054
          ],
          [
            -80.879476,
            35.179396
          ],
          [
            -80.879537,
            35.17875
          ],
          [
            -80.879539,
            35.178146
          ],
          [
            -80.879377,
            35.177047
          ],
          [
            -80.879089,
            35.175782
          ],
          [
            -80.879097,
            35.175814
          ],
          [
            -80.878759,
            35.174402
          ],
          [
            -80.878026,
            35.17133
          ],
          [
            -80.877952,
            35.170985
          ],
          [
            -80.877907,
            35.170683
          ],
          [
            -80.87745,
            35.164573
          ],
          [
            -80.877447,
            35.164066
          ],
          [
            -80.877446,
            35.163902
          ],
          [
            -80.87745,
            35.16377
          ],
          [
            -80.877475,
            35.162956
          ],
          [
            -80.877475,
            35.162955
          ],
          [
            -80.877502,
            35.162051
          ],
          [
            -80.877555,
            35.160295
          ],
          [
            -80.877552,
            35.159934
          ],
          [
            -80.877531,
            35.159729
          ],
          [
            -80.877472,
            35.159441
          ],
          [
            -80.877162,
            35.158454
          ],
          [
            -80.877074,
            35.158106
          ],
          [
            -80.877014,
            35.157772
          ],
          [
            -80.876979,
            35.157423
          ],
          [
            -80.876937,
            35.156553
          ],
          [
            -80.876958,
            35.155812
          ],
          [
            -80.876989,
            35.155442
          ],
          [
            -80.87709,
            35.154705
          ],
          [
            -80.877414,
            35.15315
          ],
          [
            -80.877466,
            35.152896
          ],
          [
            -80.877466,
            35.152896
          ],
          [
            -80.877537,
            35.152557
          ],
          [
            -80.877772,
            35.151429
          ],
          [
            -80.878093,
            35.150126
          ],
          [
            -80.878501,
            35.148159
          ],
          [
            -80.878579,
            35.147544
          ],
          [
            -80.878598,
            35.147235
          ],
          [
            -80.878596,
            35.146616
          ],
          [
            -80.878542,
            35.145999
          ],
          [
            -80.878434,
            35.145377
          ],
          [
            -80.877347,
            35.140321
          ],
          [
            -80.876431,
            35.136056
          ],
          [
            -80.876335,
            35.135612
          ],
          [
            -80.876335,
            35.13561
          ],
          [
            -80.876147,
            35.134738
          ],
          [
            -80.875835,
            35.133283
          ],
          [
            -80.875771,
            35.132879
          ],
          [
            -80.875735,
            35.132333
          ],
          [
            -80.875759,
            35.131786
          ],
          [
            -80.875793,
            35.131514
          ],
          [
            -80.875904,
            35.130975
          ],
          [
            -80.875982,
            35.130709
          ],
          [
            -80.876073,
            35.130446
          ],
          [
            -80.876298,
            35.129932
          ],
          [
            -80.880005,
            35.123153
          ],
          [
            -80.881635,
            35.120171
          ],
          [
            -80.882017,
            35.119472
          ],
          [
            -80.882015,
            35.119475
          ],
          [
            -80.882118,
            35.119286
          ],
          [
            -80.882701,
            35.118219
          ],
          [
            -80.882989,
            35.117682
          ],
          [
            -80.883378,
            35.116792
          ],
          [
            -80.883701,
            35.115613
          ],
          [
            -80.883819,
            35.114013
          ],
          [
            -80.883852,
            35.113053
          ],
          [
            -80.883793,
            35.111969
          ],
          [
            -80.883302,
            35.109902
          ],
          [
            -80.883051,
            35.10838
          ],
          [
            -80.882934,
            35.107222
          ],
          [
            -80.882942,
            35.107208
          ]
        ]
      }
    },
    {
      "type": "Feature",
      "properties": {
        "type": "Light Rail",
        "network": "CATS LYNX",
        "route_name": "Blue Line",
        "color": "#00509A"
      },
      "geometry": {
        "type": "LineString",
        "coordinates": [
          [
            -80.806274,
            35.249059
          ],
          [
            -80.806014,
            35.249119
          ],
          [
            -80.805902,
            35.249136
          ],
          [
            -80.80498,
            35.249355
          ],
          [
            -80.803096,
            35.249591
          ],
          [
            -80.801088,
            35.249868
          ],
          [
            -80.798751,
            35.250194
          ],
          [
            -80.798304,
            35.250307
          ],
          [
            -80.797816,
            35.250485
          ],
          [
            -80.797145,
            35.25073
          ],
          [
            -80.796673,
            35.25084
          ],
          [
            -80.792809,
            35.251392
          ],
          [
            -80.792804,
            35.251392
          ],
          [
            -80.78848,
            35.252006
          ],
          [
            -80.785622,
            35.252412
          ],
          [
            -80.783689,
            35.252791
          ],
          [
            -80.78205,
            35.253247
          ],
          [
            -80.780438,
            35.253838
          ],
          [
            -80.779049,
            35.254484
          ],
          [
            -80.778515,
            35.254767
          ],
          [
            -80.777396,
            35.255413
          ],
          [
            -80.776942,
            35.255723
          ],
          [
            -80.775619,
            35.256684
          ],
          [
            -80.773959,
            35.258
          ],
          [
            -80.773287,
            35.258537
          ],
          [
            -80.773071,
            35.258741
          ],
          [
            -80.772995,
            35.258858
          ],
          [
            -80.772914,
            35.259044
          ],
          [
            -80.772843,
            35.259396
          ],
          [
            -80.772753,
            35.259994
          ],
          [
            -80.772754,
            35.259989
          ],
          [
            -80.772647,
            35.260703
          ],
          [
            -80.772365,
            35.262262
          ],
          [
            -80.772207,
            35.262561
          ],
          [
            -80.771975,
            35.262857
          ],
          [
            -80.77168,
            35.263136
          ],
          [
            -80.771463,
            35.263337
          ],
          [
            -80.771262,
            35.263538
          ],
          [
            -80.771041,
            35.263739
          ],
          [
            -80.77089,
            35.26387
          ],
          [
            -80.770725,
            35.264018
          ],
          [
            -80.770558,
            35.26418
          ],
          [
            -80.770384,
            35.264356
          ],
          [
            -80.770168,
            35.264585
          ],
          [
            -80.769978,
            35.264799
          ],
          [
            -80.769603,
            35.265275
          ],
          [
            -80.769385,
            35.265589
          ],
          [
            -80.769102,
            35.266003
          ],
          [
            -80.769086,
            35.266033
          ],
          [
            -80.76908,
            35.266044
          ],
          [
            -80.768889,
            35.266391
          ],
          [
            -80.768761,
            35.266657
          ],
          [
            -80.768652,
            35.266884
          ],
          [
            -80.768546,
            35.267111
          ],
          [
            -80.76845,
            35.267341
          ],
          [
            -80.768422,
            35.267412
          ],
          [
            -80.768416,
            35.267426
          ],
          [
            -80.768305,
            35.267755
          ],
          [
            -80.768171,
            35.2682
          ],
          [
            -80.768069,
            35.268617
          ],
          [
            -80.767921,
            35.269356
          ],
          [
            -80.767627,
            35.270896
          ],
          [
            -80.767624,
            35.270908
          ],
          [
            -80.766232,
            35.277941
          ],
          [
            -80.766231,
            35.277949
          ],
          [
            -80.766169,
            35.278256
          ],
          [
            -80.766099,
            35.278606
          ],
          [
            -80.76601,
            35.27905
          ],
          [
            -80.765724,
            35.280072
          ],
          [
            -80.765569,
            35.280628
          ],
          [
            -80.76526,
            35.281374
          ],
          [
            -80.764675,
            35.282495
          ],
          [
            -80.764057,
            35.283442
          ],
          [
            -80.763228,
            35.28447
          ],
          [
            -80.762545,
            35.285167
          ],
          [
            -80.761292,
            35.286336
          ],
          [
            -80.760825,
            35.286765
          ],
          [
            -80.760827,
            35.286763
          ],
          [
            -80.760494,
            35.287041
          ],
          [
            -80.760149,
            35.287381
          ],
          [
            -80.75999,
            35.287511
          ],
          [
            -80.75998,
            35.287519
          ],
          [
            -80.759576,
            35.287912
          ],
          [
            -80.758732,
            35.288689
          ],
          [
            -80.757931,
            35.289462
          ],
          [
            -80.75739,
            35.290131
          ],
          [
            -80.756902,
            35.290794
          ],
          [
            -80.756389,
            35.291682
          ],
          [
            -80.755962,
            35.292657
          ],
          [
            -80.755446,
            35.294393
          ],
          [
            -80.755162,
            35.295359
          ],
          [
            -80.75514,
            35.295439
          ],
          [
            -80.755088,
            35.295615
          ],
          [
            -80.755084,
            35.295626
          ],
          [
            -80.754653,
            35.297073
          ],
          [
            -80.754291,
            35.298256
          ],
          [
            -80.754288,
            35.298268
          ],
          [
            -80.754264,
            35.298345
          ],
          [
            -80.754214,
            35.298511
          ],
          [
            -80.754195,
            35.298566
          ],
          [
            -80.754139,
            35.298729
          ],
          [
            -80.754091,
            35.298872
          ],
          [
            -80.753723,
            35.299682
          ],
          [
            -80.753343,
            35.300338
          ],
          [
            -80.752847,
            35.301111
          ],
          [
            -80.752847,
            35.301111
          ],
          [
            -80.752477,
            35.301642
          ],
          [
            -80.751397,
            35.303233
          ],
          [
            -80.75139,
            35.303243
          ],
          [
            -80.749721,
            35.305756
          ],
          [
            -80.749718,
            35.305762
          ],
          [
            -80.748807,
            35.30717
          ],
          [
            -80.748339,
            35.307695
          ],
          [
            -80.748159,
            35.307867
          ],
          [
            -80.74815,
            35.307876
          ],
          [
            -80.745749,
            35.310176
          ],
          [
            -80.74574,
            35.310185
          ],
          [
            -80.745184,
            35.310738
          ],
          [
            -80.745184,
            35.310738
          ],
          [
            -80.741692,
            35.314061
          ],
          [
            -80.74091,
            35.314693
          ],
          [
            -80.740076,
            35.31498
          ],
          [
            -80.739485,
            35.315014
          ],
          [
            -80.73905,
            35.314964
          ],
          [
            -80.738629,
            35.314841
          ],
          [
            -80.738195,
            35.314628
          ],
          [
            -80.737902,
            35.314413
          ],
          [
            -80.737374,
            35.313796
          ],
          [
            -80.736837,
            35.313095
          ],
          [
            -80.736487,
            35.312655
          ],
          [
            -80.736264,
            35.312474
          ],
          [
            -80.735913,
            35.312328
          ],
          [
            -80.735084,
            35.312244
          ],
          [
            -80.734166,
            35.312172
          ],
          [
            -80.733747,
            35.31214
          ]
        ]
      }
    },
    {
      "type": "Feature",
      "properties": {
        "type": "Light Rail",
        "network": "CATS LYNX",
        "route_name": "Blue Line",
        "color": "#00509A"
      },
      "geometry": {
        "type": "LineString",
        "coordinates": [
          [
            -80.817111,
            35.24167
          ],
          [
            -80.815271,
            35.243095
          ],
          [
            -80.813139,
            35.244656
          ],
          [
            -80.812414,
            35.245191
          ],
          [
            -80.812188,
            35.245406
          ],
          [
            -80.811931,
            35.245731
          ],
          [
            -80.811332,
            35.246857
          ],
          [
            -80.811066,
            35.247187
          ],
          [
            -80.81082,
            35.247406
          ],
          [
            -80.810478,
            35.247617
          ],
          [
            -80.809591,
            35.248034
          ],
          [
            -80.808382,
            35.248501
          ],
          [
            -80.807513,
            35.248763
          ],
          [
            -80.806287,
            35.249056
          ],
          [
            -80.806274,
            35.249059
          ],
          [
            -80.806014,
            35.249119
          ],
          [
            -80.805902,
            35.249136
          ],
          [
            -80.80498,
            35.249355
          ],
          [
            -80.803096,
            35.249591
          ],
          [
            -80.801088,
            35.249868
          ],
          [
            -80.798751,
            35.250194
          ],
          [
            -80.798304,
            35.250307
          ],
          [
            -80.797816,
            35.250485
          ],
          [
            -80.797145,
            35.25073
          ],
          [
            -80.796673,
            35.25084
          ],
          [
            -80.792809,
            35.251392
          ],
          [
            -80.792804,
            35.251392
          ],
          [
            -80.78848,
            35.252006
          ],
          [
            -80.785622,
            35.252412
          ],
          [
            -80.783689,
            35.252791
          ],
          [
            -80.78205,
            35.253247
          ],
          [
            -80.780438,
            35.253838
          ],
          [
            -80.779049,
            35.254484
          ],
          [
            -80.778515,
            35.254767
          ],
          [
            -80.777396,
            35.255413
          ],
          [
            -80.776942,
            35.255723
          ],
          [
            -80.775619,
            35.256684
          ],
          [
            -80.773959,
            35.258
          ],
          [
            -80.773287,
            35.258537
          ],
          [
            -80.773071,
            35.258741
          ],
          [
            -80.772995,
            35.258858
          ],
          [
            -80.772914,
            35.259044
          ],
          [
            -80.772843,
            35.259396
          ],
          [
            -80.772753,
            35.259994
          ],
          [
            -80.772754,
            35.259989
          ],
          [
            -80.772647,
            35.260703
          ],
          [
            -80.772365,
            35.262262
          ],
          [
            -80.772207,
            35.262561
          ],
          [
            -80.771975,
            35.262857
          ],
          [
            -80.77168,
            35.263136
          ],
          [
            -80.771463,
            35.263337
          ],
          [
            -80.771262,
            35.263538
          ],
          [
            -80.771041,
            35.263739
          ],
          [
            -80.77089,
            35.26387
          ],
          [
            -80.770725,
            35.264018
          ],
          [
            -80.770558,
            35.26418
          ],
          [
            -80.770384,
            35.264356
          ],
          [
            -80.770168,
            35.264585
          ],
          [
            -80.769978,
            35.264799
          ],
          [
            -80.769603,
            35.265275
          ],
          [
            -80.769385,
            35.265589
          ],
          [
            -80.769102,
            35.266003
          ],
          [
            -80.769086,
            35.266033
          ],
          [
            -80.76908,
            35.266044
          ],
          [
            -80.768889,
            35.266391
          ],
          [
            -80.768761,
            35.266657
          ],
          [
            -80.768652,
            35.266884
          ],
          [
            -80.768546,
            35.267111
          ],
          [
            -80.76845,
            35.267341
          ],
          [
            -80.768422,
            35.267412
          ],
          [
            -80.768416,
            35.267426
          ],
          [
            -80.768305,
            35.267755
          ],
          [
            -80.768171,
            35.2682
          ],
          [
            -80.768069,
            35.268617
          ],
          [
            -80.767921,
            35.269356
          ],
          [
            -80.767627,
            35.270896
          ],
          [
            -80.767624,
            35.270908
          ],
          [
            -80.766232,
            35.277941
          ],
          [
            -80.766231,
            35.277949
          ],
          [
            -80.766169,
            35.278256
          ],
          [
            -80.766099,
            35.278606
          ],
          [
            -80.76601,
            35.27905
          ],
          [
            -80.765724,
            35.280072
          ],
          [
            -80.765569,
            35.280628
          ],
          [
            -80.76526,
            35.281374
          ],
          [
            -80.764675,
            35.282495
          ],
          [
            -80.764057,
            35.283442
          ],
          [
            -80.763228,
            35.28447
          ],
          [
            -80.762545,
            35.285167
          ],
          [
            -80.761292,
            35.286336
          ],
          [
            -80.760825,
            35.286765
          ],
          [
            -80.760827,
            35.286763
          ],
          [
            -80.760494,
            35.287041
          ],
          [
            -80.760149,
            35.287381
          ],
          [
            -80.75999,
            35.287511
          ],
          [
            -80.75998,
            35.287519
          ],
          [
            -80.759576,
            35.287912
          ],
          [
            -80.758732,
            35.288689
          ],
          [
            -80.757931,
            35.289462
          ],
          [
            -80.75739,
            35.290131
          ],
          [
            -80.756902,
            35.290794
          ],
          [
            -80.756389,
            35.291682
          ],
          [
            -80.755962,
            35.292657
          ],
          [
            -80.755446,
            35.294393
          ],
          [
            -80.755162,
            35.295359
          ],
          [
            -80.75514,
            35.295439
          ],
          [
            -80.755088,
            35.295615
          ],
          [
            -80.755084,
            35.295626
          ],
          [
            -80.754653,
            35.297073
          ],
          [
            -80.754291,
            35.298256
          ],
          [
            -80.754288,
            35.298268
          ],
          [
            -80.754264,
            35.298345
          ],
          [
            -80.754214,
            35.298511
          ],
          [
            -80.754195,
            35.298566
          ],
          [
            -80.754139,
            35.298729
          ],
          [
            -80.754091,
            35.298872
          ],
          [
            -80.753723,
            35.299682
          ],
          [
            -80.753343,
            35.300338
          ],
          [
            -80.752847,
            35.301111
          ],
          [
            -80.752847,
            35.301111
          ],
          [
            -80.752477,
            35.301642
          ],
          [
            -80.751397,
            35.303233
          ],
          [
            -80.75139,
            35.303243
          ],
          [
            -80.749721,
            35.305756
          ],
          [
            -80.749718,
            35.305762
          ],
          [
            -80.748807,
            35.30717
          ],
          [
            -80.748339,
            35.307695
          ],
          [
            -80.748159,
            35.307867
          ],
          [
            -80.74815,
            35.307876
          ],
          [
            -80.745749,
            35.310176
          ],
          [
            -80.74574,
            35.310185
          ],
          [
            -80.745184,
            35.310738
          ],
          [
            -80.745184,
            35.310738
          ],
          [
            -80.741692,
            35.314061
          ],
          [
            -80.74091,
            35.314693
          ],
          [
            -80.740076,
            35.31498
          ],
          [
            -80.739485,
            35.315014
          ],
          [
            -80.73905,
            35.314964
          ],
          [
            -80.738629,
            35.314841
          ],
          [
            -80.738195,
            35.314628
          ],
          [
            -80.737902,
            35.314413
          ],
          [
            -80.737374,
            35.313796
          ],
          [
            -80.736837,
            35.313095
          ],
          [
            -80.736487,
            35.312655
          ],
          [
            -80.736264,
            35.312474
          ],
          [
            -80.735913,
            35.312328
          ],
          [
            -80.735084,
            35.312244
          ],
          [
            -80.734166,
            35.312172
          ],
          [
            -80.733747,
            35.31214
          ]
        ]
      }
    },
    {
      "type": "Feature",
      "properties": {
        "type": "Light Rail",
        "network": "CATS LYNX",
        "route_name": "Blue Line",
        "color": "#00509A"
      },
      "geometry": {
        "type": "LineString",
        "coordinates": [
          [
            -80.869196,
            35.199337
          ],
          [
            -80.867824,
            35.20122
          ],
          [
            -80.863642,
            35.206404
          ],
          [
            -80.862124,
            35.208266
          ],
          [
            -80.86088,
            35.209791
          ],
          [
            -80.859022,
            35.212068
          ],
          [
            -80.859022,
            35.212068
          ],
          [
            -80.858718,
            35.21244
          ],
          [
            -80.85761,
            35.213776
          ],
          [
            -80.856912,
            35.214465
          ],
          [
            -80.856659,
            35.214676
          ],
          [
            -80.856581,
            35.214741
          ],
          [
            -80.855596,
            35.215459
          ],
          [
            -80.85525,
            35.215712
          ],
          [
            -80.855247,
            35.215714
          ],
          [
            -80.854521,
            35.216244
          ],
          [
            -80.851708,
            35.218218
          ],
          [
            -80.851561,
            35.21832
          ],
          [
            -80.850906,
            35.218772
          ],
          [
            -80.850907,
            35.218772
          ],
          [
            -80.849887,
            35.219478
          ],
          [
            -80.847858,
            35.220877
          ],
          [
            -80.846969,
            35.221338
          ],
          [
            -80.846969,
            35.221338
          ],
          [
            -80.84631,
            35.221673
          ],
          [
            -80.845154,
            35.222452
          ],
          [
            -80.843895,
            35.223136
          ],
          [
            -80.843219,
            35.2236
          ],
          [
            -80.843216,
            35.223602
          ],
          [
            -80.842065,
            35.224393
          ],
          [
            -80.841734,
            35.224621
          ],
          [
            -80.840873,
            35.225308
          ],
          [
            -80.840863,
            35.225316
          ],
          [
            -80.839993,
            35.22601
          ],
          [
            -80.838056,
            35.227374
          ],
          [
            -80.838045,
            35.227381
          ],
          [
            -80.836754,
            35.228286
          ],
          [
            -80.83614,
            35.228758
          ],
          [
            -80.835007,
            35.22963
          ],
          [
            -80.835005,
            35.229631
          ],
          [
            -80.834262,
            35.230203
          ],
          [
            -80.831781,
            35.232112
          ],
          [
            -80.831355,
            35.232416
          ],
          [
            -80.830523,
            35.232964
          ],
          [
            -80.829857,
            35.233413
          ],
          [
            -80.829516,
            35.233663
          ],
          [
            -80.82813,
            35.234726
          ],
          [
            -80.827831,
            35.234934
          ],
          [
            -80.827269,
            35.235247
          ],
          [
            -80.826661,
            35.235495
          ],
          [
            -80.826296,
            35.235606
          ],
          [
            -80.824533,
            35.236068
          ],
          [
            -80.824214,
            35.236202
          ],
          [
            -80.823987,
            35.236346
          ],
          [
            -80.823261,
            35.236908
          ],
          [
            -80.823253,
            35.236914
          ],
          [
            -80.817108,
            35.241673
          ],
          [
            -80.817111,
            35.24167
          ],
          [
            -80.815271,
            35.243095
          ],
          [
            -80.813139,
            35.244656
          ],
          [
            -80.812414,
            35.245191
          ],
          [
            -80.812188,
            35.245406
          ],
          [
            -80.811931,
            35.245731
          ],
          [
            -80.811332,
            35.246857
          ],
          [
            -80.811066,
            35.247187
          ],
          [
            -80.81082,
            35.247406
          ],
          [
            -80.810478,
            35.247617
          ],
          [
            -80.809591,
            35.248034
          ],
          [
            -80.808382,
            35.248501
          ],
          [
            -80.807513,
            35.248763
          ],
          [
            -80.806287,
            35.249056
          ],
          [
            -80.806274,
            35.249059
          ],
          [
            -80.806014,
            35.249119
          ],
          [
            -80.805902,
            35.249136
          ],
          [
            -80.80498,
            35.249355
          ],
          [
            -80.803096,
            35.249591
          ],
          [
            -80.801088,
            35.249868
          ],
          [
            -80.798751,
            35.250194
          ],
          [
            -80.798304,
            35.250307
          ],
          [
            -80.797816,
            35.250485
          ],
          [
            -80.797145,
            35.25073
          ],
          [
            -80.796673,
            35.25084
          ],
          [
            -80.792809,
            35.251392
          ],
          [
            -80.792804,
            35.251392
          ],
          [
            -80.78848,
            35.252006
          ],
          [
            -80.785622,
            35.252412
          ],
          [
            -80.783689,
            35.252791
          ],
          [
            -80.78205,
            35.253247
          ],
          [
            -80.780438,
            35.253838
          ],
          [
            -80.779049,
            35.254484
          ],
          [
            -80.778515,
            35.254767
          ],
          [
            -80.777396,
            35.255413
          ],
          [
            -80.776942,
            35.255723
          ],
          [
            -80.775619,
            35.256684
          ],
          [
            -80.773959,
            35.258
          ],
          [
            -80.773287,
            35.258537
          ],
          [
            -80.773071,
            35.258741
          ],
          [
            -80.772995,
            35.258858
          ],
          [
            -80.772914,
            35.259044
          ],
          [
            -80.772843,
            35.259396
          ],
          [
            -80.772753,
            35.259994
          ],
          [
            -80.772754,
            35.259989
          ],
          [
            -80.772647,
            35.260703
          ],
          [
            -80.772365,
            35.262262
          ],
          [
            -80.772207,
            35.262561
          ],
          [
            -80.771975,
            35.262857
          ],
          [
            -80.77168,
            35.263136
          ],
          [
            -80.771463,
            35.263337
          ],
          [
            -80.771262,
            35.263538
          ],
          [
            -80.771041,
            35.263739
          ],
          [
            -80.77089,
            35.26387
          ],
          [
            -80.770725,
            35.264018
          ],
          [
            -80.770558,
            35.26418
          ],
          [
            -80.770384,
            35.264356
          ],
          [
            -80.770168,
            35.264585
          ],
          [
            -80.769978,
            35.264799
          ],
          [
            -80.769603,
            35.265275
          ],
          [
            -80.769385,
            35.265589
          ],
          [
            -80.769102,
            35.266003
          ],
          [
            -80.769086,
            35.266033
          ],
          [
            -80.76908,
            35.266044
          ],
          [
            -80.768889,
            35.266391
          ],
          [
            -80.768761,
            35.266657
          ],
          [
            -80.768652,
            35.266884
          ],
          [
            -80.768546,
            35.267111
          ],
          [
            -80.76845,
            35.267341
          ],
          [
            -80.768422,
            35.267412
          ],
          [
            -80.768416,
            35.267426
          ],
          [
            -80.768305,
            35.267755
          ],
          [
            -80.768171,
            35.2682
          ],
          [
            -80.768069,
            35.268617
          ],
          [
            -80.767921,
            35.269356
          ],
          [
            -80.767627,
            35.270896
          ],
          [
            -80.767624,
            35.270908
          ],
          [
            -80.766232,
            35.277941
          ],
          [
            -80.766231,
            35.277949
          ],
          [
            -80.766169,
            35.278256
          ],
          [
            -80.766099,
            35.278606
          ],
          [
            -80.76601,
            35.27905
          ],
          [
            -80.765724,
            35.280072
          ],
          [
            -80.765569,
            35.280628
          ],
          [
            -80.76526,
            35.281374
          ],
          [
            -80.764675,
            35.282495
          ],
          [
            -80.764057,
            35.283442
          ],
          [
            -80.763228,
            35.28447
          ],
          [
            -80.762545,
            35.285167
          ],
          [
            -80.761292,
            35.286336
          ],
          [
            -80.760825,
            35.286765
          ],
          [
            -80.760827,
            35.286763
          ],
          [
            -80.760494,
            35.287041
          ],
          [
            -80.760149,
            35.287381
          ],
          [
            -80.75999,
            35.287511
          ],
          [
            -80.75998,
            35.287519
          ],
          [
            -80.759576,
            35.287912
          ],
          [
            -80.758732,
            35.288689
          ],
          [
            -80.757931,
            35.289462
          ],
          [
            -80.75739,
            35.290131
          ],
          [
            -80.756902,
            35.290794
          ],
          [
            -80.756389,
            35.291682
          ],
          [
            -80.755962,
            35.292657
          ],
          [
            -80.755446,
            35.294393
          ],
          [
            -80.755162,
            35.295359
          ],
          [
            -80.75514,
            35.295439
          ],
          [
            -80.755088,
            35.295615
          ],
          [
            -80.755084,
            35.295626
          ],
          [
            -80.754653,
            35.297073
          ],
          [
            -80.754291,
            35.298256
          ],
          [
            -80.754288,
            35.298268
          ],
          [
            -80.754264,
            35.298345
          ],
          [
            -80.754214,
            35.298511
          ],
          [
            -80.754195,
            35.298566
          ],
          [
            -80.754139,
            35.298729
          ],
          [
            -80.754091,
            35.298872
          ],
          [
            -80.753723,
            35.299682
          ],
          [
            -80.753343,
            35.300338
          ],
          [
            -80.752847,
            35.301111
          ],
          [
            -80.752847,
            35.301111
          ],
          [
            -80.752477,
            35.301642
          ],
          [
            -80.751397,
            35.303233
          ],
          [
            -80.75139,
            35.303243
          ],
          [
            -80.749721,
            35.305756
          ],
          [
            -80.749718,
            35.305762
          ],
          [
            -80.748807,
            35.30717
          ],
          [
            -80.748339,
            35.307695
          ],
          [
            -80.748159,
            35.307867
          ],
          [
            -80.74815,
            35.307876
          ],
          [
            -80.745749,
            35.310176
          ],
          [
            -80.74574,
            35.310185
          ],
          [
            -80.745184,
            35.310738
          ],
          [
            -80.745184,
            35.310738
          ],
          [
            -80.741692,
            35.314061
          ],
          [
            -80.74091,
            35.314693
          ],
          [
            -80.740076,
            35.31498
          ],
          [
            -80.739485,
            35.315014
          ],
          [
            -80.73905,
            35.314964
          ],
          [
            -80.738629,
            35.314841
          ],
          [
            -80.738195,
            35.314628
          ],
          [
            -80.737902,
            35.314413
          ],
          [
            -80.737374,
            35.313796
          ],
          [
            -80.736837,
            35.313095
          ],
          [
            -80.736487,
            35.312655
          ],
          [
            -80.736264,
            35.312474
          ],
          [
            -80.735913,
            35.312328
          ],
          [
            -80.735084,
            35.312244
          ],
          [
            -80.734166,
            35.312172
          ],
          [
            -80.733747,
            35.31214
          ]
        ]
      }
    },
    {
      "type": "Feature",
      "properties": {
        "type": "Light Rail",
        "network": "CATS LYNX",
        "route_name": "Blue Line",
        "color": "#00509A"
      },
      "geometry": {
        "type": "LineString",
        "coordinates": [
          [
            -80.882942,
            35.107208
          ],
          [
            -80.883024,
            35.108202
          ],
          [
            -80.883227,
            35.109553
          ],
          [
            -80.883338,
            35.110069
          ],
          [
            -80.883692,
            35.111416
          ],
          [
            -80.883793,
            35.111969
          ],
          [
            -80.883826,
            35.112248
          ],
          [
            -80.883854,
            35.112997
          ],
          [
            -80.883788,
            35.114897
          ],
          [
            -80.883701,
            35.115613
          ],
          [
            -80.883551,
            35.116275
          ],
          [
            -80.883451,
            35.116602
          ],
          [
            -80.883204,
            35.117244
          ],
          [
            -80.882944,
            35.117775
          ],
          [
            -80.882149,
            35.11953
          ],
          [
            -80.882149,
            35.11953
          ],
          [
            -80.881142,
            35.121072
          ],
          [
            -80.880005,
            35.123153
          ],
          [
            -80.876298,
            35.129932
          ],
          [
            -80.876073,
            35.130446
          ],
          [
            -80.875982,
            35.130709
          ],
          [
            -80.875904,
            35.130975
          ],
          [
            -80.875793,
            35.131514
          ],
          [
            -80.875759,
            35.131786
          ],
          [
            -80.875735,
            35.132333
          ],
          [
            -80.875771,
            35.132879
          ],
          [
            -80.875835,
            35.133283
          ],
          [
            -80.876623,
            35.135617
          ],
          [
            -80.876623,
            35.135617
          ],
          [
            -80.8766,
            35.136843
          ],
          [
            -80.877347,
            35.140321
          ],
          [
            -80.878434,
            35.145377
          ],
          [
            -80.878542,
            35.145999
          ],
          [
            -80.878596,
            35.146616
          ],
          [
            -80.878598,
            35.147235
          ],
          [
            -80.878579,
            35.147544
          ],
          [
            -80.878501,
            35.148159
          ],
          [
            -80.8783,
            35.14913
          ],
          [
            -80.87749,
            35.152873
          ],
          [
            -80.87749,
            35.152873
          ],
          [
            -80.877164,
            35.154351
          ],
          [
            -80.87709,
            35.154705
          ],
          [
            -80.876989,
            35.155442
          ],
          [
            -80.876958,
            35.155812
          ],
          [
            -80.876937,
            35.156553
          ],
          [
            -80.876979,
            35.157423
          ],
          [
            -80.877014,
            35.157772
          ],
          [
            -80.877074,
            35.158106
          ],
          [
            -80.877162,
            35.158454
          ],
          [
            -80.877472,
            35.159441
          ],
          [
            -80.877531,
            35.159729
          ],
          [
            -80.877552,
            35.159934
          ],
          [
            -80.877555,
            35.160295
          ],
          [
            -80.877524,
            35.161313
          ],
          [
            -80.877466,
            35.162931
          ],
          [
            -80.877466,
            35.162931
          ],
          [
            -80.877524,
            35.165571
          ],
          [
            -80.877907,
            35.170683
          ],
          [
            -80.877952,
            35.170985
          ],
          [
            -80.878026,
            35.17133
          ],
          [
            -80.87842,
            35.17298
          ],
          [
            -80.879261,
            35.175757
          ],
          [
            -80.879261,
            35.175757
          ],
          [
            -80.879432,
            35.177432
          ],
          [
            -80.879468,
            35.177683
          ],
          [
            -80.879501,
            35.178382
          ],
          [
            -80.879468,
            35.179082
          ],
          [
            -80.879368,
            35.179777
          ],
          [
            -80.878784,
            35.182839
          ],
          [
            -80.878696,
            35.18326
          ],
          [
            -80.878472,
            35.184093
          ],
          [
            -80.878185,
            35.184913
          ],
          [
            -80.878019,
            35.185317
          ],
          [
            -80.877641,
            35.186111
          ],
          [
            -80.876314,
            35.188462
          ],
          [
            -80.87515,
            35.190871
          ],
          [
            -80.87515,
            35.190871
          ],
          [
            -80.874095,
            35.192391
          ],
          [
            -80.873739,
            35.193023
          ],
          [
            -80.872291,
            35.195583
          ],
          [
            -80.871993,
            35.196064
          ],
          [
            -80.87183,
            35.196297
          ],
          [
            -80.871473,
            35.196749
          ],
          [
            -80.870561,
            35.197826
          ],
          [
            -80.869196,
            35.199337
          ],
          [
            -80.869196,
            35.199337
          ],
          [
            -80.867824,
            35.20122
          ],
          [
            -80.863642,
            35.206404
          ],
          [
            -80.862124,
            35.208266
          ],
          [
            -80.86088,
            35.209791
          ],
          [
            -80.859022,
            35.212068
          ],
          [
            -80.859022,
            35.212068
          ],
          [
            -80.858718,
            35.21244
          ],
          [
            -80.85761,
            35.213776
          ],
          [
            -80.856912,
            35.214465
          ],
          [
            -80.856659,
            35.214676
          ],
          [
            -80.856581,
            35.214741
          ],
          [
            -80.855596,
            35.215459
          ],
          [
            -80.85525,
            35.215712
          ],
          [
            -80.855247,
            35.215714
          ],
          [
            -80.854521,
            35.216244
          ],
          [
            -80.851708,
            35.218218
          ],
          [
            -80.851561,
            35.21832
          ],
          [
            -80.850906,
            35.218772
          ],
          [
            -80.850907,
            35.218772
          ],
          [
            -80.849887,
            35.219478
          ],
          [
            -80.847858,
            35.220877
          ],
          [
            -80.846969,
            35.221338
          ],
          [
            -80.846969,
            35.221338
          ],
          [
            -80.84631,
            35.221673
          ],
          [
            -80.845154,
            35.222452
          ],
          [
            -80.843895,
            35.223136
          ],
          [
            -80.843219,
            35.2236
          ],
          [
            -80.843216,
            35.223602
          ],
          [
            -80.842065,
            35.224393
          ],
          [
            -80.841734,
            35.224621
          ],
          [
            -80.840873,
            35.225308
          ],
          [
            -80.840863,
            35.225316
          ],
          [
            -80.839993,
            35.22601
          ],
          [
            -80.838056,
            35.227374
          ],
          [
            -80.838045,
            35.227381
          ],
          [
            -80.836754,
            35.228286
          ],
          [
            -80.83614,
            35.228758
          ],
          [
            -80.835007,
            35.22963
          ],
          [
            -80.835005,
            35.229631
          ],
          [
            -80.834262,
            35.230203
          ],
          [
            -80.831781,
            35.232112
          ],
          [
            -80.831355,
            35.232416
          ],
          [
            -80.830523,
            35.232964
          ],
          [
            -80.829857,
            35.233413
          ],
          [
            -80.829516,
            35.233663
          ],
          [
            -80.82813,
            35.234726
          ],
          [
            -80.827831,
            35.234934
          ],
          [
            -80.827269,
            35.235247
          ],
          [
            -80.826661,
            35.235495
          ],
          [
            -80.826296,
            35.235606
          ],
          [
            -80.824533,
            35.236068
          ],
          [
            -80.824214,
            35.236202
          ],
          [
            -80.823987,
            35.236346
          ],
          [
            -80.823261,
            35.236908
          ],
          [
            -80.823253,
            35.236914
          ],
          [
            -80.817108,
            35.241673
          ],
          [
            -80.817111,
            35.24167
          ],
          [
            -80.815271,
            35.243095
          ],
          [
            -80.813139,
            35.244656
          ],
          [
            -80.812414,
            35.245191
          ],
          [
            -80.812188,
            35.245406
          ],
          [
            -80.811931,
            35.245731
          ],
          [
            -80.811332,
            35.246857
          ],
          [
            -80.811066,
            35.247187
          ],
          [
            -80.81082,
            35.247406
          ],
          [
            -80.810478,
            35.247617
          ],
          [
            -80.809591,
            35.248034
          ],
          [
            -80.808382,
            35.248501
          ],
          [
            -80.807513,
            35.248763
          ],
          [
            -80.806287,
            35.249056
          ],
          [
            -80.806274,
            35.249059
          ],
          [
            -80.806014,
            35.249119
          ],
          [
            -80.805902,
            35.249136
          ],
          [
            -80.80498,
            35.249355
          ],
          [
            -80.803096,
            35.249591
          ],
          [
            -80.801088,
            35.249868
          ],
          [
            -80.798751,
            35.250194
          ],
          [
            -80.798304,
            35.250307
          ],
          [
            -80.797816,
            35.250485
          ],
          [
            -80.797145,
            35.25073
          ],
          [
            -80.796673,
            35.25084
          ],
          [
            -80.792809,
            35.251392
          ],
          [
            -80.792804,
            35.251392
          ],
          [
            -80.78848,
            35.252006
          ],
          [
            -80.785622,
            35.252412
          ],
          [
            -80.783689,
            35.252791
          ],
          [
            -80.78205,
            35.253247
          ],
          [
            -80.780438,
            35.253838
          ],
          [
            -80.779049,
            35.254484
          ],
          [
            -80.778515,
            35.254767
          ],
          [
            -80.777396,
            35.255413
          ],
          [
            -80.776942,
            35.255723
          ],
          [
            -80.775619,
            35.256684
          ],
          [
            -80.773959,
            35.258
          ],
          [
            -80.773287,
            35.258537
          ],
          [
            -80.773071,
            35.258741
          ],
          [
            -80.772995,
            35.258858
          ],
          [
            -80.772914,
            35.259044
          ],
          [
            -80.772843,
            35.259396
          ],
          [
            -80.772753,
            35.259994
          ],
          [
            -80.772754,
            35.259989
          ],
          [
            -80.772647,
            35.260703
          ],
          [
            -80.772365,
            35.262262
          ],
          [
            -80.772207,
            35.262561
          ],
          [
            -80.771975,
            35.262857
          ],
          [
            -80.77168,
            35.263136
          ],
          [
            -80.771463,
            35.263337
          ],
          [
            -80.771262,
            35.263538
          ],
          [
            -80.771041,
            35.263739
          ],
          [
            -80.77089,
            35.26387
          ],
          [
            -80.770725,
            35.264018
          ],
          [
            -80.770558,
            35.26418
          ],
          [
            -80.770384,
            35.264356
          ],
          [
            -80.770168,
            35.264585
          ],
          [
            -80.769978,
            35.264799
          ],
          [
            -80.769603,
            35.265275
          ],
          [
            -80.769385,
            35.265589
          ],
          [
            -80.769102,
            35.266003
          ],
          [
            -80.769086,
            35.266033
          ],
          [
            -80.76908,
            35.266044
          ],
          [
            -80.768889,
            35.266391
          ],
          [
            -80.768761,
            35.266657
          ],
          [
            -80.768652,
            35.266884
          ],
          [
            -80.768546,
            35.267111
          ],
          [
            -80.76845,
            35.267341
          ],
          [
            -80.768422,
            35.267412
          ],
          [
            -80.768416,
            35.267426
          ],
          [
            -80.768305,
            35.267755
          ],
          [
            -80.768171,
            35.2682
          ],
          [
            -80.768069,
            35.268617
          ],
          [
            -80.767921,
            35.269356
          ],
          [
            -80.767627,
            35.270896
          ],
          [
            -80.767624,
            35.270908
          ],
          [
            -80.766232,
            35.277941
          ],
          [
            -80.766231,
            35.277949
          ],
          [
            -80.766169,
            35.278256
          ],
          [
            -80.766099,
            35.278606
          ],
          [
            -80.76601,
            35.27905
          ],
          [
            -80.765724,
            35.280072
          ],
          [
            -80.765569,
            35.280628
          ],
          [
            -80.76526,
            35.281374
          ],
          [
            -80.764675,
            35.282495
          ],
          [
            -80.764057,
            35.283442
          ],
          [
            -80.763228,
            35.28447
          ],
          [
            -80.762545,
            35.285167
          ],
          [
            -80.761292,
            35.286336
          ],
          [
            -80.760825,
            35.286765
          ],
          [
            -80.760827,
            35.286763
          ],
          [
            -80.760494,
            35.287041
          ],
          [
            -80.760149,
            35.287381
          ],
          [
            -80.75999,
            35.287511
          ],
          [
            -80.75998,
            35.287519
          ],
          [
            -80.759576,
            35.287912
          ],
          [
            -80.758732,
            35.288689
          ],
          [
            -80.757931,
            35.289462
          ],
          [
            -80.75739,
            35.290131
          ],
          [
            -80.756902,
            35.290794
          ],
          [
            -80.756389,
            35.291682
          ],
          [
            -80.755962,
            35.292657
          ],
          [
            -80.755446,
            35.294393
          ],
          [
            -80.755162,
            35.295359
          ],
          [
            -80.75514,
            35.295439
          ],
          [
            -80.755088,
            35.295615
          ],
          [
            -80.755084,
            35.295626
          ],
          [
            -80.754653,
            35.297073
          ],
          [
            -80.754291,
            35.298256
          ],
          [
            -80.754288,
            35.298268
          ],
          [
            -80.754264,
            35.298345
          ],
          [
            -80.754214,
            35.298511
          ],
          [
            -80.754195,
            35.298566
          ],
          [
            -80.754139,
            35.298729
          ],
          [
            -80.754091,
            35.298872
          ],
          [
            -80.753723,
            35.299682
          ],
          [
            -80.753343,
            35.300338
          ],
          [
            -80.752847,
            35.301111
          ],
          [
            -80.752847,
            35.301111
          ],
          [
            -80.752477,
            35.301642
          ],
          [
            -80.751397,
            35.303233
          ],
          [
            -80.75139,
            35.303243
          ],
          [
            -80.749721,
            35.305756
          ],
          [
            -80.749718,
            35.305762
          ],
          [
            -80.748807,
            35.30717
          ],
          [
            -80.748339,
            35.307695
          ],
          [
            -80.748159,
            35.307867
          ],
          [
            -80.74815,
            35.307876
          ],
          [
            -80.745749,
            35.310176
          ],
          [
            -80.74574,
            35.310185
          ],
          [
            -80.745184,
            35.310738
          ],
          [
            -80.745184,
            35.310738
          ],
          [
            -80.741692,
            35.314061
          ],
          [
            -80.74091,
            35.314693
          ],
          [
            -80.740076,
            35.31498
          ],
          [
            -80.739485,
            35.315014
          ],
          [
            -80.73905,
            35.314964
          ],
          [
            -80.738629,
            35.314841
          ],
          [
            -80.738195,
            35.314628
          ],
          [
            -80.737902,
            35.314413
          ],
          [
            -80.737374,
            35.313796
          ],
          [
            -80.736837,
            35.313095
          ],
          [
            -80.736487,
            35.312655
          ],
          [
            -80.736264,
            35.312474
          ],
          [
            -80.735913,
            35.312328
          ],
          [
            -80.735084,
            35.312244
          ],
          [
            -80.734166,
            35.312172
          ],
          [
            -80.733747,
            35.31214
          ]
        ]
      }
    },
    {
      "type": "Feature",
      "properties": {
        "type": "Light Rail",
        "network": "CATS LYNX",
        "route_name": "Blue Line",
        "color": "#00509A"
      },
      "geometry": {
        "type": "LineString",
        "coordinates": [
          [
            -80.823262,
            35.236907
          ],
          [
            -80.824063,
            35.236298
          ],
          [
            -80.824274,
            35.236176
          ],
          [
            -80.824754,
            35.23601
          ],
          [
            -80.826171,
            35.235639
          ],
          [
            -80.827269,
            35.235247
          ],
          [
            -80.828015,
            35.234806
          ],
          [
            -80.829019,
            35.234044
          ],
          [
            -80.83152,
            35.232298
          ],
          [
            -80.832777,
            35.231346
          ],
          [
            -80.834695,
            35.229871
          ],
          [
            -80.835084,
            35.229571
          ],
          [
            -80.835089,
            35.229567
          ],
          [
            -80.836787,
            35.228313
          ],
          [
            -80.837677,
            35.227702
          ],
          [
            -80.83767,
            35.227689
          ],
          [
            -80.839883,
            35.226146
          ],
          [
            -80.840871,
            35.225359
          ],
          [
            -80.840886,
            35.225347
          ],
          [
            -80.842011,
            35.224476
          ],
          [
            -80.843106,
            35.223732
          ],
          [
            -80.843106,
            35.223732
          ],
          [
            -80.843921,
            35.223163
          ],
          [
            -80.845496,
            35.222269
          ],
          [
            -80.846375,
            35.221675
          ],
          [
            -80.846375,
            35.221675
          ],
          [
            -80.847853,
            35.220879
          ],
          [
            -80.849078,
            35.220038
          ],
          [
            -80.851406,
            35.218499
          ],
          [
            -80.851406,
            35.218499
          ],
          [
            -80.85275,
            35.217487
          ],
          [
            -80.855178,
            35.215813
          ],
          [
            -80.85518,
            35.215811
          ],
          [
            -80.856405,
            35.214921
          ],
          [
            -80.857075,
            35.214379
          ],
          [
            -80.857796,
            35.213624
          ],
          [
            -80.859038,
            35.212113
          ],
          [
            -80.859038,
            35.212113
          ],
          [
            -80.868992,
            35.199771
          ],
          [
            -80.869005,
            35.199755
          ],
          [
            -80.869332,
            35.19935
          ],
          [
            -80.871557,
            35.196712
          ],
          [
            -80.872235,
            35.195761
          ],
          [
            -80.873253,
            35.193972
          ],
          [
            -80.874069,
            35.19253
          ],
          [
            -80.874532,
            35.191712
          ],
          [
            -80.875006,
            35.190875
          ],
          [
            -80.875018,
            35.190853
          ],
          [
            -80.875615,
            35.189799
          ],
          [
            -80.8773,
            35.186821
          ],
          [
            -80.877881,
            35.18573
          ],
          [
            -80.878291,
            35.18475
          ],
          [
            -80.878525,
            35.18407
          ],
          [
            -80.878742,
            35.183267
          ],
          [
            -80.878899,
            35.182454
          ],
          [
            -80.879363,
            35.180054
          ],
          [
            -80.879476,
            35.179396
          ],
          [
            -80.879537,
            35.17875
          ],
          [
            -80.879539,
            35.178146
          ],
          [
            -80.879377,
            35.177047
          ],
          [
            -80.879089,
            35.175782
          ],
          [
            -80.879097,
            35.175814
          ],
          [
            -80.878759,
            35.174402
          ],
          [
            -80.878026,
            35.17133
          ],
          [
            -80.877952,
            35.170985
          ],
          [
            -80.877907,
            35.170683
          ],
          [
            -80.87745,
            35.164573
          ],
          [
            -80.877447,
            35.164066
          ],
          [
            -80.877446,
            35.163902
          ],
          [
            -80.87745,
            35.16377
          ],
          [
            -80.877475,
            35.162956
          ],
          [
            -80.877475,
            35.162955
          ],
          [
            -80.877502,
            35.162051
          ],
          [
            -80.877555,
            35.160295
          ],
          [
            -80.877552,
            35.159934
          ],
          [
            -80.877531,
            35.159729
          ],
          [
            -80.877472,
            35.159441
          ],
          [
            -80.877162,
            35.158454
          ],
          [
            -80.877074,
            35.158106
          ],
          [
            -80.877014,
            35.157772
          ],
          [
            -80.876979,
            35.157423
          ],
          [
            -80.876937,
            35.156553
          ],
          [
            -80.876958,
            35.155812
          ],
          [
            -80.876989,
            35.155442
          ],
          [
            -80.87709,
            35.154705
          ],
          [
            -80.877414,
            35.15315
          ],
          [
            -80.877466,
            35.152896
          ],
          [
            -80.877466,
            35.152896
          ],
          [
            -80.877537,
            35.152557
          ],
          [
            -80.877772,
            35.151429
          ],
          [
            -80.878093,
            35.150126
          ],
          [
            -80.878501,
            35.148159
          ],
          [
            -80.878579,
            35.147544
          ],
          [
            -80.878598,
            35.147235
          ],
          [
            -80.878596,
            35.146616
          ],
          [
            -80.878542,
            35.145999
          ],
          [
            -80.878434,
            35.145377
          ],
          [
            -80.877347,
            35.140321
          ],
          [
            -80.876431,
            35.136056
          ],
          [
            -80.876335,
            35.135612
          ],
          [
            -80.876335,
            35.13561
          ],
          [
            -80.876147,
            35.134738
          ],
          [
            -80.875835,
            35.133283
          ],
          [
            -80.875771,
            35.132879
          ],
          [
            -80.875735,
            35.132333
          ],
          [
            -80.875759,
            35.131786
          ],
          [
            -80.875793,
            35.131514
          ],
          [
            -80.875904,
            35.130975
          ],
          [
            -80.875982,
            35.130709
          ],
          [
            -80.876073,
            35.130446
          ],
          [
            -80.876298,
            35.129932
          ],
          [
            -80.880005,
            35.123153
          ],
          [
            -80.881635,
            35.120171
          ],
          [
            -80.882017,
            35.119472
          ],
          [
            -80.882015,
            35.119475
          ],
          [
            -80.882118,
            35.119286
          ],
          [
            -80.882701,
            35.118219
          ],
          [
            -80.882989,
            35.117682
          ],
          [
            -80.883378,
            35.116792
          ],
          [
            -80.883701,
            35.115613
          ],
          [
            -80.883819,
            35.114013
          ],
          [
            -80.883852,
            35.113053
          ],
          [
            -80.883793,
            35.111969
          ],
          [
            -80.883302,
            35.109902
          ],
          [
            -80.883051,
            35.10838
          ],
          [
            -80.882934,
            35.107222
          ],
          [
            -80.882942,
            35.107208
          ]
        ]
      }
    },
    {
      "type": "Feature",
      "properties": {
        "type": "Light Rail",
        "network": "CATS LYNX",
        "route_name": "Blue Line",
        "color": "#00509A"
      },
      "geometry": {
        "type": "LineString",
        "coordinates": [
          [
            -80.733725,
            35.312138
          ],
          [
            -80.733898,
            35.312151
          ],
          [
            -80.73405,
            35.312163
          ],
          [
            -80.734552,
            35.312202
          ],
          [
            -80.734942,
            35.312233
          ],
          [
            -80.735358,
            35.312266
          ],
          [
            -80.735973,
            35.312343
          ],
          [
            -80.736264,
            35.312474
          ],
          [
            -80.736407,
            35.31259
          ],
          [
            -80.737683,
            35.314261
          ],
          [
            -80.738051,
            35.314583
          ],
          [
            -80.738399,
            35.314786
          ],
          [
            -80.738929,
            35.314974
          ],
          [
            -80.739561,
            35.315057
          ],
          [
            -80.740173,
            35.314999
          ],
          [
            -80.740678,
            35.314847
          ],
          [
            -80.741115,
            35.314566
          ],
          [
            -80.741778,
            35.313978
          ],
          [
            -80.743214,
            35.31258
          ],
          [
            -80.74322,
            35.312585
          ],
          [
            -80.743488,
            35.312344
          ],
          [
            -80.743806,
            35.312059
          ],
          [
            -80.743873,
            35.311995
          ],
          [
            -80.745184,
            35.310738
          ]
        ]
      }
    },
    {
      "type": "Feature",
      "properties": {
        "type": "Light Rail",
        "network": "CATS LYNX",
        "route_name": "Blue Line",
        "color": "#00509A"
      },
      "geometry": {
        "type": "LineString",
        "coordinates": [
          [
            -80.875018,
            35.190853
          ],
          [
            -80.875615,
            35.189799
          ],
          [
            -80.8773,
            35.186821
          ],
          [
            -80.877881,
            35.18573
          ],
          [
            -80.878291,
            35.18475
          ],
          [
            -80.878525,
            35.18407
          ],
          [
            -80.878742,
            35.183267
          ],
          [
            -80.878899,
            35.182454
          ],
          [
            -80.879363,
            35.180054
          ],
          [
            -80.879476,
            35.179396
          ],
          [
            -80.879537,
            35.17875
          ],
          [
            -80.879539,
            35.178146
          ],
          [
            -80.879377,
            35.177047
          ],
          [
            -80.879089,
            35.175782
          ],
          [
            -80.879097,
            35.175814
          ],
          [
            -80.878759,
            35.174402
          ],
          [
            -80.878026,
            35.17133
          ],
          [
            -80.877952,
            35.170985
          ],
          [
            -80.877907,
            35.170683
          ],
          [
            -80.87745,
            35.164573
          ],
          [
            -80.877447,
            35.164066
          ],
          [
            -80.877446,
            35.163902
          ],
          [
            -80.87745,
            35.16377
          ],
          [
            -80.877475,
            35.162956
          ],
          [
            -80.877475,
            35.162955
          ],
          [
            -80.877502,
            35.162051
          ],
          [
            -80.877555,
            35.160295
          ],
          [
            -80.877552,
            35.159934
          ],
          [
            -80.877531,
            35.159729
          ],
          [
            -80.877472,
            35.159441
          ],
          [
            -80.877162,
            35.158454
          ],
          [
            -80.877074,
            35.158106
          ],
          [
            -80.877014,
            35.157772
          ],
          [
            -80.876979,
            35.157423
          ],
          [
            -80.876937,
            35.156553
          ],
          [
            -80.876958,
            35.155812
          ],
          [
            -80.876989,
            35.155442
          ],
          [
            -80.87709,
            35.154705
          ],
          [
            -80.877414,
            35.15315
          ],
          [
            -80.877466,
            35.152896
          ],
          [
            -80.877466,
            35.152896
          ],
          [
            -80.877537,
            35.152557
          ],
          [
            -80.877772,
            35.151429
          ],
          [
            -80.878093,
            35.150126
          ],
          [
            -80.878501,
            35.148159
          ],
          [
            -80.878579,
            35.147544
          ],
          [
            -80.878598,
            35.147235
          ],
          [
            -80.878596,
            35.146616
          ],
          [
            -80.878542,
            35.145999
          ],
          [
            -80.878434,
            35.145377
          ],
          [
            -80.877347,
            35.140321
          ],
          [
            -80.876431,
            35.136056
          ],
          [
            -80.876335,
            35.135612
          ],
          [
            -80.876335,
            35.13561
          ],
          [
            -80.876147,
            35.134738
          ],
          [
            -80.875835,
            35.133283
          ],
          [
            -80.875771,
            35.132879
          ],
          [
            -80.875735,
            35.132333
          ],
          [
            -80.875759,
            35.131786
          ],
          [
            -80.875793,
            35.131514
          ],
          [
            -80.875904,
            35.130975
          ],
          [
            -80.875982,
            35.130709
          ],
          [
            -80.876073,
            35.130446
          ],
          [
            -80.876298,
            35.129932
          ],
          [
            -80.880005,
            35.123153
          ],
          [
            -80.881635,
            35.120171
          ],
          [
            -80.882017,
            35.119472
          ],
          [
            -80.882015,
            35.119475
          ],
          [
            -80.882118,
            35.119286
          ],
          [
            -80.882701,
            35.118219
          ],
          [
            -80.882989,
            35.117682
          ],
          [
            -80.883378,
            35.116792
          ],
          [
            -80.883701,
            35.115613
          ],
          [
            -80.883819,
            35.114013
          ],
          [
            -80.883852,
            35.113053
          ],
          [
            -80.883793,
            35.111969
          ],
          [
            -80.883302,
            35.109902
          ],
          [
            -80.883051,
            35.10838
          ],
          [
            -80.882934,
            35.107222
          ],
          [
            -80.882942,
            35.107208
          ]
        ]
      }
    },
    {
      "type": "Feature",
      "properties": {
        "type": "Streetcar",
        "network": "CATS CityLYNX",
        "route_name": "Gold Line",
        "color": "#FFC72C"
      },
      "geometry": {
        "type": "LineString",
        "coordinates": [
          [
            -80.856862,
            35.246253
          ],
          [
            -80.85689,
            35.246011
          ],
          [
            -80.856932,
            35.245732
          ],
          [
            -80.856939,
            35.245699
          ],
          [
            -80.856949,
            35.245656
          ],
          [
            -80.856956,
            35.245627
          ],
          [
            -80.856979,
            35.245557
          ],
          [
            -80.857003,
            35.245497
          ],
          [
            -80.857033,
            35.245438
          ],
          [
            -80.857068,
            35.245382
          ],
          [
            -80.857107,
            35.245327
          ],
          [
            -80.857275,
            35.245115
          ],
          [
            -80.857538,
            35.244793
          ],
          [
            -80.857569,
            35.244759
          ],
          [
            -80.85763,
            35.244686
          ],
          [
            -80.857686,
            35.24461
          ],
          [
            -80.857699,
            35.244592
          ],
          [
            -80.857739,
            35.244532
          ],
          [
            -80.857787,
            35.244452
          ],
          [
            -80.857807,
            35.244407
          ],
          [
            -80.858009,
            35.243951
          ],
          [
            -80.858197,
            35.24351
          ],
          [
            -80.858197,
            35.24351
          ],
          [
            -80.858212,
            35.243475
          ],
          [
            -80.85826,
            35.243357
          ],
          [
            -80.858432,
            35.242927
          ],
          [
            -80.858582,
            35.242546
          ],
          [
            -80.85862,
            35.242422
          ],
          [
            -80.858662,
            35.242267
          ],
          [
            -80.858699,
            35.242112
          ],
          [
            -80.858729,
            35.241919
          ],
          [
            -80.858731,
            35.241853
          ],
          [
            -80.858728,
            35.241808
          ],
          [
            -80.858716,
            35.24174
          ],
          [
            -80.858706,
            35.241692
          ],
          [
            -80.858697,
            35.241632
          ],
          [
            -80.858688,
            35.241569
          ],
          [
            -80.858673,
            35.24149
          ],
          [
            -80.85867,
            35.24144
          ],
          [
            -80.858624,
            35.241204
          ],
          [
            -80.858545,
            35.240924
          ],
          [
            -80.858501,
            35.240739
          ],
          [
            -80.858472,
            35.24056
          ],
          [
            -80.858453,
            35.240281
          ],
          [
            -80.858453,
            35.240272
          ],
          [
            -80.858454,
            35.240162
          ],
          [
            -80.858454,
            35.240162
          ],
          [
            -80.858455,
            35.2399
          ],
          [
            -80.858461,
            35.239796
          ],
          [
            -80.858473,
            35.239604
          ],
          [
            -80.85849,
            35.239412
          ],
          [
            -80.858512,
            35.239221
          ],
          [
            -80.858541,
            35.23903
          ],
          [
            -80.858575,
            35.23884
          ],
          [
            -80.858664,
            35.238537
          ],
          [
            -80.858866,
            35.237953
          ],
          [
            -80.858884,
            35.23788
          ],
          [
            -80.858895,
            35.237805
          ],
          [
            -80.8589,
            35.237731
          ],
          [
            -80.858898,
            35.237656
          ],
          [
            -80.85889,
            35.237582
          ],
          [
            -80.858875,
            35.237508
          ],
          [
            -80.858854,
            35.237435
          ],
          [
            -80.858808,
            35.237323
          ],
          [
            -80.858808,
            35.237323
          ],
          [
            -80.858805,
            35.237316
          ],
          [
            -80.85875,
            35.237199
          ],
          [
            -80.858689,
            35.237084
          ],
          [
            -80.858605,
            35.23695
          ],
          [
            -80.858544,
            35.236876
          ],
          [
            -80.858478,
            35.236806
          ],
          [
            -80.858405,
            35.23674
          ],
          [
            -80.858327,
            35.236679
          ],
          [
            -80.858243,
            35.236622
          ],
          [
            -80.858155,
            35.23657
          ],
          [
            -80.858062,
            35.236524
          ],
          [
            -80.857966,
            35.236484
          ],
          [
            -80.8578,
            35.23642
          ],
          [
            -80.857671,
            35.236374
          ],
          [
            -80.857583,
            35.236339
          ],
          [
            -80.857492,
            35.236308
          ],
          [
            -80.8574,
            35.23628
          ],
          [
            -80.857306,
            35.236257
          ],
          [
            -80.857211,
            35.236238
          ],
          [
            -80.856778,
            35.236145
          ],
          [
            -80.856517,
            35.236091
          ],
          [
            -80.856192,
            35.236024
          ],
          [
            -80.856112,
            35.236004
          ],
          [
            -80.856033,
            35.235985
          ],
          [
            -80.855955,
            35.235966
          ],
          [
            -80.855861,
            35.235945
          ],
          [
            -80.855792,
            35.23593
          ],
          [
            -80.855721,
            35.235915
          ],
          [
            -80.855659,
            35.235902
          ],
          [
            -80.855203,
            35.2358
          ],
          [
            -80.855039,
            35.235763
          ],
          [
            -80.854927,
            35.235737
          ],
          [
            -80.854667,
            35.23569
          ],
          [
            -80.854516,
            35.235663
          ],
          [
            -80.854371,
            35.235639
          ],
          [
            -80.854265,
            35.235616
          ],
          [
            -80.854127,
            35.235588
          ],
          [
            -80.853991,
            35.235555
          ],
          [
            -80.853857,
            35.235518
          ],
          [
            -80.853724,
            35.235478
          ],
          [
            -80.853641,
            35.235447
          ],
          [
            -80.85356,
            35.235413
          ],
          [
            -80.853332,
            35.235308
          ],
          [
            -80.853108,
            35.235198
          ],
          [
            -80.852888,
            35.235082
          ],
          [
            -80.852693,
            35.234972
          ],
          [
            -80.852693,
            35.234972
          ],
          [
            -80.852673,
            35.234961
          ],
          [
            -80.852462,
            35.234834
          ],
          [
            -80.851111,
            35.23384
          ],
          [
            -80.850957,
            35.233733
          ],
          [
            -80.850957,
            35.233733
          ],
          [
            -80.85066,
            35.233525
          ],
          [
            -80.84999,
            35.233009
          ],
          [
            -80.848419,
            35.2318
          ],
          [
            -80.848387,
            35.231772
          ],
          [
            -80.847784,
            35.231252
          ],
          [
            -80.847666,
            35.231151
          ],
          [
            -80.847666,
            35.231151
          ],
          [
            -80.847024,
            35.230598
          ],
          [
            -80.847003,
            35.23058
          ],
          [
            -80.8457,
            35.229457
          ],
          [
            -80.8457,
            35.229457
          ],
          [
            -80.845683,
            35.229443
          ],
          [
            -80.845141,
            35.228975
          ],
          [
            -80.844742,
            35.228635
          ],
          [
            -80.844465,
            35.228399
          ],
          [
            -80.844168,
            35.228138
          ],
          [
            -80.843162,
            35.227273
          ],
          [
            -80.843162,
            35.227273
          ],
          [
            -80.843086,
            35.227207
          ],
          [
            -80.842464,
            35.22667
          ],
          [
            -80.841975,
            35.22625
          ],
          [
            -80.840884,
            35.225326
          ],
          [
            -80.84045,
            35.224959
          ],
          [
            -80.840349,
            35.224873
          ],
          [
            -80.839999,
            35.224578
          ],
          [
            -80.839865,
            35.224466
          ],
          [
            -80.839865,
            35.224466
          ],
          [
            -80.839042,
            35.223776
          ],
          [
            -80.838023,
            35.222923
          ],
          [
            -80.837899,
            35.22282
          ],
          [
            -80.83785,
            35.222775
          ],
          [
            -80.83785,
            35.222775
          ],
          [
            -80.837799,
            35.222727
          ],
          [
            -80.837771,
            35.222702
          ],
          [
            -80.837361,
            35.222348
          ],
          [
            -80.837073,
            35.222104
          ],
          [
            -80.836745,
            35.221828
          ],
          [
            -80.836399,
            35.221518
          ],
          [
            -80.836089,
            35.221237
          ],
          [
            -80.836048,
            35.2212
          ],
          [
            -80.835893,
            35.221059
          ],
          [
            -80.835893,
            35.221059
          ],
          [
            -80.835676,
            35.22086
          ],
          [
            -80.835393,
            35.220592
          ],
          [
            -80.83538,
            35.220579
          ],
          [
            -80.835286,
            35.220491
          ],
          [
            -80.835188,
            35.220405
          ],
          [
            -80.835086,
            35.220322
          ],
          [
            -80.834981,
            35.220243
          ],
          [
            -80.834686,
            35.220053
          ],
          [
            -80.834274,
            35.219771
          ],
          [
            -80.833972,
            35.219568
          ],
          [
            -80.83388,
            35.219505
          ],
          [
            -80.833449,
            35.219218
          ],
          [
            -80.833367,
            35.219153
          ],
          [
            -80.833232,
            35.219045
          ],
          [
            -80.833128,
            35.218963
          ],
          [
            -80.832992,
            35.21886
          ],
          [
            -80.83211,
            35.218164
          ],
          [
            -80.831362,
            35.217556
          ],
          [
            -80.831362,
            35.217556
          ],
          [
            -80.831258,
            35.217471
          ],
          [
            -80.828907,
            35.215569
          ],
          [
            -80.828583,
            35.215309
          ],
          [
            -80.828331,
            35.215107
          ],
          [
            -80.827971,
            35.214811
          ],
          [
            -80.827914,
            35.214766
          ],
          [
            -80.827764,
            35.214647
          ],
          [
            -80.82755,
            35.214479
          ],
          [
            -80.827255,
            35.21425
          ],
          [
            -80.826677,
            35.213781
          ],
          [
            -80.826468,
            35.213611
          ],
          [
            -80.826468,
            35.213611
          ],
          [
            -80.825601,
            35.212907
          ],
          [
            -80.825329,
            35.21313
          ],
          [
            -80.824787,
            35.213585
          ],
          [
            -80.824533,
            35.213792
          ],
          [
            -80.824533,
            35.213792
          ],
          [
            -80.820881,
            35.21679
          ],
          [
            -80.820881,
            35.21679
          ],
          [
            -80.820079,
            35.217456
          ],
          [
            -80.819628,
            35.217811
          ],
          [
            -80.819426,
            35.218018
          ],
          [
            -80.819249,
            35.218276
          ],
          [
            -80.819115,
            35.21854
          ],
          [
            -80.818878,
            35.219533
          ]
        ]
      }
    },
    {
      "type": "Feature",
      "properties": {
        "type": "Streetcar",
        "network": "CATS CityLYNX",
        "route_name": "Gold Line",
        "color": "#FFC72C"
      },
      "geometry": {
        "type": "LineString",
        "coordinates": [
          [
            -80.818878,
            35.219533
          ],
          [
            -80.819109,
            35.21857
          ],
          [
            -80.819221,
            35.218335
          ],
          [
            -80.819368,
            35.218098
          ],
          [
            -80.819723,
            35.217728
          ],
          [
            -80.820881,
            35.21679
          ],
          [
            -80.820881,
            35.21679
          ],
          [
            -80.824534,
            35.21379
          ],
          [
            -80.824534,
            35.21379
          ],
          [
            -80.824787,
            35.213585
          ],
          [
            -80.825329,
            35.21313
          ],
          [
            -80.825601,
            35.212907
          ],
          [
            -80.826598,
            35.213717
          ],
          [
            -80.826598,
            35.213717
          ],
          [
            -80.826677,
            35.213781
          ],
          [
            -80.827255,
            35.21425
          ],
          [
            -80.82755,
            35.214479
          ],
          [
            -80.827764,
            35.214647
          ],
          [
            -80.827914,
            35.214766
          ],
          [
            -80.827971,
            35.214811
          ],
          [
            -80.828331,
            35.215107
          ],
          [
            -80.828583,
            35.215309
          ],
          [
            -80.828907,
            35.215569
          ],
          [
            -80.831149,
            35.217384
          ],
          [
            -80.831149,
            35.217384
          ],
          [
            -80.831258,
            35.217471
          ],
          [
            -80.83211,
            35.218164
          ],
          [
            -80.832992,
            35.21886
          ],
          [
            -80.833128,
            35.218963
          ],
          [
            -80.833232,
            35.219045
          ],
          [
            -80.833367,
            35.219153
          ],
          [
            -80.833449,
            35.219218
          ],
          [
            -80.83388,
            35.219505
          ],
          [
            -80.833972,
            35.219568
          ],
          [
            -80.834274,
            35.219771
          ],
          [
            -80.834686,
            35.220053
          ],
          [
            -80.834981,
            35.220243
          ],
          [
            -80.835086,
            35.220322
          ],
          [
            -80.835188,
            35.220405
          ],
          [
            -80.835286,
            35.220491
          ],
          [
            -80.83538,
            35.220579
          ],
          [
            -80.835393,
            35.220592
          ],
          [
            -80.835676,
            35.22086
          ],
          [
            -80.83602,
            35.221175
          ],
          [
            -80.83602,
            35.221175
          ],
          [
            -80.836048,
            35.2212
          ],
          [
            -80.836089,
            35.221237
          ],
          [
            -80.836399,
            35.221518
          ],
          [
            -80.836745,
            35.221828
          ],
          [
            -80.837073,
            35.222104
          ],
          [
            -80.837361,
            35.222348
          ],
          [
            -80.837771,
            35.222702
          ],
          [
            -80.837799,
            35.222727
          ],
          [
            -80.837843,
            35.222768
          ],
          [
            -80.837843,
            35.222768
          ],
          [
            -80.837899,
            35.22282
          ],
          [
            -80.838023,
            35.222923
          ],
          [
            -80.839042,
            35.223776
          ],
          [
            -80.839999,
            35.224578
          ],
          [
            -80.840222,
            35.224766
          ],
          [
            -80.840222,
            35.224766
          ],
          [
            -80.840349,
            35.224873
          ],
          [
            -80.84045,
            35.224959
          ],
          [
            -80.840884,
            35.225326
          ],
          [
            -80.841975,
            35.22625
          ],
          [
            -80.842464,
            35.22667
          ],
          [
            -80.843086,
            35.227207
          ],
          [
            -80.843234,
            35.227334
          ],
          [
            -80.843234,
            35.227334
          ],
          [
            -80.844168,
            35.228138
          ],
          [
            -80.844465,
            35.228399
          ],
          [
            -80.844742,
            35.228635
          ],
          [
            -80.845141,
            35.228975
          ],
          [
            -80.845683,
            35.229443
          ],
          [
            -80.8457,
            35.229457
          ],
          [
            -80.8457,
            35.229457
          ],
          [
            -80.847666,
            35.231152
          ],
          [
            -80.847666,
            35.231152
          ],
          [
            -80.84999,
            35.233009
          ],
          [
            -80.850659,
            35.233526
          ],
          [
            -80.850957,
            35.233734
          ],
          [
            -80.850957,
            35.233733
          ],
          [
            -80.851111,
            35.23384
          ],
          [
            -80.852462,
            35.234834
          ],
          [
            -80.852673,
            35.234961
          ],
          [
            -80.852693,
            35.234972
          ],
          [
            -80.852693,
            35.234972
          ],
          [
            -80.852888,
            35.235082
          ],
          [
            -80.853108,
            35.235198
          ],
          [
            -80.853332,
            35.235308
          ],
          [
            -80.85356,
            35.235413
          ],
          [
            -80.853641,
            35.235447
          ],
          [
            -80.853724,
            35.235478
          ],
          [
            -80.853857,
            35.235518
          ],
          [
            -80.853991,
            35.235555
          ],
          [
            -80.854127,
            35.235588
          ],
          [
            -80.854265,
            35.235616
          ],
          [
            -80.854371,
            35.235639
          ],
          [
            -80.854516,
            35.235663
          ],
          [
            -80.854667,
            35.23569
          ],
          [
            -80.854927,
            35.235737
          ],
          [
            -80.855039,
            35.235763
          ],
          [
            -80.855203,
            35.2358
          ],
          [
            -80.855659,
            35.235902
          ],
          [
            -80.855721,
            35.235915
          ],
          [
            -80.855792,
            35.23593
          ],
          [
            -80.855861,
            35.235945
          ],
          [
            -80.855955,
            35.235966
          ],
          [
            -80.856033,
            35.235985
          ],
          [
            -80.856112,
            35.236004
          ],
          [
            -80.856192,
            35.236024
          ],
          [
            -80.856517,
            35.236091
          ],
          [
            -80.856778,
            35.236145
          ],
          [
            -80.857211,
            35.236238
          ],
          [
            -80.857306,
            35.236257
          ],
          [
            -80.8574,
            35.23628
          ],
          [
            -80.857492,
            35.236308
          ],
          [
            -80.857583,
            35.236339
          ],
          [
            -80.857671,
            35.236374
          ],
          [
            -80.8578,
            35.23642
          ],
          [
            -80.857966,
            35.236484
          ],
          [
            -80.858062,
            35.236524
          ],
          [
            -80.858155,
            35.23657
          ],
          [
            -80.858243,
            35.236622
          ],
          [
            -80.858327,
            35.236679
          ],
          [
            -80.858405,
            35.23674
          ],
          [
            -80.858478,
            35.236806
          ],
          [
            -80.858544,
            35.236876
          ],
          [
            -80.858605,
            35.23695
          ],
          [
            -80.858689,
            35.237084
          ],
          [
            -80.85875,
            35.237199
          ],
          [
            -80.858805,
            35.237316
          ],
          [
            -80.858808,
            35.237323
          ],
          [
            -80.858808,
            35.237323
          ],
          [
            -80.858854,
            35.237435
          ],
          [
            -80.858875,
            35.237508
          ],
          [
            -80.85889,
            35.237582
          ],
          [
            -80.858898,
            35.237656
          ],
          [
            -80.8589,
            35.237731
          ],
          [
            -80.858895,
            35.237805
          ],
          [
            -80.858884,
            35.23788
          ],
          [
            -80.858866,
            35.237953
          ],
          [
            -80.858664,
            35.238537
          ],
          [
            -80.858575,
            35.23884
          ],
          [
            -80.858541,
            35.23903
          ],
          [
            -80.858512,
            35.239221
          ],
          [
            -80.85849,
            35.239412
          ],
          [
            -80.858473,
            35.239604
          ],
          [
            -80.858461,
            35.239796
          ],
          [
            -80.858455,
            35.2399
          ],
          [
            -80.858454,
            35.240162
          ],
          [
            -80.858453,
            35.240162
          ],
          [
            -80.858453,
            35.240272
          ],
          [
            -80.858453,
            35.24028
          ],
          [
            -80.858473,
            35.24056
          ],
          [
            -80.8585,
            35.240738
          ],
          [
            -80.858545,
            35.240924
          ],
          [
            -80.858625,
            35.241204
          ],
          [
            -80.858724,
            35.241777
          ],
          [
            -80.858662,
            35.242266
          ],
          [
            -80.858195,
            35.243511
          ],
          [
            -80.858197,
            35.24351
          ],
          [
            -80.858009,
            35.243951
          ],
          [
            -80.857807,
            35.244407
          ],
          [
            -80.857787,
            35.244452
          ],
          [
            -80.857739,
            35.244532
          ],
          [
            -80.857699,
            35.244592
          ],
          [
            -80.857686,
            35.24461
          ],
          [
            -80.85763,
            35.244686
          ],
          [
            -80.857569,
            35.244759
          ],
          [
            -80.857538,
            35.244793
          ],
          [
            -80.857275,
            35.245115
          ],
          [
            -80.857107,
            35.245327
          ],
          [
            -80.857068,
            35.245382
          ],
          [
            -80.857033,
            35.245438
          ],
          [
            -80.857003,
            35.245497
          ],
          [
            -80.856979,
            35.245557
          ],
          [
            -80.856956,
            35.245627
          ],
          [
            -80.856949,
            35.245656
          ],
          [
            -80.856939,
            35.245699
          ],
          [
            -80.856932,
            35.245732
          ],
          [
            -80.85689,
            35.246011
          ],
          [
            -80.856862,
            35.246253
          ]
        ]
      }
    },
    {
      "type": "Feature",
      "properties": {
        "type": "Streetcar",
        "network": "CATS CityLYNX",
        "route_name": "Gold Line",
        "color": "#FFC72C"
      },
      "geometry": {
        "type": "LineString",
        "coordinates": [
          [
            -80.840222,
            35.224766
          ],
          [
            -80.840349,
            35.224873
          ],
          [
            -80.84045,
            35.224959
          ],
          [
            -80.840884,
            35.225326
          ],
          [
            -80.841975,
            35.22625
          ],
          [
            -80.842464,
            35.22667
          ],
          [
            -80.843086,
            35.227207
          ],
          [
            -80.843234,
            35.227334
          ],
          [
            -80.843234,
            35.227334
          ],
          [
            -80.844168,
            35.228138
          ],
          [
            -80.844465,
            35.228399
          ],
          [
            -80.844742,
            35.228635
          ],
          [
            -80.845141,
            35.228975
          ],
          [
            -80.845683,
            35.229443
          ],
          [
            -80.8457,
            35.229457
          ],
          [
            -80.8457,
            35.229457
          ],
          [
            -80.847666,
            35.231152
          ],
          [
            -80.847666,
            35.231152
          ],
          [
            -80.84999,
            35.233009
          ],
          [
            -80.850659,
            35.233526
          ],
          [
            -80.850957,
            35.233734
          ],
          [
            -80.850957,
            35.233733
          ],
          [
            -80.851111,
            35.23384
          ],
          [
            -80.852462,
            35.234834
          ],
          [
            -80.852673,
            35.234961
          ],
          [
            -80.852693,
            35.234972
          ],
          [
            -80.852693,
            35.234972
          ],
          [
            -80.852888,
            35.235082
          ],
          [
            -80.853108,
            35.235198
          ],
          [
            -80.853332,
            35.235308
          ],
          [
            -80.85356,
            35.235413
          ],
          [
            -80.853641,
            35.235447
          ],
          [
            -80.853724,
            35.235478
          ],
          [
            -80.853857,
            35.235518
          ],
          [
            -80.853991,
            35.235555
          ],
          [
            -80.854127,
            35.235588
          ],
          [
            -80.854265,
            35.235616
          ],
          [
            -80.854371,
            35.235639
          ],
          [
            -80.854516,
            35.235663
          ],
          [
            -80.854667,
            35.23569
          ],
          [
            -80.854927,
            35.235737
          ],
          [
            -80.855039,
            35.235763
          ],
          [
            -80.855203,
            35.2358
          ],
          [
            -80.855659,
            35.235902
          ],
          [
            -80.855721,
            35.235915
          ],
          [
            -80.855792,
            35.23593
          ],
          [
            -80.855861,
            35.235945
          ],
          [
            -80.855955,
            35.235966
          ],
          [
            -80.856033,
            35.235985
          ],
          [
            -80.856112,
            35.236004
          ],
          [
            -80.856192,
            35.236024
          ],
          [
            -80.856517,
            35.236091
          ],
          [
            -80.856778,
            35.236145
          ],
          [
            -80.857211,
            35.236238
          ],
          [
            -80.857306,
            35.236257
          ],
          [
            -80.8574,
            35.23628
          ],
          [
            -80.857492,
            35.236308
          ],
          [
            -80.857583,
            35.236339
          ],
          [
            -80.857671,
            35.236374
          ],
          [
            -80.8578,
            35.23642
          ],
          [
            -80.857966,
            35.236484
          ],
          [
            -80.858062,
            35.236524
          ],
          [
            -80.858155,
            35.23657
          ],
          [
            -80.858243,
            35.236622
          ],
          [
            -80.858327,
            35.236679
          ],
          [
            -80.858405,
            35.23674
          ],
          [
            -80.858478,
            35.236806
          ],
          [
            -80.858544,
            35.236876
          ],
          [
            -80.858605,
            35.23695
          ],
          [
            -80.858689,
            35.237084
          ],
          [
            -80.85875,
            35.237199
          ],
          [
            -80.858805,
            35.237316
          ],
          [
            -80.858808,
            35.237323
          ],
          [
            -80.858808,
            35.237323
          ],
          [
            -80.858854,
            35.237435
          ],
          [
            -80.858875,
            35.237508
          ],
          [
            -80.85889,
            35.237582
          ],
          [
            -80.858898,
            35.237656
          ],
          [
            -80.8589,
            35.237731
          ],
          [
            -80.858895,
            35.237805
          ],
          [
            -80.858884,
            35.23788
          ],
          [
            -80.858866,
            35.237953
          ],
          [
            -80.858664,
            35.238537
          ],
          [
            -80.858575,
            35.23884
          ],
          [
            -80.858541,
            35.23903
          ],
          [
            -80.858512,
            35.239221
          ],
          [
            -80.85849,
            35.239412
          ],
          [
            -80.858473,
            35.239604
          ],
          [
            -80.858461,
            35.239796
          ],
          [
            -80.858455,
            35.2399
          ],
          [
            -80.858454,
            35.240162
          ],
          [
            -80.858453,
            35.240162
          ],
          [
            -80.858453,
            35.240272
          ],
          [
            -80.858453,
            35.24028
          ],
          [
            -80.858473,
            35.24056
          ],
          [
            -80.8585,
            35.240738
          ],
          [
            -80.858545,
            35.240924
          ],
          [
            -80.858625,
            35.241204
          ],
          [
            -80.858724,
            35.241777
          ],
          [
            -80.858662,
            35.242266
          ],
          [
            -80.858195,
            35.243511
          ],
          [
            -80.858197,
            35.24351
          ],
          [
            -80.858009,
            35.243951
          ],
          [
            -80.857807,
            35.244407
          ],
          [
            -80.857787,
            35.244452
          ],
          [
            -80.857739,
            35.244532
          ],
          [
            -80.857699,
            35.244592
          ],
          [
            -80.857686,
            35.24461
          ],
          [
            -80.85763,
            35.244686
          ],
          [
            -80.857569,
            35.244759
          ],
          [
            -80.857538,
            35.244793
          ],
          [
            -80.857275,
            35.245115
          ],
          [
            -80.857107,
            35.245327
          ],
          [
            -80.857068,
            35.245382
          ],
          [
            -80.857033,
            35.245438
          ],
          [
            -80.857003,
            35.245497
          ],
          [
            -80.856979,
            35.245557
          ],
          [
            -80.856956,
            35.245627
          ],
          [
            -80.856949,
            35.245656
          ],
          [
            -80.856939,
            35.245699
          ],
          [
            -80.856932,
            35.245732
          ],
          [
            -80.85689,
            35.246011
          ],
          [
            -80.856862,
            35.246253
          ]
        ]
      }
    },
    {
      "type": "Feature",
      "properties": {
        "type": "Streetcar",
        "network": "CATS CityLYNX",
        "route_name": "Gold Line",
        "color": "#FFC72C"
      },
      "geometry": {
        "type": "LineString",
        "coordinates": [
          [
            -80.839865,
            35.224466
          ],
          [
            -80.839042,
            35.223776
          ],
          [
            -80.838023,
            35.222923
          ],
          [
            -80.837899,
            35.22282
          ],
          [
            -80.83785,
            35.222775
          ],
          [
            -80.83785,
            35.222775
          ],
          [
            -80.837799,
            35.222727
          ],
          [
            -80.837771,
            35.222702
          ],
          [
            -80.837361,
            35.222348
          ],
          [
            -80.837073,
            35.222104
          ],
          [
            -80.836745,
            35.221828
          ],
          [
            -80.836399,
            35.221518
          ],
          [
            -80.836089,
            35.221237
          ],
          [
            -80.836048,
            35.2212
          ],
          [
            -80.835893,
            35.221059
          ],
          [
            -80.835893,
            35.221059
          ],
          [
            -80.835676,
            35.22086
          ],
          [
            -80.835393,
            35.220592
          ],
          [
            -80.83538,
            35.220579
          ],
          [
            -80.835286,
            35.220491
          ],
          [
            -80.835188,
            35.220405
          ],
          [
            -80.835086,
            35.220322
          ],
          [
            -80.834981,
            35.220243
          ],
          [
            -80.834686,
            35.220053
          ],
          [
            -80.834274,
            35.219771
          ],
          [
            -80.833972,
            35.219568
          ],
          [
            -80.83388,
            35.219505
          ],
          [
            -80.833449,
            35.219218
          ],
          [
            -80.833367,
            35.219153
          ],
          [
            -80.833232,
            35.219045
          ],
          [
            -80.833128,
            35.218963
          ],
          [
            -80.832992,
            35.21886
          ],
          [
            -80.83211,
            35.218164
          ],
          [
            -80.831362,
            35.217556
          ],
          [
            -80.831362,
            35.217556
          ],
          [
            -80.831258,
            35.217471
          ],
          [
            -80.828907,
            35.215569
          ],
          [
            -80.828583,
            35.215309
          ],
          [
            -80.828331,
            35.215107
          ],
          [
            -80.827971,
            35.214811
          ],
          [
            -80.827914,
            35.214766
          ],
          [
            -80.827764,
            35.214647
          ],
          [
            -80.82755,
            35.214479
          ],
          [
            -80.827255,
            35.21425
          ],
          [
            -80.826677,
            35.213781
          ],
          [
            -80.826468,
            35.213611
          ],
          [
            -80.826468,
            35.213611
          ],
          [
            -80.825601,
            35.212907
          ],
          [
            -80.825329,
            35.21313
          ],
          [
            -80.824787,
            35.213585
          ],
          [
            -80.824533,
            35.213792
          ],
          [
            -80.824533,
            35.213792
          ],
          [
            -80.820881,
            35.21679
          ],
          [
            -80.820881,
            35.21679
          ],
          [
            -80.820079,
            35.217456
          ],
          [
            -80.819628,
            35.217811
          ],
          [
            -80.819426,
            35.218018
          ],
          [
            -80.819249,
            35.218276
          ],
          [
            -80.819115,
            35.21854
          ],
          [
            -80.818878,
            35.219533
          ]
        ]
      }
    },
    {
      "type": "Feature",
      "properties": {
        "type": "Streetcar",
        "network": "CATS CityLYNX",
        "route_name": "Gold Line",
        "color": "#FFC72C"
      },
      "geometry": {
        "type": "LineString",
        "coordinates": [
          [
            -80.856862,
            35.246253
          ],
          [
            -80.85689,
            35.246011
          ],
          [
            -80.856932,
            35.245732
          ],
          [
            -80.856939,
            35.245699
          ],
          [
            -80.856949,
            35.245656
          ],
          [
            -80.856956,
            35.245627
          ],
          [
            -80.856979,
            35.245557
          ],
          [
            -80.857003,
            35.245497
          ],
          [
            -80.857033,
            35.245438
          ],
          [
            -80.857068,
            35.245382
          ],
          [
            -80.857107,
            35.245327
          ],
          [
            -80.857275,
            35.245115
          ],
          [
            -80.857538,
            35.244793
          ],
          [
            -80.857569,
            35.244759
          ],
          [
            -80.85763,
            35.244686
          ],
          [
            -80.857686,
            35.24461
          ],
          [
            -80.857699,
            35.244592
          ],
          [
            -80.857739,
            35.244532
          ],
          [
            -80.857787,
            35.244452
          ],
          [
            -80.857807,
            35.244407
          ],
          [
            -80.858009,
            35.243951
          ],
          [
            -80.858197,
            35.24351
          ],
          [
            -80.858197,
            35.24351
          ],
          [
            -80.858212,
            35.243475
          ],
          [
            -80.85826,
            35.243357
          ],
          [
            -80.858432,
            35.242927
          ],
          [
            -80.858582,
            35.242546
          ],
          [
            -80.85862,
            35.242422
          ],
          [
            -80.858662,
            35.242267
          ],
          [
            -80.858699,
            35.242112
          ],
          [
            -80.858729,
            35.241919
          ],
          [
            -80.858731,
            35.241853
          ],
          [
            -80.858728,
            35.241808
          ],
          [
            -80.858716,
            35.24174
          ],
          [
            -80.858706,
            35.241692
          ],
          [
            -80.858697,
            35.241632
          ],
          [
            -80.858688,
            35.241569
          ],
          [
            -80.858673,
            35.24149
          ],
          [
            -80.85867,
            35.24144
          ],
          [
            -80.858624,
            35.241204
          ],
          [
            -80.858545,
            35.240924
          ],
          [
            -80.858501,
            35.240739
          ],
          [
            -80.858472,
            35.24056
          ],
          [
            -80.858453,
            35.240281
          ],
          [
            -80.858453,
            35.240272
          ],
          [
            -80.858454,
            35.240162
          ],
          [
            -80.858454,
            35.240162
          ],
          [
            -80.858455,
            35.2399
          ],
          [
            -80.858461,
            35.239796
          ],
          [
            -80.858473,
            35.239604
          ],
          [
            -80.85849,
            35.239412
          ],
          [
            -80.858512,
            35.239221
          ],
          [
            -80.858541,
            35.23903
          ],
          [
            -80.858575,
            35.23884
          ],
          [
            -80.858664,
            35.238537
          ],
          [
            -80.858866,
            35.237953
          ],
          [
            -80.858884,
            35.23788
          ],
          [
            -80.858895,
            35.237805
          ],
          [
            -80.8589,
            35.237731
          ],
          [
            -80.858898,
            35.237656
          ],
          [
            -80.85889,
            35.237582
          ],
          [
            -80.858875,
            35.237508
          ],
          [
            -80.858854,
            35.237435
          ],
          [
            -80.858808,
            35.237323
          ],
          [
            -80.858808,
            35.237323
          ],
          [
            -80.858805,
            35.237316
          ],
          [
            -80.85875,
            35.237199
          ],
          [
            -80.858689,
            35.237084
          ],
          [
            -80.858605,
            35.23695
          ],
          [
            -80.858544,
            35.236876
          ],
          [
            -80.858478,
            35.236806
          ],
          [
            -80.858405,
            35.23674
          ],
          [
            -80.858327,
            35.236679
          ],
          [
            -80.858243,
            35.236622
          ],
          [
            -80.858155,
            35.23657
          ],
          [
            -80.858062,
            35.236524
          ],
          [
            -80.857966,
            35.236484
          ],
          [
            -80.8578,
            35.23642
          ],
          [
            -80.857671,
            35.236374
          ],
          [
            -80.857583,
            35.236339
          ],
          [
            -80.857492,
            35.236308
          ],
          [
            -80.8574,
            35.23628
          ],
          [
            -80.857306,
            35.236257
          ],
          [
            -80.857211,
            35.236238
          ],
          [
            -80.856778,
            35.236145
          ],
          [
            -80.856517,
            35.236091
          ],
          [
            -80.856192,
            35.236024
          ],
          [
            -80.856112,
            35.236004
          ],
          [
            -80.856033,
            35.235985
          ],
          [
            -80.855955,
            35.235966
          ],
          [
            -80.855861,
            35.235945
          ],
          [
            -80.855792,
            35.23593
          ],
          [
            -80.855721,
            35.235915
          ],
          [
            -80.855659,
            35.235902
          ],
          [
            -80.855203,
            35.2358
          ],
          [
            -80.855039,
            35.235763
          ],
          [
            -80.854927,
            35.235737
          ],
          [
            -80.854667,
            35.23569
          ],
          [
            -80.854516,
            35.235663
          ],
          [
            -80.854371,
            35.235639
          ],
          [
            -80.854265,
            35.235616
          ],
          [
            -80.854127,
            35.235588
          ],
          [
            -80.853991,
            35.235555
          ],
          [
            -80.853857,
            35.235518
          ],
          [
            -80.853724,
            35.235478
          ],
          [
            -80.853641,
            35.235447
          ],
          [
            -80.85356,
            35.235413
          ],
          [
            -80.853332,
            35.235308
          ],
          [
            -80.853108,
            35.235198
          ],
          [
            -80.852888,
            35.235082
          ],
          [
            -80.852693,
            35.234972
          ],
          [
            -80.852693,
            35.234972
          ],
          [
            -80.852673,
            35.234961
          ],
          [
            -80.852462,
            35.234834
          ],
          [
            -80.851111,
            35.23384
          ],
          [
            -80.850957,
            35.233733
          ],
          [
            -80.850957,
            35.233733
          ],
          [
            -80.85066,
            35.233525
          ],
          [
            -80.84999,
            35.233009
          ],
          [
            -80.848419,
            35.2318
          ],
          [
            -80.848387,
            35.231772
          ],
          [
            -80.847784,
            35.231252
          ],
          [
            -80.847666,
            35.231151
          ],
          [
            -80.847666,
            35.231151
          ],
          [
            -80.847024,
            35.230598
          ],
          [
            -80.847003,
            35.23058
          ],
          [
            -80.8457,
            35.229457
          ],
          [
            -80.8457,
            35.229457
          ],
          [
            -80.845683,
            35.229443
          ],
          [
            -80.845141,
            35.228975
          ],
          [
            -80.844742,
            35.228635
          ],
          [
            -80.844465,
            35.228399
          ],
          [
            -80.844168,
            35.228138
          ],
          [
            -80.843162,
            35.227273
          ],
          [
            -80.843162,
            35.227273
          ],
          [
            -80.843086,
            35.227207
          ],
          [
            -80.842464,
            35.22667
          ],
          [
            -80.841975,
            35.22625
          ],
          [
            -80.840884,
            35.225326
          ],
          [
            -80.84045,
            35.224959
          ],
          [
            -80.840349,
            35.224873
          ],
          [
            -80.839999,
            35.224578
          ],
          [
            -80.839865,
            35.224466
          ]
        ]
      }
    },
    {
      "type": "Feature",
      "properties": {
        "type": "Streetcar",
        "network": "CATS CityLYNX",
        "route_name": "Gold Line",
        "color": "#FFC72C"
      },
      "geometry": {
        "type": "LineString",
        "coordinates": [
          [
            -80.818878,
            35.219533
          ],
          [
            -80.820881,
            35.21679
          ],
          [
            -80.820881,
            35.21679
          ],
          [
            -80.824534,
            35.21379
          ],
          [
            -80.824534,
            35.21379
          ],
          [
            -80.824787,
            35.213585
          ],
          [
            -80.825329,
            35.21313
          ],
          [
            -80.825601,
            35.212907
          ],
          [
            -80.826598,
            35.213717
          ],
          [
            -80.826598,
            35.213717
          ],
          [
            -80.826677,
            35.213781
          ],
          [
            -80.827255,
            35.21425
          ],
          [
            -80.82755,
            35.214479
          ],
          [
            -80.827764,
            35.214647
          ],
          [
            -80.827914,
            35.214766
          ],
          [
            -80.827971,
            35.214811
          ],
          [
            -80.828331,
            35.215107
          ],
          [
            -80.828583,
            35.215309
          ],
          [
            -80.828907,
            35.215569
          ],
          [
            -80.831149,
            35.217384
          ],
          [
            -80.831149,
            35.217384
          ],
          [
            -80.831258,
            35.217471
          ],
          [
            -80.83211,
            35.218164
          ],
          [
            -80.832992,
            35.21886
          ],
          [
            -80.833128,
            35.218963
          ],
          [
            -80.833232,
            35.219045
          ],
          [
            -80.833367,
            35.219153
          ],
          [
            -80.833449,
            35.219218
          ],
          [
            -80.83388,
            35.219505
          ],
          [
            -80.833972,
            35.219568
          ],
          [
            -80.834274,
            35.219771
          ],
          [
            -80.834686,
            35.220053
          ],
          [
            -80.834981,
            35.220243
          ],
          [
            -80.835086,
            35.220322
          ],
          [
            -80.835188,
            35.220405
          ],
          [
            -80.835286,
            35.220491
          ],
          [
            -80.83538,
            35.220579
          ],
          [
            -80.835393,
            35.220592
          ],
          [
            -80.835676,
            35.22086
          ],
          [
            -80.83602,
            35.221175
          ],
          [
            -80.83602,
            35.221175
          ],
          [
            -80.836048,
            35.2212
          ],
          [
            -80.836089,
            35.221237
          ],
          [
            -80.836399,
            35.221518
          ],
          [
            -80.836745,
            35.221828
          ],
          [
            -80.837073,
            35.222104
          ],
          [
            -80.837361,
            35.222348
          ],
          [
            -80.837771,
            35.222702
          ],
          [
            -80.837799,
            35.222727
          ],
          [
            -80.837843,
            35.222768
          ],
          [
            -80.837843,
            35.222768
          ],
          [
            -80.837899,
            35.22282
          ],
          [
            -80.838023,
            35.222923
          ],
          [
            -80.839042,
            35.223776
          ],
          [
            -80.839999,
            35.224578
          ],
          [
            -80.840222,
            35.224766
          ],
          [
            -80.840222,
            35.224766
          ],
          [
            -80.840349,
            35.224873
          ],
          [
            -80.84045,
            35.224959
          ],
          [
            -80.840884,
            35.225326
          ],
          [
            -80.841975,
            35.22625
          ],
          [
            -80.842464,
            35.22667
          ],
          [
            -80.843086,
            35.227207
          ],
          [
            -80.843234,
            35.227334
          ],
          [
            -80.843234,
            35.227334
          ],
          [
            -80.844168,
            35.228138
          ],
          [
            -80.844465,
            35.228399
          ],
          [
            -80.844742,
            35.228635
          ],
          [
            -80.845141,
            35.228975
          ],
          [
            -80.845683,
            35.229443
          ],
          [
            -80.8457,
            35.229457
          ],
          [
            -80.8457,
            35.229457
          ],
          [
            -80.847666,
            35.231152
          ],
          [
            -80.847666,
            35.231152
          ],
          [
            -80.84999,
            35.233009
          ],
          [
            -80.850659,
            35.233526
          ],
          [
            -80.850957,
            35.233734
          ],
          [
            -80.850957,
            35.233733
          ],
          [
            -80.851111,
            35.23384
          ],
          [
            -80.852462,
            35.234834
          ],
          [
            -80.852673,
            35.234961
          ],
          [
            -80.852693,
            35.234972
          ],
          [
            -80.852693,
            35.234972
          ],
          [
            -80.852888,
            35.235082
          ],
          [
            -80.853108,
            35.235198
          ],
          [
            -80.853332,
            35.235308
          ],
          [
            -80.85356,
            35.235413
          ],
          [
            -80.853641,
            35.235447
          ],
          [
            -80.853724,
            35.235478
          ],
          [
            -80.853857,
            35.235518
          ],
          [
            -80.853991,
            35.235555
          ],
          [
            -80.854127,
            35.235588
          ],
          [
            -80.854265,
            35.235616
          ],
          [
            -80.854371,
            35.235639
          ],
          [
            -80.854516,
            35.235663
          ],
          [
            -80.854667,
            35.23569
          ],
          [
            -80.854927,
            35.235737
          ],
          [
            -80.855039,
            35.235763
          ],
          [
            -80.855203,
            35.2358
          ],
          [
            -80.855659,
            35.235902
          ],
          [
            -80.855721,
            35.235915
          ],
          [
            -80.855792,
            35.23593
          ],
          [
            -80.855861,
            35.235945
          ],
          [
            -80.855955,
            35.235966
          ],
          [
            -80.856033,
            35.235985
          ],
          [
            -80.856112,
            35.236004
          ],
          [
            -80.856192,
            35.236024
          ],
          [
            -80.856517,
            35.236091
          ],
          [
            -80.856778,
            35.236145
          ],
          [
            -80.857211,
            35.236238
          ],
          [
            -80.857306,
            35.236257
          ],
          [
            -80.8574,
            35.23628
          ],
          [
            -80.857492,
            35.236308
          ],
          [
            -80.857583,
            35.236339
          ],
          [
            -80.857671,
            35.236374
          ],
          [
            -80.8578,
            35.23642
          ],
          [
            -80.857966,
            35.236484
          ],
          [
            -80.858062,
            35.236524
          ],
          [
            -80.858155,
            35.23657
          ],
          [
            -80.858243,
            35.236622
          ],
          [
            -80.858327,
            35.236679
          ],
          [
            -80.858405,
            35.23674
          ],
          [
            -80.858478,
            35.236806
          ],
          [
            -80.858544,
            35.236876
          ],
          [
            -80.858605,
            35.23695
          ],
          [
            -80.858689,
            35.237084
          ],
          [
            -80.85875,
            35.237199
          ],
          [
            -80.858805,
            35.237316
          ],
          [
            -80.858808,
            35.237323
          ],
          [
            -80.858808,
            35.237323
          ],
          [
            -80.858854,
            35.237435
          ],
          [
            -80.858875,
            35.237508
          ],
          [
            -80.85889,
            35.237582
          ],
          [
            -80.858898,
            35.237656
          ],
          [
            -80.8589,
            35.237731
          ],
          [
            -80.858895,
            35.237805
          ],
          [
            -80.858884,
            35.23788
          ],
          [
            -80.858866,
            35.237953
          ],
          [
            -80.858664,
            35.238537
          ],
          [
            -80.858575,
            35.23884
          ],
          [
            -80.858541,
            35.23903
          ],
          [
            -80.858512,
            35.239221
          ],
          [
            -80.85849,
            35.239412
          ],
          [
            -80.858473,
            35.239604
          ],
          [
            -80.858461,
            35.239796
          ],
          [
            -80.858455,
            35.2399
          ],
          [
            -80.858454,
            35.240162
          ],
          [
            -80.858453,
            35.240162
          ],
          [
            -80.858453,
            35.240272
          ],
          [
            -80.858453,
            35.24028
          ],
          [
            -80.858473,
            35.24056
          ],
          [
            -80.8585,
            35.240738
          ],
          [
            -80.858545,
            35.240924
          ],
          [
            -80.858625,
            35.241204
          ],
          [
            -80.858724,
            35.241777
          ],
          [
            -80.858662,
            35.242266
          ],
          [
            -80.858195,
            35.243511
          ],
          [
            -80.858197,
            35.24351
          ],
          [
            -80.858009,
            35.243951
          ],
          [
            -80.857807,
            35.244407
          ],
          [
            -80.857787,
            35.244452
          ],
          [
            -80.857739,
            35.244532
          ],
          [
            -80.857699,
            35.244592
          ],
          [
            -80.857686,
            35.24461
          ],
          [
            -80.85763,
            35.244686
          ],
          [
            -80.857569,
            35.244759
          ],
          [
            -80.857538,
            35.244793
          ],
          [
            -80.857275,
            35.245115
          ],
          [
            -80.857107,
            35.245327
          ],
          [
            -80.857068,
            35.245382
          ],
          [
            -80.857033,
            35.245438
          ],
          [
            -80.857003,
            35.245497
          ],
          [
            -80.856979,
            35.245557
          ],
          [
            -80.856956,
            35.245627
          ],
          [
            -80.856949,
            35.245656
          ],
          [
            -80.856939,
            35.245699
          ],
          [
            -80.856932,
            35.245732
          ],
          [
            -80.85689,
            35.246011
          ],
          [
            -80.856862,
            35.246253
          ]
        ]
      }
    },
    {
      "type": "Feature",
      "properties": {
        "type": "Streetcar",
        "network": "CATS CityLYNX",
        "route_name": "Gold Line",
        "color": "#FFC72C"
      },
      "geometry": {
        "type": "LineString",
        "coordinates": [
          [
            -80.856862,
            35.246253
          ],
          [
            -80.85689,
            35.246011
          ],
          [
            -80.856932,
            35.245732
          ],
          [
            -80.856939,
            35.245699
          ],
          [
            -80.856949,
            35.245656
          ],
          [
            -80.856956,
            35.245627
          ],
          [
            -80.856979,
            35.245557
          ],
          [
            -80.857003,
            35.245497
          ],
          [
            -80.857033,
            35.245438
          ],
          [
            -80.857068,
            35.245382
          ],
          [
            -80.857107,
            35.245327
          ],
          [
            -80.857275,
            35.245115
          ],
          [
            -80.857538,
            35.244793
          ],
          [
            -80.857569,
            35.244759
          ],
          [
            -80.85763,
            35.244686
          ],
          [
            -80.857686,
            35.24461
          ],
          [
            -80.857699,
            35.244592
          ],
          [
            -80.857739,
            35.244532
          ],
          [
            -80.857787,
            35.244452
          ],
          [
            -80.857807,
            35.244407
          ],
          [
            -80.858009,
            35.243951
          ],
          [
            -80.858197,
            35.24351
          ],
          [
            -80.858197,
            35.24351
          ],
          [
            -80.858212,
            35.243475
          ],
          [
            -80.85826,
            35.243357
          ],
          [
            -80.858432,
            35.242927
          ],
          [
            -80.858582,
            35.242546
          ],
          [
            -80.85862,
            35.242422
          ],
          [
            -80.858662,
            35.242267
          ],
          [
            -80.858699,
            35.242112
          ],
          [
            -80.858729,
            35.241919
          ],
          [
            -80.858731,
            35.241853
          ],
          [
            -80.858728,
            35.241808
          ],
          [
            -80.858716,
            35.24174
          ],
          [
            -80.858706,
            35.241692
          ],
          [
            -80.858697,
            35.241632
          ],
          [
            -80.858688,
            35.241569
          ],
          [
            -80.858673,
            35.24149
          ],
          [
            -80.85867,
            35.24144
          ],
          [
            -80.858624,
            35.241204
          ],
          [
            -80.858545,
            35.240924
          ],
          [
            -80.858501,
            35.240739
          ],
          [
            -80.858472,
            35.24056
          ],
          [
            -80.858453,
            35.240281
          ],
          [
            -80.858453,
            35.240272
          ],
          [
            -80.858454,
            35.240162
          ],
          [
            -80.858454,
            35.240162
          ],
          [
            -80.858455,
            35.2399
          ],
          [
            -80.858461,
            35.239796
          ],
          [
            -80.858473,
            35.239604
          ],
          [
            -80.85849,
            35.239412
          ],
          [
            -80.858512,
            35.239221
          ],
          [
            -80.858541,
            35.23903
          ],
          [
            -80.858575,
            35.23884
          ],
          [
            -80.858664,
            35.238537
          ],
          [
            -80.858866,
            35.237953
          ],
          [
            -80.858884,
            35.23788
          ],
          [
            -80.858895,
            35.237805
          ],
          [
            -80.8589,
            35.237731
          ],
          [
            -80.858898,
            35.237656
          ],
          [
            -80.85889,
            35.237582
          ],
          [
            -80.858875,
            35.237508
          ],
          [
            -80.858854,
            35.237435
          ],
          [
            -80.858808,
            35.237323
          ],
          [
            -80.858808,
            35.237323
          ],
          [
            -80.858805,
            35.237316
          ],
          [
            -80.85875,
            35.237199
          ],
          [
            -80.858689,
            35.237084
          ],
          [
            -80.858605,
            35.23695
          ],
          [
            -80.858544,
            35.236876
          ],
          [
            -80.858478,
            35.236806
          ],
          [
            -80.858405,
            35.23674
          ],
          [
            -80.858327,
            35.236679
          ],
          [
            -80.858243,
            35.236622
          ],
          [
            -80.858155,
            35.23657
          ],
          [
            -80.858062,
            35.236524
          ],
          [
            -80.857966,
            35.236484
          ],
          [
            -80.8578,
            35.23642
          ],
          [
            -80.857671,
            35.236374
          ],
          [
            -80.857583,
            35.236339
          ],
          [
            -80.857492,
            35.236308
          ],
          [
            -80.8574,
            35.23628
          ],
          [
            -80.857306,
            35.236257
          ],
          [
            -80.857211,
            35.236238
          ],
          [
            -80.856778,
            35.236145
          ],
          [
            -80.856517,
            35.236091
          ],
          [
            -80.856192,
            35.236024
          ],
          [
            -80.856112,
            35.236004
          ],
          [
            -80.856033,
            35.235985
          ],
          [
            -80.855955,
            35.235966
          ],
          [
            -80.855861,
            35.235945
          ],
          [
            -80.855792,
            35.23593
          ],
          [
            -80.855721,
            35.235915
          ],
          [
            -80.855659,
            35.235902
          ],
          [
            -80.855203,
            35.2358
          ],
          [
            -80.855039,
            35.235763
          ],
          [
            -80.854927,
            35.235737
          ],
          [
            -80.854667,
            35.23569
          ],
          [
            -80.854516,
            35.235663
          ],
          [
            -80.854371,
            35.235639
          ],
          [
            -80.854265,
            35.235616
          ],
          [
            -80.854127,
            35.235588
          ],
          [
            -80.853991,
            35.235555
          ],
          [
            -80.853857,
            35.235518
          ],
          [
            -80.853724,
            35.235478
          ],
          [
            -80.853641,
            35.235447
          ],
          [
            -80.85356,
            35.235413
          ],
          [
            -80.853332,
            35.235308
          ],
          [
            -80.853108,
            35.235198
          ],
          [
            -80.852888,
            35.235082
          ],
          [
            -80.852693,
            35.234972
          ],
          [
            -80.852693,
            35.234972
          ],
          [
            -80.852673,
            35.234961
          ],
          [
            -80.852462,
            35.234834
          ],
          [
            -80.851111,
            35.23384
          ],
          [
            -80.850957,
            35.233733
          ],
          [
            -80.850957,
            35.233733
          ],
          [
            -80.85066,
            35.233525
          ],
          [
            -80.84999,
            35.233009
          ],
          [
            -80.848419,
            35.2318
          ],
          [
            -80.848387,
            35.231772
          ],
          [
            -80.847784,
            35.231252
          ],
          [
            -80.847666,
            35.231151
          ],
          [
            -80.847666,
            35.231151
          ],
          [
            -80.847024,
            35.230598
          ],
          [
            -80.847003,
            35.23058
          ],
          [
            -80.8457,
            35.229457
          ],
          [
            -80.8457,
            35.229457
          ],
          [
            -80.845683,
            35.229443
          ],
          [
            -80.845141,
            35.228975
          ],
          [
            -80.844742,
            35.228635
          ],
          [
            -80.844465,
            35.228399
          ],
          [
            -80.844168,
            35.228138
          ],
          [
            -80.843162,
            35.227273
          ],
          [
            -80.843162,
            35.227273
          ],
          [
            -80.843086,
            35.227207
          ],
          [
            -80.842464,
            35.22667
          ],
          [
            -80.841975,
            35.22625
          ],
          [
            -80.840884,
            35.225326
          ],
          [
            -80.84045,
            35.224959
          ],
          [
            -80.840349,
            35.224873
          ],
          [
            -80.839999,
            35.224578
          ],
          [
            -80.839865,
            35.224466
          ],
          [
            -80.839865,
            35.224466
          ],
          [
            -80.839042,
            35.223776
          ],
          [
            -80.838023,
            35.222923
          ],
          [
            -80.837899,
            35.22282
          ],
          [
            -80.83785,
            35.222775
          ],
          [
            -80.83785,
            35.222775
          ],
          [
            -80.837799,
            35.222727
          ],
          [
            -80.837771,
            35.222702
          ],
          [
            -80.837361,
            35.222348
          ],
          [
            -80.837073,
            35.222104
          ],
          [
            -80.836745,
            35.221828
          ],
          [
            -80.836399,
            35.221518
          ],
          [
            -80.836089,
            35.221237
          ],
          [
            -80.836048,
            35.2212
          ],
          [
            -80.835893,
            35.221059
          ],
          [
            -80.835893,
            35.221059
          ],
          [
            -80.835676,
            35.22086
          ],
          [
            -80.835393,
            35.220592
          ],
          [
            -80.83538,
            35.220579
          ],
          [
            -80.835286,
            35.220491
          ],
          [
            -80.835188,
            35.220405
          ],
          [
            -80.835086,
            35.220322
          ],
          [
            -80.834981,
            35.220243
          ],
          [
            -80.834686,
            35.220053
          ],
          [
            -80.834274,
            35.219771
          ],
          [
            -80.833972,
            35.219568
          ],
          [
            -80.83388,
            35.219505
          ],
          [
            -80.833449,
            35.219218
          ],
          [
            -80.833367,
            35.219153
          ],
          [
            -80.833232,
            35.219045
          ],
          [
            -80.833128,
            35.218963
          ],
          [
            -80.832992,
            35.21886
          ],
          [
            -80.83211,
            35.218164
          ],
          [
            -80.831362,
            35.217556
          ],
          [
            -80.831362,
            35.217556
          ],
          [
            -80.831258,
            35.217471
          ],
          [
            -80.828907,
            35.215569
          ],
          [
            -80.828583,
            35.215309
          ],
          [
            -80.828331,
            35.215107
          ],
          [
            -80.827971,
            35.214811
          ],
          [
            -80.827914,
            35.214766
          ],
          [
            -80.827764,
            35.214647
          ],
          [
            -80.82755,
            35.214479
          ],
          [
            -80.827255,
            35.21425
          ],
          [
            -80.826677,
            35.213781
          ],
          [
            -80.826468,
            35.213611
          ],
          [
            -80.826468,
            35.213611
          ],
          [
            -80.825601,
            35.212907
          ],
          [
            -80.825329,
            35.21313
          ],
          [
            -80.824787,
            35.213585
          ],
          [
            -80.824533,
            35.213792
          ],
          [
            -80.824533,
            35.213792
          ],
          [
            -80.820881,
            35.21679
          ],
          [
            -80.820881,
            35.21679
          ],
          [
            -80.818878,
            35.219533
          ]
        ]
      }
    },
    {
      "type": "Feature",
      "properties": {
        "type": "Light Rail",
        "network": "CATS LYNX",
        "route_name": "Blue Line",
        "color": "#00509A",
        "is_station": true,
        "station_name": "Unc Charlotte Station"
      },
      "geometry": {
        "type": "Point",
        "coordinates": [
          -80.733749,
          35.312136
        ]
      }
    },
    {
      "type": "Feature",
      "properties": {
        "type": "Light Rail",
        "network": "CATS LYNX",
        "route_name": "Blue Line",
        "color": "#00509A",
        "is_station": true,
        "station_name": "Jw Clay Park And Ride Station"
      },
      "geometry": {
        "type": "Point",
        "coordinates": [
          -80.745751,
          35.310185
        ]
      }
    },
    {
      "type": "Feature",
      "properties": {
        "type": "Light Rail",
        "network": "CATS LYNX",
        "route_name": "Blue Line",
        "color": "#00509A",
        "is_station": true,
        "station_name": "Mccullough Station"
      },
      "geometry": {
        "type": "Point",
        "coordinates": [
          -80.752875,
          35.301124
        ]
      }
    },
    {
      "type": "Feature",
      "properties": {
        "type": "Light Rail",
        "network": "CATS LYNX",
        "route_name": "Blue Line",
        "color": "#00509A",
        "is_station": true,
        "station_name": "University City Blvd Station"
      },
      "geometry": {
        "type": "Point",
        "coordinates": [
          -80.760864,
          35.286787
        ]
      }
    },
    {
      "type": "Feature",
      "properties": {
        "type": "Light Rail",
        "network": "CATS LYNX",
        "route_name": "Blue Line",
        "color": "#00509A",
        "is_station": true,
        "station_name": "Tom Hunter Station"
      },
      "geometry": {
        "type": "Point",
        "coordinates": [
          -80.766283,
          35.277951
        ]
      }
    },
    {
      "type": "Feature",
      "properties": {
        "type": "Light Rail",
        "network": "CATS LYNX",
        "route_name": "Blue Line",
        "color": "#00509A",
        "is_station": true,
        "station_name": "Old Concord Road Station"
      },
      "geometry": {
        "type": "Point",
        "coordinates": [
          -80.77279,
          35.259934
        ]
      }
    },
    {
      "type": "Feature",
      "properties": {
        "type": "Light Rail",
        "network": "CATS LYNX",
        "route_name": "Blue Line",
        "color": "#00509A",
        "is_station": true,
        "station_name": "Sugar Creek Station"
      },
      "geometry": {
        "type": "Point",
        "coordinates": [
          -80.792853,
          35.251423
        ]
      }
    },
    {
      "type": "Feature",
      "properties": {
        "type": "Light Rail",
        "network": "CATS LYNX",
        "route_name": "Blue Line",
        "color": "#00509A",
        "is_station": true,
        "station_name": "36Th St Station"
      },
      "geometry": {
        "type": "Point",
        "coordinates": [
          -80.806186,
          35.249127
        ]
      }
    },
    {
      "type": "Feature",
      "properties": {
        "type": "Light Rail",
        "network": "CATS LYNX",
        "route_name": "Blue Line",
        "color": "#00509A",
        "is_station": true,
        "station_name": "25Th St Station"
      },
      "geometry": {
        "type": "Point",
        "coordinates": [
          -80.817147,
          35.241703
        ]
      }
    },
    {
      "type": "Feature",
      "properties": {
        "type": "Light Rail",
        "network": "CATS LYNX",
        "route_name": "Blue Line",
        "color": "#00509A",
        "is_station": true,
        "station_name": "Parkwood Station"
      },
      "geometry": {
        "type": "Point",
        "coordinates": [
          -80.82329,
          35.236921
        ]
      }
    },
    {
      "type": "Feature",
      "properties": {
        "type": "Light Rail",
        "network": "CATS LYNX",
        "route_name": "Blue Line",
        "color": "#00509A",
        "is_station": true,
        "station_name": "9Th Street Station"
      },
      "geometry": {
        "type": "Point",
        "coordinates": [
          -80.835022,
          35.229656
        ]
      }
    },
    {
      "type": "Feature",
      "properties": {
        "type": "Light Rail",
        "network": "CATS LYNX",
        "route_name": "Blue Line",
        "color": "#00509A",
        "is_station": true,
        "station_name": "7Th St Station"
      },
      "geometry": {
        "type": "Point",
        "coordinates": [
          -80.838088,
          35.227375
        ]
      }
    },
    {
      "type": "Feature",
      "properties": {
        "type": "Light Rail",
        "network": "CATS LYNX",
        "route_name": "Blue Line",
        "color": "#00509A",
        "is_station": true,
        "station_name": "Charlotte Transportation Center Station"
      },
      "geometry": {
        "type": "Point",
        "coordinates": [
          -80.840932,
          35.2253060
        ]
      }
    },
    {
      "type": "Feature",
      "properties": {
        "type": "Light Rail",
        "network": "CATS LYNX",
        "route_name": "Blue Line",
        "color": "#00509A",
        "is_station": true,
        "station_name": "3Rd/ Convention Center Station"
      },
      "geometry": {
        "type": "Point",
        "coordinates": [
          -80.843237,
          35.223631
        ]
      }
    },
    {
      "type": "Feature",
      "properties": {
        "type": "Light Rail",
        "network": "CATS LYNX",
        "route_name": "Blue Line",
        "color": "#00509A",
        "is_station": true,
        "station_name": "Brooklyn Village Station"
      },
      "geometry": {
        "type": "Point",
        "coordinates": [
          -80.847066,
          35.221319
        ]
      }
    },
    {
      "type": "Feature",
      "properties": {
        "type": "Light Rail",
        "network": "CATS LYNX",
        "route_name": "Blue Line",
        "color": "#00509A",
        "is_station": true,
        "station_name": "Carson Station"
      },
      "geometry": {
        "type": "Point",
        "coordinates": [
          -80.850947,
          35.218822
        ]
      }
    },
    {
      "type": "Feature",
      "properties": {
        "type": "Light Rail",
        "network": "CATS LYNX",
        "route_name": "Blue Line",
        "color": "#00509A",
        "is_station": true,
        "station_name": "Bland Station"
      },
      "geometry": {
        "type": "Point",
        "coordinates": [
          -80.855346,
          35.215787
        ]
      }
    },
    {
      "type": "Feature",
      "properties": {
        "type": "Light Rail",
        "network": "CATS LYNX",
        "route_name": "Blue Line",
        "color": "#00509A",
        "is_station": true,
        "station_name": "Lynx East/West Blvd Station"
      },
      "geometry": {
        "type": "Point",
        "coordinates": [
          -80.859072,
          35.2120659
        ]
      }
    },
    {
      "type": "Feature",
      "properties": {
        "type": "Light Rail",
        "network": "CATS LYNX",
        "route_name": "Blue Line",
        "color": "#00509A",
        "is_station": true,
        "station_name": "New Bern Station"
      },
      "geometry": {
        "type": "Point",
        "coordinates": [
          -80.869042,
          35.199887
        ]
      }
    },
    {
      "type": "Feature",
      "properties": {
        "type": "Light Rail",
        "network": "CATS LYNX",
        "route_name": "Blue Line",
        "color": "#00509A",
        "is_station": true,
        "station_name": "Scaleybark Station"
      },
      "geometry": {
        "type": "Point",
        "coordinates": [
          -80.875075,
          35.190842
        ]
      }
    },
    {
      "type": "Feature",
      "properties": {
        "type": "Light Rail",
        "network": "CATS LYNX",
        "route_name": "Blue Line",
        "color": "#00509A",
        "is_station": true,
        "station_name": "Woodlawn Station"
      },
      "geometry": {
        "type": "Point",
        "coordinates": [
          -80.879063,
          35.175789
        ]
      }
    },
    {
      "type": "Feature",
      "properties": {
        "type": "Light Rail",
        "network": "CATS LYNX",
        "route_name": "Blue Line",
        "color": "#00509A",
        "is_station": true,
        "station_name": "Tyvola Station"
      },
      "geometry": {
        "type": "Point",
        "coordinates": [
          -80.87757,
          35.162948
        ]
      }
    },
    {
      "type": "Feature",
      "properties": {
        "type": "Light Rail",
        "network": "CATS LYNX",
        "route_name": "Blue Line",
        "color": "#00509A",
        "is_station": true,
        "station_name": "Archdale Station"
      },
      "geometry": {
        "type": "Point",
        "coordinates": [
          -80.877485,
          35.152897
        ]
      }
    },
    {
      "type": "Feature",
      "properties": {
        "type": "Light Rail",
        "network": "CATS LYNX",
        "route_name": "Blue Line",
        "color": "#00509A",
        "is_station": true,
        "station_name": "Arrowood Station"
      },
      "geometry": {
        "type": "Point",
        "coordinates": [
          -80.876364,
          35.135606
        ]
      }
    },
    {
      "type": "Feature",
      "properties": {
        "type": "Light Rail",
        "network": "CATS LYNX",
        "route_name": "Blue Line",
        "color": "#00509A",
        "is_station": true,
        "station_name": "Sharon Rd West Station"
      },
      "geometry": {
        "type": "Point",
        "coordinates": [
          -80.881962,
          35.11945
        ]
      }
    },
    {
      "type": "Feature",
      "properties": {
        "type": "Light Rail",
        "network": "CATS LYNX",
        "route_name": "Blue Line",
        "color": "#00509A",
        "is_station": true,
        "station_name": "I-485 Station"
      },
      "geometry": {
        "type": "Point",
        "coordinates": [
          -80.882925,
          35.107087
        ]
      }
    },
    {
      "type": "Feature",
      "properties": {
        "type": "Streetcar",
        "network": "CATS CityLYNX",
        "route_name": "Gold Line",
        "color": "#FFC72C",
        "is_station": true,
        "station_name": "French St Citylynx Station"
      },
      "geometry": {
        "type": "Point",
        "coordinates": [
          -80.856853,
          35.246253
        ]
      }
    },
    {
      "type": "Feature",
      "properties": {
        "type": "Streetcar",
        "network": "CATS CityLYNX",
        "route_name": "Gold Line",
        "color": "#FFC72C",
        "is_station": true,
        "station_name": "Johnson C. Smith University Citylynx Station"
      },
      "geometry": {
        "type": "Point",
        "coordinates": [
          -80.858203,
          35.243514
        ]
      }
    },
    {
      "type": "Feature",
      "properties": {
        "type": "Streetcar",
        "network": "CATS CityLYNX",
        "route_name": "Gold Line",
        "color": "#FFC72C",
        "is_station": true,
        "station_name": "Bruns Ave Citylynx Station"
      },
      "geometry": {
        "type": "Point",
        "coordinates": [
          -80.858449,
          35.240162
        ]
      }
    },
    {
      "type": "Feature",
      "properties": {
        "type": "Streetcar",
        "network": "CATS CityLYNX",
        "route_name": "Gold Line",
        "color": "#FFC72C",
        "is_station": true,
        "station_name": "Wesley Heights Citylynx Station"
      },
      "geometry": {
        "type": "Point",
        "coordinates": [
          -80.85881,
          35.237341
        ]
      }
    },
    {
      "type": "Feature",
      "properties": {
        "type": "Streetcar",
        "network": "CATS CityLYNX",
        "route_name": "Gold Line",
        "color": "#FFC72C",
        "is_station": true,
        "station_name": "Irwin Ave Citylynx Station"
      },
      "geometry": {
        "type": "Point",
        "coordinates": [
          -80.852809,
          35.235042
        ]
      }
    },
    {
      "type": "Feature",
      "properties": {
        "type": "Streetcar",
        "network": "CATS CityLYNX",
        "route_name": "Gold Line",
        "color": "#FFC72C",
        "is_station": true,
        "station_name": "Johnson & Wales Citylynx Station"
      },
      "geometry": {
        "type": "Point",
        "coordinates": [
          -80.850954,
          35.233737
        ]
      }
    },
    {
      "type": "Feature",
      "properties": {
        "type": "Streetcar",
        "network": "CATS CityLYNX",
        "route_name": "Gold Line",
        "color": "#FFC72C",
        "is_station": true,
        "station_name": "Gateway Station"
      },
      "geometry": {
        "type": "Point",
        "coordinates": [
          -80.847804,
          35.231273
        ]
      }
    },
    {
      "type": "Feature",
      "properties": {
        "type": "Streetcar",
        "network": "CATS CityLYNX",
        "route_name": "Gold Line",
        "color": "#FFC72C",
        "is_station": true,
        "station_name": "Mint St Citylynx Station"
      },
      "geometry": {
        "type": "Point",
        "coordinates": [
          -80.845694,
          35.229461
        ]
      }
    },
    {
      "type": "Feature",
      "properties": {
        "type": "Streetcar",
        "network": "CATS CityLYNX",
        "route_name": "Gold Line",
        "color": "#FFC72C",
        "is_station": true,
        "station_name": "Tryon St Citylynx Station"
      },
      "geometry": {
        "type": "Point",
        "coordinates": [
          -80.843162,
          35.227272
        ]
      }
    },
    {
      "type": "Feature",
      "properties": {
        "type": "Streetcar",
        "network": "CATS CityLYNX",
        "route_name": "Gold Line",
        "color": "#FFC72C",
        "is_station": true,
        "station_name": "Charlotte Transportation Center Station"
      },
      "geometry": {
        "type": "Point",
        "coordinates": [
          -80.840203,
          35.224741
        ]
      }
    },
    {
      "type": "Feature",
      "properties": {
        "type": "Streetcar",
        "network": "CATS CityLYNX",
        "route_name": "Gold Line",
        "color": "#FFC72C",
        "is_station": true,
        "station_name": "Davidson St Station"
      },
      "geometry": {
        "type": "Point",
        "coordinates": [
          -80.837803,
          35.222709
        ]
      }
    },
    {
      "type": "Feature",
      "properties": {
        "type": "Streetcar",
        "network": "CATS CityLYNX",
        "route_name": "Gold Line",
        "color": "#FFC72C",
        "is_station": true,
        "station_name": "Mcdowell St Station"
      },
      "geometry": {
        "type": "Point",
        "coordinates": [
          -80.835988,
          35.221125
        ]
      }
    },
    {
      "type": "Feature",
      "properties": {
        "type": "Streetcar",
        "network": "CATS CityLYNX",
        "route_name": "Gold Line",
        "color": "#FFC72C",
        "is_station": true,
        "station_name": "Cpcc Station"
      },
      "geometry": {
        "type": "Point",
        "coordinates": [
          -80.831506,
          35.217582
        ]
      }
    },
    {
      "type": "Feature",
      "properties": {
        "type": "Streetcar",
        "network": "CATS CityLYNX",
        "route_name": "Gold Line",
        "color": "#FFC72C",
        "is_station": true,
        "station_name": "Elizabeth Av & Hawthorne Ln Station"
      },
      "geometry": {
        "type": "Point",
        "coordinates": [
          -80.826492,
          35.21359
        ]
      }
    },
    {
      "type": "Feature",
      "properties": {
        "type": "Streetcar",
        "network": "CATS CityLYNX",
        "route_name": "Gold Line",
        "color": "#FFC72C",
        "is_station": true,
        "station_name": "Hawthorne Ln & 5Th St Station"
      },
      "geometry": {
        "type": "Point",
        "coordinates": [
          -80.82453,
          35.21379
        ]
      }
    },
    {
      "type": "Feature",
      "properties": {
        "type": "Streetcar",
        "network": "CATS CityLYNX",
        "route_name": "Gold Line",
        "color": "#FFC72C",
        "is_station": true,
        "station_name": "Hawthorne Ln & 8Th St Station"
      },
      "geometry": {
        "type": "Point",
        "coordinates": [
          -80.820881,
          35.21679
        ]
      }
    },
    {
      "type": "Feature",
      "properties": {
        "type": "Streetcar",
        "network": "CATS CityLYNX",
        "route_name": "Gold Line",
        "color": "#FFC72C",
        "is_station": true,
        "station_name": "Sunnyside St Station"
      },
      "geometry": {
        "type": "Point",
        "coordinates": [
          -80.818898,
          35.219537
        ]
      }
    },
    {
      "type": "Feature",
      "properties": {
        "type": "Streetcar",
        "network": "CATS CityLYNX",
        "route_name": "Gold Line",
        "color": "#FFC72C",
        "is_station": true,
        "station_name": "Hawthorne Ln & 5Th St Station"
      },
      "geometry": {
        "type": "Point",
        "coordinates": [
          -80.824541,
          35.213796
        ]
      }
    },
    {
      "type": "Feature",
      "properties": {
        "type": "Streetcar",
        "network": "CATS CityLYNX",
        "route_name": "Gold Line",
        "color": "#FFC72C",
        "is_station": true,
        "station_name": "Elizabeth Av & Hawthorne Ln Station"
      },
      "geometry": {
        "type": "Point",
        "coordinates": [
          -80.826467,
          35.213661
        ]
      }
    },
    {
      "type": "Feature",
      "properties": {
        "type": "Streetcar",
        "network": "CATS CityLYNX",
        "route_name": "Gold Line",
        "color": "#FFC72C",
        "is_station": true,
        "station_name": "Cpcc Station"
      },
      "geometry": {
        "type": "Point",
        "coordinates": [
          -80.831112,
          35.217414
        ]
      }
    },
    {
      "type": "Feature",
      "properties": {
        "type": "Streetcar",
        "network": "CATS CityLYNX",
        "route_name": "Gold Line",
        "color": "#FFC72C",
        "is_station": true,
        "station_name": "Mcdowell St Station"
      },
      "geometry": {
        "type": "Point",
        "coordinates": [
          -80.836004,
          35.221186
        ]
      }
    },
    {
      "type": "Feature",
      "properties": {
        "type": "Streetcar",
        "network": "CATS CityLYNX",
        "route_name": "Gold Line",
        "color": "#FFC72C",
        "is_station": true,
        "station_name": "Davidson St Station"
      },
      "geometry": {
        "type": "Point",
        "coordinates": [
          -80.837832,
          35.222777
        ]
      }
    },
    {
      "type": "Feature",
      "properties": {
        "type": "Streetcar",
        "network": "CATS CityLYNX",
        "route_name": "Gold Line",
        "color": "#FFC72C",
        "is_station": true,
        "station_name": "Tryon St Station"
      },
      "geometry": {
        "type": "Point",
        "coordinates": [
          -80.843197,
          35.227361
        ]
      }
    }
  ]
}