{"type": "FeatureCollection", "features": [{"type": "Feature", "properties": {"route_name": "Sam Shing - Siu Hong", "type": "Light Rail", "network": "MTR Light Rail", "color": "#CD9700"}, "geometry": {"type": "LineString", "coordinates": [[113.978165, 22.411934], [113.978317, 22.41168], [113.97821, 22.411301], [113.97818, 22.411036], [113.978157, 22.410929], [113.97776, 22.409603], [113.977707, 22.409489], [113.977654, 22.409389], [113.977577, 22.409307], [113.977524, 22.409273], [113.97747, 22.409254], [113.977386, 22.409252], [113.977196, 22.409286], [113.976227, 22.409502], [113.976143, 22.409491], [113.976112, 22.409477], [113.976051, 22.40943], [113.975967, 22.409334], [113.975876, 22.409166], [113.975769, 22.409027], [113.975632, 22.408863], [113.975388, 22.408615], [113.97522, 22.408472], [113.975014, 22.408312], [113.974876, 22.408218], [113.974594, 22.408041], [113.974419, 22.407948], [113.974197, 22.407841], [113.973984, 22.407747], [113.973755, 22.407661], [113.973396, 22.407547], [113.972565, 22.407328], [113.972565, 22.407328], [113.971222, 22.406982], [113.970818, 22.406862], [113.970123, 22.406643], [113.969986, 22.406607], [113.969833, 22.406588], [113.969765, 22.406588], [113.969643, 22.406603], [113.969475, 22.406647], [113.969193, 22.406748], [113.969193, 22.406748], [113.967102, 22.407494], [113.966919, 22.407543], [113.966438, 22.407648], [113.966438, 22.407648], [113.965897, 22.407766], [113.965752, 22.407787], [113.965591, 22.407793], [113.96534, 22.40777], [113.965042, 22.407713], [113.964844, 22.407669], [113.964722, 22.407635], [113.964554, 22.407564], [113.96447, 22.407513], [113.964394, 22.407455], [113.964073, 22.407179], [113.963882, 22.406994], [113.963593, 22.406656], [113.963593, 22.406656], [113.963371, 22.406393], [113.96331, 22.406292], [113.963264, 22.406166], [113.963257, 22.406115], [113.963242, 22.406013], [113.963249, 22.405903], [113.963287, 22.405769], [113.963341, 22.405649], [113.963402, 22.405569], [113.963486, 22.405495], [113.963615, 22.40542], [113.963707, 22.405384], [113.963806, 22.405361], [113.964478, 22.405266], [113.964478, 22.405266], [113.964943, 22.405195], [113.965736, 22.404842], [113.966209, 22.40452], [113.966354, 22.404388], [113.967003, 22.403753], [113.967125, 22.403614], [113.967201, 22.403494], [113.967537, 22.402872], [113.967644, 22.402643], [113.96772, 22.402426], [113.967766, 22.402239], [113.967781, 22.402145], [113.967812, 22.401896], [113.967804, 22.401596], [113.967781, 22.401417], [113.967781, 22.401417], [113.967651, 22.40077], [113.967476, 22.399776], [113.967361, 22.399277], [113.967285, 22.398869], [113.967262, 22.398706], [113.967239, 22.39838], [113.967255, 22.398035], [113.967316, 22.397152], [113.967316, 22.397152], [113.967346, 22.396742], [113.9674, 22.396494], [113.96743, 22.396061], [113.967461, 22.395575], [113.967468, 22.395533], [113.967514, 22.395449], [113.967567, 22.395407], [113.967659, 22.395369], [113.967773, 22.39535], [113.968063, 22.395353], [113.968224, 22.395344], [113.968353, 22.395321], [113.968903, 22.395189], [113.968903, 22.395189], [113.969765, 22.394987], [113.969971, 22.394938], [113.970192, 22.394871], [113.970848, 22.394707], [113.972061, 22.394421], [113.972122, 22.394396], [113.97216, 22.394369], [113.972221, 22.394302], [113.972321, 22.394163], [113.972427, 22.394049], [113.972519, 22.393988], [113.972572, 22.393969], [113.973083, 22.393854], [113.973083, 22.393854], [113.973633, 22.393738], [113.973778, 22.39373], [113.973907, 22.393759], [113.974319, 22.393892], [113.974396, 22.393892], [113.974495, 22.393862], [113.974533, 22.393835], [113.974594, 22.393772], [113.974648, 22.393669], [113.974716, 22.393467], [113.974884, 22.3932], [113.974937, 22.393089], [113.974976, 22.392977], [113.975014, 22.392832], [113.975029, 22.392704], [113.975029, 22.392601], [113.974991, 22.391945], [113.974976, 22.39134], [113.974976, 22.39134], [113.974968, 22.390938], [113.974968, 22.390793], [113.974998, 22.390594], [113.975075, 22.390259], [113.975151, 22.389826], [113.975174, 22.389629], [113.975197, 22.388824], [113.975189, 22.388441], [113.975128, 22.387924], [113.975121, 22.387573], [113.975121, 22.387573], [113.975121, 22.387327], [113.975105, 22.386873], [113.975128, 22.386482], [113.975113, 22.385469], [113.97506, 22.384581], [113.97506, 22.384581], [113.974968, 22.383102], [113.974968, 22.383047], [113.974983, 22.382923], [113.974998, 22.382858], [113.975044, 22.382738], [113.975159, 22.382513], [113.975227, 22.382418], [113.975327, 22.382345], [113.975418, 22.38232], [113.975471, 22.382317], [113.975578, 22.382328], [113.975662, 22.382351], [113.976692, 22.382786]]}}, {"type": "Feature", "properties": {"route_name": "Sam Shing - Siu Hong", "type": "Light Rail", "network": "MTR Light Rail", "color": "#CD9700"}, "geometry": {"type": "LineString", "coordinates": [[113.976692, 22.382786], [113.97715, 22.382984], [113.977226, 22.383001], [113.977325, 22.383003], [113.977386, 22.382992], [113.977448, 22.382963], [113.977509, 22.382917], [113.977547, 22.382862], [113.977577, 22.382801], [113.977585, 22.38274], [113.977577, 22.38269], [113.977531, 22.382591], [113.977501, 22.382561], [113.977211, 22.382429], [113.977104, 22.382412], [113.976349, 22.382519], [113.976234, 22.382517], [113.976158, 22.382502], [113.975685, 22.382303], [113.975586, 22.382269], [113.975525, 22.382257], [113.975342, 22.382286], [113.975243, 22.382338], [113.975182, 22.382399], [113.975105, 22.382517], [113.974854, 22.383015], [113.974823, 22.383123], [113.974823, 22.38319], [113.974831, 22.38324], [113.974922, 22.383394], [113.974953, 22.383535], [113.975021, 22.384583], [113.975021, 22.384583], [113.975075, 22.385471], [113.97509, 22.386482], [113.975067, 22.386871], [113.975082, 22.387575], [113.975082, 22.387575], [113.975082, 22.387924], [113.97509, 22.388033], [113.975151, 22.388441], [113.975159, 22.388702], [113.975151, 22.38921], [113.975128, 22.389626], [113.975105, 22.38982], [113.975021, 22.3902], [113.974861, 22.390804], [113.974854, 22.390938], [113.974861, 22.391304], [113.974861, 22.391304], [113.974876, 22.391809], [113.974907, 22.392021], [113.97496, 22.392231], [113.974983, 22.392464], [113.974983, 22.392599], [113.974983, 22.392704], [113.974968, 22.392824], [113.974937, 22.392963], [113.974892, 22.393074], [113.974846, 22.393183], [113.97467, 22.393454], [113.974594, 22.393656], [113.974564, 22.393711], [113.97448, 22.393799], [113.974434, 22.393826], [113.974373, 22.393837], [113.974304, 22.393839], [113.973892, 22.393711], [113.973816, 22.39369], [113.973747, 22.393681], [113.973625, 22.39369], [113.973068, 22.393808], [113.973068, 22.393808], [113.972565, 22.393921], [113.972511, 22.39394], [113.97245, 22.393974], [113.972397, 22.394014], [113.972275, 22.394156], [113.972198, 22.394266], [113.972115, 22.394352], [113.972069, 22.394375], [113.970322, 22.394796], [113.969948, 22.394905], [113.968895, 22.395159], [113.968895, 22.395159], [113.968346, 22.395287], [113.968216, 22.395308], [113.968063, 22.395313], [113.967743, 22.395302], [113.967575, 22.395304], [113.967491, 22.395332], [113.967461, 22.395361], [113.9674, 22.395452], [113.967384, 22.395521], [113.967361, 22.395863], [113.967331, 22.395945], [113.967278, 22.396011], [113.967194, 22.396061], [113.967102, 22.396078], [113.966309, 22.396105], [113.966225, 22.396124], [113.966148, 22.396172], [113.966103, 22.396238], [113.96608, 22.396318], [113.966072, 22.396696], [113.966072, 22.396696], [113.966072, 22.396938], [113.966087, 22.397026], [113.966103, 22.397066], [113.966568, 22.39782], [113.966606, 22.397896], [113.966652, 22.398054], [113.96666, 22.398134], [113.96666, 22.398481], [113.96666, 22.398481], [113.96666, 22.398672], [113.966644, 22.399126], [113.96666, 22.399212], [113.966698, 22.399288], [113.966766, 22.399347], [113.96701, 22.399467], [113.967323, 22.399643], [113.967384, 22.399693], [113.96743, 22.399786], [113.967674, 22.401056], [113.967735, 22.401423], [113.967735, 22.401423], [113.967758, 22.401598], [113.967766, 22.401762], [113.967766, 22.401897], [113.967751, 22.402126], [113.967712, 22.402321], [113.967651, 22.402523], [113.967598, 22.402649], [113.967484, 22.402901], [113.967232, 22.403357], [113.967117, 22.403511], [113.966934, 22.403713], [113.966187, 22.404448], [113.96595, 22.404636], [113.965637, 22.40485], [113.964973, 22.405144], [113.964836, 22.40518], [113.964478, 22.405231], [113.964478, 22.405231], [113.963799, 22.405323], [113.963631, 22.405369], [113.963547, 22.405409], [113.963448, 22.405476], [113.963364, 22.405556], [113.963295, 22.405645], [113.963234, 22.405769], [113.963203, 22.405912], [113.963196, 22.406033], [113.963203, 22.406094], [113.963226, 22.406195], [113.963272, 22.406309], [113.963341, 22.406414], [113.963562, 22.406679], [113.963562, 22.406679], [113.963844, 22.407009], [113.963989, 22.407152], [113.964378, 22.407492], [113.964478, 22.407566], [113.964584, 22.407623], [113.964691, 22.407667], [113.964821, 22.407703], [113.9655, 22.407831], [113.965637, 22.407839], [113.965752, 22.407833], [113.966446, 22.407686], [113.966446, 22.407686], [113.966927, 22.407581], [113.967102, 22.407528], [113.9692, 22.406782], [113.9692, 22.406782], [113.96949, 22.406677], [113.969612, 22.406645], [113.969795, 22.406626], [113.969986, 22.406643], [113.970108, 22.406675], [113.970818, 22.406898], [113.971207, 22.407013], [113.972557, 22.407362], [113.972557, 22.407362], [113.97332, 22.40756], [113.973747, 22.407696], [113.973946, 22.40777], [113.974319, 22.407934], [113.974609, 22.408094], [113.974907, 22.408285], [113.975067, 22.408403], [113.975319, 22.408611], [113.97551, 22.408792], [113.975693, 22.408993], [113.975769, 22.409084], [113.975876, 22.409241], [113.975998, 22.409454], [113.976166, 22.409786], [113.976273, 22.410027], [113.976318, 22.410164], [113.976357, 22.410402], [113.976387, 22.410717], [113.976387, 22.411015], [113.976387, 22.411015], [113.976349, 22.411573], [113.976311, 22.411766], [113.976273, 22.411963], [113.976265, 22.412043], [113.976273, 22.412111], [113.976311, 22.412197], [113.976364, 22.412271], [113.976425, 22.412329], [113.976501, 22.412374], [113.976601, 22.412401], [113.976715, 22.412409], [113.976807, 22.412401], [113.976936, 22.412376], [113.97776, 22.412169], [113.977867, 22.412128], [113.977951, 22.412067], [113.977997, 22.412006], [113.978111, 22.411825]]}}, {"type": "Feature", "properties": {"route_name": "Tin Wing (Circular)", "type": "Light Rail", "network": "MTR Light Rail", "color": "#CD9700"}, "geometry": {"type": "LineString", "coordinates": [[114.006004, 22.449404], [114.006424, 22.449808], [114.00695, 22.450352], [114.007011, 22.450422], [114.007065, 22.450502], [114.007095, 22.450575], [114.007111, 22.450653], [114.007103, 22.45079], [114.007088, 22.450861], [114.007057, 22.450933], [114.005501, 22.453707], [114.005478, 22.453779], [114.00544, 22.453939], [114.005432, 22.454048], [114.005432, 22.454155], [114.005447, 22.454237], [114.005493, 22.454397], [114.005928, 22.455654], [114.005974, 22.455845], [114.005997, 22.456001], [114.006004, 22.456106], [114.005974, 22.456333], [114.005943, 22.456457], [114.00589, 22.456604], [114.005844, 22.456705], [114.005707, 22.4569], [114.005623, 22.456991], [114.005493, 22.457111], [114.004646, 22.457767], [114.003197, 22.458908], [114.003098, 22.459005], [114.003052, 22.459059], [114.002991, 22.459154], [114.002785, 22.459513], [114.002785, 22.459513], [114.002129, 22.460672], [114.00206, 22.460732], [114.002014, 22.460751], [114.001968, 22.46076], [114.001892, 22.460758], [114.001793, 22.46073], [114.001595, 22.460642], [113.998177, 22.458982], [113.998108, 22.458931], [113.998055, 22.458883], [113.998009, 22.45883], [113.997971, 22.458754], [113.997948, 22.458672], [113.997948, 22.458588], [113.997963, 22.458513], [113.997986, 22.458454], [113.999413, 22.455896], [113.999649, 22.455503], [114.000648, 22.453714], [114.000786, 22.453503], [114.001427, 22.452726], [114.001549, 22.452551], [114.003708, 22.448723], [114.003807, 22.448536], [114.003929, 22.448263], [114.004051, 22.44808], [114.004097, 22.448021], [114.004181, 22.447973], [114.004242, 22.44796], [114.004288, 22.447962], [114.004349, 22.447973], [114.004402, 22.447996], [114.004471, 22.448038], [114.004784, 22.448332], [114.00489, 22.448452], [114.005013, 22.448622], [114.005112, 22.448837], [114.005173, 22.448895], [114.005272, 22.448929], [114.005554, 22.449005], [114.005638, 22.449053], [114.005707, 22.44911], [114.006004, 22.449404], [114.006424, 22.449808], [114.00695, 22.450352], [114.007011, 22.450422], [114.007065, 22.450502], [114.007095, 22.450575], [114.007111, 22.450653], [114.007103, 22.45079], [114.007088, 22.450861], [114.007057, 22.450933], [114.006035, 22.452747], [114.006035, 22.452747], [114.005501, 22.453707], [114.005478, 22.453779], [114.00544, 22.453939], [114.005432, 22.454048], [114.005432, 22.454155], [114.005447, 22.454237], [114.005493, 22.454397], [114.005676, 22.454941], [114.005676, 22.454941], [114.005928, 22.455654], [114.005974, 22.455845], [114.005997, 22.456001], [114.006004, 22.456106], [114.005974, 22.456333], [114.005943, 22.456457], [114.00589, 22.456604], [114.005844, 22.456705], [114.005707, 22.4569], [114.005623, 22.456991], [114.005493, 22.457111], [114.004944, 22.457539], [114.004944, 22.457539], [114.004646, 22.457767], [114.003197, 22.458908], [114.003098, 22.459005], [114.003052, 22.459059], [114.002991, 22.459154], [114.002785, 22.459513], [114.002785, 22.459513], [114.002129, 22.460672], [114.00206, 22.460732], [114.002014, 22.460751], [114.001968, 22.46076], [114.001892, 22.460758], [114.001793, 22.46073], [114.001595, 22.460642], [113.998177, 22.458982], [113.998108, 22.458931], [113.998055, 22.458883], [113.998009, 22.45883], [113.997971, 22.458754], [113.997948, 22.458672], [113.997948, 22.458588], [113.997963, 22.458513], [113.997986, 22.458454], [113.999413, 22.455896], [113.999649, 22.455503], [114.000648, 22.453714], [114.000786, 22.453503], [114.001427, 22.452726], [114.001549, 22.452551], [114.003708, 22.448723], [114.003807, 22.448536], [114.003929, 22.448263], [114.004051, 22.44808], [114.004097, 22.448021], [114.004181, 22.447973], [114.004242, 22.44796], [114.004288, 22.447962], [114.004349, 22.447973], [114.004402, 22.447996], [114.004471, 22.448038], [114.004784, 22.448332], [114.00489, 22.448452], [114.005013, 22.448622], [114.005112, 22.448837], [114.005173, 22.448895], [114.005272, 22.448929], [114.005554, 22.449005], [114.005638, 22.449053], [114.005707, 22.44911], [114.006004, 22.449404]]}}, {"type": "Feature", "properties": {"route_name": "Tin Wing (Circular)", "type": "Light Rail", "network": "MTR Light Rail", "color": "#CD9700"}, "geometry": {"type": "LineString", "coordinates": [[114.006004, 22.449404], [114.006096, 22.449497], [114.006142, 22.449463], [114.005745, 22.449081], [114.005684, 22.449017], [114.005638, 22.448919], [114.005592, 22.448704], [114.005554, 22.448591], [114.005508, 22.448538], [114.00547, 22.448509], [114.005211, 22.448399], [114.004974, 22.448349], [114.004906, 22.448317], [114.004837, 22.448265], [114.004547, 22.447996], [114.004478, 22.447943], [114.004402, 22.447906], [114.004272, 22.447887], [114.004219, 22.447891], [114.004128, 22.447918], [114.004051, 22.447977], [114.004013, 22.448015], [114.003845, 22.448286], [114.003639, 22.448738], [114.003502, 22.449013], [114.001534, 22.452511], [114.001404, 22.452696], [114.000771, 22.453466], [114.000626, 22.453678], [113.997925, 22.458481], [113.997894, 22.45857], [113.997887, 22.458632], [113.997887, 22.458698], [113.997902, 22.458769], [113.997932, 22.458836], [113.997971, 22.458883], [113.998032, 22.458937], [113.998123, 22.458994], [114.001755, 22.460758], [114.001892, 22.460819], [114.001968, 22.460823], [114.002029, 22.460812], [114.002075, 22.460791], [114.002129, 22.460751], [114.002167, 22.460711], [114.002831, 22.459528], [114.002831, 22.459528], [114.002983, 22.459257], [114.003075, 22.45911], [114.003136, 22.459023], [114.003227, 22.458925], [114.004669, 22.45779], [114.004974, 22.457567], [114.005524, 22.457134], [114.005661, 22.457008], [114.00573, 22.45694], [114.005791, 22.456865], [114.00589, 22.456709], [114.005951, 22.456577], [114.006012, 22.456387], [114.006035, 22.456263], [114.00605, 22.456104], [114.00605, 22.455997], [114.00602, 22.455837], [114.005966, 22.455643], [114.005707, 22.454931], [114.005531, 22.45439], [114.005493, 22.454231], [114.005478, 22.454067], [114.005486, 22.453959], [114.005508, 22.453836], [114.005547, 22.453718], [114.006065, 22.452763], [114.007095, 22.450956], [114.007156, 22.450811], [114.007172, 22.450697], [114.007172, 22.450649], [114.007149, 22.450563], [114.007111, 22.450478], [114.00705, 22.450394], [114.006142, 22.449463], [114.005745, 22.449081], [114.005684, 22.449017], [114.005638, 22.448919], [114.005592, 22.448704], [114.005554, 22.448591], [114.005508, 22.448538], [114.00547, 22.448509], [114.005386, 22.448471], [114.005211, 22.448399], [114.004974, 22.448349], [114.004906, 22.448317], [114.004837, 22.448265], [114.004547, 22.447996], [114.004478, 22.447943], [114.004402, 22.447906], [114.004272, 22.447887], [114.004219, 22.447891], [114.004128, 22.447918], [114.004051, 22.447977], [114.004013, 22.448015], [114.003845, 22.448286], [114.003639, 22.448738], [114.003502, 22.449013], [114.002747, 22.450352], [114.002747, 22.450352], [114.001534, 22.452511], [114.001404, 22.452696], [114.000771, 22.453466], [114.000626, 22.453678], [113.997925, 22.458481], [113.997894, 22.45857], [113.997887, 22.458632], [113.997887, 22.458698], [113.997902, 22.458769], [113.997932, 22.458836], [113.997971, 22.458883], [113.998032, 22.458937], [113.998123, 22.458994], [114.001755, 22.460758], [114.001892, 22.460819], [114.001968, 22.460823], [114.002029, 22.460812], [114.002075, 22.460791], [114.002129, 22.460751], [114.002167, 22.460711], [114.002983, 22.459257], [114.003075, 22.45911], [114.003136, 22.459023], [114.003227, 22.458925], [114.004669, 22.45779], [114.004974, 22.457567], [114.004974, 22.457567], [114.005524, 22.457134], [114.005661, 22.457008], [114.00573, 22.45694], [114.005791, 22.456865], [114.00589, 22.456709], [114.005951, 22.456577], [114.006012, 22.456387], [114.006035, 22.456263], [114.00605, 22.456104], [114.00605, 22.455997], [114.00602, 22.455837], [114.005966, 22.455643], [114.005707, 22.454931], [114.005707, 22.454931], [114.005531, 22.45439], [114.005493, 22.454231], [114.005478, 22.454067], [114.005486, 22.453959], [114.005508, 22.453836], [114.005547, 22.453718], [114.006065, 22.452763], [114.006065, 22.452763], [114.007095, 22.450956], [114.007156, 22.450811], [114.007172, 22.450697], [114.007172, 22.450649], [114.007149, 22.450563], [114.007111, 22.450478], [114.00705, 22.450394], [114.006142, 22.449463], [114.006096, 22.449497], [114.006004, 22.449404], [114.006004, 22.449404], [114.005707, 22.44911], [114.005638, 22.449053], [114.005554, 22.449005], [114.005272, 22.448929], [114.005074, 22.448738], [114.005074, 22.448668], [114.005089, 22.448614], [114.005142, 22.448524], [114.005219, 22.448479], [114.005486, 22.44874], [114.005615, 22.448841], [114.005638, 22.448919], [114.005684, 22.449017], [114.005745, 22.449081], [114.006142, 22.449463], [114.00705, 22.450394], [114.007111, 22.450478], [114.007149, 22.450563], [114.007172, 22.450649], [114.007172, 22.450697], [114.007156, 22.450811], [114.007095, 22.450956], [114.006065, 22.452763], [114.005547, 22.453718], [114.005508, 22.453836], [114.005486, 22.453959], [114.005478, 22.454067], [114.005493, 22.454231], [114.005531, 22.45439], [114.005707, 22.454931], [114.005966, 22.455643], [114.00602, 22.455837], [114.00605, 22.455997], [114.00605, 22.456104], [114.006035, 22.456263], [114.006012, 22.456387], [114.005951, 22.456577], [114.00589, 22.456709], [114.005791, 22.456865], [114.005661, 22.457008], [114.005524, 22.457134], [114.004974, 22.457567], [114.004669, 22.45779], [114.003227, 22.458925], [114.003136, 22.459023], [114.003075, 22.45911], [114.002983, 22.459257], [114.002831, 22.459528]]}}, {"type": "Feature", "properties": {"route_name": "Yau Oi - Tin Yat", "type": "Light Rail", "network": "MTR Light Rail", "color": "#CD9700"}, "geometry": {"type": "LineString", "coordinates": [[113.998825, 22.467012], [113.998604, 22.466658], [113.998489, 22.466454], [113.998146, 22.465784], [113.99794, 22.465311], [113.997849, 22.465071], [113.997681, 22.464558], [113.997681, 22.464558], [113.997581, 22.464243], [113.997505, 22.463961], [113.997398, 22.463461], [113.997238, 22.462486], [113.997177, 22.46233], [113.997002, 22.462], [113.997002, 22.462], [113.996864, 22.461739], [113.996849, 22.461687], [113.996826, 22.461582], [113.996841, 22.460897], [113.996864, 22.460674], [113.99691, 22.460457], [113.996941, 22.460363], [113.997009, 22.460188], [113.9972, 22.459835], [113.99749, 22.459332], [113.997627, 22.459093], [113.997658, 22.459049], [113.997726, 22.458994], [113.997772, 22.458967], [113.997841, 22.458948], [113.997887, 22.458941], [113.997986, 22.458948], [113.998123, 22.458994], [113.999573, 22.459702], [113.999573, 22.459702], [114.001755, 22.460758], [114.001892, 22.460819], [114.001968, 22.460823], [114.002029, 22.460812], [114.002075, 22.460791], [114.002129, 22.460751], [114.002167, 22.460711], [114.002831, 22.459528], [114.002831, 22.459528], [114.002983, 22.459257], [114.003075, 22.45911], [114.003136, 22.459023], [114.003227, 22.458925], [114.004669, 22.45779], [114.004974, 22.457567], [114.004974, 22.457567], [114.005524, 22.457134], [114.005661, 22.457008], [114.00573, 22.45694], [114.005791, 22.456865], [114.00589, 22.456709], [114.005951, 22.456577], [114.006012, 22.456387], [114.006035, 22.456263], [114.00605, 22.456104], [114.00605, 22.455997], [114.00602, 22.455837], [114.005966, 22.455643], [114.005707, 22.454931], [114.005707, 22.454931], [114.005531, 22.45439], [114.005493, 22.454231], [114.005478, 22.454067], [114.005486, 22.453959], [114.005508, 22.453836], [114.005547, 22.453718], [114.006065, 22.452763], [114.006065, 22.452763], [114.007095, 22.450956], [114.007156, 22.450811], [114.007172, 22.450697], [114.007172, 22.450649], [114.007149, 22.450563], [114.007111, 22.450478], [114.00705, 22.450394], [114.006042, 22.449373], [114.006042, 22.449373], [114.005745, 22.449081], [114.005684, 22.449017], [114.005638, 22.448919], [114.005592, 22.448704], [114.005554, 22.448591], [114.005508, 22.448538], [114.00547, 22.448509], [114.005211, 22.448399], [114.004974, 22.448278], [114.004845, 22.448172], [114.004402, 22.447727], [114.004341, 22.447649], [114.004326, 22.447592], [114.004242, 22.44751], [114.004379, 22.447227], [114.005577, 22.445103], [114.005577, 22.445103], [114.005814, 22.444674], [114.005875, 22.444538], [114.005898, 22.444416], [114.005905, 22.444349], [114.005905, 22.444242], [114.005898, 22.444178], [114.005867, 22.44408], [114.005577, 22.443506], [114.005508, 22.443354], [114.005424, 22.443096], [114.005318, 22.442564], [114.005249, 22.442324], [114.004387, 22.440205], [114.004356, 22.440105], [114.004295, 22.439871], [114.004234, 22.439573], [114.004211, 22.439365], [114.00415, 22.438457], [114.004128, 22.438347], [114.004105, 22.438297], [114.004059, 22.438232], [114.003967, 22.438156], [114.002312, 22.437119], [114.001671, 22.436678], [113.999855, 22.435398], [113.999641, 22.435232], [113.998909, 22.434694], [113.997437, 22.433657], [113.997437, 22.433657], [113.995132, 22.432026], [113.99482, 22.431816], [113.994553, 22.431622], [113.994278, 22.43141], [113.993217, 22.430552], [113.992203, 22.429699], [113.992203, 22.429699], [113.99173, 22.429293], [113.991394, 22.428968], [113.99012, 22.427639], [113.988136, 22.425528], [113.987221, 22.424524], [113.986359, 22.423616], [113.986359, 22.423616], [113.98494, 22.422115], [113.983162, 22.420321], [113.982597, 22.419729], [113.982231, 22.419277], [113.981827, 22.418695], [113.981712, 22.418495], [113.981712, 22.418495], [113.981224, 22.417604], [113.979759, 22.414742], [113.979607, 22.414515], [113.979118, 22.414007], [113.978958, 22.413803], [113.978874, 22.413666], [113.978798, 22.413513], [113.978752, 22.413387], [113.978516, 22.412367], [113.978477, 22.412258], [113.978127, 22.412071], [113.978111, 22.412014], [113.978165, 22.411934], [113.978165, 22.411934], [113.978317, 22.41168], [113.97821, 22.411301], [113.97818, 22.411036], [113.978157, 22.410929], [113.97776, 22.409603], [113.977707, 22.409489], [113.977547, 22.409195], [113.977127, 22.407808], [113.977127, 22.407808], [113.975868, 22.403511], [113.975868, 22.403511], [113.975708, 22.402967], [113.975395, 22.401699], [113.975311, 22.401464], [113.975243, 22.401316], [113.975113, 22.401098], [113.97493, 22.400789], [113.974785, 22.4006], [113.974358, 22.400063], [113.974358, 22.400063], [113.973808, 22.399378], [113.973724, 22.399254], [113.973602, 22.399067], [113.973511, 22.398905], [113.97345, 22.398764], [113.973396, 22.398596], [113.973343, 22.398388], [113.973259, 22.397961], [113.973122, 22.397448], [113.973122, 22.397448], [113.972275, 22.394419], [113.972267, 22.394341], [113.972282, 22.394253], [113.972321, 22.394163], [113.972427, 22.394049], [113.972519, 22.393988], [113.972572, 22.393969], [113.973083, 22.393854], [113.973083, 22.393854], [113.973633, 22.393738], [113.973778, 22.39373], [113.973907, 22.393759], [113.974319, 22.393892], [113.974396, 22.393892], [113.974495, 22.393862], [113.974533, 22.393835], [113.974594, 22.393772], [113.974648, 22.393669], [113.974716, 22.393467], [113.974884, 22.3932], [113.974937, 22.393089], [113.974976, 22.392977], [113.975014, 22.392832], [113.975029, 22.392704], [113.975029, 22.392601], [113.974991, 22.391945], [113.974976, 22.39134], [113.974976, 22.39134], [113.974968, 22.390938], [113.974968, 22.390793], [113.974998, 22.390594], [113.975075, 22.390259], [113.975151, 22.389826], [113.975174, 22.389629], [113.975197, 22.388824], [113.975159, 22.388702], [113.975105, 22.388645], [113.975037, 22.388607], [113.974968, 22.388588], [113.974777, 22.388569], [113.973129, 22.388556], [113.973061, 22.388531], [113.973015, 22.388487], [113.972984, 22.388422], [113.972961, 22.387478], [113.972946, 22.387014], [113.972954, 22.38695], [113.972992, 22.38686], [113.973053, 22.386795], [113.973099, 22.386763], [113.973152, 22.386742], [113.973396, 22.386707], [113.973587, 22.386702]]}}, {"type": "Feature", "properties": {"route_name": "Yau Oi - Tin Yat", "type": "Light Rail", "network": "MTR Light Rail", "color": "#CD9700"}, "geometry": {"type": "LineString", "coordinates": [[113.973587, 22.386702], [113.974037, 22.386692], [113.974876, 22.386692], [113.974953, 22.386709], [113.975006, 22.386747], [113.975052, 22.386805], [113.975067, 22.386871], [113.975082, 22.387575], [113.975082, 22.387575], [113.975082, 22.387924], [113.97509, 22.388033], [113.975151, 22.388441], [113.975159, 22.388702], [113.975151, 22.38921], [113.975128, 22.389626], [113.975105, 22.38982], [113.975021, 22.3902], [113.974861, 22.390804], [113.974854, 22.390938], [113.974861, 22.391304], [113.974861, 22.391304], [113.974876, 22.391809], [113.974907, 22.392021], [113.97496, 22.392231], [113.974983, 22.392464], [113.974983, 22.392599], [113.974983, 22.392704], [113.974968, 22.392824], [113.974937, 22.392963], [113.974892, 22.393074], [113.974846, 22.393183], [113.97467, 22.393454], [113.974594, 22.393656], [113.974564, 22.393711], [113.97448, 22.393799], [113.974434, 22.393826], [113.974373, 22.393837], [113.974304, 22.393839], [113.973892, 22.393711], [113.973816, 22.39369], [113.973747, 22.393681], [113.973625, 22.39369], [113.973068, 22.393808], [113.973068, 22.393808], [113.972565, 22.393921], [113.972511, 22.39394], [113.97245, 22.393974], [113.972397, 22.394014], [113.972275, 22.394156], [113.972237, 22.394253], [113.972221, 22.394302], [113.972229, 22.394398], [113.972992, 22.397125], [113.972992, 22.397125], [113.973183, 22.397818], [113.973335, 22.398533], [113.973381, 22.398695], [113.973442, 22.398849], [113.973511, 22.398994], [113.973648, 22.399216], [113.973793, 22.399406], [113.974113, 22.399813], [113.974113, 22.399813], [113.974815, 22.400698], [113.97496, 22.400906], [113.975082, 22.401117], [113.975204, 22.401335], [113.975304, 22.401535], [113.975349, 22.401684], [113.9757, 22.403074], [113.97583, 22.403521], [113.97583, 22.403521], [113.977097, 22.407814], [113.977097, 22.407814], [113.978035, 22.411013], [113.978172, 22.411322], [113.978287, 22.411726], [113.978165, 22.411934], [113.978165, 22.411934], [113.978111, 22.412014], [113.978127, 22.412071], [113.978477, 22.412258], [113.978516, 22.412367], [113.978752, 22.413387], [113.978798, 22.413513], [113.978874, 22.413666], [113.978958, 22.413803], [113.979118, 22.414007], [113.979607, 22.414515], [113.979759, 22.414742], [113.981224, 22.417604], [113.981712, 22.418495], [113.981712, 22.418495], [113.981827, 22.418695], [113.982231, 22.419277], [113.982597, 22.419729], [113.983162, 22.420321], [113.98494, 22.422115], [113.986359, 22.423616], [113.986359, 22.423616], [113.987221, 22.424524], [113.988136, 22.425528], [113.99012, 22.427639], [113.991394, 22.428968], [113.99173, 22.429293], [113.992203, 22.429699], [113.992203, 22.429699], [113.993217, 22.430552], [113.994278, 22.43141], [113.994553, 22.431622], [113.99482, 22.431816], [113.995132, 22.432026], [113.997437, 22.433657], [113.997437, 22.433657], [113.998909, 22.434694], [113.999641, 22.435232], [113.999855, 22.435398], [114.001671, 22.436678], [114.002312, 22.437119], [114.003967, 22.438156], [114.004059, 22.438232], [114.004105, 22.438297], [114.004128, 22.438347], [114.00415, 22.438457], [114.004211, 22.439365], [114.004234, 22.439573], [114.004295, 22.439871], [114.004356, 22.440105], [114.004387, 22.440205], [114.005249, 22.442324], [114.005318, 22.442564], [114.005424, 22.443096], [114.005508, 22.443354], [114.005577, 22.443506], [114.005867, 22.44408], [114.005898, 22.444178], [114.005905, 22.444242], [114.005905, 22.444349], [114.005898, 22.444416], [114.005875, 22.444538], [114.005814, 22.444674], [114.005577, 22.445103], [114.005577, 22.445103], [114.004379, 22.447227], [114.004242, 22.44751], [114.004204, 22.447599], [114.004196, 22.447691], [114.00425, 22.447788], [114.004471, 22.448038], [114.004784, 22.448332], [114.00489, 22.448452], [114.005013, 22.448622], [114.005112, 22.448837], [114.005173, 22.448895], [114.005272, 22.448929], [114.005554, 22.449005], [114.005638, 22.449053], [114.005707, 22.44911], [114.006004, 22.449404], [114.006004, 22.449404], [114.006424, 22.449808], [114.00695, 22.450352], [114.007011, 22.450422], [114.007065, 22.450502], [114.007095, 22.450575], [114.007111, 22.450653], [114.007103, 22.45079], [114.007088, 22.450861], [114.007057, 22.450933], [114.006035, 22.452747], [114.006035, 22.452747], [114.005501, 22.453707], [114.005478, 22.453779], [114.00544, 22.453939], [114.005432, 22.454048], [114.005432, 22.454155], [114.005447, 22.454237], [114.005493, 22.454397], [114.005676, 22.454941], [114.005676, 22.454941], [114.005928, 22.455654], [114.005974, 22.455845], [114.005997, 22.456001], [114.006004, 22.456106], [114.005974, 22.456333], [114.005943, 22.456457], [114.00589, 22.456604], [114.005844, 22.456705], [114.005707, 22.4569], [114.005623, 22.456991], [114.005493, 22.457111], [114.004944, 22.457539], [114.004944, 22.457539], [114.004646, 22.457767], [114.003197, 22.458908], [114.003098, 22.459005], [114.003052, 22.459059], [114.002991, 22.459154], [114.002785, 22.459513], [114.002785, 22.459513], [114.002129, 22.460672], [114.00206, 22.460732], [114.002014, 22.460751], [114.001968, 22.46076], [114.001892, 22.460758], [114.001793, 22.46073], [114.001595, 22.460642], [113.999588, 22.459669], [113.999588, 22.459669], [113.997955, 22.458874], [113.99791, 22.458862], [113.997856, 22.458857], [113.997795, 22.458864], [113.997719, 22.458895], [113.997673, 22.458935], [113.997643, 22.458979], [113.996979, 22.460173], [113.996902, 22.46034], [113.996872, 22.460432], [113.996834, 22.460606], [113.996811, 22.460758], [113.996803, 22.460894], [113.996788, 22.461586], [113.996796, 22.461637], [113.996834, 22.461748], [113.996971, 22.462015], [113.996971, 22.462015], [113.997147, 22.462345], [113.9972, 22.462496], [113.99736, 22.463467], [113.997467, 22.463968], [113.997551, 22.464252], [113.997643, 22.464567], [113.997643, 22.464567], [113.997818, 22.465082], [113.998009, 22.465561], [113.99823, 22.46604], [113.998482, 22.466524], [113.998596, 22.466719], [113.998787, 22.467031]]}}, {"type": "Feature", "properties": {"route_name": "Tin Yat - Yuen Long", "type": "Light Rail", "network": "MTR Light Rail", "color": "#CD9700"}, "geometry": {"type": "LineString", "coordinates": [[114.034622, 22.445757], [114.034378, 22.445759], [114.034325, 22.445768], [114.034142, 22.445818], [114.034004, 22.445829], [114.033813, 22.445827], [114.033722, 22.445818], [114.033531, 22.445776], [114.033371, 22.445711], [114.03318, 22.445595], [114.033058, 22.445501], [114.032967, 22.445414], [114.032394, 22.444771], [114.03231, 22.444681], [114.032173, 22.444569], [114.032104, 22.444529], [114.032028, 22.444502], [114.03186, 22.444466], [114.031677, 22.444454], [114.029556, 22.444489], [114.028976, 22.444502], [114.028976, 22.444502], [114.026657, 22.444527], [114.026657, 22.444527], [114.025162, 22.444555], [114.024345, 22.444542], [114.023888, 22.444546], [114.023888, 22.444546], [114.022293, 22.444576], [114.020927, 22.44459], [114.020752, 22.444574], [114.020233, 22.444489], [114.020233, 22.444489], [114.018135, 22.444124], [114.017944, 22.444098], [114.017845, 22.44409], [114.017601, 22.44409], [114.016792, 22.444134], [114.016617, 22.444111], [114.015923, 22.443966], [114.014732, 22.443735], [114.013916, 22.443548], [114.013474, 22.443419], [114.013023, 22.443272], [114.01255, 22.443108], [114.011772, 22.442795], [114.011772, 22.442795], [114.011147, 22.442526], [114.010841, 22.442371], [114.010414, 22.442144], [114.009323, 22.441492], [114.008316, 22.440857], [114.007088, 22.4401], [114.007088, 22.4401], [114.004555, 22.438522], [114.004509, 22.438507], [114.004448, 22.438503], [114.004395, 22.438511], [114.004326, 22.43854], [114.00428, 22.438576], [114.004242, 22.43862], [114.004211, 22.438711], [114.004272, 22.439478], [114.004295, 22.439684], [114.004364, 22.440002], [114.004456, 22.440252], [114.005295, 22.442329], [114.005348, 22.442524], [114.005486, 22.443153], [114.005539, 22.443321], [114.005661, 22.443586], [114.005905, 22.444065], [114.005951, 22.444212], [114.005959, 22.444351], [114.005951, 22.444422], [114.00592, 22.444553], [114.00589, 22.444618], [114.005615, 22.445116], [114.005615, 22.445116], [114.004807, 22.446537], [114.004288, 22.447554], [114.004196, 22.447691], [114.004135, 22.447807], [114.003929, 22.448263], [114.003807, 22.448536], [114.003708, 22.448723], [114.002785, 22.450365], [114.002785, 22.450365], [114.001549, 22.452551], [114.001427, 22.452726], [114.001129, 22.453087], [114.001129, 22.453087], [114.000786, 22.453503], [114.000648, 22.453714], [113.999649, 22.455503], [113.999413, 22.455896], [113.999413, 22.455896], [113.997986, 22.458454], [113.9972, 22.459835], [113.997009, 22.460188], [113.996941, 22.460363], [113.99691, 22.460457], [113.996864, 22.460674], [113.996841, 22.460897], [113.996826, 22.461582], [113.996849, 22.461687], [113.996864, 22.461739], [113.997002, 22.462], [113.997002, 22.462], [113.997177, 22.46233], [113.997238, 22.462486], [113.997398, 22.463461], [113.997505, 22.463961], [113.997581, 22.464243], [113.997681, 22.464558], [113.997681, 22.464558], [113.997849, 22.465071], [113.99794, 22.465311], [113.998146, 22.465784], [113.998489, 22.466454], [113.998604, 22.466658], [113.998825, 22.467012]]}}, {"type": "Feature", "properties": {"route_name": "Tin Yat - Yuen Long", "type": "Light Rail", "network": "MTR Light Rail", "color": "#CD9700"}, "geometry": {"type": "LineString", "coordinates": [[113.998825, 22.467012], [113.998604, 22.466658], [113.998489, 22.466454], [113.998146, 22.465784], [113.99794, 22.465311], [113.997849, 22.465071], [113.997681, 22.464558], [113.997681, 22.464558], [113.997581, 22.464243], [113.997505, 22.463961], [113.997398, 22.463461], [113.997238, 22.462486], [113.997177, 22.46233], [113.997002, 22.462], [113.997002, 22.462], [113.996864, 22.461739], [113.996849, 22.461687], [113.996826, 22.461582], [113.996841, 22.460897], [113.996864, 22.460674], [113.99691, 22.460457], [113.996941, 22.460363], [113.997009, 22.460188], [113.9972, 22.459835], [113.997986, 22.458454], [113.999413, 22.455896], [113.999413, 22.455896], [113.999649, 22.455503], [114.000648, 22.453714], [114.000786, 22.453503], [114.001129, 22.453087], [114.001129, 22.453087], [114.001427, 22.452726], [114.001549, 22.452551], [114.002785, 22.450365], [114.002785, 22.450365], [114.003708, 22.448723], [114.003807, 22.448536], [114.003929, 22.448263], [114.004135, 22.447807], [114.004196, 22.447691], [114.004288, 22.447554], [114.004807, 22.446537], [114.005615, 22.445116], [114.005615, 22.445116], [114.00589, 22.444618], [114.00592, 22.444553], [114.005951, 22.444422], [114.005959, 22.444351], [114.005951, 22.444212], [114.005905, 22.444065], [114.005661, 22.443586], [114.005539, 22.443321], [114.005486, 22.443153], [114.005348, 22.442524], [114.005295, 22.442329], [114.004456, 22.440252], [114.004364, 22.440002], [114.004295, 22.439684], [114.004272, 22.439478], [114.004211, 22.438711], [114.004242, 22.43862], [114.00428, 22.438576], [114.004326, 22.43854], [114.004395, 22.438511], [114.004448, 22.438503], [114.004509, 22.438507], [114.004555, 22.438522], [114.007088, 22.4401], [114.007088, 22.4401], [114.008316, 22.440857], [114.009323, 22.441492], [114.010414, 22.442144], [114.010841, 22.442371], [114.011147, 22.442526], [114.011772, 22.442795], [114.011772, 22.442795], [114.01255, 22.443108], [114.013023, 22.443272], [114.013474, 22.443419], [114.013916, 22.443548], [114.014732, 22.443735], [114.015923, 22.443966], [114.016617, 22.444111], [114.016792, 22.444134], [114.017601, 22.44409], [114.017845, 22.44409], [114.017944, 22.444098], [114.018135, 22.444124], [114.020233, 22.444489], [114.020233, 22.444489], [114.020752, 22.444574], [114.020927, 22.44459], [114.022293, 22.444576], [114.023888, 22.444546], [114.023888, 22.444546], [114.024345, 22.444542], [114.025162, 22.444555], [114.026657, 22.444527], [114.026657, 22.444527], [114.028976, 22.444502], [114.028976, 22.444502], [114.029556, 22.444489], [114.031677, 22.444454], [114.03186, 22.444466], [114.032028, 22.444502], [114.032104, 22.444529], [114.032173, 22.444569], [114.03231, 22.444681], [114.032394, 22.444771], [114.032967, 22.445414], [114.033058, 22.445501], [114.03318, 22.445595], [114.033371, 22.445711], [114.033531, 22.445776], [114.033722, 22.445818], [114.033813, 22.445827], [114.034004, 22.445829], [114.034142, 22.445818], [114.034325, 22.445768], [114.034378, 22.445759], [114.034622, 22.445757]]}}, {"type": "Feature", "properties": {"route_name": "Airport Express", "type": "Subway", "network": "MTR", "color": "#007078"}, "geometry": {"type": "LineString", "coordinates": [[113.936546, 22.315943], [113.937065, 22.314514], [113.937721, 22.312735], [113.937965, 22.312027], [113.938057, 22.311718], [113.938133, 22.311401], [113.938248, 22.310865], [113.938286, 22.310581], [113.938339, 22.310122], [113.938354, 22.309818], [113.938362, 22.309448], [113.938354, 22.309231], [113.938332, 22.308786], [113.938286, 22.308336], [113.938255, 22.30814], [113.938179, 22.307745], [113.93808, 22.307322], [113.938019, 22.307093], [113.937897, 22.3067], [113.937767, 22.306347], [113.936584, 22.303221], [113.936493, 22.302933], [113.936386, 22.302595], [113.936302, 22.302275], [113.936234, 22.301958], [113.936195, 22.301737], [113.93615, 22.301409], [113.936134, 22.301197], [113.936104, 22.300745], [113.936111, 22.300293], [113.936142, 22.299761], [113.93618, 22.299355], [113.936234, 22.298916], [113.936363, 22.298191], [113.936523, 22.297525], [113.936615, 22.297195], [113.936737, 22.296803], [113.936882, 22.296383], [113.937019, 22.296045], [113.937172, 22.295687], [113.937325, 22.295378], [113.937531, 22.294977], [113.937843, 22.294462], [113.938202, 22.293934], [113.938454, 22.293598], [113.938599, 22.293421], [113.939049, 22.292902], [113.939636, 22.292332], [113.939926, 22.292076], [113.940392, 22.291698], [113.940765, 22.291426], [113.941216, 22.291122], [113.941536, 22.290937], [113.941933, 22.290731], [113.942268, 22.290581], [113.942757, 22.290375], [113.943275, 22.290194], [113.943764, 22.29006], [113.944191, 22.289965], [113.944664, 22.289877], [113.945206, 22.289812], [113.945724, 22.289785], [113.946251, 22.289791], [113.946602, 22.28981], [113.946945, 22.289843], [113.94751, 22.289911], [113.948036, 22.290005], [113.948357, 22.290083], [113.948677, 22.290174], [113.949036, 22.290291], [113.949608, 22.290506], [113.949883, 22.29063], [113.950127, 22.290758], [113.950577, 22.291006], [113.950958, 22.291237], [113.95134, 22.2915], [113.95179, 22.291838], [113.952118, 22.292124], [113.9534, 22.293381], [113.953835, 22.293787], [113.954353, 22.294256], [113.954727, 22.294561], [113.955116, 22.294853], [113.955521, 22.295145], [113.955971, 22.295448], [113.956467, 22.295752], [113.956772, 22.295925], [113.957756, 22.296413], [113.958359, 22.296679], [113.958908, 22.296894], [113.95929, 22.297029], [113.959869, 22.297207], [113.960602, 22.297405], [113.962105, 22.297756], [113.966003, 22.298716], [113.967934, 22.299175], [113.968361, 22.299292], [113.969917, 22.299677], [113.970772, 22.299898], [113.971588, 22.300131], [113.972115, 22.300325], [113.97242, 22.300457], [113.972816, 22.300642], [113.973679, 22.301117], [113.97599, 22.302446], [113.976761, 22.302896], [113.977592, 22.303391], [113.979424, 22.304419], [113.980354, 22.304914], [113.980804, 22.305166], [113.983139, 22.306431], [113.984009, 22.306917], [113.990837, 22.310825], [113.992912, 22.312037], [113.993423, 22.312407], [113.99437, 22.313183], [113.994682, 22.313482], [113.995064, 22.313879], [113.995468, 22.314335], [113.996094, 22.315149], [113.997269, 22.316782], [113.998192, 22.318014], [113.998444, 22.318321], [113.998642, 22.318548], [113.998878, 22.318802], [113.999344, 22.319252], [113.99984, 22.319645], [114.000259, 22.319958], [114.000717, 22.320255], [114.001007, 22.320425], [114.001732, 22.320807], [114.00647, 22.322969], [114.009079, 22.324106], [114.009491, 22.324282], [114.010216, 22.324566], [114.010674, 22.32472], [114.011078, 22.324842], [114.011429, 22.324938], [114.011887, 22.325045], [114.012283, 22.325125], [114.012589, 22.325176], [114.013039, 22.325239], [114.013657, 22.325298], [114.014366, 22.325333], [114.014748, 22.325333], [114.015144, 22.325323], [114.015495, 22.325304], [114.017349, 22.325165], [114.017731, 22.325148], [114.018105, 22.32514], [114.018738, 22.325153], [114.018913, 22.325165], [114.019485, 22.325222], [114.019806, 22.32527], [114.020226, 22.325342], [114.020546, 22.325413], [114.020882, 22.325495], [114.021278, 22.325609], [114.021637, 22.325727], [114.022018, 22.325869], [114.022369, 22.326017], [114.022667, 22.326153], [114.02301, 22.326324], [114.023277, 22.326471], [114.023636, 22.326685], [114.023994, 22.326914], [114.024254, 22.327099], [114.024551, 22.32733], [114.024757, 22.327494], [114.025116, 22.327812], [114.025299, 22.32799], [114.025612, 22.328302], [114.025818, 22.328527], [114.028419, 22.331406], [114.028618, 22.331623], [114.028938, 22.331957], [114.029228, 22.332237], [114.029724, 22.332708], [114.030777, 22.333616], [114.031082, 22.333895], [114.032021, 22.334761], [114.032585, 22.335245], [114.032875, 22.335466], [114.033165, 22.335678], [114.033638, 22.335978], [114.034081, 22.336243], [114.034668, 22.336563], [114.035309, 22.336884], [114.037735, 22.338137], [114.03878, 22.338694], [114.039406, 22.338984], [114.039955, 22.339197], [114.040665, 22.339399], [114.041252, 22.339521], [114.041786, 22.339598], [114.042244, 22.339638], [114.046951, 22.339878], [114.047409, 22.339924], [114.047943, 22.340008], [114.048553, 22.340141], [114.04908, 22.340284], [114.049591, 22.340467], [114.049995, 22.340639], [114.050438, 22.340885], [114.052513, 22.342203], [114.058815, 22.346302], [114.059128, 22.346495], [114.059479, 22.346697], [114.059845, 22.346891], [114.060211, 22.347067], [114.0606, 22.34724], [114.060989, 22.347399], [114.061378, 22.347544], [114.061775, 22.347675], [114.062172, 22.347797], [114.062874, 22.347998], [114.080742, 22.352982], [114.083168, 22.353619], [114.08567, 22.354361], [114.08844, 22.355238], [114.091675, 22.356304], [114.098686, 22.35866], [114.09922, 22.35881], [114.099663, 22.358917], [114.100151, 22.359003], [114.100578, 22.359049], [114.10099, 22.359079], [114.1017, 22.359118], [114.102005, 22.359119], [114.102402, 22.359104], [114.104179, 22.358946], [114.104378, 22.358923], [114.105659, 22.358711], [114.106361, 22.35857], [114.107254, 22.358377], [114.107254, 22.358377], [114.108963, 22.358013], [114.109108, 22.357975], [114.10939, 22.357891], [114.115952, 22.355503], [114.116501, 22.355309], [114.116783, 22.355186], [114.117241, 22.354967], [114.117592, 22.354769], [114.11834, 22.354334], [114.119537, 22.353601], [114.119774, 22.353466], [114.12207, 22.352253], [114.122574, 22.351969], [114.122887, 22.351768], [114.123222, 22.351528], [114.12355, 22.351254], [114.123894, 22.350948], [114.124237, 22.350597], [114.124718, 22.350084], [114.124969, 22.349771], [114.125618, 22.348879], [114.128502, 22.344767], [114.128761, 22.344381], [114.129013, 22.343973], [114.129982, 22.342331], [114.13031, 22.341764], [114.130737, 22.341003], [114.131157, 22.340187], [114.131714, 22.339064], [114.131897, 22.338684], [114.132187, 22.338144], [114.132385, 22.337807], [114.13266, 22.33737], [114.132858, 22.337091], [114.133156, 22.336704], [114.133522, 22.336292], [114.133789, 22.336029], [114.134071, 22.335777], [114.134598, 22.335325], [114.134903, 22.335094], [114.135193, 22.334894], [114.135498, 22.334692], [114.135826, 22.334496], [114.1362, 22.334299], [114.136765, 22.33403], [114.137352, 22.333778], [114.147186, 22.330011], [114.148346, 22.329544], [114.148918, 22.329292], [114.149414, 22.32906], [114.150314, 22.328581], [114.150833, 22.328278], [114.15139, 22.327921], [114.152, 22.327511], [114.152443, 22.327194], [114.152901, 22.326872], [114.153313, 22.326557], [114.154015, 22.325983], [114.154411, 22.32564], [114.154755, 22.325319], [114.155106, 22.324968], [114.155853, 22.324179], [114.156593, 22.323336], [114.157066, 22.322762], [114.157761, 22.321945], [114.158165, 22.321426], [114.158394, 22.321114], [114.159042, 22.32019], [114.159241, 22.319902], [114.159523, 22.31942], [114.159676, 22.319138], [114.159805, 22.318886], [114.159912, 22.318626], [114.161469, 22.314899], [114.161835, 22.314123], [114.162292, 22.313076], [114.16243, 22.312738], [114.162567, 22.312344], [114.162712, 22.311859], [114.162842, 22.311342], [114.162956, 22.310654], [114.163025, 22.310024], [114.163048, 22.30937], [114.163033, 22.309053], [114.162994, 22.308699], [114.162933, 22.308294], [114.162865, 22.307995], [114.162651, 22.307177], [114.162483, 22.306755], [114.161644, 22.304899], [114.161644, 22.304899], [114.160545, 22.302534], [114.160225, 22.301992], [114.160019, 22.301691], [114.159775, 22.301361], [114.159111, 22.300545], [114.158287, 22.299639], [114.157745, 22.299021], [114.157684, 22.299072], [114.157341, 22.298681], [114.156944, 22.298222], [114.156578, 22.29775], [114.156181, 22.297215], [114.155785, 22.296612], [114.155342, 22.295876], [114.154961, 22.295185], [114.154564, 22.294416], [114.154388, 22.294014], [114.154289, 22.293743], [114.15419, 22.29339], [114.154137, 22.293036], [114.154099, 22.29257], [114.154129, 22.291862], [114.154175, 22.291275], [114.154282, 22.290686], [114.154411, 22.290085], [114.154579, 22.289492], [114.154739, 22.288994], [114.154961, 22.288433], [114.155388, 22.287498], [114.155579, 22.287136], [114.156052, 22.286461], [114.156204, 22.286289], [114.156647, 22.285944], [114.157059, 22.285658], [114.157265, 22.285526], [114.158279, 22.284933]]}}, {"type": "Feature", "properties": {"route_name": "Airport Express", "type": "Subway", "network": "MTR", "color": "#007078"}, "geometry": {"type": "LineString", "coordinates": [[114.158279, 22.284933], [114.157265, 22.285526], [114.157059, 22.285658], [114.156647, 22.285944], [114.156204, 22.286289], [114.156052, 22.286461], [114.155579, 22.287136], [114.155388, 22.287498], [114.154961, 22.288433], [114.154739, 22.288994], [114.154579, 22.289492], [114.154411, 22.290085], [114.154282, 22.290686], [114.154175, 22.291275], [114.154129, 22.291862], [114.154099, 22.29257], [114.154137, 22.293036], [114.15419, 22.29339], [114.154289, 22.293743], [114.154388, 22.294014], [114.154564, 22.294416], [114.154961, 22.295185], [114.155342, 22.295876], [114.155785, 22.296612], [114.156181, 22.297215], [114.156578, 22.29775], [114.156944, 22.298222], [114.157341, 22.298681], [114.158226, 22.299688], [114.158287, 22.299639], [114.159111, 22.300545], [114.159775, 22.301361], [114.160019, 22.301691], [114.160225, 22.301992], [114.160545, 22.302534], [114.161644, 22.304899], [114.161644, 22.304899], [114.162483, 22.306755], [114.162651, 22.307177], [114.162865, 22.307995], [114.162933, 22.308294], [114.162994, 22.308699], [114.163033, 22.309053], [114.163048, 22.30937], [114.163025, 22.310024], [114.162956, 22.310654], [114.162842, 22.311342], [114.162712, 22.311859], [114.162567, 22.312344], [114.16243, 22.312738], [114.162292, 22.313076], [114.161835, 22.314123], [114.161469, 22.314899], [114.159912, 22.318626], [114.159805, 22.318886], [114.159676, 22.319138], [114.159523, 22.31942], [114.159241, 22.319902], [114.159042, 22.32019], [114.158394, 22.321114], [114.158165, 22.321426], [114.157761, 22.321945], [114.157066, 22.322762], [114.156593, 22.323336], [114.155853, 22.324179], [114.155106, 22.324968], [114.154755, 22.325319], [114.154411, 22.32564], [114.154015, 22.325983], [114.153313, 22.326557], [114.152901, 22.326872], [114.152443, 22.327194], [114.152, 22.327511], [114.15139, 22.327921], [114.150833, 22.328278], [114.150314, 22.328581], [114.149414, 22.32906], [114.148918, 22.329292], [114.148346, 22.329544], [114.147186, 22.330011], [114.137352, 22.333778], [114.136765, 22.33403], [114.1362, 22.334299], [114.135826, 22.334496], [114.135498, 22.334692], [114.135193, 22.334894], [114.134903, 22.335094], [114.134598, 22.335325], [114.134071, 22.335777], [114.133789, 22.336029], [114.133522, 22.336292], [114.133156, 22.336704], [114.132858, 22.337091], [114.13266, 22.33737], [114.132385, 22.337807], [114.132187, 22.338144], [114.131897, 22.338684], [114.131714, 22.339064], [114.131157, 22.340187], [114.130737, 22.341003], [114.13031, 22.341764], [114.129982, 22.342331], [114.129013, 22.343973], [114.128761, 22.344381], [114.128502, 22.344767], [114.125618, 22.348879], [114.124969, 22.349771], [114.124718, 22.350084], [114.124237, 22.350597], [114.123894, 22.350948], [114.12355, 22.351254], [114.123222, 22.351528], [114.122887, 22.351768], [114.122574, 22.351969], [114.12207, 22.352253], [114.119774, 22.353466], [114.119537, 22.353601], [114.11834, 22.354334], [114.117592, 22.354769], [114.117241, 22.354967], [114.116783, 22.355186], [114.116501, 22.355309], [114.115952, 22.355503], [114.10939, 22.357891], [114.109108, 22.357975], [114.108963, 22.358013], [114.107254, 22.358377], [114.107254, 22.358377], [114.106361, 22.35857], [114.105659, 22.358711], [114.104378, 22.358923], [114.104179, 22.358946], [114.102402, 22.359104], [114.102005, 22.359119], [114.1017, 22.359118], [114.10099, 22.359079], [114.100578, 22.359049], [114.100151, 22.359003], [114.099663, 22.358917], [114.09922, 22.35881], [114.098686, 22.35866], [114.091675, 22.356304], [114.08844, 22.355238], [114.08567, 22.354361], [114.083168, 22.353619], [114.080742, 22.352982], [114.062874, 22.347998], [114.062172, 22.347797], [114.061775, 22.347675], [114.061378, 22.347544], [114.060989, 22.347399], [114.0606, 22.34724], [114.060211, 22.347067], [114.059845, 22.346891], [114.059479, 22.346697], [114.059128, 22.346495], [114.058815, 22.346302], [114.052513, 22.342203], [114.050438, 22.340885], [114.049995, 22.340639], [114.049591, 22.340467], [114.04908, 22.340284], [114.048553, 22.340141], [114.047943, 22.340008], [114.047409, 22.339924], [114.046951, 22.339878], [114.042244, 22.339638], [114.041786, 22.339598], [114.041252, 22.339521], [114.040665, 22.339399], [114.039955, 22.339197], [114.039406, 22.338984], [114.03878, 22.338694], [114.037735, 22.338137], [114.035309, 22.336884], [114.034668, 22.336563], [114.034081, 22.336243], [114.033638, 22.335978], [114.033165, 22.335678], [114.032875, 22.335466], [114.032585, 22.335245], [114.032021, 22.334761], [114.031082, 22.333895], [114.030777, 22.333616], [114.029724, 22.332708], [114.029228, 22.332237], [114.028938, 22.331957], [114.028618, 22.331623], [114.028419, 22.331406], [114.025818, 22.328527], [114.025612, 22.328302], [114.025299, 22.32799], [114.025116, 22.327812], [114.024757, 22.327494], [114.024551, 22.32733], [114.024254, 22.327099], [114.023994, 22.326914], [114.023636, 22.326685], [114.023277, 22.326471], [114.02301, 22.326324], [114.022667, 22.326153], [114.022369, 22.326017], [114.022018, 22.325869], [114.021637, 22.325727], [114.021278, 22.325609], [114.020882, 22.325495], [114.020546, 22.325413], [114.020226, 22.325342], [114.019806, 22.32527], [114.019485, 22.325222], [114.018913, 22.325165], [114.018738, 22.325153], [114.018105, 22.32514], [114.017731, 22.325148], [114.017349, 22.325165], [114.015495, 22.325304], [114.015144, 22.325323], [114.014748, 22.325333], [114.014366, 22.325333], [114.013657, 22.325298], [114.013039, 22.325239], [114.012589, 22.325176], [114.012283, 22.325125], [114.011887, 22.325045], [114.011429, 22.324938], [114.011078, 22.324842], [114.010674, 22.32472], [114.010216, 22.324566], [114.009491, 22.324282], [114.009079, 22.324106], [114.00647, 22.322969], [114.001732, 22.320807], [114.001007, 22.320425], [114.000717, 22.320255], [114.000259, 22.319958], [113.99984, 22.319645], [113.999344, 22.319252], [113.998878, 22.318802], [113.998642, 22.318548], [113.998444, 22.318321], [113.998192, 22.318014], [113.997269, 22.316782], [113.996094, 22.315149], [113.995468, 22.314335], [113.995064, 22.313879], [113.994682, 22.313482], [113.99437, 22.313183], [113.993423, 22.312407], [113.992912, 22.312037], [113.990837, 22.310825], [113.984009, 22.306917], [113.983139, 22.306431], [113.980804, 22.305166], [113.980354, 22.304914], [113.979424, 22.304419], [113.977592, 22.303391], [113.976761, 22.302896], [113.97599, 22.302446], [113.973679, 22.301117], [113.972816, 22.300642], [113.97242, 22.300457], [113.972115, 22.300325], [113.971588, 22.300131], [113.970772, 22.299898], [113.969917, 22.299677], [113.968361, 22.299292], [113.967934, 22.299175], [113.966003, 22.298716], [113.962105, 22.297756], [113.960602, 22.297405], [113.959869, 22.297207], [113.95929, 22.297029], [113.958908, 22.296894], [113.958359, 22.296679], [113.957756, 22.296413], [113.956772, 22.295925], [113.956467, 22.295752], [113.955971, 22.295448], [113.955521, 22.295145], [113.955116, 22.294853], [113.954727, 22.294561], [113.954353, 22.294256], [113.953835, 22.293787], [113.9534, 22.293381], [113.952118, 22.292124], [113.95179, 22.291838], [113.95134, 22.2915], [113.950958, 22.291237], [113.950577, 22.291006], [113.950127, 22.290758], [113.949883, 22.29063], [113.949608, 22.290506], [113.949036, 22.290291], [113.948677, 22.290174], [113.948357, 22.290083], [113.948036, 22.290005], [113.94751, 22.289911], [113.946945, 22.289843], [113.946602, 22.28981], [113.946251, 22.289791], [113.945724, 22.289785], [113.945206, 22.289812], [113.944664, 22.289877], [113.944191, 22.289965], [113.943764, 22.29006], [113.943275, 22.290194], [113.942757, 22.290375], [113.942268, 22.290581], [113.941933, 22.290731], [113.941536, 22.290937], [113.941216, 22.291122], [113.940765, 22.291426], [113.940392, 22.291698], [113.939926, 22.292076], [113.939636, 22.292332], [113.939049, 22.292902], [113.938599, 22.293421], [113.938454, 22.293598], [113.938202, 22.293934], [113.937843, 22.294462], [113.937531, 22.294977], [113.937325, 22.295378], [113.937172, 22.295687], [113.937019, 22.296045], [113.936882, 22.296383], [113.936737, 22.296803], [113.936615, 22.297195], [113.936523, 22.297525], [113.936363, 22.298191], [113.936234, 22.298916], [113.93618, 22.299355], [113.936142, 22.299761], [113.936111, 22.300293], [113.936104, 22.300745], [113.936134, 22.301197], [113.93615, 22.301409], [113.936195, 22.301737], [113.936234, 22.301958], [113.936302, 22.302275], [113.936386, 22.302595], [113.936493, 22.302933], [113.936584, 22.303221], [113.937767, 22.306347], [113.937897, 22.3067], [113.938019, 22.307093], [113.93808, 22.307322], [113.938179, 22.307745], [113.938255, 22.30814], [113.938286, 22.308336], [113.938332, 22.308786], [113.938354, 22.309231], [113.938362, 22.309448], [113.938354, 22.309818], [113.938339, 22.310122], [113.938286, 22.310581], [113.938248, 22.310865], [113.938133, 22.311401], [113.938057, 22.311718], [113.937965, 22.312027], [113.937721, 22.312735], [113.937065, 22.314514], [113.936546, 22.315943]]}}, {"type": "Feature", "properties": {"route_name": "Disneyland Resort Line", "type": "Subway", "network": "MTR", "color": "#E777CB"}, "geometry": {"type": "LineString", "coordinates": [[114.029068, 22.331732], [114.029327, 22.331984], [114.02964, 22.332258], [114.029892, 22.332428], [114.030182, 22.332584], [114.030342, 22.332653], [114.03051, 22.332708], [114.030869, 22.332792], [114.031334, 22.332848], [114.03167, 22.332836], [114.031975, 22.332796], [114.032211, 22.332745], [114.032509, 22.332651], [114.032745, 22.332548], [114.032982, 22.332428], [114.033257, 22.332264], [114.033478, 22.332119], [114.03373, 22.331932], [114.03421, 22.331528], [114.034424, 22.331314], [114.03463, 22.331095], [114.03479, 22.330896], [114.034927, 22.330711], [114.035057, 22.330496], [114.035149, 22.330297], [114.035225, 22.330103], [114.035324, 22.329727], [114.035347, 22.329504], [114.035355, 22.329313], [114.035347, 22.329119], [114.035324, 22.328894], [114.035118, 22.327353], [114.035011, 22.326624], [114.034927, 22.32552], [114.034912, 22.324755], [114.034943, 22.324095], [114.034981, 22.323748], [114.035042, 22.323339], [114.035126, 22.322924], [114.035187, 22.322636], [114.035355, 22.322048], [114.035477, 22.321714], [114.035774, 22.320972], [114.036133, 22.319973], [114.036354, 22.319424], [114.03653, 22.319059], [114.036751, 22.318672], [114.037018, 22.318277], [114.037338, 22.317924], [114.037491, 22.317774], [114.037651, 22.317635], [114.037918, 22.317434], [114.038208, 22.317236], [114.038383, 22.317129], [114.038597, 22.31702], [114.038864, 22.3169], [114.040878, 22.31604], [114.041397, 22.315853], [114.04203, 22.315708], [114.042336, 22.315651], [114.042831, 22.315582], [114.043198, 22.315552], [114.043678, 22.315535], [114.045074, 22.315538]]}}, {"type": "Feature", "properties": {"route_name": "Disneyland Resort Line", "type": "Subway", "network": "MTR", "color": "#E777CB"}, "geometry": {"type": "LineString", "coordinates": [[114.045074, 22.315538], [114.043678, 22.315535], [114.043198, 22.315552], [114.042831, 22.315582], [114.042336, 22.315651], [114.04203, 22.315708], [114.041397, 22.315853], [114.040878, 22.31604], [114.038864, 22.3169], [114.038597, 22.31702], [114.038383, 22.317129], [114.038208, 22.317236], [114.037918, 22.317434], [114.037651, 22.317635], [114.037491, 22.317774], [114.037338, 22.317924], [114.037018, 22.318277], [114.036751, 22.318672], [114.03653, 22.319059], [114.036354, 22.319424], [114.035568, 22.321342], [114.035431, 22.321699], [114.035309, 22.322041], [114.035149, 22.32263], [114.03508, 22.322918], [114.034996, 22.323336], [114.034927, 22.323751], [114.034897, 22.324087], [114.034859, 22.324753], [114.034866, 22.325108], [114.034882, 22.325531], [114.034966, 22.326263], [114.035118, 22.327353], [114.035324, 22.328894], [114.035347, 22.329119], [114.035355, 22.329313], [114.035347, 22.329504], [114.035324, 22.329727], [114.035225, 22.330103], [114.035149, 22.330297], [114.035057, 22.330496], [114.034927, 22.330711], [114.03479, 22.330896], [114.03463, 22.331095], [114.034424, 22.331314], [114.03421, 22.331528], [114.03373, 22.331932], [114.033478, 22.332119], [114.033257, 22.332264], [114.032982, 22.332428], [114.032745, 22.332548], [114.032509, 22.332651], [114.032211, 22.332745], [114.031975, 22.332796], [114.03167, 22.332836], [114.031334, 22.332848], [114.030869, 22.332792], [114.03051, 22.332708], [114.030342, 22.332653], [114.030182, 22.332584], [114.029892, 22.332428], [114.02964, 22.332258], [114.029327, 22.331984], [114.02906, 22.331726]]}}, {"type": "Feature", "properties": {"route_name": "East Rail Line", "type": "Commuter Rail", "network": "MTR Commuter", "color": "#61B4E4"}, "geometry": {"type": "LineString", "coordinates": [[114.113197, 22.527863], [114.113228, 22.527664], [114.113281, 22.527454], [114.113342, 22.52722], [114.113503, 22.52676], [114.113579, 22.526583], [114.11377, 22.526182], [114.11451, 22.524803], [114.115547, 22.5229], [114.115677, 22.522642], [114.115814, 22.52235], [114.115959, 22.52203], [114.116066, 22.521734], [114.116173, 22.521439], [114.116249, 22.52117], [114.11631, 22.520916], [114.116379, 22.520571], [114.116425, 22.520254], [114.116486, 22.519655], [114.116493, 22.51935], [114.116486, 22.519016], [114.116463, 22.51862], [114.116432, 22.518286], [114.116158, 22.515381], [114.116135, 22.515045], [114.116127, 22.514744], [114.116135, 22.514427], [114.116188, 22.513826], [114.116226, 22.513544], [114.116287, 22.513277], [114.116371, 22.512924], [114.116463, 22.512604], [114.116562, 22.512289], [114.116692, 22.511946], [114.116966, 22.511358], [114.117142, 22.51103], [114.117302, 22.510757], [114.117462, 22.510513], [114.11763, 22.510275], [114.117851, 22.509995], [114.118088, 22.509735], [114.118614, 22.509207], [114.118919, 22.508932], [114.120094, 22.507938], [114.121674, 22.506636], [114.122849, 22.505617], [114.123314, 22.505178], [114.124855, 22.503859], [114.125992, 22.502893], [114.126511, 22.502459], [114.126808, 22.50219], [114.127785, 22.501354], [114.127785, 22.501354], [114.128937, 22.50037], [114.129791, 22.499662], [114.134903, 22.495304], [114.138618, 22.492085], [114.138618, 22.492085], [114.139641, 22.491211], [114.140282, 22.49069], [114.141052, 22.490139], [114.14138, 22.489922], [114.141685, 22.489738], [114.141998, 22.48958], [114.142639, 22.489285], [114.143051, 22.489134], [114.143463, 22.489], [114.143822, 22.488905], [114.144257, 22.488808], [114.144707, 22.488726], [114.148216, 22.488171], [114.148506, 22.488117], [114.148857, 22.488035], [114.149284, 22.487913], [114.149811, 22.487741], [114.150169, 22.487598], [114.150459, 22.487476], [114.150902, 22.487257], [114.151146, 22.487122], [114.151382, 22.48698], [114.151634, 22.486816], [114.151955, 22.486591], [114.15242, 22.486221], [114.152763, 22.485912], [114.152954, 22.485722], [114.15316, 22.485504], [114.153503, 22.485092], [114.153839, 22.48464], [114.154137, 22.484173], [114.154266, 22.483948], [114.154396, 22.48369], [114.15451, 22.483454], [114.15461, 22.483227], [114.154709, 22.482954], [114.154785, 22.482738], [114.15493, 22.482252], [114.155022, 22.481825], [114.155067, 22.48156], [114.155128, 22.481068], [114.155151, 22.480812], [114.155159, 22.480555], [114.155159, 22.480307], [114.155151, 22.480097], [114.155136, 22.479849], [114.155083, 22.479427], [114.154984, 22.478828], [114.153328, 22.470337], [114.153244, 22.469971], [114.15313, 22.469481], [114.153053, 22.469231], [114.151199, 22.462851], [114.15107, 22.462347], [114.151024, 22.462147], [114.15094, 22.461674], [114.150894, 22.461327], [114.150864, 22.460945], [114.150848, 22.460522], [114.150864, 22.460072], [114.150894, 22.45974], [114.150932, 22.459465], [114.150993, 22.459148], [114.151031, 22.458967], [114.151123, 22.458652], [114.151291, 22.458187], [114.151489, 22.457752], [114.151588, 22.457561], [114.15181, 22.457186], [114.151962, 22.456957], [114.152122, 22.456739], [114.152298, 22.456522], [114.152481, 22.456312], [114.152679, 22.456108], [114.152878, 22.455912], [114.153091, 22.455725], [114.153313, 22.455547], [114.153679, 22.455282], [114.154037, 22.455053], [114.154633, 22.454725], [114.155083, 22.454502], [114.155357, 22.454382], [114.1558, 22.454201], [114.157776, 22.453466], [114.158272, 22.453245], [114.158508, 22.453129], [114.158836, 22.45295], [114.159088, 22.452801], [114.159576, 22.452477], [114.159798, 22.452318], [114.160088, 22.452087], [114.160301, 22.451902], [114.16066, 22.451567], [114.160973, 22.451227], [114.161087, 22.451099], [114.161087, 22.451099], [114.162193, 22.449804], [114.164444, 22.447189], [114.164711, 22.446896], [114.16497, 22.446613], [114.165268, 22.446329], [114.165619, 22.446043], [114.165886, 22.445845], [114.166214, 22.445629], [114.166367, 22.445538], [114.16687, 22.445276], [114.167183, 22.445139], [114.16748, 22.445021], [114.167999, 22.444849], [114.168617, 22.444704], [114.168884, 22.444658], [114.169083, 22.444632], [114.169479, 22.444593], [114.170532, 22.444529], [114.170532, 22.444529], [114.171303, 22.44449], [114.171516, 22.44449], [114.172859, 22.444546], [114.173401, 22.444553], [114.173676, 22.444551], [114.174011, 22.44453], [114.174316, 22.444498], [114.174683, 22.444439], [114.175133, 22.444353], [114.175926, 22.444174], [114.176437, 22.44404], [114.176804, 22.443933], [114.177551, 22.443687], [114.178001, 22.44352], [114.178444, 22.443344], [114.178925, 22.443134], [114.179344, 22.442942], [114.180046, 22.442583], [114.187752, 22.438311], [114.188141, 22.438116], [114.188599, 22.43791], [114.188789, 22.437834], [114.189163, 22.437698], [114.189499, 22.437588], [114.189896, 22.437469], [114.190628, 22.4373], [114.191307, 22.43716], [114.192284, 22.436995], [114.192627, 22.436947], [114.193275, 22.436869], [114.193977, 22.4368], [114.194695, 22.436747], [114.196251, 22.436678], [114.196419, 22.436663], [114.196716, 22.436621], [114.19696, 22.436571], [114.19722, 22.436508], [114.197495, 22.436417], [114.197746, 22.436312], [114.197952, 22.436218], [114.198128, 22.436119], [114.19841, 22.435936], [114.198547, 22.435831], [114.1987, 22.435707], [114.198936, 22.43548], [114.199127, 22.435268], [114.199211, 22.435163], [114.199425, 22.434862], [114.199493, 22.434738], [114.199646, 22.434444], [114.199722, 22.434273], [114.199867, 22.433882], [114.199997, 22.433468], [114.200272, 22.432453], [114.200356, 22.432167], [114.200531, 22.431715], [114.200653, 22.431435], [114.200867, 22.43104], [114.200996, 22.430836], [114.20121, 22.430531], [114.201515, 22.430157], [114.201767, 22.429893], [114.202072, 22.429604], [114.202477, 22.429281], [114.202843, 22.42902], [114.204941, 22.427614], [114.20533, 22.427357], [114.205719, 22.427118], [114.207756, 22.425911], [114.208122, 22.425684], [114.208786, 22.425259], [114.210098, 22.424391], [114.210907, 22.42384], [114.211189, 22.42362], [114.211494, 22.423349], [114.211769, 22.423073], [114.21196, 22.422855], [114.21212, 22.422663], [114.212296, 22.422436], [114.212502, 22.422106], [114.212631, 22.421881], [114.212746, 22.421667], [114.212936, 22.42124], [114.212997, 22.421068], [114.213089, 22.420782], [114.213142, 22.420568], [114.213242, 22.42012], [114.21328, 22.419836], [114.213295, 22.419601], [114.21331, 22.419159], [114.213303, 22.418856], [114.213287, 22.41869], [114.213264, 22.418499], [114.213219, 22.418198], [114.213158, 22.417921], [114.213097, 22.417698], [114.213013, 22.417482], [114.212959, 22.417362], [114.21286, 22.417154], [114.212677, 22.416857], [114.212578, 22.416712], [114.212456, 22.416565], [114.212204, 22.416286], [114.212067, 22.416161], [114.211151, 22.415344], [114.210861, 22.415073], [114.210747, 22.414944], [114.210556, 22.414709], [114.210381, 22.414444], [114.210297, 22.414286], [114.210228, 22.414137], [114.210114, 22.413816], [114.210052, 22.413576], [114.210052, 22.413576], [114.210014, 22.413391], [114.209991, 22.41312], [114.209991, 22.412802], [114.21003, 22.412457], [114.210052, 22.412336], [114.210114, 22.412073], [114.210228, 22.41176], [114.210815, 22.410479], [114.210938, 22.410189], [114.211021, 22.409954], [114.211082, 22.409718], [114.211121, 22.409521], [114.211136, 22.409319], [114.211143, 22.409096], [114.211136, 22.408897], [114.211098, 22.408596], [114.211052, 22.408377], [114.210976, 22.408133], [114.210861, 22.407845], [114.21077, 22.407673], [114.210609, 22.40741], [114.21051, 22.40727], [114.210388, 22.407129], [114.21022, 22.40695], [114.21003, 22.406782], [114.209808, 22.406607], [114.209579, 22.406458], [114.209366, 22.406336], [114.207138, 22.40523], [114.206688, 22.404961], [114.205635, 22.404266], [114.204971, 22.403809], [114.204346, 22.403393], [114.203331, 22.402699], [114.203133, 22.402544], [114.202911, 22.402357], [114.202682, 22.402149], [114.202477, 22.401943], [114.202293, 22.401735], [114.201981, 22.401342], [114.201828, 22.401125], [114.201256, 22.400236], [114.199982, 22.398254], [114.199059, 22.396826], [114.198257, 22.395563], [114.198257, 22.395563], [114.196732, 22.393124], [114.196075, 22.392105], [114.195793, 22.39171], [114.19548, 22.391304], [114.195267, 22.391052], [114.195015, 22.390783], [114.19487, 22.390635], [114.194588, 22.390375], [114.193596, 22.389549], [114.193176, 22.389174], [114.190155, 22.386183], [114.189926, 22.385937], [114.189705, 22.38567], [114.189522, 22.385435], [114.188675, 22.384296], [114.187347, 22.382477], [114.187347, 22.382477], [114.186249, 22.380974], [114.185349, 22.379694], [114.185013, 22.379293], [114.184471, 22.378723], [114.183899, 22.378141], [114.183434, 22.377565], [114.183098, 22.377098], [114.182755, 22.376642], [114.182297, 22.376102], [114.18206, 22.375839], [114.181694, 22.3755], [114.181351, 22.375208], [114.180962, 22.374912], [114.180061, 22.374287], [114.179649, 22.373976], [114.179665, 22.373951], [114.178467, 22.373089], [114.178467, 22.373089], [114.177269, 22.372232], [114.177193, 22.372171], [114.175163, 22.370724], [114.174583, 22.370291], [114.17424, 22.369997], [114.174065, 22.369831], [114.173851, 22.369614], [114.173553, 22.369286], [114.173355, 22.369026], [114.173035, 22.368568], [114.172379, 22.367495], [114.171425, 22.365908], [114.170853, 22.364969], [114.170715, 22.364719], [114.170586, 22.364466], [114.170486, 22.364265], [114.170319, 22.363842], [114.170242, 22.363613], [114.170135, 22.363203], [114.170059, 22.362806], [114.169998, 22.362299], [114.169991, 22.362125], [114.169991, 22.361685], [114.170013, 22.361252], [114.170044, 22.36104], [114.17012, 22.360579], [114.173553, 22.34153], [114.173782, 22.340797], [114.173897, 22.3405], [114.174019, 22.340231], [114.174469, 22.339418], [114.175674, 22.337374], [114.17588, 22.337004], [114.17588, 22.337004], [114.176102, 22.336565], [114.176216, 22.336308], [114.176331, 22.336021], [114.176453, 22.33568], [114.176559, 22.335329], [114.176674, 22.334887], [114.176735, 22.334587], [114.176796, 22.33419], [114.176834, 22.333803], [114.176857, 22.333424], [114.176865, 22.333084], [114.176849, 22.332645], [114.176819, 22.332304], [114.176788, 22.332054], [114.17672, 22.331633], [114.176674, 22.331417], [114.176605, 22.331135], [114.176476, 22.330675], [114.176384, 22.330414], [114.176254, 22.330074], [114.176109, 22.329737], [114.175888, 22.329294], [114.175415, 22.328396], [114.173485, 22.324736], [114.173103, 22.323923], [114.17292, 22.323526], [114.172874, 22.323406], [114.172791, 22.323147], [114.172745, 22.322964], [114.172661, 22.322529], [114.172615, 22.322212], [114.172615, 22.322212], [114.172592, 22.321894], [114.172585, 22.321712], [114.172607, 22.321419], [114.17263, 22.321198], [114.172668, 22.320974], [114.172699, 22.32082], [114.172798, 22.320446], [114.17292, 22.320074], [114.17482, 22.315504], [114.175377, 22.314154], [114.175545, 22.313793], [114.175674, 22.31354], [114.175781, 22.313356], [114.176018, 22.312977], [114.17617, 22.312757], [114.176514, 22.312313], [114.176842, 22.311974], [114.178368, 22.310419], [114.17878, 22.310015], [114.179077, 22.309746], [114.179848, 22.309078], [114.180908, 22.308077], [114.18132, 22.307646], [114.181442, 22.307503], [114.181534, 22.307383], [114.181587, 22.307295], [114.181664, 22.307159], [114.181717, 22.307039], [114.181824, 22.306749], [114.1819, 22.306479], [114.182083, 22.30571], [114.182167, 22.305305], [114.18232, 22.304632], [114.182373, 22.30407], [114.18235, 22.303392], [114.182327, 22.303009], [114.182327, 22.303009], [114.182304, 22.302727], [114.18219, 22.3018], [114.182091, 22.301203], [114.182014, 22.300608], [114.181931, 22.299919], [114.181892, 22.299259], [114.181885, 22.298708], [114.181923, 22.298117], [114.182014, 22.29755], [114.184471, 22.286396], [114.184555, 22.285938], [114.18457, 22.285652], [114.184555, 22.285389], [114.184509, 22.285074], [114.184387, 22.284678], [114.184273, 22.284399], [114.184105, 22.284079], [114.183884, 22.283739], [114.183357, 22.282982], [114.183136, 22.282707], [114.182999, 22.282557], [114.182777, 22.282364], [114.182503, 22.282137], [114.182236, 22.281931], [114.181938, 22.28175], [114.181595, 22.281607], [114.181206, 22.281521], [114.180847, 22.281494], [114.180443, 22.281487], [114.176605, 22.281618], [114.175919, 22.281654], [114.175919, 22.281654], [114.174141, 22.28175], [114.173828, 22.281754], [114.173271, 22.281742], [114.172585, 22.281702], [114.171997, 22.281643], [114.171677, 22.281593], [114.171371, 22.281527], [114.170815, 22.281384], [114.170448, 22.281286], [114.170128, 22.281183], [114.169815, 22.281067], [114.169182, 22.280792], [114.168846, 22.280626], [114.168602, 22.280485], [114.168266, 22.28027], [114.167969, 22.280071], [114.167671, 22.279848], [114.167427, 22.279621], [114.1661, 22.278206]]}}, {"type": "Feature", "properties": {"route_name": "East Rail Line", "type": "Commuter Rail", "network": "MTR Commuter", "color": "#61B4E4"}, "geometry": {"type": "LineString", "coordinates": [[114.065704, 22.514376], [114.06723, 22.514482], [114.06723, 22.514507], [114.067276, 22.514532], [114.067268, 22.514629], [114.067215, 22.514645], [114.067215, 22.514669], [114.067657, 22.51469], [114.068535, 22.51466], [114.069008, 22.514656], [114.069183, 22.514662], [114.07077, 22.514769], [114.071083, 22.514776], [114.071404, 22.514763], [114.071625, 22.51474], [114.071854, 22.514708], [114.07206, 22.514668], [114.072289, 22.51461], [114.072632, 22.514502], [114.072899, 22.514395], [114.07309, 22.514309], [114.073448, 22.514112], [114.073601, 22.514019], [114.07386, 22.513828], [114.074089, 22.513636], [114.074219, 22.513517], [114.074417, 22.513308], [114.074539, 22.513166], [114.074738, 22.512899], [114.074921, 22.512606], [114.07505, 22.51236], [114.075111, 22.51223], [114.075233, 22.51193], [114.076538, 22.508257], [114.076729, 22.507761], [114.076866, 22.507454], [114.077019, 22.507158], [114.077187, 22.506886], [114.077415, 22.506546], [114.077721, 22.50618], [114.07798, 22.505913], [114.078163, 22.505745], [114.078377, 22.505562], [114.078705, 22.505318], [114.078979, 22.505138], [114.079292, 22.504959], [114.079681, 22.504776], [114.079956, 22.504665], [114.080269, 22.50456], [114.080635, 22.504463], [114.080948, 22.5044], [114.081436, 22.504345], [114.082108, 22.504307], [114.082397, 22.504303], [114.082985, 22.504324], [114.084778, 22.504482], [114.085526, 22.504631], [114.085922, 22.504738], [114.086288, 22.504887], [114.086777, 22.505096], [114.087616, 22.505543], [114.088036, 22.505751], [114.088501, 22.505915], [114.095131, 22.50736], [114.095955, 22.50749], [114.096741, 22.507589], [114.097649, 22.507605], [114.098236, 22.507626], [114.101936, 22.5077], [114.118919, 22.507744], [114.119179, 22.507727], [114.119644, 22.507669], [114.11985, 22.507631], [114.120239, 22.507532], [114.120407, 22.507473], [114.120728, 22.507315], [114.121078, 22.507113], [114.121239, 22.507008], [114.121414, 22.506876], [114.122391, 22.506046], [114.123962, 22.504688], [114.124794, 22.503988], [114.125946, 22.503033], [114.126358, 22.502651], [114.126549, 22.502487], [114.126839, 22.502209], [114.127808, 22.501379], [114.127808, 22.501379], [114.128998, 22.50036], [114.129593, 22.499878], [114.13488, 22.495373], [114.137558, 22.493031], [114.138641, 22.492113], [114.138641, 22.492113], [114.139679, 22.49123], [114.140358, 22.490675], [114.14109, 22.490158], [114.141724, 22.489761], [114.142006, 22.489613], [114.142265, 22.489491], [114.142677, 22.489315], [114.142914, 22.48922], [114.143227, 22.489111], [114.143539, 22.489016], [114.144051, 22.488888], [114.144333, 22.488829], [114.144608, 22.488777], [114.148033, 22.488235], [114.148499, 22.488153], [114.148781, 22.488092], [114.149055, 22.488022], [114.149391, 22.487923], [114.149864, 22.487761], [114.150459, 22.487514], [114.150917, 22.487288], [114.151169, 22.48715], [114.151398, 22.487011], [114.151711, 22.486809], [114.151978, 22.486618], [114.152229, 22.486422], [114.152496, 22.486204], [114.152863, 22.48587], [114.152985, 22.485744], [114.153252, 22.485453], [114.153511, 22.485144], [114.153786, 22.484785], [114.15403, 22.484421], [114.154289, 22.483976], [114.154449, 22.48366], [114.154541, 22.483467], [114.154648, 22.483221], [114.154747, 22.482965], [114.154823, 22.482737], [114.154953, 22.482313], [114.15506, 22.481834], [114.155136, 22.48135], [114.155167, 22.481091], [114.15519, 22.480808], [114.155197, 22.480301], [114.155182, 22.47999], [114.155151, 22.47961], [114.15509, 22.479202], [114.154991, 22.47868], [114.153404, 22.470549], [114.15329, 22.469967], [114.153221, 22.469698], [114.153107, 22.469269], [114.151237, 22.462841], [114.151108, 22.462339], [114.151024, 22.461948], [114.150978, 22.461668], [114.150925, 22.461199], [114.150894, 22.460659], [114.150887, 22.460402], [114.150902, 22.460073], [114.150925, 22.459826], [114.150955, 22.45957], [114.151016, 22.459221], [114.1511, 22.458887], [114.151161, 22.458664], [114.151237, 22.458443], [114.151329, 22.4582], [114.151428, 22.45797], [114.151527, 22.457767], [114.151726, 22.457392], [114.15184, 22.457205], [114.151993, 22.456976], [114.152153, 22.45676], [114.152344, 22.456528], [114.152512, 22.456335], [114.152702, 22.456133], [114.152908, 22.455936], [114.153122, 22.455751], [114.153343, 22.455572], [114.153702, 22.455311], [114.154076, 22.455076], [114.154503, 22.454832], [114.155106, 22.454535], [114.155365, 22.454414], [114.155815, 22.454237], [114.157486, 22.453615], [114.157967, 22.45343], [114.158348, 22.453253], [114.158531, 22.453157], [114.158859, 22.452978], [114.159111, 22.452829], [114.159607, 22.452505], [114.159821, 22.452347], [114.160118, 22.452112], [114.160332, 22.451929], [114.16069, 22.451591], [114.161118, 22.451126], [114.161118, 22.451126], [114.162224, 22.449827], [114.164482, 22.44721], [114.164825, 22.446825], [114.1651, 22.446547], [114.165298, 22.446363], [114.165649, 22.446087], [114.165993, 22.44585], [114.166412, 22.445604], [114.166756, 22.445435], [114.166916, 22.445366], [114.167244, 22.445236], [114.167519, 22.445145], [114.167763, 22.445076], [114.168053, 22.445002], [114.168343, 22.444944], [114.168663, 22.444899], [114.168907, 22.444872], [114.170547, 22.444773], [114.170547, 22.444773], [114.171516, 22.444723], [114.172897, 22.444695], [114.17318, 22.444677], [114.173828, 22.444601], [114.174393, 22.444527], [114.175148, 22.444387], [114.175484, 22.444315], [114.175934, 22.444208], [114.176445, 22.444075], [114.177147, 22.443861], [114.177559, 22.44372], [114.178017, 22.443554], [114.178452, 22.443378], [114.17894, 22.443169], [114.179359, 22.442976], [114.180069, 22.442614], [114.182137, 22.441469], [114.18409, 22.44038], [114.187363, 22.438576], [114.187943, 22.438271], [114.188324, 22.438101], [114.188705, 22.437952], [114.189163, 22.437799], [114.189537, 22.437695], [114.189919, 22.437605], [114.190285, 22.437534], [114.190643, 22.437479], [114.191772, 22.437338], [114.196312, 22.436794], [114.196632, 22.436743], [114.196846, 22.436697], [114.197105, 22.436632], [114.197388, 22.436537], [114.197655, 22.436428], [114.197876, 22.436321], [114.198074, 22.436213], [114.198288, 22.436077], [114.19857, 22.435867], [114.198723, 22.43574], [114.198967, 22.435507], [114.199074, 22.435394], [114.199242, 22.43519], [114.199463, 22.434881], [114.199623, 22.434605], [114.199768, 22.434294], [114.199913, 22.433889], [114.20002, 22.43351], [114.200317, 22.432434], [114.200447, 22.432037], [114.200508, 22.431873], [114.200623, 22.431599], [114.200768, 22.431301], [114.200844, 22.43117], [114.201027, 22.430855], [114.201134, 22.430696], [114.201241, 22.430552], [114.201447, 22.43029], [114.201553, 22.430174], [114.20179, 22.42992], [114.202103, 22.429628], [114.202499, 22.42931], [114.202873, 22.429047], [114.205139, 22.427526], [114.205742, 22.427149], [114.207779, 22.425936], [114.208145, 22.425714], [114.208801, 22.425287], [114.210121, 22.424423], [114.210915, 22.423882], [114.211205, 22.423653], [114.211487, 22.423405], [114.21183, 22.423061], [114.212013, 22.422853], [114.212173, 22.422661], [114.212318, 22.422461], [114.212425, 22.422297], [114.21254, 22.422121], [114.212776, 22.421682], [114.212967, 22.421251], [114.213036, 22.421062], [114.213181, 22.420574], [114.21328, 22.42013], [114.213318, 22.41984], [114.213333, 22.419607], [114.213348, 22.419363], [114.213348, 22.419022], [114.213348, 22.418865], [114.213318, 22.418568], [114.213249, 22.418127], [114.213196, 22.417919], [114.213135, 22.417694], [114.213013, 22.417374], [114.212898, 22.417152], [114.212814, 22.416998], [114.212715, 22.416842], [114.212616, 22.4167], [114.212486, 22.41654], [114.212334, 22.416363], [114.212112, 22.41614], [114.211952, 22.415997], [114.211029, 22.415186], [114.210793, 22.414948], [114.210716, 22.414852], [114.210548, 22.414635], [114.210373, 22.414351], [114.210213, 22.413986], [114.210144, 22.413803], [114.210091, 22.413568], [114.210091, 22.413568], [114.210052, 22.413385], [114.21003, 22.413151], [114.210022, 22.412994], [114.21003, 22.412796], [114.210037, 22.412647], [114.210068, 22.412476], [114.210136, 22.412149], [114.210197, 22.411964], [114.210266, 22.41177], [114.210739, 22.410738], [114.210976, 22.410196], [114.211021, 22.410067], [114.211098, 22.409828], [114.211159, 22.409513], [114.211174, 22.409306], [114.211182, 22.409086], [114.211174, 22.408895], [114.211136, 22.408575], [114.211098, 22.4084], [114.211029, 22.408163], [114.210968, 22.407995], [114.210892, 22.407833], [114.210808, 22.407658], [114.210724, 22.40752], [114.210533, 22.407246], [114.210419, 22.407104], [114.210243, 22.406925], [114.210114, 22.406801], [114.209885, 22.406616], [114.20961, 22.406433], [114.209381, 22.406305], [114.209091, 22.406155], [114.207558, 22.405407], [114.207291, 22.405262], [114.206787, 22.404974], [114.20652, 22.404806], [114.204391, 22.403379], [114.203369, 22.402676], [114.20314, 22.402506], [114.20282, 22.402222], [114.202507, 22.401917], [114.202332, 22.401722], [114.201988, 22.401283], [114.20182, 22.401039], [114.200394, 22.398821], [114.200096, 22.39813], [114.199844, 22.39764], [114.199234, 22.396721], [114.198921, 22.396208], [114.198441, 22.395451], [114.198441, 22.395451], [114.198097, 22.394917], [114.195862, 22.391731], [114.195572, 22.39135], [114.195297, 22.391029], [114.195099, 22.390812], [114.194893, 22.390606], [114.194534, 22.390268], [114.193672, 22.389561], [114.193268, 22.3892], [114.192932, 22.38888], [114.190186, 22.38616], [114.189957, 22.385914], [114.189735, 22.385647], [114.189377, 22.385181], [114.187363, 22.38246], [114.187363, 22.38246], [114.186401, 22.381134], [114.185387, 22.379671], [114.185051, 22.379265], [114.184853, 22.379053], [114.183937, 22.378113], [114.183472, 22.377535], [114.183136, 22.377071], [114.182785, 22.376621], [114.182335, 22.37608], [114.182091, 22.375807], [114.181725, 22.375465], [114.181381, 22.375174], [114.180984, 22.37488], [114.180496, 22.374544], [114.178467, 22.373089], [114.178467, 22.373089], [114.177269, 22.372232], [114.177193, 22.372171], [114.175163, 22.370724], [114.174583, 22.370291], [114.17424, 22.369997], [114.174065, 22.369831], [114.173851, 22.369614], [114.173553, 22.369286], [114.173355, 22.369026], [114.173035, 22.368568], [114.172379, 22.367495], [114.171425, 22.365908], [114.170853, 22.364969], [114.170715, 22.364719], [114.170586, 22.364466], [114.170486, 22.364265], [114.170319, 22.363842], [114.170242, 22.363613], [114.170135, 22.363203], [114.170059, 22.362806], [114.169998, 22.362299], [114.169991, 22.362125], [114.169991, 22.361685], [114.170013, 22.361252], [114.170044, 22.36104], [114.17012, 22.360579], [114.173553, 22.34153], [114.173782, 22.340797], [114.173897, 22.3405], [114.174019, 22.340231], [114.174469, 22.339418], [114.175674, 22.337374], [114.17588, 22.337004], [114.17588, 22.337004], [114.176102, 22.336565], [114.176216, 22.336308], [114.176331, 22.336021], [114.176453, 22.33568], [114.176559, 22.335329], [114.176674, 22.334887], [114.176735, 22.334587], [114.176796, 22.33419], [114.176834, 22.333803], [114.176857, 22.333424], [114.176865, 22.333084], [114.176849, 22.332645], [114.176819, 22.332304], [114.176788, 22.332054], [114.17672, 22.331633], [114.176674, 22.331417], [114.176605, 22.331135], [114.176476, 22.330675], [114.176384, 22.330414], [114.176254, 22.330074], [114.176109, 22.329737], [114.175888, 22.329294], [114.175415, 22.328396], [114.173485, 22.324736], [114.173103, 22.323923], [114.17292, 22.323526], [114.172874, 22.323406], [114.172791, 22.323147], [114.172745, 22.322964], [114.172661, 22.322529], [114.172615, 22.322212], [114.172615, 22.322212], [114.172592, 22.321894], [114.172585, 22.321712], [114.172607, 22.321419], [114.17263, 22.321198], [114.172668, 22.320974], [114.172699, 22.32082], [114.172798, 22.320446], [114.17292, 22.320074], [114.17482, 22.315504], [114.175377, 22.314154], [114.175545, 22.313793], [114.175674, 22.31354], [114.175781, 22.313356], [114.176018, 22.312977], [114.17617, 22.312757], [114.176514, 22.312313], [114.176842, 22.311974], [114.178368, 22.310419], [114.17878, 22.310015], [114.179077, 22.309746], [114.179848, 22.309078], [114.180908, 22.308077], [114.18132, 22.307646], [114.181442, 22.307503], [114.181534, 22.307383], [114.181587, 22.307295], [114.181664, 22.307159], [114.181717, 22.307039], [114.181824, 22.306749], [114.1819, 22.306479], [114.182083, 22.30571], [114.182167, 22.305305], [114.18232, 22.304632], [114.182373, 22.30407], [114.18235, 22.303392], [114.182327, 22.303009], [114.182327, 22.303009], [114.182304, 22.302727], [114.18219, 22.3018], [114.182091, 22.301203], [114.182014, 22.300608], [114.181931, 22.299919], [114.181892, 22.299259], [114.181885, 22.298708], [114.181923, 22.298117], [114.182014, 22.29755], [114.184471, 22.286396], [114.184555, 22.285938], [114.18457, 22.285652], [114.184555, 22.285389], [114.184509, 22.285074], [114.184387, 22.284678], [114.184273, 22.284399], [114.184105, 22.284079], [114.183884, 22.283739], [114.183357, 22.282982], [114.183136, 22.282707], [114.182999, 22.282557], [114.182777, 22.282364], [114.182503, 22.282137], [114.182236, 22.281931], [114.181938, 22.28175], [114.181595, 22.281607], [114.181206, 22.281521], [114.180847, 22.281494], [114.180443, 22.281487], [114.176605, 22.281618], [114.175919, 22.281654], [114.175919, 22.281654], [114.174141, 22.28175], [114.173828, 22.281754], [114.173271, 22.281742], [114.172585, 22.281702], [114.171997, 22.281643], [114.171677, 22.281593], [114.171371, 22.281527], [114.170815, 22.281384], [114.170448, 22.281286], [114.170128, 22.281183], [114.169815, 22.281067], [114.169182, 22.280792], [114.168846, 22.280626], [114.168602, 22.280485], [114.168266, 22.28027], [114.167969, 22.280071], [114.167671, 22.279848], [114.167427, 22.279621], [114.1661, 22.278206]]}}, {"type": "Feature", "properties": {"route_name": "East Rail Line", "type": "Commuter Rail", "network": "MTR Commuter", "color": "#61B4E4"}, "geometry": {"type": "LineString", "coordinates": [[114.165771, 22.278454], [114.166519, 22.279198], [114.166794, 22.279434], [114.16703, 22.279627], [114.167656, 22.280058], [114.167938, 22.280235], [114.168655, 22.280636], [114.169136, 22.280867], [114.169502, 22.281023], [114.169815, 22.281153], [114.170105, 22.28126], [114.170425, 22.281349], [114.170792, 22.281441], [114.171364, 22.281557], [114.171677, 22.281609], [114.171997, 22.281651], [114.172935, 22.281727], [114.173561, 22.281752], [114.174141, 22.28175], [114.175667, 22.281668], [114.175667, 22.281668], [114.176605, 22.281618], [114.180443, 22.281487], [114.18084, 22.281513], [114.181198, 22.281572], [114.181572, 22.281694], [114.181938, 22.281868], [114.182198, 22.282038], [114.182442, 22.282225], [114.182899, 22.282612], [114.183052, 22.282784], [114.183258, 22.283039], [114.1838, 22.283812], [114.184044, 22.284231], [114.184181, 22.284504], [114.18428, 22.284758], [114.184372, 22.285107], [114.184418, 22.285416], [114.184433, 22.285656], [114.18441, 22.285917], [114.181885, 22.297527], [114.181793, 22.298103], [114.18177, 22.298706], [114.181786, 22.299255], [114.181808, 22.299564], [114.181931, 22.300613], [114.182014, 22.301216], [114.182068, 22.301832], [114.182167, 22.302738], [114.182198, 22.303024], [114.182198, 22.303024], [114.182281, 22.30407], [114.182289, 22.304207], [114.182259, 22.304623], [114.182037, 22.305702], [114.181862, 22.306471], [114.181786, 22.306738], [114.181679, 22.307028], [114.181625, 22.307144], [114.181496, 22.30736], [114.181404, 22.307478], [114.181038, 22.307878], [114.179817, 22.309052], [114.17923, 22.309559], [114.179047, 22.309713], [114.178749, 22.309982], [114.178329, 22.310387], [114.176804, 22.311941], [114.176483, 22.312286], [114.176231, 22.312605], [114.175987, 22.312958], [114.175751, 22.313337], [114.175545, 22.313711], [114.175331, 22.314157], [114.174751, 22.315573], [114.172859, 22.320129], [114.172752, 22.320438], [114.172623, 22.32098], [114.172569, 22.321413], [114.172546, 22.321714], [114.172562, 22.322077], [114.172577, 22.32221], [114.172577, 22.32221], [114.1726, 22.322407], [114.172707, 22.322973], [114.172798, 22.323298], [114.172844, 22.323414], [114.172943, 22.323648], [114.173447, 22.324745], [114.175262, 22.328182], [114.175858, 22.329317], [114.176071, 22.329752], [114.176216, 22.33009], [114.176346, 22.330431], [114.176437, 22.330687], [114.176582, 22.331188], [114.176682, 22.331621], [114.176735, 22.331972], [114.176781, 22.332348], [114.176811, 22.332705], [114.176819, 22.332968], [114.176819, 22.33342], [114.176804, 22.333746], [114.176765, 22.33411], [114.176735, 22.334352], [114.176659, 22.334745], [114.176598, 22.335035], [114.17646, 22.335526], [114.176353, 22.335846], [114.176178, 22.336296], [114.175957, 22.336777], [114.175842, 22.336998], [114.175842, 22.336998], [114.175713, 22.337229], [114.17527, 22.337992], [114.174263, 22.339689], [114.173981, 22.340219], [114.173866, 22.340471], [114.173752, 22.340778], [114.173515, 22.341503], [114.170052, 22.360725], [114.170006, 22.36104], [114.16996, 22.361469], [114.169945, 22.361683], [114.169945, 22.361895], [114.169945, 22.362123], [114.169983, 22.362518], [114.170029, 22.362885], [114.17009, 22.363211], [114.170166, 22.363508], [114.170273, 22.363844], [114.170364, 22.364094], [114.170486, 22.364361], [114.170677, 22.364737], [114.170952, 22.365206], [114.172836, 22.368332], [114.173004, 22.368593], [114.17321, 22.3689], [114.173439, 22.3692], [114.173622, 22.369423], [114.173813, 22.369637], [114.174026, 22.36985], [114.174355, 22.370146], [114.174553, 22.370312], [114.174889, 22.370569], [114.178398, 22.373083], [114.178398, 22.373083], [114.179649, 22.373976], [114.180061, 22.374287], [114.180962, 22.374912], [114.181351, 22.375208], [114.181694, 22.3755], [114.18206, 22.375839], [114.182297, 22.376102], [114.182755, 22.376642], [114.183098, 22.377098], [114.183434, 22.377565], [114.183899, 22.378141], [114.184471, 22.378723], [114.185013, 22.379293], [114.185349, 22.379694], [114.186249, 22.380974], [114.187332, 22.382462], [114.187332, 22.382462], [114.188675, 22.384296], [114.189522, 22.385435], [114.189705, 22.38567], [114.189926, 22.385937], [114.190155, 22.386183], [114.193176, 22.389174], [114.193596, 22.389549], [114.194588, 22.390375], [114.19487, 22.390635], [114.195015, 22.390783], [114.195267, 22.391052], [114.19548, 22.391304], [114.195793, 22.39171], [114.196075, 22.392105], [114.196732, 22.393124], [114.198326, 22.395666], [114.198326, 22.395666], [114.199059, 22.396826], [114.199982, 22.398254], [114.201256, 22.400236], [114.201828, 22.401125], [114.201981, 22.401342], [114.202293, 22.401735], [114.202477, 22.401943], [114.202682, 22.402149], [114.202911, 22.402357], [114.203133, 22.402544], [114.203331, 22.402699], [114.204346, 22.403393], [114.204971, 22.403809], [114.205635, 22.404266], [114.206688, 22.404961], [114.207138, 22.40523], [114.209366, 22.406336], [114.209579, 22.406458], [114.209808, 22.406607], [114.21003, 22.406782], [114.21022, 22.40695], [114.210388, 22.407129], [114.21051, 22.40727], [114.210609, 22.40741], [114.21077, 22.407673], [114.210861, 22.407845], [114.210976, 22.408133], [114.211052, 22.408377], [114.211098, 22.408596], [114.211136, 22.408897], [114.211143, 22.409096], [114.211136, 22.409319], [114.211121, 22.409521], [114.211082, 22.409718], [114.211021, 22.409954], [114.210938, 22.410189], [114.210815, 22.410479], [114.210228, 22.41176], [114.210114, 22.412073], [114.210052, 22.412336], [114.21003, 22.412457], [114.209991, 22.412802], [114.209991, 22.41312], [114.210014, 22.413391], [114.210052, 22.413576], [114.210052, 22.413576], [114.210114, 22.413816], [114.210228, 22.414137], [114.210297, 22.414286], [114.210381, 22.414444], [114.210556, 22.414709], [114.210747, 22.414944], [114.210861, 22.415073], [114.211151, 22.415344], [114.212067, 22.416161], [114.212204, 22.416286], [114.212456, 22.416565], [114.212578, 22.416712], [114.212677, 22.416857], [114.21286, 22.417154], [114.212959, 22.417362], [114.213013, 22.417482], [114.213097, 22.417698], [114.213158, 22.417921], [114.213219, 22.418198], [114.213264, 22.418499], [114.213287, 22.41869], [114.213303, 22.418856], [114.21331, 22.419159], [114.213295, 22.419601], [114.21328, 22.419836], [114.213242, 22.42012], [114.213142, 22.420568], [114.213089, 22.420782], [114.212997, 22.421068], [114.212936, 22.42124], [114.212746, 22.421667], [114.212631, 22.421881], [114.212502, 22.422106], [114.212296, 22.422436], [114.21212, 22.422663], [114.21196, 22.422855], [114.211769, 22.423073], [114.211494, 22.423349], [114.211189, 22.42362], [114.210907, 22.42384], [114.210098, 22.424391], [114.208786, 22.425259], [114.208122, 22.425684], [114.207756, 22.425911], [114.205719, 22.427118], [114.20533, 22.427357], [114.204941, 22.427614], [114.202843, 22.42902], [114.202477, 22.429281], [114.202072, 22.429604], [114.201767, 22.429893], [114.201515, 22.430157], [114.20121, 22.430531], [114.200996, 22.430836], [114.200867, 22.43104], [114.200653, 22.431435], [114.200531, 22.431715], [114.200356, 22.432167], [114.200272, 22.432453], [114.199997, 22.433468], [114.199867, 22.433882], [114.199722, 22.434273], [114.199646, 22.434444], [114.199493, 22.434738], [114.199425, 22.434862], [114.199211, 22.435163], [114.199127, 22.435268], [114.198936, 22.43548], [114.1987, 22.435707], [114.198547, 22.435831], [114.19841, 22.435936], [114.198128, 22.436119], [114.197952, 22.436218], [114.197746, 22.436312], [114.197495, 22.436417], [114.19722, 22.436508], [114.19696, 22.436571], [114.196716, 22.436621], [114.196419, 22.436663], [114.196251, 22.436678], [114.194695, 22.436747], [114.193977, 22.4368], [114.193275, 22.436869], [114.192627, 22.436947], [114.192284, 22.436995], [114.191307, 22.43716], [114.190628, 22.4373], [114.189896, 22.437469], [114.189499, 22.437588], [114.189163, 22.437698], [114.188789, 22.437834], [114.188599, 22.43791], [114.188141, 22.438116], [114.187752, 22.438311], [114.180046, 22.442583], [114.179344, 22.442942], [114.178925, 22.443134], [114.178444, 22.443344], [114.178001, 22.44352], [114.177551, 22.443687], [114.176804, 22.443933], [114.176437, 22.44404], [114.175926, 22.444174], [114.175133, 22.444353], [114.174683, 22.444439], [114.174316, 22.444498], [114.174011, 22.44453], [114.173676, 22.444551], [114.173401, 22.444553], [114.172859, 22.444546], [114.171516, 22.44449], [114.171303, 22.44449], [114.170509, 22.44453], [114.170509, 22.44453], [114.169479, 22.444593], [114.169083, 22.444632], [114.168884, 22.444658], [114.168617, 22.444704], [114.167999, 22.444849], [114.16748, 22.445021], [114.167183, 22.445139], [114.16687, 22.445276], [114.166367, 22.445538], [114.166214, 22.445629], [114.165886, 22.445845], [114.165619, 22.446043], [114.165268, 22.446329], [114.16497, 22.446613], [114.164711, 22.446896], [114.164444, 22.447189], [114.162193, 22.449804], [114.16114, 22.45104], [114.16114, 22.45104], [114.160973, 22.451227], [114.16066, 22.451567], [114.160301, 22.451902], [114.160088, 22.452087], [114.159798, 22.452318], [114.159576, 22.452477], [114.159088, 22.452801], [114.158836, 22.45295], [114.158508, 22.453129], [114.158272, 22.453245], [114.157776, 22.453466], [114.1558, 22.454201], [114.155357, 22.454382], [114.155083, 22.454502], [114.154633, 22.454725], [114.154037, 22.455053], [114.153679, 22.455282], [114.153313, 22.455547], [114.153091, 22.455725], [114.152878, 22.455912], [114.152679, 22.456108], [114.152481, 22.456312], [114.152298, 22.456522], [114.152122, 22.456739], [114.151962, 22.456957], [114.15181, 22.457186], [114.151588, 22.457561], [114.151489, 22.457752], [114.151291, 22.458187], [114.151123, 22.458652], [114.151031, 22.458967], [114.150993, 22.459148], [114.150932, 22.459465], [114.150894, 22.45974], [114.150864, 22.460072], [114.150848, 22.460522], [114.150864, 22.460945], [114.150894, 22.461327], [114.15094, 22.461674], [114.151024, 22.462147], [114.15107, 22.462347], [114.151199, 22.462851], [114.153053, 22.469231], [114.15313, 22.469481], [114.153244, 22.469971], [114.153328, 22.470337], [114.154984, 22.478828], [114.155083, 22.479427], [114.155136, 22.479849], [114.155151, 22.480097], [114.155159, 22.480307], [114.155159, 22.480555], [114.155151, 22.480812], [114.155128, 22.481068], [114.155067, 22.48156], [114.155022, 22.481825], [114.15493, 22.482252], [114.154785, 22.482738], [114.154709, 22.482954], [114.15461, 22.483227], [114.15451, 22.483454], [114.154396, 22.48369], [114.154266, 22.483948], [114.154137, 22.484173], [114.153839, 22.48464], [114.153503, 22.485092], [114.15316, 22.485504], [114.152954, 22.485722], [114.152763, 22.485912], [114.15242, 22.486221], [114.151955, 22.486591], [114.151634, 22.486816], [114.151382, 22.48698], [114.151146, 22.487122], [114.150902, 22.487257], [114.150459, 22.487476], [114.150169, 22.487598], [114.149811, 22.487741], [114.149284, 22.487913], [114.148857, 22.488035], [114.148506, 22.488117], [114.148216, 22.488171], [114.144707, 22.488726], [114.144257, 22.488808], [114.143822, 22.488905], [114.143463, 22.489], [114.143051, 22.489134], [114.142639, 22.489285], [114.141998, 22.48958], [114.141685, 22.489738], [114.14138, 22.489922], [114.141052, 22.490139], [114.140282, 22.49069], [114.139641, 22.491211], [114.138618, 22.492083], [114.138618, 22.492083], [114.134903, 22.495304], [114.129791, 22.499662], [114.128937, 22.50037], [114.127724, 22.501406], [114.127724, 22.501406], [114.126808, 22.50219], [114.126511, 22.502459], [114.125992, 22.502893], [114.124855, 22.503859], [114.123314, 22.505178], [114.121239, 22.506916], [114.121063, 22.507036], [114.120697, 22.507257], [114.120377, 22.507406], [114.120216, 22.507462], [114.119843, 22.507561], [114.119408, 22.507627], [114.119179, 22.507654], [114.118919, 22.507671], [114.101997, 22.507616], [114.097923, 22.507538], [114.097298, 22.507517], [114.096764, 22.507507], [114.096146, 22.507439], [114.095184, 22.507284], [114.088539, 22.505842], [114.088074, 22.505684], [114.087631, 22.505461], [114.086845, 22.505039], [114.086304, 22.504805], [114.085945, 22.504673], [114.085541, 22.504562], [114.084778, 22.504425], [114.084038, 22.504362], [114.08239, 22.50424], [114.082146, 22.504244], [114.081429, 22.504288], [114.080933, 22.504339], [114.080627, 22.504404], [114.080421, 22.504457], [114.080254, 22.504507], [114.079926, 22.50462], [114.079628, 22.504747], [114.079292, 22.50491], [114.078957, 22.505098], [114.078682, 22.505278], [114.078354, 22.505526], [114.078133, 22.505713], [114.077934, 22.505892], [114.077682, 22.506159], [114.077415, 22.506479], [114.077156, 22.506847], [114.076981, 22.507135], [114.076828, 22.507435], [114.076691, 22.507742], [114.076553, 22.508087], [114.075195, 22.511904], [114.075073, 22.512209], [114.075005, 22.512358], [114.07489, 22.512579], [114.074699, 22.51288], [114.074493, 22.513149], [114.074379, 22.513283], [114.074181, 22.513494], [114.073952, 22.5137], [114.073708, 22.513889], [114.073425, 22.514076], [114.073059, 22.514275], [114.072708, 22.514425], [114.072502, 22.514502], [114.072281, 22.514568], [114.072044, 22.514626], [114.071854, 22.514664], [114.071625, 22.514698], [114.071396, 22.514719], [114.071083, 22.514732], [114.070778, 22.514725], [114.065704, 22.514376]]}}, {"type": "Feature", "properties": {"route_name": "East Rail Line", "type": "Commuter Rail", "network": "MTR Commuter", "color": "#61B4E4"}, "geometry": {"type": "LineString", "coordinates": [[114.165771, 22.278454], [114.166519, 22.279198], [114.166794, 22.279434], [114.16703, 22.279627], [114.167656, 22.280058], [114.167938, 22.280235], [114.168655, 22.280636], [114.169136, 22.280867], [114.169502, 22.281023], [114.169815, 22.281153], [114.170105, 22.28126], [114.170425, 22.281349], [114.170792, 22.281441], [114.171364, 22.281557], [114.171677, 22.281609], [114.171997, 22.281651], [114.172935, 22.281727], [114.173561, 22.281752], [114.174141, 22.28175], [114.175667, 22.281668], [114.175667, 22.281668], [114.176605, 22.281618], [114.180443, 22.281487], [114.18084, 22.281513], [114.181198, 22.281572], [114.181572, 22.281694], [114.181938, 22.281868], [114.182198, 22.282038], [114.182442, 22.282225], [114.182899, 22.282612], [114.183052, 22.282784], [114.183258, 22.283039], [114.1838, 22.283812], [114.184044, 22.284231], [114.184181, 22.284504], [114.18428, 22.284758], [114.184372, 22.285107], [114.184418, 22.285416], [114.184433, 22.285656], [114.18441, 22.285917], [114.181885, 22.297527], [114.181793, 22.298103], [114.18177, 22.298706], [114.181786, 22.299255], [114.181808, 22.299564], [114.181931, 22.300613], [114.182014, 22.301216], [114.182068, 22.301832], [114.182167, 22.302738], [114.182198, 22.303024], [114.182198, 22.303024], [114.182281, 22.30407], [114.182289, 22.304207], [114.182259, 22.304623], [114.182037, 22.305702], [114.181862, 22.306471], [114.181786, 22.306738], [114.181679, 22.307028], [114.181625, 22.307144], [114.181496, 22.30736], [114.181404, 22.307478], [114.181038, 22.307878], [114.179817, 22.309052], [114.17923, 22.309559], [114.179047, 22.309713], [114.178749, 22.309982], [114.178329, 22.310387], [114.176804, 22.311941], [114.176483, 22.312286], [114.176231, 22.312605], [114.175987, 22.312958], [114.175751, 22.313337], [114.175545, 22.313711], [114.175331, 22.314157], [114.174751, 22.315573], [114.172859, 22.320129], [114.172752, 22.320438], [114.172623, 22.32098], [114.172569, 22.321413], [114.172546, 22.321714], [114.172562, 22.322077], [114.172577, 22.32221], [114.172577, 22.32221], [114.1726, 22.322407], [114.172707, 22.322973], [114.172798, 22.323298], [114.172844, 22.323414], [114.172943, 22.323648], [114.173447, 22.324745], [114.175262, 22.328182], [114.175858, 22.329317], [114.176071, 22.329752], [114.176216, 22.33009], [114.176346, 22.330431], [114.176437, 22.330687], [114.176582, 22.331188], [114.176682, 22.331621], [114.176735, 22.331972], [114.176781, 22.332348], [114.176811, 22.332705], [114.176819, 22.332968], [114.176819, 22.33342], [114.176804, 22.333746], [114.176765, 22.33411], [114.176735, 22.334352], [114.176659, 22.334745], [114.176598, 22.335035], [114.17646, 22.335526], [114.176353, 22.335846], [114.176178, 22.336296], [114.175957, 22.336777], [114.175842, 22.336998], [114.175842, 22.336998], [114.175713, 22.337229], [114.17527, 22.337992], [114.174263, 22.339689], [114.173981, 22.340219], [114.173866, 22.340471], [114.173752, 22.340778], [114.173515, 22.341503], [114.170052, 22.360725], [114.170006, 22.36104], [114.16996, 22.361469], [114.169945, 22.361683], [114.169945, 22.361895], [114.169945, 22.362123], [114.169983, 22.362518], [114.170029, 22.362885], [114.17009, 22.363211], [114.170166, 22.363508], [114.170273, 22.363844], [114.170364, 22.364094], [114.170486, 22.364361], [114.170677, 22.364737], [114.170952, 22.365206], [114.172836, 22.368332], [114.173004, 22.368593], [114.17321, 22.3689], [114.173439, 22.3692], [114.173622, 22.369423], [114.173813, 22.369637], [114.174026, 22.36985], [114.174355, 22.370146], [114.174553, 22.370312], [114.174889, 22.370569], [114.178398, 22.373083], [114.178398, 22.373083], [114.179649, 22.373976], [114.180061, 22.374287], [114.180962, 22.374912], [114.181351, 22.375208], [114.181694, 22.3755], [114.18206, 22.375839], [114.182297, 22.376102], [114.182755, 22.376642], [114.183098, 22.377098], [114.183434, 22.377565], [114.183899, 22.378141], [114.184471, 22.378723], [114.185013, 22.379293], [114.185349, 22.379694], [114.186249, 22.380974], [114.187332, 22.382462], [114.187332, 22.382462], [114.188675, 22.384296], [114.189522, 22.385435], [114.189705, 22.38567], [114.189926, 22.385937], [114.190155, 22.386183], [114.193176, 22.389174], [114.193596, 22.389549], [114.194588, 22.390375], [114.19487, 22.390635], [114.195015, 22.390783], [114.195267, 22.391052], [114.19548, 22.391304], [114.195793, 22.39171], [114.196075, 22.392105], [114.196732, 22.393124], [114.198326, 22.395666], [114.198326, 22.395666], [114.199059, 22.396826], [114.199982, 22.398254], [114.201256, 22.400236], [114.201828, 22.401125], [114.201981, 22.401342], [114.202293, 22.401735], [114.202477, 22.401943], [114.202682, 22.402149], [114.202911, 22.402357], [114.203133, 22.402544], [114.203331, 22.402699], [114.204346, 22.403393], [114.204971, 22.403809], [114.205635, 22.404266], [114.206688, 22.404961], [114.207138, 22.40523], [114.209366, 22.406336], [114.209579, 22.406458], [114.209808, 22.406607], [114.21003, 22.406782], [114.21022, 22.40695], [114.210388, 22.407129], [114.21051, 22.40727], [114.210609, 22.40741], [114.21077, 22.407673], [114.210861, 22.407845], [114.210976, 22.408133], [114.211052, 22.408377], [114.211098, 22.408596], [114.211136, 22.408897], [114.211143, 22.409096], [114.211136, 22.409319], [114.211121, 22.409521], [114.211082, 22.409718], [114.211021, 22.409954], [114.210938, 22.410189], [114.210815, 22.410479], [114.210228, 22.41176], [114.210114, 22.412073], [114.210052, 22.412336], [114.21003, 22.412457], [114.209991, 22.412802], [114.209991, 22.41312], [114.210014, 22.413391], [114.210052, 22.413576], [114.210052, 22.413576], [114.210114, 22.413816], [114.210228, 22.414137], [114.210297, 22.414286], [114.210381, 22.414444], [114.210556, 22.414709], [114.210747, 22.414944], [114.210861, 22.415073], [114.211151, 22.415344], [114.212067, 22.416161], [114.212204, 22.416286], [114.212456, 22.416565], [114.212578, 22.416712], [114.212677, 22.416857], [114.21286, 22.417154], [114.212959, 22.417362], [114.213013, 22.417482], [114.213097, 22.417698], [114.213158, 22.417921], [114.213219, 22.418198], [114.213264, 22.418499], [114.213287, 22.41869], [114.213303, 22.418856], [114.21331, 22.419159], [114.213295, 22.419601], [114.21328, 22.419836], [114.213242, 22.42012], [114.213142, 22.420568], [114.213089, 22.420782], [114.212997, 22.421068], [114.212936, 22.42124], [114.212746, 22.421667], [114.212631, 22.421881], [114.212502, 22.422106], [114.212296, 22.422436], [114.21212, 22.422663], [114.21196, 22.422855], [114.211769, 22.423073], [114.211494, 22.423349], [114.211189, 22.42362], [114.210907, 22.42384], [114.210098, 22.424391], [114.208786, 22.425259], [114.208122, 22.425684], [114.207756, 22.425911], [114.205719, 22.427118], [114.20533, 22.427357], [114.204941, 22.427614], [114.202843, 22.42902], [114.202477, 22.429281], [114.202072, 22.429604], [114.201767, 22.429893], [114.201515, 22.430157], [114.20121, 22.430531], [114.200996, 22.430836], [114.200867, 22.43104], [114.200653, 22.431435], [114.200531, 22.431715], [114.200356, 22.432167], [114.200272, 22.432453], [114.199997, 22.433468], [114.199867, 22.433882], [114.199722, 22.434273], [114.199646, 22.434444], [114.199493, 22.434738], [114.199425, 22.434862], [114.199211, 22.435163], [114.199127, 22.435268], [114.198936, 22.43548], [114.1987, 22.435707], [114.198547, 22.435831], [114.19841, 22.435936], [114.198128, 22.436119], [114.197952, 22.436218], [114.197746, 22.436312], [114.197495, 22.436417], [114.19722, 22.436508], [114.19696, 22.436571], [114.196716, 22.436621], [114.196419, 22.436663], [114.196251, 22.436678], [114.194695, 22.436747], [114.193977, 22.4368], [114.193275, 22.436869], [114.192627, 22.436947], [114.192284, 22.436995], [114.191307, 22.43716], [114.190628, 22.4373], [114.189896, 22.437469], [114.189499, 22.437588], [114.189163, 22.437698], [114.188789, 22.437834], [114.188599, 22.43791], [114.188141, 22.438116], [114.187752, 22.438311], [114.180046, 22.442583], [114.179344, 22.442942], [114.178925, 22.443134], [114.178444, 22.443344], [114.178001, 22.44352], [114.177551, 22.443687], [114.176804, 22.443933], [114.176437, 22.44404], [114.175926, 22.444174], [114.175133, 22.444353], [114.174683, 22.444439], [114.174316, 22.444498], [114.174011, 22.44453], [114.173676, 22.444551], [114.173401, 22.444553], [114.172859, 22.444546], [114.171516, 22.44449], [114.171303, 22.44449], [114.170509, 22.44453], [114.170509, 22.44453], [114.169479, 22.444593], [114.169083, 22.444632], [114.168884, 22.444658], [114.168617, 22.444704], [114.167999, 22.444849], [114.16748, 22.445021], [114.167183, 22.445139], [114.16687, 22.445276], [114.166367, 22.445538], [114.166214, 22.445629], [114.165886, 22.445845], [114.165619, 22.446043], [114.165268, 22.446329], [114.16497, 22.446613], [114.164711, 22.446896], [114.164444, 22.447189], [114.162193, 22.449804], [114.16114, 22.45104], [114.16114, 22.45104], [114.160973, 22.451227], [114.16066, 22.451567], [114.160301, 22.451902], [114.160088, 22.452087], [114.159798, 22.452318], [114.159576, 22.452477], [114.159088, 22.452801], [114.158836, 22.45295], [114.158508, 22.453129], [114.158272, 22.453245], [114.157776, 22.453466], [114.1558, 22.454201], [114.155357, 22.454382], [114.155083, 22.454502], [114.154633, 22.454725], [114.154037, 22.455053], [114.153679, 22.455282], [114.153313, 22.455547], [114.153091, 22.455725], [114.152878, 22.455912], [114.152679, 22.456108], [114.152481, 22.456312], [114.152298, 22.456522], [114.152122, 22.456739], [114.151962, 22.456957], [114.15181, 22.457186], [114.151588, 22.457561], [114.151489, 22.457752], [114.151291, 22.458187], [114.151123, 22.458652], [114.151031, 22.458967], [114.150993, 22.459148], [114.150932, 22.459465], [114.150894, 22.45974], [114.150864, 22.460072], [114.150848, 22.460522], [114.150864, 22.460945], [114.150894, 22.461327], [114.15094, 22.461674], [114.151024, 22.462147], [114.15107, 22.462347], [114.151199, 22.462851], [114.153053, 22.469231], [114.15313, 22.469481], [114.153244, 22.469971], [114.153328, 22.470337], [114.154984, 22.478828], [114.155083, 22.479427], [114.155136, 22.479849], [114.155151, 22.480097], [114.155159, 22.480307], [114.155159, 22.480555], [114.155151, 22.480812], [114.155128, 22.481068], [114.155067, 22.48156], [114.155022, 22.481825], [114.15493, 22.482252], [114.154785, 22.482738], [114.154709, 22.482954], [114.15461, 22.483227], [114.15451, 22.483454], [114.154396, 22.48369], [114.154266, 22.483948], [114.154137, 22.484173], [114.153839, 22.48464], [114.153503, 22.485092], [114.15316, 22.485504], [114.152954, 22.485722], [114.152763, 22.485912], [114.15242, 22.486221], [114.151955, 22.486591], [114.151634, 22.486816], [114.151382, 22.48698], [114.151146, 22.487122], [114.150902, 22.487257], [114.150459, 22.487476], [114.150169, 22.487598], [114.149811, 22.487741], [114.149284, 22.487913], [114.148857, 22.488035], [114.148506, 22.488117], [114.148216, 22.488171], [114.144707, 22.488726], [114.144257, 22.488808], [114.143822, 22.488905], [114.143463, 22.489], [114.143051, 22.489134], [114.142639, 22.489285], [114.141998, 22.48958], [114.141685, 22.489738], [114.14138, 22.489922], [114.141052, 22.490139], [114.140282, 22.49069], [114.139641, 22.491211], [114.138618, 22.492083], [114.138618, 22.492083], [114.134903, 22.495304], [114.129791, 22.499662], [114.128937, 22.50037], [114.127724, 22.501406], [114.127724, 22.501406], [114.126808, 22.50219], [114.126511, 22.502459], [114.125992, 22.502893], [114.124855, 22.503859], [114.123314, 22.505178], [114.122849, 22.505617], [114.121674, 22.506636], [114.120094, 22.507938], [114.118919, 22.508932], [114.118614, 22.509207], [114.118088, 22.509735], [114.117851, 22.509995], [114.11763, 22.510275], [114.117462, 22.510513], [114.117302, 22.510757], [114.117142, 22.51103], [114.116966, 22.511358], [114.116692, 22.511946], [114.116562, 22.512289], [114.116463, 22.512604], [114.116371, 22.512924], [114.116287, 22.513277], [114.116226, 22.513544], [114.116188, 22.513826], [114.116135, 22.514427], [114.116127, 22.514744], [114.116135, 22.515045], [114.116158, 22.515381], [114.116432, 22.518286], [114.116463, 22.51862], [114.116486, 22.519016], [114.116493, 22.51935], [114.116486, 22.519655], [114.116425, 22.520254], [114.116379, 22.520571], [114.11631, 22.520916], [114.116249, 22.52117], [114.116173, 22.521439], [114.116066, 22.521734], [114.115959, 22.52203], [114.115814, 22.52235], [114.115677, 22.522642], [114.115547, 22.5229], [114.11451, 22.524803], [114.11377, 22.526182], [114.113579, 22.526583], [114.113503, 22.52676], [114.113342, 22.52722], [114.113281, 22.527454], [114.113228, 22.527664], [114.113197, 22.527863]]}}, {"type": "Feature", "properties": {"route_name": "Island Line", "type": "Subway", "network": "MTR", "color": "#0071CE"}, "geometry": {"type": "LineString", "coordinates": [[114.237068, 22.264643], [114.238808, 22.26799], [114.240883, 22.272018], [114.240997, 22.27227], [114.241096, 22.272547], [114.24118, 22.272909], [114.241226, 22.27319], [114.241234, 22.273329], [114.241241, 22.273619], [114.241234, 22.273769], [114.241188, 22.274132], [114.24115, 22.274303], [114.241066, 22.274612], [114.240944, 22.274927], [114.240822, 22.275181], [114.240753, 22.275305], [114.240608, 22.27552], [114.240524, 22.275631], [114.239746, 22.276596], [114.239746, 22.276596], [114.237991, 22.278627], [114.237846, 22.278774], [114.237381, 22.279167], [114.23716, 22.279289], [114.236862, 22.279427], [114.236473, 22.27956], [114.236092, 22.279642], [114.235634, 22.279722], [114.2351, 22.27976], [114.23436, 22.279755], [114.233658, 22.27964], [114.232986, 22.279467], [114.23233, 22.279234], [114.231728, 22.27907], [114.231201, 22.278967], [114.230629, 22.278908], [114.230156, 22.278898], [114.229797, 22.278923], [114.229462, 22.278965], [114.229111, 22.279028], [114.229111, 22.279028], [114.228821, 22.279083], [114.228462, 22.279169], [114.228043, 22.279287], [114.227684, 22.279408], [114.227325, 22.279549], [114.227165, 22.279629], [114.226944, 22.279757], [114.226563, 22.28001], [114.226364, 22.280106], [114.226082, 22.280197], [114.225784, 22.28023], [114.225487, 22.280235], [114.225121, 22.280285], [114.22464, 22.280365], [114.224365, 22.28042], [114.224121, 22.280491], [114.223198, 22.280943], [114.222946, 22.281084], [114.22274, 22.281225], [114.222504, 22.281416], [114.222282, 22.281624], [114.221939, 22.282061], [114.221939, 22.282061], [114.220657, 22.28367], [114.22039, 22.283897], [114.220116, 22.284056], [114.219795, 22.284193], [114.219482, 22.284304], [114.219147, 22.284378], [114.218719, 22.284431], [114.218338, 22.284447], [114.21627, 22.284466], [114.21627, 22.284466], [114.213409, 22.284489], [114.213097, 22.28451], [114.212708, 22.284552], [114.212524, 22.284584], [114.212166, 22.284685], [114.211906, 22.284782], [114.211655, 22.284897], [114.211426, 22.285032], [114.211212, 22.285183], [114.210976, 22.285397], [114.210724, 22.285669], [114.209396, 22.287476], [114.208603, 22.288578], [114.208603, 22.288578], [114.207916, 22.289536], [114.207764, 22.28973], [114.207542, 22.289988], [114.207344, 22.290154], [114.207161, 22.290293], [114.206932, 22.290447], [114.206665, 22.290602], [114.206421, 22.290724], [114.206139, 22.290852], [114.205421, 22.291157], [114.205009, 22.291275], [114.203766, 22.291567], [114.203476, 22.291611], [114.203178, 22.291639], [114.202866, 22.291647], [114.202423, 22.291628], [114.20195, 22.291561], [114.201248, 22.291428], [114.200348, 22.291233], [114.200348, 22.291233], [114.196037, 22.290329], [114.195755, 22.290249], [114.195572, 22.290178], [114.195396, 22.290092], [114.195229, 22.289984], [114.195076, 22.289864], [114.194923, 22.289701], [114.194725, 22.289471], [114.19458, 22.289278], [114.194054, 22.288595], [114.193726, 22.288019], [114.19368, 22.287937], [114.19368, 22.287937], [114.193474, 22.287506], [114.193405, 22.287336], [114.193352, 22.287085], [114.193283, 22.286661], [114.193192, 22.285933], [114.193039, 22.285046], [114.192978, 22.284809], [114.192688, 22.283424], [114.192627, 22.283266], [114.192566, 22.283115], [114.192215, 22.282455], [114.192078, 22.282244], [114.192032, 22.282196], [114.191986, 22.28216], [114.191986, 22.28216], [114.191917, 22.282103], [114.190895, 22.281435], [114.190659, 22.281286], [114.190445, 22.281183], [114.190208, 22.281082], [114.189919, 22.281006], [114.189629, 22.28096], [114.189362, 22.280941], [114.187981, 22.281038], [114.187737, 22.281034], [114.187531, 22.281017], [114.187386, 22.280996], [114.187088, 22.280922], [114.185402, 22.280382], [114.184677, 22.280159], [114.184486, 22.280128], [114.184326, 22.280121], [114.184326, 22.280121], [114.184013, 22.280102], [114.183319, 22.280092], [114.183205, 22.280083], [114.183151, 22.280067], [114.182671, 22.279898], [114.180939, 22.279215], [114.179657, 22.278727], [114.177605, 22.278107], [114.17746, 22.278072], [114.177322, 22.278048], [114.176895, 22.278011], [114.174431, 22.277739], [114.172882, 22.277548], [114.172882, 22.277548], [114.172226, 22.277477], [114.172081, 22.277472], [114.171928, 22.277473], [114.16819, 22.277811], [114.167923, 22.277847], [114.167717, 22.277893], [114.167435, 22.277973], [114.167305, 22.278025], [114.167183, 22.278082], [114.166908, 22.278231], [114.166481, 22.278511], [114.1661, 22.278734], [114.16552, 22.279007], [114.16552, 22.279007], [114.165306, 22.279089], [114.164986, 22.279198], [114.164749, 22.279251], [114.163155, 22.279531], [114.162827, 22.279598], [114.162529, 22.279678], [114.160286, 22.280392], [114.159134, 22.280668], [114.158897, 22.280743], [114.158791, 22.2808], [114.158691, 22.280869], [114.158562, 22.280985], [114.158463, 22.281088], [114.157722, 22.281992], [114.157722, 22.281992], [114.157143, 22.282713], [114.156487, 22.283546], [114.155701, 22.284519], [114.155472, 22.28479], [114.155342, 22.284918], [114.155144, 22.285065], [114.154762, 22.285311], [114.15345, 22.286095], [114.153229, 22.2862], [114.152954, 22.286299], [114.15271, 22.286366], [114.152367, 22.286449], [114.152367, 22.286449], [114.150696, 22.28685], [114.150101, 22.287003], [114.149651, 22.287142], [114.148659, 22.287491], [114.148438, 22.287546], [114.148232, 22.287586], [114.147995, 22.287621], [114.147606, 22.28764], [114.146095, 22.287674], [114.145683, 22.287619], [114.145508, 22.287579], [114.145332, 22.287527], [114.145027, 22.287415], [114.14489, 22.287346], [114.144714, 22.287251], [114.144524, 22.287117], [114.14431, 22.286943], [114.144081, 22.286734], [114.143684, 22.286337], [114.142746, 22.285389], [114.142746, 22.285389], [114.141647, 22.284325], [114.141487, 22.284193], [114.141327, 22.284084], [114.141159, 22.283989], [114.141014, 22.283913], [114.140831, 22.283842], [114.140671, 22.283789], [114.140327, 22.283689], [114.14016, 22.283663], [114.139969, 22.283642], [114.139809, 22.283632], [114.139458, 22.283636], [114.139282, 22.283657], [114.139145, 22.283678], [114.138992, 22.283709], [114.137909, 22.284019], [114.13768, 22.284063], [114.137489, 22.284086], [114.137306, 22.284096], [114.136948, 22.284094], [114.136703, 22.284079], [114.135437, 22.283962], [114.135437, 22.283962], [114.134224, 22.283855], [114.13401, 22.283831], [114.133667, 22.283768], [114.133308, 22.283661], [114.133148, 22.2836], [114.132904, 22.283476], [114.132751, 22.283381], [114.132477, 22.283176], [114.132309, 22.283035], [114.13176, 22.282469], [114.131584, 22.282307], [114.131302, 22.282093], [114.131119, 22.281986], [114.130905, 22.281879], [114.130699, 22.281794], [114.130287, 22.281668], [114.12854, 22.281244]]}}, {"type": "Feature", "properties": {"route_name": "Island Line", "type": "Subway", "network": "MTR", "color": "#0071CE"}, "geometry": {"type": "LineString", "coordinates": [[114.128525, 22.281284], [114.12957, 22.281548], [114.130013, 22.281652], [114.130409, 22.281786], [114.130699, 22.281916], [114.130875, 22.282011], [114.131226, 22.282274], [114.132133, 22.283125], [114.132401, 22.283352], [114.132637, 22.283514], [114.132828, 22.283628], [114.133003, 22.283712], [114.133286, 22.283821], [114.133476, 22.283878], [114.133804, 22.283949], [114.134178, 22.283995], [114.135422, 22.2841], [114.135422, 22.2841], [114.137077, 22.284241], [114.137352, 22.284243], [114.13755, 22.284224], [114.137756, 22.284193], [114.138008, 22.284136], [114.138977, 22.283857], [114.139328, 22.283804], [114.139526, 22.283791], [114.139702, 22.283791], [114.140091, 22.283819], [114.140244, 22.28384], [114.140579, 22.283926], [114.1409, 22.284048], [114.141136, 22.284163], [114.141312, 22.284271], [114.141441, 22.284361], [114.141563, 22.284452], [114.141731, 22.284597], [114.142632, 22.285494], [114.142632, 22.285494], [114.14386, 22.286724], [114.144081, 22.286936], [114.144241, 22.287067], [114.144478, 22.287237], [114.144791, 22.287426], [114.144966, 22.287508], [114.145149, 22.287577], [114.145348, 22.287634], [114.145531, 22.287678], [114.145721, 22.287706], [114.145935, 22.28772], [114.147583, 22.287722], [114.147896, 22.287714], [114.148132, 22.287697], [114.148346, 22.287672], [114.148659, 22.287607], [114.148933, 22.287527], [114.149223, 22.28742], [114.149529, 22.287294], [114.150108, 22.28709], [114.150604, 22.286942], [114.150688, 22.286928], [114.152382, 22.286505], [114.152382, 22.286505], [114.152733, 22.286419], [114.152969, 22.286352], [114.153114, 22.286306], [114.153374, 22.2862], [114.153618, 22.286066], [114.1548, 22.285357], [114.155174, 22.28511], [114.15538, 22.284964], [114.155518, 22.284824], [114.155754, 22.284555], [114.15654, 22.283577], [114.157036, 22.282846], [114.157143, 22.282713], [114.157768, 22.281942], [114.157768, 22.281942], [114.158463, 22.281088], [114.158562, 22.280985], [114.158691, 22.280869], [114.158791, 22.2808], [114.158897, 22.280743], [114.159134, 22.280668], [114.160286, 22.280392], [114.162529, 22.279678], [114.162827, 22.279598], [114.163155, 22.279531], [114.164749, 22.279251], [114.164986, 22.279198], [114.165138, 22.27915], [114.165428, 22.279043], [114.165428, 22.279043], [114.16552, 22.279007], [114.1661, 22.278732], [114.166481, 22.278509], [114.166908, 22.278231], [114.167183, 22.278082], [114.167305, 22.278025], [114.167564, 22.277935], [114.167717, 22.277891], [114.167923, 22.277849], [114.16819, 22.277811], [114.171928, 22.277475], [114.172081, 22.277472], [114.172226, 22.277477], [114.172943, 22.277554], [114.172943, 22.277554], [114.174431, 22.277739], [114.177017, 22.278027], [114.177315, 22.278099], [114.180939, 22.279215], [114.182671, 22.279896], [114.183151, 22.280067], [114.183205, 22.280083], [114.183319, 22.28009], [114.184013, 22.280102], [114.18428, 22.280117], [114.18428, 22.280117], [114.184486, 22.28013], [114.184677, 22.280161], [114.185402, 22.280382], [114.187088, 22.280922], [114.187386, 22.280996], [114.187531, 22.281017], [114.187737, 22.281034], [114.187981, 22.281038], [114.189362, 22.280941], [114.189629, 22.28096], [114.189919, 22.281006], [114.190208, 22.281082], [114.190445, 22.281183], [114.190659, 22.281286], [114.190895, 22.281431], [114.191948, 22.282131], [114.191948, 22.282131], [114.192032, 22.282196], [114.192078, 22.282244], [114.192215, 22.282455], [114.192566, 22.283115], [114.192627, 22.283266], [114.192688, 22.283424], [114.19297, 22.284784], [114.192986, 22.28504], [114.193237, 22.28709], [114.193283, 22.287334], [114.193359, 22.287539], [114.193459, 22.287762], [114.193573, 22.287992], [114.193573, 22.287992], [114.193794, 22.288399], [114.193985, 22.288681], [114.194908, 22.289711], [114.195068, 22.289867], [114.195221, 22.289989], [114.195389, 22.290098], [114.195564, 22.290186], [114.195747, 22.290257], [114.196037, 22.290339], [114.200333, 22.291241], [114.200333, 22.291241], [114.201248, 22.291439], [114.20195, 22.291578], [114.202423, 22.291647], [114.202858, 22.291666], [114.203186, 22.291658], [114.203476, 22.29163], [114.203766, 22.291582], [114.205017, 22.291298], [114.205429, 22.29118], [114.20578, 22.291046], [114.206535, 22.290728], [114.207047, 22.290476], [114.207336, 22.29031], [114.207581, 22.290131], [114.207748, 22.289972], [114.207886, 22.289827], [114.208054, 22.289621], [114.208748, 22.288649], [114.208748, 22.288649], [114.209351, 22.287796], [114.210846, 22.285761], [114.211098, 22.285494], [114.211319, 22.28529], [114.211517, 22.285149], [114.211739, 22.285011], [114.211967, 22.28491], [114.212204, 22.284824], [114.212555, 22.284723], [114.21273, 22.284693], [114.213104, 22.284649], [114.213417, 22.28463], [114.21627, 22.284609], [114.21627, 22.284609], [114.218346, 22.284595], [114.218735, 22.28455], [114.219154, 22.284468], [114.219505, 22.284363], [114.219795, 22.284248], [114.220139, 22.284077], [114.220398, 22.28392], [114.22065, 22.283676], [114.222038, 22.281935], [114.222038, 22.281935], [114.222282, 22.281626], [114.222496, 22.28142], [114.22274, 22.281229], [114.222946, 22.281084], [114.223198, 22.280943], [114.224121, 22.280491], [114.224365, 22.28042], [114.22464, 22.280365], [114.225121, 22.280285], [114.225487, 22.280235], [114.225784, 22.28023], [114.226082, 22.280197], [114.226364, 22.280106], [114.226563, 22.28001], [114.226944, 22.279757], [114.227165, 22.279629], [114.227325, 22.279549], [114.227684, 22.279408], [114.228043, 22.279287], [114.228462, 22.279169], [114.228821, 22.279083], [114.229095, 22.279032], [114.229095, 22.279032], [114.229462, 22.278965], [114.229797, 22.278923], [114.230156, 22.278898], [114.230629, 22.278908], [114.231201, 22.278967], [114.231728, 22.27907], [114.23233, 22.279234], [114.232986, 22.279467], [114.233658, 22.27964], [114.23436, 22.279755], [114.2351, 22.27976], [114.235634, 22.279722], [114.236092, 22.279642], [114.236473, 22.27956], [114.236862, 22.279427], [114.23716, 22.279289], [114.237381, 22.279167], [114.237846, 22.278774], [114.237991, 22.278627], [114.239746, 22.276594], [114.239746, 22.276594], [114.240524, 22.275631], [114.240608, 22.27552], [114.240753, 22.275305], [114.240822, 22.275181], [114.240944, 22.274927], [114.241066, 22.274612], [114.24115, 22.274303], [114.241188, 22.274132], [114.241234, 22.273769], [114.241241, 22.273619], [114.241234, 22.273329], [114.241226, 22.27319], [114.24118, 22.272909], [114.241096, 22.272547], [114.240997, 22.27227], [114.240883, 22.272018], [114.238808, 22.26799], [114.237068, 22.264643]]}}, {"type": "Feature", "properties": {"route_name": "Kwun Tong Line", "type": "Subway", "network": "MTR", "color": "#00AF41"}, "geometry": {"type": "LineString", "coordinates": [[114.252213, 22.304007], [114.251266, 22.303156], [114.247696, 22.300005], [114.247284, 22.299583], [114.247002, 22.299253], [114.246727, 22.298861], [114.245476, 22.296997], [114.245331, 22.296801], [114.245186, 22.29661], [114.244881, 22.296268], [114.244637, 22.296021], [114.244392, 22.295815], [114.244118, 22.295616], [114.243805, 22.295439], [114.243439, 22.295271], [114.243027, 22.295139], [114.242607, 22.295057], [114.242287, 22.295012], [114.241989, 22.294985], [114.241676, 22.29497], [114.241425, 22.294966], [114.241234, 22.294975], [114.240883, 22.295013], [114.240532, 22.295078], [114.240143, 22.295166], [114.239899, 22.29525], [114.239685, 22.29534], [114.23951, 22.295425], [114.239349, 22.29553], [114.238914, 22.295837], [114.238724, 22.296013], [114.238464, 22.296282], [114.238228, 22.296564], [114.237778, 22.297144], [114.237228, 22.297869], [114.237228, 22.297869], [114.236717, 22.298569], [114.236511, 22.29887], [114.23632, 22.299168], [114.236061, 22.29953], [114.235939, 22.299715], [114.235771, 22.300003], [114.235649, 22.300259], [114.23558, 22.300535], [114.235527, 22.300858], [114.235466, 22.3016], [114.23542, 22.301897], [114.235291, 22.302279], [114.235115, 22.302631], [114.23481, 22.303131], [114.234604, 22.303511], [114.234528, 22.303726], [114.234467, 22.303961], [114.234322, 22.304575], [114.234261, 22.304789], [114.234138, 22.305096], [114.233963, 22.305395], [114.233765, 22.305676], [114.232925, 22.306641], [114.232925, 22.306641], [114.232262, 22.307419], [114.23217, 22.307547], [114.231827, 22.308187], [114.231674, 22.308445], [114.231544, 22.308617], [114.231133, 22.309025], [114.230759, 22.309317], [114.229225, 22.310343], [114.227669, 22.31135], [114.227242, 22.311596], [114.226822, 22.311876], [114.226387, 22.312151], [114.226387, 22.312151], [114.2257, 22.312529], [114.225143, 22.312801], [114.224503, 22.313082], [114.224266, 22.313179], [114.222488, 22.31381], [114.22168, 22.314119], [114.221397, 22.314241], [114.221214, 22.314341], [114.220444, 22.314793], [114.220055, 22.314964], [114.218895, 22.315418], [114.218895, 22.315418], [114.217575, 22.315918], [114.216721, 22.316252], [114.21637, 22.31641], [114.216171, 22.316519], [114.215988, 22.316637], [114.215683, 22.31687], [114.215538, 22.317005], [114.215408, 22.317135], [114.215279, 22.317282], [114.21505, 22.317564], [114.214897, 22.317806], [114.214584, 22.318213], [114.214371, 22.318548], [114.214317, 22.31867], [114.214226, 22.318893], [114.214127, 22.319208], [114.21405, 22.319487], [114.213974, 22.319992], [114.213943, 22.320345], [114.213913, 22.320738], [114.213913, 22.320889], [114.213943, 22.321108], [114.214058, 22.321711], [114.214088, 22.321911], [114.214104, 22.32235], [114.213997, 22.323473], [114.213997, 22.323473], [114.21389, 22.324467], [114.213745, 22.32597], [114.213654, 22.327011], [114.213577, 22.327745], [114.213455, 22.328371], [114.213356, 22.328644], [114.212692, 22.330387], [114.212479, 22.330853], [114.212021, 22.331699], [114.211739, 22.332119], [114.211349, 22.33263], [114.211067, 22.332975], [114.210701, 22.333376], [114.210106, 22.333971], [114.209938, 22.334129], [114.208939, 22.334911], [114.208939, 22.334911], [114.207939, 22.335693], [114.207809, 22.3358], [114.207375, 22.336239], [114.207054, 22.336521], [114.206749, 22.336763], [114.20636, 22.337053], [114.206032, 22.33728], [114.205612, 22.337557], [114.204529, 22.338192], [114.202744, 22.339264], [114.202538, 22.339375], [114.201721, 22.339855], [114.201721, 22.339855], [114.200508, 22.340563], [114.199722, 22.340996], [114.199425, 22.341152], [114.199104, 22.341295], [114.198738, 22.341436], [114.198296, 22.341564], [114.197975, 22.341633], [114.197716, 22.341667], [114.197388, 22.341677], [114.194084, 22.341631], [114.194084, 22.341631], [114.193031, 22.341616], [114.192757, 22.341595], [114.192436, 22.341536], [114.192039, 22.341417], [114.19175, 22.341295], [114.191536, 22.341181], [114.191208, 22.34096], [114.190979, 22.340771], [114.190742, 22.340523], [114.190544, 22.340281], [114.189972, 22.339453], [114.189728, 22.33918], [114.189392, 22.338877], [114.189072, 22.338646], [114.188705, 22.338432], [114.188354, 22.338289], [114.188034, 22.338175], [114.186638, 22.337734], [114.186638, 22.337734], [114.184914, 22.337191], [114.184113, 22.336994], [114.183235, 22.336809], [114.18235, 22.336691], [114.181519, 22.33667], [114.178764, 22.336716], [114.177193, 22.336756], [114.177193, 22.336756], [114.172928, 22.336832], [114.172508, 22.336832], [114.172203, 22.336817], [114.171822, 22.336767], [114.171501, 22.336691], [114.171135, 22.336555], [114.170807, 22.336388], [114.170471, 22.336178], [114.170212, 22.335968], [114.169975, 22.335749], [114.169777, 22.335539], [114.169601, 22.335331], [114.169479, 22.335096], [114.169373, 22.334845], [114.169106, 22.334158], [114.169044, 22.333912], [114.168976, 22.333551], [114.168938, 22.333067], [114.168922, 22.331728], [114.168922, 22.331728], [114.168907, 22.330517], [114.168877, 22.330048], [114.168831, 22.329643], [114.16877, 22.329294], [114.168671, 22.32892], [114.168266, 22.327772], [114.168167, 22.327393], [114.168121, 22.326962], [114.168068, 22.326553], [114.168053, 22.326262], [114.16806, 22.325949], [114.168083, 22.325794], [114.168312, 22.324713], [114.168312, 22.324713], [114.168839, 22.322243], [114.169197, 22.320482], [114.169418, 22.319422], [114.169418, 22.319422], [114.169632, 22.318422], [114.169685, 22.318003], [114.170227, 22.315302], [114.17025, 22.315168], [114.170288, 22.314781], [114.170326, 22.314545], [114.170425, 22.314098], [114.170441, 22.3139], [114.170479, 22.313622], [114.170677, 22.312651], [114.170677, 22.312651], [114.170868, 22.311716], [114.171089, 22.31052], [114.171234, 22.309835], [114.17128, 22.309643], [114.171326, 22.309496], [114.171463, 22.309155], [114.171547, 22.30901], [114.171722, 22.308752], [114.171967, 22.308434], [114.172195, 22.308157], [114.172462, 22.307884], [114.172783, 22.307632], [114.172989, 22.30748], [114.173286, 22.307323], [114.173592, 22.307213], [114.17392, 22.307125], [114.174309, 22.307056], [114.174751, 22.307005], [114.175018, 22.307014], [114.175293, 22.307049], [114.175575, 22.307116], [114.175835, 22.307207], [114.176048, 22.307314], [114.176247, 22.30744], [114.176384, 22.30756], [114.176628, 22.307789], [114.177017, 22.308205], [114.177139, 22.308371], [114.177513, 22.308922], [114.177696, 22.309166], [114.177887, 22.309385], [114.178139, 22.309593], [114.178375, 22.309761], [114.178673, 22.309925], [114.178963, 22.310064], [114.179268, 22.310177], [114.179558, 22.310236], [114.18013, 22.310282], [114.180443, 22.310257], [114.180763, 22.3102], [114.181046, 22.310123], [114.181343, 22.310017], [114.181625, 22.309872], [114.182617, 22.309273], [114.182617, 22.309273], [114.184441, 22.308203], [114.185043, 22.307835], [114.186211, 22.307093], [114.187698, 22.306131], [114.189186, 22.305193]]}}, {"type": "Feature", "properties": {"route_name": "Kwun Tong Line", "type": "Subway", "network": "MTR", "color": "#00AF41"}, "geometry": {"type": "LineString", "coordinates": [[114.189186, 22.305193], [114.187698, 22.306131], [114.186211, 22.307093], [114.185043, 22.307835], [114.184441, 22.308203], [114.183853, 22.308607], [114.182655, 22.309322], [114.182655, 22.309322], [114.181664, 22.309912], [114.181366, 22.310072], [114.181068, 22.310192], [114.180779, 22.310282], [114.180466, 22.31035], [114.180145, 22.310383], [114.179886, 22.310385], [114.17955, 22.310358], [114.179237, 22.310307], [114.178902, 22.310196], [114.178596, 22.310053], [114.178284, 22.309874], [114.178032, 22.309704], [114.177757, 22.309481], [114.177559, 22.309254], [114.177002, 22.308451], [114.176888, 22.3083], [114.176605, 22.307993], [114.1763, 22.307709], [114.17614, 22.30759], [114.175774, 22.307365], [114.175537, 22.30727], [114.17527, 22.307205], [114.175011, 22.307171], [114.174759, 22.307152], [114.174324, 22.307182], [114.17395, 22.307253], [114.173637, 22.307327], [114.173347, 22.307434], [114.173058, 22.307579], [114.172829, 22.307747], [114.172554, 22.30798], [114.17231, 22.308228], [114.172089, 22.308491], [114.171837, 22.308826], [114.171684, 22.309071], [114.171532, 22.309347], [114.171455, 22.30954], [114.17141, 22.309685], [114.171364, 22.309858], [114.171318, 22.310062], [114.171013, 22.311729], [114.170807, 22.312675], [114.170807, 22.312675], [114.170723, 22.31308], [114.170609, 22.313648], [114.170479, 22.31411], [114.17038, 22.314554], [114.170334, 22.314789], [114.170296, 22.315176], [114.170273, 22.31531], [114.169792, 22.31772], [114.169449, 22.319263], [114.169434, 22.319294], [114.169388, 22.319527], [114.169388, 22.319527], [114.169243, 22.320253], [114.169205, 22.320415], [114.169106, 22.320721], [114.169014, 22.321138], [114.16864, 22.322979], [114.168602, 22.323193], [114.168587, 22.323395], [114.168327, 22.32465], [114.168327, 22.32465], [114.16803, 22.326267], [114.168037, 22.326555], [114.168152, 22.327394], [114.168304, 22.328257], [114.168388, 22.328609], [114.168671, 22.329641], [114.168732, 22.32991], [114.168762, 22.33017], [114.168785, 22.33173], [114.168785, 22.33173], [114.168808, 22.333328], [114.168839, 22.333586], [114.1689, 22.333929], [114.168968, 22.334179], [114.169098, 22.334562], [114.16922, 22.334856], [114.16935, 22.33514], [114.169495, 22.335402], [114.16967, 22.335615], [114.169876, 22.335831], [114.17012, 22.336058], [114.170395, 22.336275], [114.170738, 22.336491], [114.171074, 22.336664], [114.171463, 22.336805], [114.171799, 22.336885], [114.172188, 22.336941], [114.172501, 22.33696], [114.172913, 22.33696], [114.175858, 22.336918], [114.177193, 22.336893], [114.177193, 22.336893], [114.178764, 22.336842], [114.181519, 22.33679], [114.182281, 22.33683], [114.182838, 22.336906], [114.183502, 22.337019], [114.184074, 22.337143], [114.18486, 22.337343], [114.186615, 22.337898], [114.186615, 22.337898], [114.188362, 22.338451], [114.188721, 22.338591], [114.189049, 22.338753], [114.189384, 22.338982], [114.189674, 22.339239], [114.189903, 22.339499], [114.190125, 22.339783], [114.190491, 22.340338], [114.190666, 22.340574], [114.19091, 22.340847], [114.191162, 22.341059], [114.19149, 22.341288], [114.191727, 22.341423], [114.192017, 22.341547], [114.192413, 22.341665], [114.192764, 22.34173], [114.193069, 22.341757], [114.19426, 22.341774], [114.19426, 22.341774], [114.196915, 22.341814], [114.197403, 22.341808], [114.197723, 22.341787], [114.198029, 22.341749], [114.198326, 22.34169], [114.198616, 22.341618], [114.198906, 22.341528], [114.199165, 22.341436], [114.199501, 22.341293], [114.199776, 22.341156], [114.201828, 22.339981], [114.201828, 22.339981], [114.202843, 22.33939], [114.203056, 22.33923], [114.203316, 22.339008], [114.20369, 22.338749], [114.205551, 22.337646], [114.206383, 22.337091], [114.207367, 22.336348], [114.207947, 22.335943], [114.209084, 22.335051], [114.209084, 22.335051], [114.210091, 22.334261], [114.210648, 22.333797], [114.211357, 22.333191], [114.211876, 22.332678], [114.212242, 22.332186], [114.212471, 22.331806], [114.212662, 22.331369], [114.212883, 22.330675], [114.213501, 22.328432], [114.213585, 22.327982], [114.213646, 22.327477], [114.213829, 22.325603], [114.21386, 22.325441], [114.213974, 22.324944], [114.21405, 22.324486], [114.214172, 22.323486], [114.214172, 22.323486], [114.214279, 22.322529], [114.214287, 22.322273], [114.214287, 22.321924], [114.214279, 22.321779], [114.214172, 22.321119], [114.214142, 22.32074], [114.214142, 22.3204], [114.214226, 22.319736], [114.214287, 22.319452], [114.214439, 22.318947], [114.214508, 22.318745], [114.2146, 22.31851], [114.214676, 22.318336], [114.215004, 22.317736], [114.215103, 22.317587], [114.215309, 22.31731], [114.215431, 22.31716], [114.215515, 22.317078], [114.215714, 22.316896], [114.216011, 22.316671], [114.216194, 22.316551], [114.216385, 22.316446], [114.216553, 22.316366], [114.216934, 22.316217], [114.217079, 22.316166], [114.217827, 22.315952], [114.21804, 22.31588], [114.218948, 22.315527], [114.218948, 22.315527], [114.219971, 22.315121], [114.22039, 22.314922], [114.220657, 22.314758], [114.221054, 22.314491], [114.22123, 22.314377], [114.221413, 22.314276], [114.221855, 22.314087], [114.222496, 22.313847], [114.223396, 22.313532], [114.224915, 22.312975], [114.225456, 22.312788], [114.225769, 22.312649], [114.226173, 22.312443], [114.226463, 22.312281], [114.226463, 22.312281], [114.226929, 22.311995], [114.227531, 22.311579], [114.227844, 22.311329], [114.227982, 22.311234], [114.229271, 22.310402], [114.230484, 22.309587], [114.230629, 22.309498], [114.23082, 22.309364], [114.231049, 22.309175], [114.231529, 22.308718], [114.231743, 22.308481], [114.231827, 22.308372], [114.231949, 22.30818], [114.232048, 22.307995], [114.232193, 22.307795], [114.23304, 22.306725], [114.23304, 22.306725], [114.234215, 22.305389], [114.235054, 22.304415], [114.235191, 22.304226], [114.235359, 22.303959], [114.235458, 22.303755], [114.235558, 22.303473], [114.235641, 22.302988], [114.235657, 22.302708], [114.235687, 22.300949], [114.235718, 22.300625], [114.235779, 22.300283], [114.23584, 22.300041], [114.236031, 22.299622], [114.236168, 22.299364], [114.236298, 22.299156], [114.236488, 22.298857], [114.236694, 22.298557], [114.237221, 22.297846], [114.237221, 22.297846], [114.237762, 22.297134], [114.238213, 22.296555], [114.238449, 22.296272], [114.238716, 22.296003], [114.238899, 22.29583], [114.239029, 22.295729], [114.239342, 22.295513], [114.239502, 22.295412], [114.239677, 22.295328], [114.239891, 22.295238], [114.240143, 22.295153], [114.240517, 22.29505], [114.240692, 22.295008], [114.241196, 22.294922], [114.241722, 22.294872], [114.241982, 22.294867], [114.242226, 22.294876], [114.242455, 22.294897], [114.242638, 22.294924], [114.243073, 22.295002], [114.243492, 22.295134], [114.243896, 22.295298], [114.244232, 22.295456], [114.244507, 22.29562], [114.244804, 22.295858], [114.245056, 22.296114], [114.245384, 22.296473], [114.245689, 22.296879], [114.246933, 22.298771], [114.247475, 22.299458], [114.248001, 22.300018], [114.25135, 22.30307], [114.252304, 22.303915]]}}, {"type": "Feature", "properties": {"route_name": "South Island Line", "type": "Subway", "network": "MTR", "color": "#B5A81A"}, "geometry": {"type": "LineString", "coordinates": [[114.149277, 22.2423], [114.149467, 22.242046], [114.149811, 22.241608], [114.150024, 22.241379], [114.150223, 22.241192], [114.150459, 22.241007], [114.150696, 22.240845], [114.150902, 22.240732], [114.151131, 22.240635], [114.15136, 22.240559], [114.151634, 22.240488], [114.152672, 22.240328], [114.153008, 22.240286], [114.153297, 22.240278], [114.153572, 22.240299], [114.153839, 22.240345], [114.154076, 22.240408], [114.154274, 22.240486], [114.154457, 22.240591], [114.154587, 22.240692], [114.156097, 22.242027], [114.156097, 22.242027], [114.156815, 22.242668], [114.156952, 22.242804], [114.157272, 22.243179], [114.157669, 22.243704], [114.157852, 22.243935], [114.158058, 22.244129], [114.158226, 22.244255], [114.158714, 22.244511], [114.158981, 22.244675], [114.159142, 22.244797], [114.159332, 22.244946], [114.159508, 22.24511], [114.160927, 22.246468], [114.161102, 22.246613], [114.161285, 22.246744], [114.161484, 22.246876], [114.16169, 22.24699], [114.161903, 22.247082], [114.1623, 22.247219], [114.162506, 22.247269], [114.162697, 22.247297], [114.162918, 22.24732], [114.165291, 22.247427], [114.165436, 22.247438], [114.165604, 22.247465], [114.165886, 22.247526], [114.166649, 22.247757], [114.167458, 22.247938], [114.167458, 22.247938], [114.16877, 22.24822], [114.16925, 22.248312], [114.169724, 22.248384], [114.170486, 22.248474], [114.170898, 22.248491], [114.171394, 22.24847], [114.172928, 22.248291], [114.173271, 22.248297], [114.173454, 22.248316], [114.17363, 22.248356], [114.17379, 22.248417], [114.174004, 22.248512], [114.17453, 22.248789], [114.17453, 22.248789], [114.175072, 22.249073], [114.175346, 22.249254], [114.175476, 22.249361], [114.175903, 22.249743], [114.176224, 22.250061], [114.176361, 22.250214], [114.176529, 22.250431], [114.176689, 22.25071], [114.176819, 22.251013], [114.176895, 22.251244], [114.176949, 22.251469], [114.176979, 22.25169], [114.176987, 22.25189], [114.176964, 22.252167], [114.176926, 22.252361], [114.176865, 22.25259], [114.176788, 22.252756], [114.176697, 22.252935], [114.176483, 22.253286], [114.163315, 22.273256], [114.163223, 22.273413], [114.163155, 22.273596], [114.163109, 22.273766], [114.163078, 22.27397], [114.163071, 22.274368], [114.163094, 22.27457], [114.163132, 22.274801], [114.163162, 22.274965], [114.163239, 22.275198], [114.163322, 22.275408], [114.163452, 22.275648], [114.163666, 22.27597], [114.16391, 22.276251], [114.164314, 22.27668], [114.164528, 22.276943], [114.164787, 22.277273], [114.165077, 22.277596], [114.166199, 22.278727]]}}, {"type": "Feature", "properties": {"route_name": "South Island Line", "type": "Subway", "network": "MTR", "color": "#B5A81A"}, "geometry": {"type": "LineString", "coordinates": [[114.165901, 22.278152], [114.165253, 22.277472], [114.164948, 22.277174], [114.164368, 22.276636], [114.164116, 22.276396], [114.163956, 22.276222], [114.163727, 22.275942], [114.163513, 22.275616], [114.163383, 22.275383], [114.1633, 22.275179], [114.163231, 22.274952], [114.1632, 22.274792], [114.163139, 22.274364], [114.163147, 22.273973], [114.163177, 22.273777], [114.163223, 22.273615], [114.163284, 22.273438], [114.163368, 22.273289], [114.176544, 22.253319], [114.176651, 22.253153], [114.176765, 22.252954], [114.176849, 22.252775], [114.17691, 22.252605], [114.176979, 22.252361], [114.17701, 22.252172], [114.177032, 22.251892], [114.177025, 22.251688], [114.177002, 22.251463], [114.176949, 22.251234], [114.176872, 22.251003], [114.176735, 22.250689], [114.176666, 22.250565], [114.176483, 22.25029], [114.176399, 22.250179], [114.176247, 22.250013], [114.176125, 22.249889], [114.175507, 22.249325], [114.175232, 22.249123], [114.174942, 22.248957], [114.174553, 22.248753], [114.174553, 22.248753], [114.174026, 22.248474], [114.173813, 22.248379], [114.173645, 22.248316], [114.173477, 22.248264], [114.173286, 22.248232], [114.173103, 22.248219], [114.172913, 22.248219], [114.172577, 22.248243], [114.171837, 22.248322], [114.171387, 22.248356], [114.17112, 22.248363], [114.170692, 22.248354], [114.170494, 22.248339], [114.169746, 22.248255], [114.168922, 22.24811], [114.168358, 22.247999], [114.167496, 22.247816], [114.167496, 22.247816], [114.166832, 22.247669], [114.166229, 22.247553], [114.165749, 22.24744], [114.165443, 22.247393], [114.165131, 22.24737], [114.162926, 22.247282], [114.162521, 22.247229], [114.162315, 22.247177], [114.162132, 22.247116], [114.161926, 22.24704], [114.161713, 22.24695], [114.161514, 22.246845], [114.161301, 22.24671], [114.160957, 22.246443], [114.159355, 22.244917], [114.159164, 22.244766], [114.159004, 22.244646], [114.158737, 22.244474], [114.158264, 22.244215], [114.158096, 22.244078], [114.157921, 22.243895], [114.157562, 22.243376], [114.157372, 22.243114], [114.157043, 22.242731], [114.156898, 22.242584], [114.156174, 22.241934], [114.156174, 22.241934], [114.154678, 22.240604], [114.154526, 22.240496], [114.154335, 22.240383], [114.154121, 22.240297], [114.153862, 22.240231], [114.153587, 22.240183], [114.153305, 22.240162], [114.152992, 22.24017], [114.152657, 22.240213], [114.151611, 22.240376], [114.151321, 22.240446], [114.151085, 22.240526], [114.150841, 22.240627], [114.150627, 22.240747], [114.150383, 22.240915], [114.150139, 22.241104], [114.149933, 22.241299], [114.149719, 22.241535], [114.149361, 22.24198], [114.149178, 22.242226]]}}, {"type": "Feature", "properties": {"route_name": "Tung Chung Line", "type": "Commuter Rail", "network": "MTR Commuter", "color": "#F38B00"}, "geometry": {"type": "LineString", "coordinates": [[113.941597, 22.289295], [113.942101, 22.289656], [113.942329, 22.289843], [113.94294, 22.2904], [113.943031, 22.290503], [113.943123, 22.290586], [113.943855, 22.29113], [113.944336, 22.291475], [113.944687, 22.291704], [113.944962, 22.291849], [113.945229, 22.291975], [113.945541, 22.292103], [113.945839, 22.292198], [113.946129, 22.292276], [113.946419, 22.292322], [113.950188, 22.292772], [113.9506, 22.292843], [113.95089, 22.292908], [113.951218, 22.292995], [113.951691, 22.293159], [113.952293, 22.293415], [113.952751, 22.293633], [113.953163, 22.293852], [113.953468, 22.294031], [113.953957, 22.294334], [113.955307, 22.29525], [113.955521, 22.295387], [113.956497, 22.296], [113.956886, 22.296219], [113.957306, 22.296436], [113.957703, 22.296618], [113.958168, 22.296825], [113.959129, 22.297218], [113.960022, 22.297565], [113.960335, 22.297665], [113.960648, 22.297749], [113.961105, 22.29785], [113.962364, 22.298065], [113.962769, 22.298124], [113.963264, 22.298206], [113.963776, 22.298302], [113.964569, 22.29847], [113.967911, 22.299263], [113.969597, 22.299694], [113.970703, 22.29999], [113.971512, 22.300226], [113.971786, 22.300327], [113.972054, 22.30044], [113.972549, 22.300669], [113.973053, 22.300915], [113.973831, 22.301344], [113.975937, 22.30253], [113.976494, 22.302862], [113.977547, 22.303467], [113.978882, 22.304214], [113.979492, 22.304537], [113.980568, 22.305086], [113.983276, 22.30654], [113.983986, 22.30695], [113.984764, 22.307411], [113.986465, 22.308359], [113.987366, 22.308889], [113.988319, 22.309427], [113.990295, 22.31056], [113.992622, 22.311916], [113.993073, 22.312216], [113.99369, 22.312672], [113.994339, 22.31321], [113.994629, 22.313488], [113.995026, 22.313889], [113.995407, 22.314322], [113.995728, 22.314735], [113.99646, 22.315741], [113.997948, 22.317753], [113.998161, 22.318037], [113.998413, 22.318348], [113.998611, 22.318575], [113.999077, 22.31905], [113.999283, 22.31925], [113.999809, 22.31967], [114.000084, 22.31988], [114.000526, 22.320179], [114.000893, 22.320402], [114.001152, 22.320545], [114.001724, 22.320841], [114.006439, 22.322998], [114.009064, 22.324141], [114.009712, 22.324413], [114.010223, 22.32461], [114.010712, 22.324772], [114.011055, 22.324875], [114.011353, 22.324955], [114.01162, 22.325022], [114.012383, 22.325178], [114.012726, 22.325233], [114.013153, 22.325289], [114.01355, 22.325329], [114.01387, 22.32535], [114.014374, 22.325369], [114.014763, 22.325369], [114.01519, 22.325357], [114.015556, 22.325338], [114.016945, 22.325232], [114.017754, 22.325184], [114.018112, 22.325176], [114.018715, 22.32519], [114.019081, 22.325216], [114.019493, 22.32526], [114.019791, 22.325304], [114.020218, 22.325378], [114.020538, 22.325449], [114.020859, 22.325527], [114.021271, 22.325645], [114.021629, 22.325766], [114.022003, 22.325903], [114.022354, 22.326052], [114.022652, 22.326187], [114.02298, 22.326353], [114.023262, 22.326508], [114.023621, 22.326715], [114.023949, 22.326935], [114.024223, 22.327127], [114.024506, 22.327341], [114.024895, 22.327663], [114.025085, 22.327837], [114.025505, 22.328249], [114.025703, 22.328459], [114.028374, 22.331413], [114.028862, 22.331928], [114.028862, 22.331928], [114.029198, 22.332264], [114.029701, 22.332733], [114.03035, 22.333305], [114.030754, 22.333639], [114.03141, 22.334232], [114.031998, 22.334782], [114.032562, 22.33526], [114.032852, 22.335489], [114.03315, 22.335701], [114.033615, 22.336], [114.034058, 22.336271], [114.03434, 22.336432], [114.03463, 22.336592], [114.036011, 22.337311], [114.037704, 22.338224], [114.038513, 22.338675], [114.039268, 22.339031], [114.039917, 22.339294], [114.040642, 22.339506], [114.041237, 22.33964], [114.041763, 22.339727], [114.042229, 22.339771], [114.046951, 22.340015], [114.047394, 22.34005], [114.047928, 22.340124], [114.048523, 22.340235], [114.049042, 22.34037], [114.049545, 22.340546], [114.049957, 22.340708], [114.0504, 22.340931], [114.050728, 22.341124], [114.05249, 22.342237], [114.058479, 22.346142], [114.059105, 22.346531], [114.059456, 22.346733], [114.059822, 22.346928], [114.060188, 22.347103], [114.060585, 22.347279], [114.060966, 22.347437], [114.061363, 22.347582], [114.062157, 22.347837], [114.062859, 22.34804], [114.080727, 22.353024], [114.083153, 22.353659], [114.08564, 22.354465], [114.088402, 22.355341], [114.091621, 22.356436], [114.098648, 22.358788], [114.099144, 22.358938], [114.099571, 22.359049], [114.100044, 22.359142], [114.100494, 22.359186], [114.101021, 22.3592], [114.101753, 22.359167], [114.104179, 22.358946], [114.104378, 22.358923], [114.104942, 22.358831], [114.105812, 22.358723], [114.106941, 22.358488], [114.106941, 22.358488], [114.10881, 22.358095], [114.109123, 22.358019], [114.109406, 22.357933], [114.116531, 22.35536], [114.117012, 22.355181], [114.117355, 22.355021], [114.119347, 22.353928], [114.120079, 22.353502], [114.122131, 22.352354], [114.122757, 22.352018], [114.123161, 22.351749], [114.123558, 22.351452], [114.124016, 22.351057], [114.124352, 22.350742], [114.124565, 22.350492], [114.125008, 22.349901], [114.125618, 22.348988], [114.126053, 22.348392], [114.126053, 22.348392], [114.127213, 22.346766], [114.127876, 22.34577], [114.128571, 22.344791], [114.128815, 22.344414], [114.129059, 22.343992], [114.130356, 22.341785], [114.130783, 22.341032], [114.131958, 22.338713], [114.132271, 22.338179], [114.132469, 22.337851], [114.132744, 22.337423], [114.132942, 22.337143], [114.133247, 22.336754], [114.133591, 22.336361], [114.133858, 22.336088], [114.13414, 22.335835], [114.134415, 22.335598], [114.134964, 22.335169], [114.135254, 22.334967], [114.135551, 22.334774], [114.135895, 22.334579], [114.136253, 22.334389], [114.13681, 22.33412], [114.137405, 22.333864], [114.137817, 22.333693], [114.138672, 22.333364], [114.14724, 22.330105], [114.148392, 22.329647], [114.148972, 22.329399], [114.149475, 22.329161], [114.150368, 22.328672], [114.150902, 22.32836], [114.152069, 22.327583], [114.153389, 22.326628], [114.15377, 22.326321], [114.15377, 22.326321], [114.154472, 22.325693], [114.154816, 22.325375], [114.155174, 22.325022], [114.155914, 22.324232], [114.156662, 22.323387], [114.157135, 22.322817], [114.157829, 22.321985], [114.157951, 22.321827], [114.158447, 22.321142], [114.159286, 22.319939], [114.15966, 22.319334], [114.159821, 22.31904], [114.159981, 22.318708], [114.160355, 22.317833], [114.160355, 22.317833], [114.160767, 22.316874], [114.16153, 22.314959], [114.16188, 22.31414], [114.162346, 22.313101], [114.162491, 22.312765], [114.162643, 22.312355], [114.162781, 22.311878], [114.16291, 22.311346], [114.16301, 22.310661], [114.163086, 22.310028], [114.163101, 22.30937], [114.163086, 22.30905], [114.163055, 22.308693], [114.162987, 22.308287], [114.162918, 22.307983], [114.162704, 22.307163], [114.162537, 22.306736], [114.161552, 22.304583], [114.161552, 22.304583], [114.160599, 22.302515], [114.160469, 22.302288], [114.160286, 22.301968], [114.16008, 22.301661], [114.159836, 22.301325], [114.159164, 22.300505], [114.158684, 22.300026], [114.158478, 22.299845], [114.157745, 22.299021], [114.157684, 22.299072], [114.157341, 22.298681], [114.156944, 22.298222], [114.156578, 22.29775], [114.156181, 22.297215], [114.155785, 22.296612], [114.155342, 22.295876], [114.154961, 22.295185], [114.154564, 22.294416], [114.154388, 22.294014], [114.154289, 22.293743], [114.15419, 22.29339], [114.154137, 22.293036], [114.154099, 22.29257], [114.154129, 22.291862], [114.154175, 22.291275], [114.154282, 22.290686], [114.154411, 22.290085], [114.154579, 22.289492], [114.154739, 22.288994], [114.154961, 22.288433], [114.155388, 22.287498], [114.155579, 22.287136], [114.156052, 22.286461], [114.156204, 22.286289], [114.156647, 22.285944], [114.157059, 22.285658], [114.157265, 22.285526], [114.158279, 22.284933]]}}, {"type": "Feature", "properties": {"route_name": "Tung Chung Line", "type": "Commuter Rail", "network": "MTR Commuter", "color": "#F38B00"}, "geometry": {"type": "LineString", "coordinates": [[114.15844, 22.28484], [114.157265, 22.285526], [114.157059, 22.285658], [114.156647, 22.285944], [114.156204, 22.286289], [114.156052, 22.286461], [114.155579, 22.287136], [114.155388, 22.287498], [114.154961, 22.288433], [114.154739, 22.288994], [114.154579, 22.289492], [114.154411, 22.290085], [114.154282, 22.290686], [114.154175, 22.291275], [114.154129, 22.291862], [114.154099, 22.29257], [114.154137, 22.293036], [114.15419, 22.29339], [114.154289, 22.293743], [114.154388, 22.294014], [114.154564, 22.294416], [114.154961, 22.295185], [114.155342, 22.295876], [114.155785, 22.296612], [114.156181, 22.297215], [114.156578, 22.29775], [114.156944, 22.298222], [114.157341, 22.298681], [114.158409, 22.299896], [114.158569, 22.300119], [114.158997, 22.300634], [114.159645, 22.301456], [114.159874, 22.301773], [114.160233, 22.302334], [114.160385, 22.302593], [114.160934, 22.30373], [114.161354, 22.304636], [114.161354, 22.304636], [114.162361, 22.306805], [114.162521, 22.307205], [114.162651, 22.307623], [114.162758, 22.308016], [114.162819, 22.308313], [114.162888, 22.30871], [114.162918, 22.309061], [114.162933, 22.309372], [114.162918, 22.310017], [114.162842, 22.31064], [114.16272, 22.311325], [114.16259, 22.311827], [114.162437, 22.312313], [114.162308, 22.312712], [114.162186, 22.31303], [114.16172, 22.314093], [114.161339, 22.314892], [114.160896, 22.315849], [114.160553, 22.316673], [114.16011, 22.317741], [114.16011, 22.317741], [114.159752, 22.318626], [114.159599, 22.318951], [114.159286, 22.319574], [114.159195, 22.319721], [114.158943, 22.320126], [114.158287, 22.321049], [114.157631, 22.321857], [114.156929, 22.322662], [114.156464, 22.323259], [114.155754, 22.324093], [114.155357, 22.324522], [114.154655, 22.325239], [114.153923, 22.32588], [114.153656, 22.326096], [114.153656, 22.326096], [114.153206, 22.326447], [114.151909, 22.3274], [114.151299, 22.327806], [114.15023, 22.328457], [114.14933, 22.328936], [114.148857, 22.329163], [114.148285, 22.329412], [114.147125, 22.329876], [114.138565, 22.333168], [114.137299, 22.333647], [114.136696, 22.333893], [114.136116, 22.334166], [114.135735, 22.334366], [114.135414, 22.334566], [114.135086, 22.33478], [114.134804, 22.334984], [114.134491, 22.335224], [114.133942, 22.335676], [114.133675, 22.335926], [114.1334, 22.336201], [114.133026, 22.336609], [114.132515, 22.337294], [114.132225, 22.33773], [114.132034, 22.338068], [114.131744, 22.338615], [114.131203, 22.339699], [114.131004, 22.340117], [114.130577, 22.340929], [114.129852, 22.342274], [114.128815, 22.344017], [114.128624, 22.344349], [114.127754, 22.345724], [114.127037, 22.346798], [114.12603, 22.348215], [114.12603, 22.348215], [114.125565, 22.348886], [114.125305, 22.349298], [114.125, 22.349823], [114.124832, 22.350067], [114.124542, 22.35046], [114.124306, 22.350735], [114.123993, 22.351038], [114.123543, 22.351429], [114.123138, 22.351723], [114.122742, 22.351992], [114.122437, 22.352158], [114.122108, 22.35232], [114.120056, 22.353462], [114.118401, 22.354418], [114.117577, 22.35486], [114.116989, 22.355158], [114.116783, 22.355246], [114.116234, 22.355465], [114.109406, 22.357933], [114.109123, 22.358019], [114.10881, 22.358095], [114.107262, 22.358421], [114.107262, 22.358421], [114.105812, 22.358723], [114.104942, 22.358831], [114.104378, 22.358923], [114.104179, 22.358946], [114.102402, 22.359104], [114.102005, 22.359119], [114.1017, 22.359118], [114.10099, 22.359079], [114.100578, 22.359049], [114.100151, 22.359003], [114.099663, 22.358917], [114.09922, 22.35881], [114.098686, 22.35866], [114.091675, 22.356304], [114.08844, 22.355238], [114.08567, 22.354361], [114.083168, 22.353619], [114.080742, 22.352982], [114.062874, 22.347998], [114.062172, 22.347797], [114.061775, 22.347675], [114.061378, 22.347544], [114.060989, 22.347399], [114.0606, 22.34724], [114.060211, 22.347067], [114.059845, 22.346891], [114.059479, 22.346697], [114.059128, 22.346495], [114.058815, 22.346302], [114.052513, 22.342203], [114.050438, 22.340885], [114.049995, 22.340639], [114.049591, 22.340467], [114.04908, 22.340284], [114.048553, 22.340141], [114.047943, 22.340008], [114.047409, 22.339924], [114.046951, 22.339878], [114.042244, 22.339638], [114.041786, 22.339598], [114.041252, 22.339521], [114.040665, 22.339399], [114.039955, 22.339197], [114.039406, 22.338984], [114.03878, 22.338694], [114.037735, 22.338137], [114.035309, 22.336884], [114.034668, 22.336563], [114.034081, 22.336243], [114.033638, 22.335978], [114.033165, 22.335678], [114.032875, 22.335466], [114.032585, 22.335245], [114.032021, 22.334761], [114.031082, 22.333895], [114.030777, 22.333616], [114.029724, 22.332708], [114.029228, 22.332237], [114.028885, 22.331902], [114.028885, 22.331902], [114.028419, 22.331406], [114.025818, 22.328527], [114.025612, 22.328302], [114.025299, 22.32799], [114.025116, 22.327812], [114.024757, 22.327494], [114.024551, 22.32733], [114.024254, 22.327099], [114.023994, 22.326914], [114.023636, 22.326685], [114.023277, 22.326471], [114.02301, 22.326324], [114.022667, 22.326153], [114.022369, 22.326017], [114.022018, 22.325869], [114.021637, 22.325727], [114.021278, 22.325609], [114.020882, 22.325495], [114.020546, 22.325413], [114.020226, 22.325342], [114.019806, 22.32527], [114.019485, 22.325222], [114.018913, 22.325165], [114.018738, 22.325153], [114.018105, 22.32514], [114.017731, 22.325148], [114.017349, 22.325165], [114.015495, 22.325304], [114.015144, 22.325323], [114.014748, 22.325333], [114.014366, 22.325333], [114.013657, 22.325298], [114.013039, 22.325239], [114.012589, 22.325176], [114.012283, 22.325125], [114.011887, 22.325045], [114.011429, 22.324938], [114.011078, 22.324842], [114.010674, 22.32472], [114.010216, 22.324566], [114.009491, 22.324282], [114.009079, 22.324106], [114.00647, 22.322969], [114.001732, 22.320807], [114.001007, 22.320425], [114.000717, 22.320255], [114.000259, 22.319958], [113.99984, 22.319645], [113.999344, 22.319252], [113.998878, 22.318802], [113.998642, 22.318548], [113.998444, 22.318321], [113.998192, 22.318014], [113.997269, 22.316782], [113.996094, 22.315149], [113.995468, 22.314335], [113.995064, 22.313879], [113.994682, 22.313482], [113.99437, 22.313183], [113.993423, 22.312407], [113.992912, 22.312037], [113.990837, 22.310825], [113.984009, 22.306917], [113.983139, 22.306431], [113.980804, 22.305166], [113.980354, 22.304914], [113.978607, 22.303902], [113.977501, 22.303278], [113.976028, 22.302406], [113.975113, 22.301891], [113.973701, 22.301069], [113.973076, 22.300713], [113.972626, 22.300489], [113.972298, 22.300341], [113.971931, 22.3002], [113.971565, 22.300079], [113.970734, 22.299839], [113.968834, 22.29936], [113.968033, 22.29915], [113.967216, 22.298956], [113.965393, 22.298473], [113.964752, 22.298286], [113.964325, 22.298176], [113.963875, 22.298077], [113.963554, 22.298019], [113.963203, 22.297972], [113.961586, 22.297813], [113.961113, 22.29775], [113.960785, 22.297689], [113.960365, 22.297594], [113.959732, 22.297396], [113.959152, 22.297178], [113.958191, 22.296783], [113.957726, 22.296581], [113.957336, 22.296396], [113.956917, 22.296183], [113.956528, 22.295963], [113.956146, 22.295734], [113.955673, 22.295435], [113.955338, 22.295214], [113.953995, 22.294294], [113.953506, 22.293991], [113.953186, 22.293806], [113.952782, 22.293587], [113.952324, 22.293367], [113.951721, 22.293106], [113.951233, 22.292934], [113.950897, 22.292849], [113.950623, 22.292782], [113.950203, 22.292709], [113.946419, 22.292265], [113.946144, 22.292221], [113.945854, 22.292154], [113.945564, 22.292051], [113.945267, 22.291924], [113.944984, 22.291794], [113.944725, 22.291653], [113.944374, 22.29143], [113.943893, 22.291086], [113.943161, 22.290548], [113.942719, 22.290199], [113.942329, 22.289843], [113.942101, 22.289656], [113.941597, 22.289295]]}}, {"type": "Feature", "properties": {"route_name": "Tseung Kwan O Line", "type": "Subway", "network": "MTR", "color": "#A35EB5"}, "geometry": {"type": "LineString", "coordinates": [[114.264183, 22.315832], [114.264404, 22.315548], [114.264809, 22.314857], [114.265076, 22.314215], [114.265198, 22.313684], [114.265228, 22.313452], [114.265244, 22.313087], [114.265198, 22.312679], [114.265137, 22.312328], [114.265068, 22.312078], [114.264961, 22.311771], [114.264656, 22.311146], [114.264008, 22.309937], [114.263496, 22.309038], [114.263329, 22.308832], [114.263161, 22.308647], [114.262939, 22.308458], [114.262741, 22.308296], [114.262451, 22.308121], [114.262215, 22.308008], [114.261528, 22.307779], [114.259964, 22.307304], [114.259964, 22.307304], [114.255859, 22.305922], [114.254524, 22.305487], [114.254349, 22.305418], [114.254173, 22.30534], [114.253891, 22.305193], [114.253601, 22.305019], [114.253464, 22.304924], [114.253326, 22.304817], [114.252312, 22.303911], [114.252312, 22.303911], [114.251358, 22.303064], [114.250671, 22.302427], [114.249939, 22.301771], [114.249306, 22.301277], [114.247948, 22.300058], [114.247673, 22.29978], [114.247421, 22.299494], [114.24688, 22.298794], [114.245636, 22.296907], [114.245331, 22.296503], [114.245178, 22.296333], [114.244766, 22.295906], [114.244469, 22.295668], [114.244194, 22.2955], [114.243866, 22.29534], [114.243469, 22.295177], [114.243057, 22.295046], [114.242622, 22.294966], [114.242004, 22.294901], [114.241684, 22.294886], [114.241196, 22.294888], [114.240913, 22.294901], [114.2407, 22.294922], [114.240486, 22.294956], [114.240097, 22.295052], [114.239853, 22.295135], [114.239418, 22.295326], [114.239258, 22.29541], [114.238976, 22.295582], [114.238785, 22.295734], [114.238594, 22.295902], [114.238319, 22.296183], [114.237892, 22.296696], [114.237617, 22.297071], [114.237099, 22.297756], [114.237099, 22.297756], [114.236259, 22.298882], [114.23613, 22.299046], [114.236015, 22.299175], [114.235794, 22.299368], [114.235634, 22.299482], [114.235413, 22.299614], [114.235184, 22.299734], [114.234947, 22.299831], [114.234673, 22.299908], [114.234375, 22.299978], [114.234108, 22.300024], [114.23381, 22.300028], [114.233444, 22.300007], [114.233009, 22.299953], [114.232758, 22.29991], [114.23246, 22.299843], [114.232018, 22.299702], [114.2314, 22.299431], [114.211128, 22.288626], [114.210701, 22.288418], [114.210335, 22.288267], [114.210175, 22.288218], [114.209969, 22.28817], [114.209755, 22.288141], [114.208534, 22.28804], [114.208534, 22.28804], [114.207382, 22.287947], [114.207031, 22.287952], [114.206718, 22.287979], [114.206459, 22.288036], [114.2062, 22.288111], [114.205971, 22.288216], [114.205772, 22.288317], [114.205589, 22.288435], [114.205368, 22.288618], [114.205162, 22.288807], [114.204529, 22.289442], [114.204079, 22.289883], [114.203949, 22.289991], [114.203796, 22.2901], [114.203423, 22.290329], [114.203194, 22.290443], [114.20298, 22.290525], [114.202805, 22.290575], [114.202614, 22.290609], [114.2024, 22.290627], [114.202225, 22.290625], [114.201729, 22.290554], [114.200562, 22.290304]]}}, {"type": "Feature", "properties": {"route_name": "Tseung Kwan O Line", "type": "Subway", "network": "MTR", "color": "#A35EB5"}, "geometry": {"type": "LineString", "coordinates": [[114.268486, 22.295431], [114.270073, 22.296686], [114.271065, 22.297405], [114.271233, 22.297575], [114.271568, 22.297867], [114.271805, 22.298052], [114.272064, 22.298298], [114.272186, 22.298441], [114.272575, 22.298979], [114.273232, 22.299944], [114.27343, 22.300253], [114.273544, 22.30047], [114.273643, 22.300686], [114.273735, 22.30093], [114.274185, 22.302341], [114.274261, 22.302593], [114.274292, 22.302732], [114.274345, 22.303144], [114.274345, 22.303471], [114.274292, 22.303755], [114.274185, 22.304127], [114.274078, 22.304409], [114.273918, 22.304665], [114.273705, 22.304958], [114.271179, 22.308193], [114.270813, 22.308611], [114.270462, 22.308905], [114.270073, 22.309187], [114.269684, 22.30941], [114.269249, 22.309605], [114.268845, 22.309742], [114.268433, 22.309851], [114.268158, 22.309896], [114.267662, 22.309963], [114.267128, 22.309963], [114.266678, 22.309921], [114.266243, 22.309841], [114.265831, 22.309732], [114.265442, 22.309589], [114.265045, 22.309401], [114.264816, 22.309278], [114.263321, 22.308405], [114.262924, 22.308191], [114.262596, 22.308062], [114.26223, 22.307928], [114.262077, 22.307882], [114.261528, 22.307779], [114.259918, 22.307289], [114.259918, 22.307289], [114.255859, 22.305922], [114.254524, 22.305487], [114.254349, 22.305418], [114.254173, 22.30534], [114.253891, 22.305193], [114.253601, 22.305019], [114.253464, 22.304924], [114.253326, 22.304817], [114.252312, 22.303911]]}}, {"type": "Feature", "properties": {"route_name": "Tseung Kwan O Line", "type": "Subway", "network": "MTR", "color": "#A35EB5"}, "geometry": {"type": "LineString", "coordinates": [[114.252213, 22.304014], [114.252838, 22.304567], [114.25325, 22.304916], [114.253517, 22.305128], [114.253662, 22.305222], [114.253807, 22.305304], [114.25412, 22.305454], [114.254471, 22.305603], [114.255814, 22.306067], [114.259872, 22.307419], [114.259872, 22.307419], [114.261536, 22.307961], [114.261917, 22.308094], [114.262184, 22.308224], [114.262512, 22.308403], [114.262848, 22.308674], [114.26313, 22.308983], [114.263496, 22.309452], [114.263802, 22.309742], [114.264084, 22.309975], [114.264526, 22.310291], [114.2649, 22.310518], [114.26535, 22.310743], [114.265724, 22.310884], [114.266121, 22.311014], [114.266449, 22.311081], [114.266815, 22.311136], [114.267212, 22.311153], [114.267639, 22.311142], [114.267929, 22.3111], [114.268326, 22.311026], [114.268806, 22.310877], [114.269188, 22.31072], [114.269592, 22.31048], [114.269989, 22.310196], [114.270309, 22.309895], [114.27063, 22.309532], [114.270882, 22.309195], [114.272705, 22.306858], [114.274094, 22.305056], [114.274292, 22.304724], [114.274391, 22.304476], [114.274483, 22.304222], [114.274529, 22.303972], [114.274544, 22.303732], [114.274551, 22.303534], [114.274529, 22.302917], [114.274529, 22.302715], [114.27449, 22.302126], [114.274437, 22.301809], [114.274345, 22.301544], [114.274269, 22.301348], [114.274132, 22.301092], [114.272308, 22.298378], [114.272141, 22.298164], [114.271889, 22.297905], [114.271751, 22.297792], [114.271561, 22.297615], [114.271301, 22.297447], [114.270149, 22.296585], [114.269676, 22.296204], [114.268562, 22.295328]]}}, {"type": "Feature", "properties": {"route_name": "Tseung Kwan O Line", "type": "Subway", "network": "MTR", "color": "#A35EB5"}, "geometry": {"type": "LineString", "coordinates": [[114.200508, 22.290472], [114.201691, 22.290726], [114.202011, 22.290777], [114.202225, 22.290792], [114.202522, 22.290779], [114.202744, 22.290745], [114.202919, 22.290705], [114.203094, 22.290648], [114.203262, 22.290579], [114.203491, 22.290466], [114.203888, 22.290222], [114.204063, 22.290094], [114.204193, 22.289982], [114.205276, 22.288918], [114.205475, 22.28874], [114.205696, 22.288563], [114.205864, 22.288452], [114.206039, 22.288357], [114.206261, 22.288263], [114.206474, 22.288198], [114.206703, 22.288155], [114.207039, 22.288124], [114.207367, 22.288126], [114.208519, 22.288221], [114.208519, 22.288221], [114.209732, 22.288321], [114.210022, 22.288366], [114.210396, 22.288473], [114.210861, 22.288654], [114.211052, 22.288752], [114.231384, 22.299471], [114.231705, 22.299633], [114.231956, 22.29974], [114.232452, 22.299894], [114.232819, 22.299988], [114.233047, 22.300035], [114.233589, 22.300091], [114.234108, 22.300074], [114.234367, 22.300028], [114.23468, 22.299948], [114.234947, 22.299864], [114.235191, 22.299757], [114.23542, 22.299635], [114.235641, 22.299494], [114.235802, 22.299379], [114.236023, 22.299183], [114.236275, 22.298889], [114.236542, 22.29855], [114.237144, 22.297729], [114.237144, 22.297729], [114.237633, 22.297087], [114.237907, 22.296707], [114.238327, 22.296192], [114.238609, 22.295912], [114.238792, 22.295746], [114.238983, 22.295591], [114.239265, 22.295425], [114.239433, 22.295336], [114.239861, 22.295147], [114.240105, 22.295071], [114.240295, 22.295027], [114.240501, 22.294991], [114.240913, 22.294945], [114.24144, 22.294922], [114.241676, 22.294926], [114.241997, 22.294939], [114.242622, 22.295012], [114.243042, 22.295094], [114.243446, 22.295223], [114.243835, 22.295397], [114.244148, 22.295565], [114.244431, 22.295763], [114.244682, 22.29598], [114.244934, 22.296219], [114.245239, 22.296576], [114.245392, 22.296772], [114.245529, 22.296961], [114.246773, 22.298841], [114.247063, 22.299221], [114.24733, 22.299543], [114.247757, 22.29998], [114.24926, 22.301311], [114.249802, 22.301888], [114.250549, 22.302553], [114.251259, 22.303164], [114.252213, 22.304014], [114.252213, 22.304014], [114.252838, 22.304567], [114.25325, 22.304916], [114.253517, 22.305128], [114.253662, 22.305222], [114.253807, 22.305304], [114.25412, 22.305454], [114.254471, 22.305603], [114.255814, 22.306067], [114.259872, 22.307419], [114.259872, 22.307419], [114.261536, 22.307961], [114.261917, 22.308094], [114.262184, 22.308224], [114.262512, 22.308403], [114.262848, 22.308674], [114.26313, 22.308983], [114.263496, 22.309452], [114.264008, 22.310068], [114.264229, 22.310459], [114.264641, 22.311213], [114.264915, 22.311787], [114.26503, 22.312098], [114.265099, 22.312346], [114.265152, 22.312666], [114.265175, 22.312992], [114.265175, 22.313408], [114.265137, 22.3137], [114.265106, 22.313915], [114.265015, 22.314228], [114.264931, 22.314451], [114.264763, 22.314842], [114.264343, 22.315514], [114.26413, 22.315802]]}}, {"type": "Feature", "properties": {"route_name": "Tuen Ma Line", "type": "Commuter Rail", "network": "MTR Commuter", "color": "#9A3B26"}, "geometry": {"type": "LineString", "coordinates": [[113.973343, 22.395351], [113.97364, 22.396498], [113.973419, 22.396547], [113.973785, 22.39772], [113.97419, 22.398779], [113.974785, 22.40007], [113.975494, 22.40168], [113.975586, 22.401939], [113.975761, 22.402466], [113.977364, 22.407917], [113.977501, 22.408268], [113.977669, 22.408638], [113.978004, 22.409267], [113.978134, 22.409548], [113.978233, 22.409826], [113.978462, 22.410551], [113.978912, 22.412073], [113.978912, 22.412073], [113.979164, 22.41292], [113.979652, 22.41428], [113.979759, 22.414505], [113.980362, 22.415735], [113.980759, 22.416492], [113.981491, 22.417923], [113.981758, 22.418421], [113.98391, 22.422251], [113.984383, 22.423151], [113.984619, 22.423647], [113.99086, 22.436855], [113.991158, 22.437466], [113.991257, 22.437649], [113.991478, 22.438042], [113.99173, 22.438456], [113.99205, 22.438921], [113.99231, 22.43927], [113.992615, 22.439653], [113.992958, 22.440041], [113.993385, 22.440489], [113.993736, 22.440828], [113.994293, 22.441307], [113.994896, 22.441771], [113.995506, 22.442183], [113.995735, 22.442327], [113.996101, 22.442539], [113.996445, 22.442726], [113.996765, 22.44289], [113.999138, 22.444017], [114.000854, 22.444798], [114.001221, 22.445004], [114.001633, 22.445301], [114.001884, 22.445496], [114.002342, 22.445908], [114.004356, 22.447937], [114.004356, 22.447937], [114.00518, 22.448774], [114.006256, 22.449806], [114.006569, 22.450068], [114.00679, 22.45023], [114.007057, 22.450407], [114.007309, 22.450556], [114.007713, 22.450762], [114.008057, 22.450907], [114.008316, 22.451002], [114.008675, 22.451111], [114.008972, 22.451183], [114.009171, 22.451221], [114.009567, 22.451283], [114.009972, 22.451319], [114.010338, 22.451326], [114.010651, 22.451317], [114.010994, 22.451288], [114.011406, 22.451229], [114.011887, 22.451124], [114.012169, 22.451044], [114.012741, 22.450855], [114.013153, 22.450693], [114.019325, 22.448393], [114.019798, 22.448233], [114.020164, 22.448122], [114.020546, 22.448025], [114.021004, 22.447927], [114.021492, 22.447847], [114.021881, 22.447802], [114.022293, 22.447769], [114.022964, 22.447746], [114.023605, 22.44776], [114.025253, 22.447763], [114.025253, 22.447763], [114.026634, 22.447771], [114.02729, 22.44776], [114.02813, 22.447727], [114.028465, 22.447701], [114.028915, 22.447632], [114.029266, 22.447552], [114.029572, 22.447462], [114.029739, 22.447409], [114.030083, 22.447271], [114.030388, 22.447128], [114.031097, 22.446754], [114.031441, 22.4466], [114.031746, 22.446487], [114.032074, 22.446388], [114.032471, 22.446297], [114.032852, 22.446236], [114.033409, 22.446182], [114.033623, 22.446177], [114.035294, 22.446182], [114.035294, 22.446182], [114.039871, 22.44619], [114.040436, 22.446209], [114.045036, 22.446472], [114.04557, 22.446518], [114.047195, 22.446703], [114.047501, 22.44673], [114.047844, 22.446751], [114.048454, 22.446754], [114.048851, 22.446735], [114.049088, 22.446716], [114.04953, 22.446665], [114.049812, 22.446623], [114.052483, 22.446186], [114.052856, 22.446115], [114.053185, 22.446045], [114.053589, 22.445942], [114.053894, 22.445848], [114.054436, 22.445648], [114.054771, 22.445499], [114.055275, 22.445244], [114.055717, 22.444981], [114.056061, 22.444746], [114.056427, 22.444468], [114.056709, 22.444223], [114.056885, 22.444065], [114.057144, 22.443804], [114.057442, 22.443468], [114.057648, 22.443211], [114.057915, 22.44285], [114.060547, 22.439171], [114.060913, 22.43862], [114.061691, 22.43741], [114.063515, 22.43483], [114.063515, 22.43483], [114.065933, 22.431417], [114.066216, 22.430983], [114.06646, 22.430548], [114.066689, 22.430077], [114.06694, 22.429432], [114.067024, 22.429178], [114.06736, 22.427999], [114.068443, 22.424316], [114.070152, 22.418354], [114.070641, 22.416708], [114.070755, 22.41638], [114.070885, 22.416052], [114.07119, 22.41534], [114.072449, 22.412676], [114.072723, 22.412149], [114.072945, 22.411772], [114.073181, 22.411406], [114.073463, 22.410988], [114.073875, 22.410431], [114.074501, 22.40966], [114.089058, 22.392548], [114.104668, 22.373777], [114.105385, 22.372894], [114.105515, 22.372717], [114.105751, 22.372366], [114.105896, 22.372198], [114.1063, 22.371784], [114.108246, 22.369921], [114.108849, 22.369329], [114.110107, 22.368187], [114.110107, 22.368187], [114.111008, 22.367367], [114.112282, 22.36619], [114.113098, 22.365406], [114.113388, 22.36512], [114.113785, 22.364752], [114.114212, 22.364388], [114.11496, 22.363825], [114.115471, 22.363449], [114.116676, 22.362598], [114.11721, 22.362148], [114.117729, 22.361656], [114.118187, 22.361168], [114.118637, 22.360704], [114.11908, 22.360304], [114.119514, 22.360001], [114.120018, 22.359674], [114.12043, 22.359434], [114.120934, 22.359175], [114.121414, 22.358982], [114.12265, 22.358522], [114.123253, 22.35828], [114.123756, 22.358055], [114.124062, 22.357897], [114.124352, 22.357714], [114.124588, 22.357525], [114.128456, 22.353651], [114.128716, 22.353376], [114.128922, 22.353148], [114.129128, 22.352892], [114.129326, 22.352617], [114.129539, 22.352308], [114.135841, 22.341873], [114.136124, 22.341337], [114.136292, 22.340969], [114.136414, 22.340609], [114.136497, 22.340267], [114.136528, 22.339991], [114.136604, 22.338587], [114.136604, 22.338587], [114.136703, 22.336805], [114.136757, 22.336365], [114.136787, 22.336172], [114.136841, 22.335951], [114.136917, 22.335712], [114.136986, 22.335548], [114.137169, 22.335226], [114.137291, 22.335043], [114.137436, 22.334869], [114.137611, 22.334675], [114.137802, 22.334501], [114.137947, 22.334383], [114.138123, 22.334263], [114.138336, 22.334135], [114.138542, 22.33403], [114.138771, 22.333929], [114.142212, 22.332552], [114.144081, 22.331799], [114.14563, 22.331154], [114.147331, 22.330441], [114.148613, 22.329866], [114.149567, 22.329426], [114.15033, 22.329023], [114.150833, 22.328728], [114.151901, 22.328054], [114.152206, 22.327852], [114.152588, 22.327578], [114.153122, 22.327173], [114.154076, 22.32641], [114.154076, 22.32641], [114.154335, 22.326195], [114.15509, 22.325552], [114.156746, 22.324093], [114.157005, 22.323824], [114.157288, 22.323488], [114.157578, 22.323128], [114.157845, 22.322756], [114.158257, 22.322128], [114.159393, 22.320234], [114.159775, 22.319519], [114.160202, 22.318705], [114.1604, 22.318293], [114.160957, 22.316936], [114.161804, 22.314928], [114.162674, 22.313051], [114.163681, 22.310858], [114.165131, 22.307459], [114.165833, 22.305918], [114.166542, 22.304564], [114.166542, 22.304564], [114.167572, 22.302628], [114.167877, 22.302084], [114.167931, 22.301956], [114.167999, 22.301701], [114.168068, 22.301323], [114.169121, 22.296635], [114.169266, 22.296024], [114.169327, 22.295835], [114.169418, 22.295626], [114.169525, 22.295441], [114.169617, 22.295307], [114.169746, 22.295168], [114.169907, 22.29501], [114.170082, 22.294872], [114.170326, 22.294754], [114.170532, 22.294689], [114.17086, 22.294628], [114.171158, 22.294619], [114.172455, 22.294693], [114.172836, 22.294748], [114.173103, 22.294807], [114.173386, 22.294891], [114.173668, 22.294996], [114.175377, 22.295822], [114.175377, 22.295822], [114.177078, 22.296637], [114.177666, 22.296951], [114.178024, 22.297174], [114.178284, 22.297359], [114.178513, 22.297544], [114.180084, 22.298853], [114.180283, 22.299028], [114.180855, 22.299622], [114.181435, 22.300257], [114.181587, 22.300451], [114.181747, 22.300699], [114.181908, 22.301088], [114.181976, 22.301323], [114.182144, 22.302811], [114.182144, 22.302811], [114.182289, 22.30447], [114.182297, 22.304819], [114.182251, 22.305115], [114.182167, 22.305492], [114.181763, 22.307131], [114.181747, 22.30731], [114.18174, 22.307522], [114.181763, 22.307758], [114.181808, 22.307987], [114.181854, 22.308132], [114.181976, 22.308371], [114.182076, 22.308619], [114.182129, 22.308712], [114.182739, 22.309732], [114.182739, 22.309732], [114.183578, 22.311148], [114.183861, 22.311567], [114.184105, 22.311861], [114.184425, 22.312204], [114.184776, 22.312523], [114.185204, 22.312853], [114.185562, 22.313089], [114.185814, 22.313225], [114.186073, 22.313353], [114.18644, 22.313515], [114.186813, 22.313667], [114.187042, 22.31378], [114.187202, 22.313873], [114.18734, 22.313997], [114.187454, 22.314144], [114.187553, 22.314342], [114.187637, 22.314577], [114.187691, 22.314875], [114.187698, 22.315014], [114.187698, 22.315178], [114.187691, 22.315313], [114.187675, 22.315437], [114.187592, 22.315844], [114.187561, 22.316116], [114.187561, 22.317156], [114.187561, 22.317156], [114.187553, 22.319731], [114.187546, 22.321255], [114.187576, 22.321783], [114.187607, 22.322063], [114.187637, 22.322193], [114.187698, 22.322325], [114.188599, 22.324152], [114.188751, 22.324465], [114.188843, 22.324612], [114.18898, 22.324776], [114.189156, 22.324944], [114.189346, 22.325068], [114.189484, 22.325134], [114.190063, 22.325346], [114.191353, 22.325844], [114.191353, 22.325844], [114.192482, 22.326292], [114.193466, 22.326656], [114.194527, 22.327045], [114.195549, 22.3274], [114.196121, 22.327604], [114.196419, 22.327721], [114.196693, 22.327852], [114.196892, 22.327967], [114.197044, 22.328066], [114.197334, 22.328285], [114.197464, 22.328403], [114.198418, 22.329308], [114.198723, 22.329582], [114.199593, 22.330437], [114.199593, 22.330437], [114.201096, 22.331903], [114.203094, 22.333879], [114.203392, 22.334187], [114.203545, 22.334391], [114.20369, 22.334673], [114.203766, 22.334917], [114.203827, 22.335175], [114.20385, 22.335373], [114.203857, 22.335625], [114.203812, 22.336088], [114.203606, 22.336878], [114.203476, 22.33732], [114.2033, 22.337685], [114.203026, 22.338118], [114.202713, 22.338472], [114.202408, 22.338722], [114.202034, 22.339008], [114.201393, 22.339502], [114.201393, 22.339502], [114.200623, 22.340103], [114.199959, 22.340607], [114.199776, 22.340775], [114.199585, 22.340973], [114.199425, 22.341206], [114.199272, 22.341551], [114.199196, 22.341682], [114.199104, 22.34182], [114.198738, 22.342226], [114.198608, 22.342367], [114.19841, 22.342529], [114.198196, 22.342663], [114.197342, 22.343067], [114.197021, 22.343178], [114.196693, 22.343235], [114.196365, 22.343262], [114.195961, 22.343254], [114.194893, 22.343145], [114.19397, 22.34309], [114.193611, 22.343096], [114.193237, 22.343111], [114.192436, 22.343163], [114.19194, 22.34321], [114.191406, 22.3433], [114.190468, 22.343521], [114.189972, 22.343693], [114.189255, 22.344023], [114.189034, 22.344103], [114.188828, 22.344191], [114.188576, 22.344339], [114.188324, 22.344522], [114.188095, 22.344702], [114.187775, 22.344959], [114.171997, 22.359037], [114.17173, 22.359297], [114.171501, 22.359541], [114.17131, 22.359783], [114.171082, 22.360109], [114.170998, 22.360268], [114.170685, 22.360779], [114.170509, 22.361145], [114.170425, 22.361385], [114.170372, 22.361664], [114.170349, 22.361837], [114.170341, 22.362083], [114.170357, 22.362331], [114.170387, 22.362555], [114.170456, 22.362812], [114.170509, 22.362999], [114.17083, 22.363991], [114.17083, 22.363991], [114.171143, 22.36495], [114.171288, 22.365303], [114.17144, 22.365572], [114.172432, 22.367189], [114.17289, 22.367908], [114.173073, 22.368189], [114.173187, 22.368353], [114.173607, 22.369032], [114.173828, 22.369318], [114.174194, 22.369713], [114.174614, 22.370089], [114.175201, 22.370537], [114.176071, 22.371157], [114.176361, 22.371344], [114.178741, 22.372719], [114.178741, 22.372719], [114.179626, 22.373226], [114.179802, 22.373322], [114.180122, 22.373466], [114.180275, 22.373524], [114.180458, 22.373579], [114.180664, 22.373623], [114.181343, 22.373688], [114.181564, 22.373714], [114.181664, 22.373732], [114.181877, 22.373783], [114.182076, 22.373846], [114.182281, 22.373934], [114.182449, 22.37402], [114.18306, 22.374388], [114.183273, 22.374502], [114.183548, 22.374626], [114.183762, 22.374695], [114.184074, 22.374763], [114.184319, 22.374792], [114.184616, 22.3748], [114.186127, 22.374737], [114.186127, 22.374737], [114.188156, 22.374643], [114.189125, 22.374584], [114.189415, 22.374575], [114.189735, 22.374588], [114.189903, 22.374611], [114.190239, 22.37468], [114.190575, 22.374784], [114.191643, 22.375221], [114.192963, 22.37571], [114.193275, 22.375832], [114.19342, 22.375898], [114.193733, 22.376066], [114.19397, 22.376215], [114.195038, 22.376978], [114.195038, 22.376978], [114.195869, 22.377577], [114.196274, 22.377876], [114.197212, 22.378666], [114.197983, 22.379261], [114.198227, 22.379435], [114.198441, 22.379562], [114.198776, 22.379734], [114.200661, 22.38056], [114.201057, 22.380766], [114.201431, 22.380999], [114.201897, 22.38133], [114.202354, 22.381678], [114.202629, 22.38192], [114.20356, 22.382805], [114.20356, 22.382805], [114.204857, 22.384029], [114.205315, 22.384481], [114.206497, 22.385679], [114.206963, 22.386181], [114.208389, 22.387627], [114.208389, 22.387627], [114.209122, 22.388369], [114.209274, 22.388536], [114.209427, 22.388725], [114.209587, 22.388958], [114.209686, 22.389156], [114.209785, 22.389402], [114.209862, 22.389635], [114.209915, 22.389896], [114.20993, 22.390028], [114.209938, 22.390385], [114.209915, 22.390659], [114.209854, 22.390947], [114.209808, 22.391134], [114.209694, 22.391516], [114.209579, 22.391953], [114.209541, 22.392164], [114.209511, 22.392345], [114.20948, 22.392689], [114.209473, 22.39303], [114.209488, 22.393389], [114.209534, 22.393709], [114.209572, 22.393938], [114.209671, 22.394344], [114.209808, 22.394844], [114.210007, 22.395428], [114.210167, 22.395861], [114.210297, 22.396156], [114.210472, 22.396549], [114.210617, 22.396852], [114.210915, 22.397406], [114.211266, 22.397984], [114.211624, 22.398527], [114.211983, 22.399017], [114.212166, 22.399242], [114.212517, 22.399664], [114.212921, 22.400101], [114.213676, 22.400881], [114.214142, 22.401346], [114.214439, 22.401623], [114.214935, 22.402031], [114.215134, 22.402191], [114.215584, 22.402512], [114.216141, 22.402868], [114.216408, 22.403028], [114.216675, 22.403175], [114.216942, 22.403313], [114.218254, 22.403957], [114.218742, 22.404226], [114.218964, 22.40436], [114.219376, 22.404638], [114.219696, 22.404871], [114.22023, 22.405291], [114.220642, 22.405645], [114.220993, 22.405966], [114.221336, 22.406311], [114.221474, 22.406458], [114.221832, 22.406864], [114.22216, 22.407303], [114.222298, 22.407509], [114.222435, 22.407738], [114.222893, 22.408545], [114.222893, 22.408545], [114.223236, 22.409185], [114.223526, 22.409767], [114.223625, 22.41], [114.223663, 22.410124], [114.223701, 22.410265], [114.223732, 22.410418], [114.223755, 22.410608], [114.223763, 22.410757], [114.22377, 22.411085], [114.223747, 22.411791], [114.223755, 22.412085], [114.22377, 22.412191], [114.223793, 22.41238], [114.223816, 22.412483], [114.223877, 22.412674], [114.223961, 22.412918], [114.224396, 22.413879], [114.22496, 22.41534], [114.225151, 22.41576], [114.225357, 22.416264], [114.225815, 22.417471], [114.225815, 22.417471], [114.226242, 22.418585], [114.226418, 22.419081], [114.226616, 22.419695], [114.226715, 22.419975], [114.227524, 22.422102], [114.227615, 22.422325], [114.227699, 22.422485], [114.227798, 22.422657], [114.22789, 22.422802], [114.227997, 22.422947], [114.228104, 22.423082], [114.228386, 22.423388], [114.228653, 22.423622], [114.22879, 22.423729], [114.228943, 22.423828], [114.229073, 22.423901], [114.229317, 22.424023], [114.229614, 22.424137], [114.229858, 22.424212], [114.231628, 22.424728], [114.231628, 22.424728], [114.233879, 22.425383], [114.234131, 22.425447], [114.23452, 22.425528], [114.235321, 22.425642], [114.235817, 22.425697], [114.237228, 22.425812], [114.237419, 22.425833], [114.237625, 22.425865], [114.237854, 22.425913], [114.238152, 22.426001], [114.238365, 22.426073], [114.238632, 22.426186], [114.238899, 22.426323], [114.239212, 22.426519], [114.2397, 22.426886], [114.241333, 22.428154], [114.241707, 22.428421], [114.241875, 22.42853], [114.242165, 22.428673], [114.242439, 22.428766], [114.24292, 22.428879], [114.243881, 22.429079]]}}, {"type": "Feature", "properties": {"route_name": "Tuen Ma Line", "type": "Commuter Rail", "network": "MTR Commuter", "color": "#9A3B26"}, "geometry": {"type": "LineString", "coordinates": [[114.243851, 22.42922], [114.242722, 22.428974], [114.242599, 22.428944], [114.242386, 22.428871], [114.242287, 22.428831], [114.242058, 22.428717], [114.24192, 22.428637], [114.241745, 22.428516], [114.239525, 22.426805], [114.239174, 22.42655], [114.239021, 22.426451], [114.238731, 22.426287], [114.23848, 22.42617], [114.238319, 22.426104], [114.237999, 22.425999], [114.237839, 22.425957], [114.237625, 22.425911], [114.237404, 22.425877], [114.237198, 22.425854], [114.235992, 22.42576], [114.235573, 22.425716], [114.234924, 22.425634], [114.2342, 22.425518], [114.233414, 22.425365], [114.23304, 22.425276], [114.232811, 22.425217], [114.23159, 22.424864], [114.23159, 22.424864], [114.230064, 22.424417], [114.229866, 22.424353], [114.22963, 22.424263], [114.229332, 22.424124], [114.229042, 22.423962], [114.228889, 22.423861], [114.2286, 22.423645], [114.228386, 22.423454], [114.228264, 22.42333], [114.22805, 22.423092], [114.227844, 22.422817], [114.22776, 22.422684], [114.227654, 22.422501], [114.227524, 22.422235], [114.227264, 22.421583], [114.226662, 22.419987], [114.226547, 22.419697], [114.226151, 22.418764], [114.225677, 22.417511], [114.225677, 22.417511], [114.22525, 22.416389], [114.224907, 22.41534], [114.224747, 22.414913], [114.224358, 22.413893], [114.223976, 22.413063], [114.223885, 22.412848], [114.223801, 22.4126], [114.223755, 22.412392], [114.223724, 22.412207], [114.223709, 22.412003], [114.223701, 22.411831], [114.223717, 22.411186], [114.223694, 22.410822], [114.223671, 22.410635], [114.22361, 22.410391], [114.223572, 22.410275], [114.223457, 22.40999], [114.223381, 22.409832], [114.222763, 22.408623], [114.222763, 22.408623], [114.222328, 22.407785], [114.222176, 22.407511], [114.222023, 22.407259], [114.221771, 22.4069], [114.221405, 22.406443], [114.22113, 22.406155], [114.220779, 22.405813], [114.2202, 22.405315], [114.219673, 22.404902], [114.219353, 22.404669], [114.218941, 22.404388], [114.218475, 22.404114], [114.218231, 22.403986], [114.216919, 22.403345], [114.216385, 22.403059], [114.216118, 22.402899], [114.215561, 22.402538], [114.215302, 22.402359], [114.214912, 22.40206], [114.214592, 22.4018], [114.214119, 22.401377], [114.213654, 22.400911], [114.212807, 22.400042], [114.212486, 22.399687], [114.212128, 22.399265], [114.211952, 22.399038], [114.211601, 22.398558], [114.211349, 22.398191], [114.211227, 22.398001], [114.21106, 22.397732], [114.210876, 22.397417], [114.210701, 22.397087], [114.210472, 22.396635], [114.210258, 22.396177], [114.210007, 22.39554], [114.209831, 22.395027], [114.209686, 22.394552], [114.209602, 22.394243], [114.209518, 22.393871], [114.209473, 22.393566], [114.209442, 22.393202], [114.209435, 22.393034], [114.209442, 22.392691], [114.209473, 22.392345], [114.209541, 22.391947], [114.209595, 22.391726], [114.20977, 22.391125], [114.209816, 22.390938], [114.209846, 22.390802], [114.209877, 22.390533], [114.209885, 22.390398], [114.209877, 22.390221], [114.209854, 22.390049], [114.209808, 22.389793], [114.209778, 22.389668], [114.209686, 22.38942], [114.209633, 22.389301], [114.209557, 22.389153], [114.20945, 22.388988], [114.209366, 22.388865], [114.209229, 22.388702], [114.20903, 22.388485], [114.208275, 22.38772], [114.208275, 22.38772], [114.207336, 22.386768], [114.207016, 22.386423], [114.206558, 22.385887], [114.206421, 22.38574], [114.205551, 22.384855], [114.205284, 22.3846], [114.204826, 22.384193], [114.203461, 22.382904], [114.203461, 22.382904], [114.201996, 22.381521], [114.201706, 22.381268], [114.201561, 22.381149], [114.201401, 22.381035], [114.201225, 22.380919], [114.200836, 22.380697], [114.200455, 22.380518], [114.198753, 22.379776], [114.198578, 22.379694], [114.198418, 22.379602], [114.198235, 22.379492], [114.197853, 22.379221], [114.197021, 22.37858], [114.194946, 22.377092], [114.194946, 22.377092], [114.193733, 22.376226], [114.193474, 22.376072], [114.193245, 22.375944], [114.193001, 22.375832], [114.192329, 22.375549], [114.19072, 22.374886], [114.190567, 22.374826], [114.190392, 22.374769], [114.190018, 22.374674], [114.189751, 22.374634], [114.189514, 22.37462], [114.189232, 22.374624], [114.187195, 22.374731], [114.186165, 22.374779], [114.186165, 22.374779], [114.184677, 22.374842], [114.18438, 22.37484], [114.184105, 22.374811], [114.183784, 22.374744], [114.183495, 22.374653], [114.183266, 22.37455], [114.183067, 22.374441], [114.182426, 22.374056], [114.182243, 22.373966], [114.181984, 22.373861], [114.181763, 22.373798], [114.181572, 22.373758], [114.181305, 22.373726], [114.180794, 22.373684], [114.180626, 22.373661], [114.180435, 22.373621], [114.18026, 22.373569], [114.180099, 22.373514], [114.179932, 22.373444], [114.179596, 22.373268], [114.178703, 22.372753], [114.178703, 22.372753], [114.176384, 22.371412], [114.175575, 22.370855], [114.175171, 22.370569], [114.174576, 22.370123], [114.174149, 22.369734], [114.173851, 22.369436], [114.173553, 22.369061], [114.172813, 22.367926], [114.172112, 22.366755], [114.171402, 22.365595], [114.171257, 22.365316], [114.171158, 22.365103], [114.170769, 22.363958], [114.170769, 22.363958], [114.17054, 22.363264], [114.170418, 22.362825], [114.170349, 22.362558], [114.170311, 22.36231], [114.170296, 22.362083], [114.170296, 22.361851], [114.170311, 22.36166], [114.170372, 22.361353], [114.170486, 22.361036], [114.170624, 22.360764], [114.171005, 22.360081], [114.171219, 22.359755], [114.171387, 22.359503], [114.171623, 22.359215], [114.171883, 22.35894], [114.187668, 22.344858], [114.187965, 22.344568], [114.188263, 22.344339], [114.188576, 22.34413], [114.188965, 22.343906], [114.189384, 22.34371], [114.18985, 22.343527], [114.190331, 22.34337], [114.190819, 22.34326], [114.19133, 22.343168], [114.19191, 22.343109], [114.192802, 22.343073], [114.193161, 22.343048], [114.193535, 22.343004], [114.193977, 22.342924], [114.194405, 22.342806], [114.194679, 22.342701], [114.194923, 22.342583], [114.195168, 22.34244], [114.195396, 22.342281], [114.195999, 22.34181], [114.196205, 22.341675], [114.196426, 22.341572], [114.19754, 22.341162], [114.197815, 22.341097], [114.198082, 22.341049], [114.19883, 22.340937], [114.199127, 22.340868], [114.199394, 22.340767], [114.199654, 22.340641], [114.199921, 22.340462], [114.200272, 22.340204], [114.201233, 22.339439], [114.201233, 22.339439], [114.202309, 22.338581], [114.202576, 22.338354], [114.202759, 22.338142], [114.202858, 22.338018], [114.20311, 22.337614], [114.203285, 22.337267], [114.20343, 22.336838], [114.203636, 22.336046], [114.203659, 22.335859], [114.203674, 22.335629], [114.203644, 22.335203], [114.203598, 22.334949], [114.203522, 22.334732], [114.203407, 22.334478], [114.203255, 22.334276], [114.201561, 22.332607], [114.199471, 22.330566], [114.199471, 22.330566], [114.19735, 22.328516], [114.19722, 22.328403], [114.196953, 22.328194], [114.196617, 22.327982], [114.196358, 22.327854], [114.196053, 22.327736], [114.194397, 22.327164], [114.193398, 22.326801], [114.192413, 22.326437], [114.191292, 22.326004], [114.191292, 22.326004], [114.1903, 22.325617], [114.189789, 22.325386], [114.189583, 22.325283], [114.189415, 22.32518], [114.189278, 22.325087], [114.189133, 22.324963], [114.188965, 22.324793], [114.188828, 22.324629], [114.188728, 22.32448], [114.187675, 22.322336], [114.187614, 22.322203], [114.187576, 22.322067], [114.187553, 22.321911], [114.187531, 22.321585], [114.187523, 22.321257], [114.187538, 22.317163], [114.187538, 22.317163], [114.187546, 22.315977], [114.187561, 22.315842], [114.18766, 22.31531], [114.187668, 22.315176], [114.187668, 22.314871], [114.187645, 22.31473], [114.187614, 22.314583], [114.187531, 22.314348], [114.187439, 22.314152], [114.187325, 22.314009], [114.187187, 22.31389], [114.187035, 22.313786], [114.186798, 22.313654], [114.186615, 22.313566], [114.186256, 22.313416], [114.185844, 22.313196], [114.185593, 22.31304], [114.185249, 22.312807], [114.18483, 22.312468], [114.184509, 22.312138], [114.184204, 22.311766], [114.183975, 22.311453], [114.183731, 22.311069], [114.182899, 22.309656], [114.182899, 22.309656], [114.182297, 22.308626], [114.182236, 22.308542], [114.182045, 22.308342], [114.181961, 22.30822], [114.181908, 22.308121], [114.181862, 22.30798], [114.181816, 22.307774], [114.181801, 22.30752], [114.181801, 22.30732], [114.181816, 22.307142], [114.181931, 22.306623], [114.182259, 22.305317], [114.182365, 22.304813], [114.182434, 22.304432], [114.182434, 22.304184], [114.182289, 22.302633], [114.182289, 22.302633], [114.182175, 22.301542], [114.182106, 22.301256], [114.181961, 22.300911], [114.181786, 22.300596], [114.181625, 22.300398], [114.180664, 22.299345], [114.180328, 22.298994], [114.18013, 22.298815], [114.178558, 22.297499], [114.177834, 22.296917], [114.177452, 22.296669], [114.177116, 22.296465], [114.176758, 22.29627], [114.175461, 22.295647], [114.175461, 22.295647], [114.173767, 22.29483], [114.173592, 22.294764], [114.173409, 22.294714], [114.173187, 22.294662], [114.172974, 22.294632], [114.172607, 22.294594], [114.17115, 22.294531], [114.170845, 22.294544], [114.170509, 22.294607], [114.170288, 22.294676], [114.170029, 22.294802], [114.169846, 22.294949], [114.169685, 22.295113], [114.169571, 22.295265], [114.169487, 22.295406], [114.169388, 22.295618], [114.169312, 22.295834], [114.168068, 22.301313], [114.167938, 22.301691], [114.167839, 22.301931], [114.16777, 22.302071], [114.167099, 22.303143], [114.166542, 22.304195], [114.166397, 22.304487], [114.166397, 22.304487], [114.166351, 22.304571], [114.165665, 22.305838], [114.165375, 22.306477], [114.165031, 22.307293], [114.164513, 22.308491], [114.163597, 22.310827], [114.16259, 22.313019], [114.16172, 22.314898], [114.160316, 22.318256], [114.16011, 22.318674], [114.159698, 22.319473], [114.159317, 22.320198], [114.158188, 22.322092], [114.157532, 22.323092], [114.157249, 22.323462], [114.156967, 22.32379], [114.156708, 22.324055], [114.155052, 22.32552], [114.154297, 22.32616], [114.154045, 22.32637], [114.154045, 22.32637], [114.153084, 22.327131], [114.15255, 22.327532], [114.152161, 22.327805], [114.151123, 22.328463], [114.150284, 22.328966], [114.149529, 22.329365], [114.148575, 22.329802], [114.147293, 22.330378], [114.142189, 22.332495], [114.138748, 22.333868], [114.138512, 22.333973], [114.138298, 22.33408], [114.138077, 22.334208], [114.137909, 22.33432], [114.137749, 22.334448], [114.13755, 22.334627], [114.13736, 22.334824], [114.137222, 22.335001], [114.1371, 22.335188], [114.137009, 22.335344], [114.136848, 22.335691], [114.136772, 22.33593], [114.136711, 22.336161], [114.136681, 22.336348], [114.136635, 22.3368], [114.136536, 22.338577], [114.136536, 22.338577], [114.136482, 22.339687], [114.136467, 22.339993], [114.136436, 22.340261], [114.136353, 22.34059], [114.13623, 22.340942], [114.13607, 22.341309], [114.13578, 22.341846], [114.134926, 22.343246], [114.129486, 22.352274], [114.12928, 22.352579], [114.129074, 22.352856], [114.128876, 22.353107], [114.12867, 22.353338], [114.12841, 22.353611], [114.127464, 22.354469], [114.124504, 22.35743], [114.124268, 22.357613], [114.123993, 22.357794], [114.123703, 22.357954], [114.123199, 22.358175], [114.122604, 22.358404], [114.121353, 22.358856], [114.120865, 22.359045], [114.120346, 22.359295], [114.119926, 22.359539], [114.119423, 22.359861], [114.11898, 22.36017], [114.118515, 22.360594], [114.11808, 22.361065], [114.117622, 22.361572], [114.117126, 22.362072], [114.116615, 22.362528], [114.115929, 22.363028], [114.115417, 22.363388], [114.114159, 22.364332], [114.113731, 22.364697], [114.113335, 22.365072], [114.113052, 22.365364], [114.112663, 22.36573], [114.112335, 22.366053], [114.110519, 22.367733], [114.11013, 22.36808], [114.11013, 22.36808], [114.108803, 22.369287], [114.107422, 22.370634], [114.106255, 22.371744], [114.10585, 22.372156], [114.105705, 22.372335], [114.105576, 22.372507], [114.105461, 22.372686], [114.105331, 22.372858], [114.104607, 22.373728], [114.088989, 22.3925], [114.074463, 22.409636], [114.073837, 22.410398], [114.073418, 22.410963], [114.073135, 22.411379], [114.072891, 22.411757], [114.072678, 22.412119], [114.072395, 22.412661], [114.07193, 22.41362], [114.071121, 22.415323], [114.070808, 22.416027], [114.070679, 22.416361], [114.070564, 22.416674], [114.070427, 22.41711], [114.069145, 22.421476], [114.068848, 22.422531], [114.067268, 22.427977], [114.066917, 22.429138], [114.066833, 22.429396], [114.066734, 22.429647], [114.06665, 22.429842], [114.066452, 22.430256], [114.066307, 22.430515], [114.066185, 22.430714], [114.065758, 22.431347], [114.065071, 22.432323], [114.063347, 22.434736], [114.063347, 22.434736], [114.061462, 22.437408], [114.060722, 22.438526], [114.060341, 22.439072], [114.057701, 22.442829], [114.057472, 22.443138], [114.057182, 22.443506], [114.056892, 22.443829], [114.056602, 22.444113], [114.056305, 22.44438], [114.055984, 22.444635], [114.055832, 22.44475], [114.055496, 22.444979], [114.055206, 22.445152], [114.054916, 22.445316], [114.054558, 22.445494], [114.05423, 22.445637], [114.053856, 22.445778], [114.053528, 22.445889], [114.053345, 22.44594], [114.052841, 22.446066], [114.052475, 22.446138], [114.050087, 22.446535], [114.04953, 22.446621], [114.04908, 22.446674], [114.048851, 22.446693], [114.048355, 22.446712], [114.047997, 22.446712], [114.047508, 22.446688], [114.047203, 22.446661], [114.04557, 22.446474], [114.045044, 22.446428], [114.041306, 22.446213], [114.039352, 22.446043], [114.03904, 22.446022], [114.038406, 22.445995], [114.037163, 22.44599], [114.035332, 22.44599], [114.035332, 22.44599], [114.033409, 22.445995], [114.033089, 22.446022], [114.032761, 22.446074], [114.032379, 22.446163], [114.032082, 22.446255], [114.0317, 22.446407], [114.031075, 22.446714], [114.03051, 22.447001], [114.030144, 22.447168], [114.029823, 22.447294], [114.029633, 22.447357], [114.029434, 22.447414], [114.029053, 22.447495], [114.028877, 22.447521], [114.028572, 22.447552], [114.028275, 22.447565], [114.02729, 22.44758], [114.025253, 22.447582], [114.025253, 22.447582], [114.022964, 22.447582], [114.022507, 22.447605], [114.022102, 22.447643], [114.02169, 22.447697], [114.021301, 22.447763], [114.02079, 22.447874], [114.020447, 22.447964], [114.02005, 22.448084], [114.0196, 22.44824], [114.012634, 22.45084], [114.012253, 22.45096], [114.01194, 22.451042], [114.011627, 22.451111], [114.011208, 22.451176], [114.010887, 22.451206], [114.010498, 22.45122], [114.010063, 22.451206], [114.009773, 22.451181], [114.009468, 22.451139], [114.009132, 22.451077], [114.008698, 22.450968], [114.008408, 22.450874], [114.008095, 22.450754], [114.007683, 22.450569], [114.007492, 22.45047], [114.007133, 22.450256], [114.006866, 22.450077], [114.006592, 22.449867], [114.006409, 22.449711], [114.00531, 22.448666], [114.004486, 22.447828], [114.004486, 22.447828], [114.002464, 22.445801], [114.002159, 22.445541], [114.001945, 22.44537], [114.001335, 22.44496], [114.000908, 22.444729], [113.999191, 22.443953], [113.996811, 22.442814], [113.996483, 22.442654], [113.99585, 22.442303], [113.995544, 22.44212], [113.994911, 22.441694], [113.994339, 22.441263], [113.993767, 22.440777], [113.993431, 22.440456], [113.993004, 22.440012], [113.992661, 22.439627], [113.992355, 22.439247], [113.992096, 22.438902], [113.99176, 22.43841], [113.991516, 22.438021], [113.991211, 22.437469], [113.990997, 22.437033], [113.986313, 22.427113], [113.98465, 22.423601], [113.984406, 22.423105], [113.984032, 22.422375], [113.981796, 22.4184], [113.981537, 22.417904], [113.9804, 22.415678], [113.980095, 22.415049], [113.97998, 22.414791], [113.979858, 22.414442], [113.97934, 22.412874], [113.97908, 22.411999], [113.97908, 22.411999], [113.978752, 22.410877], [113.978416, 22.4098], [113.978294, 22.409462], [113.978073, 22.409012], [113.977783, 22.408508], [113.9776, 22.408165], [113.977463, 22.407898], [113.977348, 22.407621], [113.975746, 22.402233], [113.975639, 22.401899], [113.975471, 22.401484], [113.974892, 22.400164], [113.974434, 22.399183], [113.974251, 22.398745], [113.974037, 22.398087], [113.973839, 22.397396], [113.973755, 22.397066], [113.97364, 22.396498], [113.973343, 22.395351]]}}, {"type": "Feature", "properties": {"route_name": "Tsuen Wan Line", "type": "Subway", "network": "MTR", "color": "#E2231A"}, "geometry": {"type": "LineString", "coordinates": [[114.117599, 22.373774], [114.119713, 22.372799], [114.119843, 22.372728], [114.120132, 22.372532], [114.12027, 22.372416], [114.120422, 22.372286], [114.120659, 22.372061], [114.12085, 22.371851], [114.121109, 22.371618], [114.121361, 22.371435], [114.121704, 22.371239], [114.122025, 22.371082], [114.122375, 22.370935], [114.122658, 22.370848], [114.122879, 22.370798], [114.123215, 22.37077], [114.123451, 22.370764], [114.124992, 22.3708], [114.124992, 22.3708], [114.126411, 22.370844], [114.126778, 22.37081], [114.127342, 22.370729], [114.127647, 22.37067], [114.127991, 22.370579], [114.128311, 22.370468], [114.128639, 22.370327], [114.128967, 22.370159], [114.129295, 22.369972], [114.129555, 22.369793], [114.129845, 22.36956], [114.130035, 22.369379], [114.130211, 22.369202], [114.130394, 22.368992], [114.130547, 22.368799], [114.13073, 22.368532], [114.130875, 22.368248], [114.131012, 22.367931], [114.131119, 22.367617], [114.131203, 22.367254], [114.131248, 22.366915], [114.131271, 22.366617], [114.131248, 22.365496], [114.131279, 22.364969], [114.131241, 22.36408], [114.13121, 22.363157], [114.13121, 22.363157], [114.131134, 22.36138], [114.131111, 22.361176], [114.131081, 22.360947], [114.131027, 22.360744], [114.130959, 22.360535], [114.130875, 22.360334], [114.130745, 22.360104], [114.130592, 22.35988], [114.130424, 22.359671], [114.130257, 22.359493], [114.129074, 22.358379], [114.128845, 22.358141], [114.128586, 22.357832], [114.127823, 22.356842], [114.127823, 22.356842], [114.125572, 22.353863], [114.125366, 22.353561], [114.12516, 22.353231], [114.125053, 22.353037], [114.125, 22.352919], [114.124939, 22.352764], [114.12484, 22.352484], [114.124779, 22.352213], [114.124748, 22.352064], [114.124718, 22.351814], [114.12471, 22.351559], [114.124718, 22.351274], [114.124741, 22.351074], [114.124771, 22.350941], [114.12484, 22.350672], [114.124886, 22.35054], [114.125023, 22.350227], [114.125153, 22.349997], [114.125214, 22.349899], [114.126282, 22.348473], [114.126282, 22.348473], [114.126724, 22.347904], [114.128204, 22.34605], [114.129509, 22.344542], [114.129845, 22.344208], [114.130219, 22.343868], [114.134392, 22.34042], [114.13504, 22.339968], [114.135437, 22.33972], [114.135864, 22.339481], [114.136253, 22.339279], [114.136688, 22.339067], [114.136688, 22.339067], [114.13707, 22.33889], [114.138153, 22.338442], [114.140472, 22.337437], [114.141457, 22.337032], [114.142082, 22.3368], [114.14254, 22.33667], [114.143051, 22.336555], [114.143555, 22.33646], [114.143982, 22.336399], [114.144348, 22.33637], [114.144722, 22.336363], [114.14505, 22.336384], [114.14537, 22.336437], [114.145645, 22.336504], [114.145897, 22.336582], [114.147308, 22.337076], [114.148048, 22.337324], [114.148048, 22.337324], [114.149887, 22.337952], [114.150185, 22.338037], [114.15052, 22.338118], [114.15081, 22.338171], [114.15107, 22.338205], [114.15136, 22.338228], [114.151634, 22.338221], [114.151947, 22.338196], [114.152267, 22.338137], [114.152481, 22.338072], [114.15271, 22.337986], [114.152908, 22.337893], [114.153214, 22.337734], [114.153465, 22.33758], [114.153709, 22.337418], [114.154007, 22.3372], [114.156174, 22.335531], [114.156174, 22.335531], [114.162193, 22.330839], [114.162193, 22.330839], [114.165047, 22.328653], [114.165794, 22.328068], [114.167221, 22.326971], [114.167404, 22.326801], [114.167542, 22.326651], [114.167625, 22.326548], [114.167709, 22.326424], [114.167847, 22.326189], [114.167885, 22.326073], [114.167976, 22.325706], [114.16819, 22.324631], [114.16819, 22.324631], [114.169281, 22.319395], [114.169281, 22.319395], [114.16951, 22.318308], [114.169624, 22.317991], [114.169678, 22.317739], [114.170151, 22.315424], [114.170219, 22.315203], [114.170334, 22.31493], [114.17038, 22.314787], [114.170532, 22.314072], [114.17083, 22.31267], [114.17083, 22.31267], [114.171028, 22.311733], [114.171188, 22.310854], [114.171288, 22.310234], [114.171425, 22.309183], [114.171791, 22.305038], [114.171791, 22.305038], [114.171928, 22.303251], [114.172272, 22.297625], [114.172272, 22.297625], [114.172295, 22.297182], [114.172455, 22.295198], [114.172508, 22.294193], [114.172531, 22.293756], [114.172592, 22.290848], [114.172539, 22.289919], [114.172455, 22.289131], [114.172318, 22.288219], [114.172119, 22.287155], [114.171875, 22.285995], [114.171501, 22.284576], [114.17115, 22.283478], [114.170616, 22.282202], [114.170258, 22.28138], [114.170036, 22.280972], [114.169891, 22.280766], [114.169754, 22.280581], [114.169579, 22.280386], [114.169388, 22.280201], [114.169205, 22.280052], [114.168991, 22.279898], [114.168793, 22.279774], [114.16835, 22.279591], [114.168137, 22.27952], [114.167892, 22.279451], [114.16761, 22.279385], [114.167389, 22.279346], [114.167038, 22.279312], [114.166443, 22.27928], [114.166183, 22.279274], [114.165649, 22.279293], [114.165497, 22.279306], [114.165497, 22.279306], [114.165176, 22.279337], [114.165016, 22.279364], [114.164482, 22.27949], [114.164001, 22.279631], [114.163452, 22.279816], [114.163277, 22.279896], [114.162987, 22.280066], [114.162315, 22.280556], [114.162132, 22.28067], [114.161972, 22.28075], [114.161812, 22.280815], [114.161362, 22.280949], [114.160713, 22.281128], [114.159027, 22.28158]]}}, {"type": "Feature", "properties": {"route_name": "Tsuen Wan Line", "type": "Subway", "network": "MTR", "color": "#E2231A"}, "geometry": {"type": "LineString", "coordinates": [[114.159058, 22.281679], [114.161392, 22.281054], [114.16185, 22.280901], [114.161995, 22.28083], [114.162163, 22.280722], [114.162338, 22.280594], [114.16275, 22.280237], [114.162987, 22.280066], [114.163277, 22.279896], [114.163452, 22.279814], [114.163567, 22.279774], [114.164001, 22.279631], [114.164482, 22.27949], [114.165016, 22.279364], [114.165176, 22.279335], [114.165596, 22.279299], [114.165596, 22.279299], [114.166183, 22.279274], [114.166443, 22.27928], [114.167038, 22.279312], [114.167389, 22.279346], [114.16761, 22.279385], [114.167885, 22.279451], [114.168137, 22.27953], [114.168335, 22.27961], [114.168541, 22.279718], [114.168747, 22.279837], [114.168945, 22.279964], [114.169151, 22.280117], [114.169327, 22.28026], [114.169518, 22.280436], [114.169685, 22.280621], [114.169823, 22.280804], [114.169968, 22.281012], [114.170181, 22.281408], [114.170532, 22.282207], [114.171051, 22.283516], [114.171402, 22.284592], [114.171768, 22.285994], [114.172028, 22.287169], [114.172234, 22.288231], [114.172363, 22.289146], [114.17244, 22.28993], [114.172493, 22.290854], [114.172432, 22.293791], [114.172173, 22.29718], [114.172142, 22.297617], [114.172142, 22.297617], [114.172134, 22.29784], [114.171761, 22.30324], [114.171623, 22.305031], [114.171623, 22.305031], [114.171295, 22.308672], [114.171257, 22.309172], [114.171196, 22.309698], [114.17112, 22.310207], [114.171021, 22.310825], [114.170853, 22.311714], [114.170662, 22.312637], [114.170662, 22.312637], [114.169258, 22.319504], [114.169258, 22.319504], [114.169113, 22.320198], [114.169083, 22.320393], [114.169052, 22.320709], [114.168747, 22.322227], [114.168564, 22.32308], [114.168449, 22.32346], [114.168182, 22.32469], [114.168182, 22.32469], [114.167969, 22.325705], [114.1679, 22.325897], [114.167824, 22.326067], [114.167717, 22.326256], [114.167587, 22.326437], [114.167358, 22.326689], [114.167137, 22.326878], [114.163574, 22.329645], [114.162125, 22.330761], [114.162125, 22.330761], [114.156097, 22.335436], [114.156097, 22.335436], [114.153931, 22.337118], [114.153664, 22.337315], [114.153381, 22.337503], [114.153069, 22.337688], [114.152763, 22.337837], [114.152496, 22.337944], [114.152237, 22.338022], [114.151932, 22.338072], [114.151611, 22.338093], [114.151367, 22.3381], [114.151085, 22.338083], [114.150543, 22.338005], [114.149757, 22.337809], [114.148071, 22.337242], [114.148071, 22.337242], [114.146881, 22.336832], [114.146202, 22.336586], [114.145676, 22.336414], [114.145073, 22.336271], [114.144722, 22.336248], [114.144341, 22.336252], [114.143967, 22.336287], [114.143524, 22.336348], [114.143028, 22.336445], [114.142509, 22.336565], [114.142036, 22.3367], [114.141403, 22.336929], [114.140419, 22.337318], [114.1381, 22.338331], [114.137016, 22.338781], [114.136635, 22.338957], [114.136635, 22.338957], [114.136192, 22.339172], [114.135803, 22.339376], [114.135368, 22.339617], [114.134964, 22.339869], [114.134308, 22.340326], [114.130325, 22.343245], [114.130196, 22.343353], [114.129944, 22.343616], [114.129105, 22.34466], [114.128662, 22.345112], [114.128548, 22.34524], [114.126625, 22.347649], [114.126144, 22.348293], [114.126144, 22.348293], [114.12574, 22.348869], [114.125298, 22.349463], [114.125183, 22.349638], [114.125076, 22.349827], [114.124962, 22.350052], [114.124802, 22.350422], [114.124748, 22.350573], [114.124687, 22.350805], [114.124641, 22.351063], [114.124619, 22.351315], [114.124611, 22.351563], [114.124641, 22.351833], [114.124672, 22.352032], [114.124741, 22.352299], [114.124893, 22.352751], [114.125023, 22.353048], [114.125191, 22.353355], [114.125397, 22.353674], [114.125557, 22.353897], [114.127792, 22.35685], [114.127792, 22.35685], [114.128555, 22.357855], [114.128815, 22.358164], [114.129051, 22.358404], [114.130234, 22.35952], [114.130394, 22.35969], [114.130562, 22.359898], [114.130707, 22.360115], [114.130836, 22.360346], [114.13092, 22.360548], [114.130989, 22.360748], [114.131042, 22.360954], [114.131073, 22.361179], [114.131088, 22.361303], [114.131134, 22.362261], [114.131172, 22.36319], [114.131172, 22.36319], [114.131203, 22.36408], [114.131241, 22.364967], [114.131104, 22.366901], [114.131058, 22.367231], [114.130981, 22.367582], [114.130875, 22.367886], [114.130745, 22.368193], [114.1306, 22.368467], [114.130432, 22.368723], [114.130119, 22.369102], [114.129936, 22.369286], [114.129745, 22.369461], [114.129463, 22.369688], [114.129219, 22.369862], [114.128899, 22.370043], [114.128571, 22.370207], [114.128258, 22.370344], [114.127945, 22.370451], [114.127609, 22.370539], [114.127319, 22.370598], [114.127022, 22.370638], [114.126747, 22.370689], [114.126411, 22.370735], [114.124992, 22.370691], [114.124992, 22.370691], [114.123688, 22.370647], [114.123199, 22.370642], [114.122948, 22.370653], [114.12262, 22.370718], [114.122322, 22.370811], [114.121956, 22.370962], [114.121628, 22.371122], [114.121277, 22.371323], [114.12101, 22.371513], [114.120743, 22.371758], [114.120544, 22.371975], [114.120186, 22.372391], [114.119957, 22.372597], [114.119827, 22.3727], [114.119698, 22.372772], [114.117592, 22.373739]]}}, {"type": "Feature", "properties": {"route_name": "Yau Oi - Tin Yat", "type": "Light Rail", "network": "MTR Light Rail", "color": "#CD9700", "is_station": true, "station_name": "Affluence Station"}, "geometry": {"type": "Point", "coordinates": [113.975891, 22.403494]}}, {"type": "Feature", "properties": {"route_name": "Yau Oi - Tin Yat", "type": "Light Rail", "network": "MTR Light Rail", "color": "#CD9700", "is_station": true, "station_name": "Chestwood Station"}, "geometry": {"type": "Point", "coordinates": [113.999535, 22.459719]}}, {"type": "Feature", "properties": {"route_name": "Sam Shing - Siu Hong", "type": "Light Rail", "network": "MTR Light Rail", "color": "#CD9700", "is_station": true, "station_name": "Ching Chung Station"}, "geometry": {"type": "Point", "coordinates": [113.972527, 22.407291]}}, {"type": "Feature", "properties": {"route_name": "Yau Oi - Tin Yat", "type": "Light Rail", "network": "MTR Light Rail", "color": "#CD9700", "is_station": true, "station_name": "Choy Yee Bridge Station"}, "geometry": {"type": "Point", "coordinates": [113.974167, 22.399935]}}, {"type": "Feature", "properties": {"route_name": "Tin Yat - Yuen Long", "type": "Light Rail", "network": "MTR Light Rail", "color": "#CD9700", "is_station": true, "station_name": "Chung Fu Station"}, "geometry": {"type": "Point", "coordinates": [113.996956, 22.462027]}}, {"type": "Feature", "properties": {"route_name": "Yau Oi - Tin Yat", "type": "Light Rail", "network": "MTR Light Rail", "color": "#CD9700", "is_station": true, "station_name": "Chung Fu Station"}, "geometry": {"type": "Point", "coordinates": [113.996956, 22.462027]}}, {"type": "Feature", "properties": {"route_name": "Yau Oi - Tin Yat", "type": "Light Rail", "network": "MTR Light Rail", "color": "#CD9700", "is_station": true, "station_name": "Chung Uk Tsuen Station"}, "geometry": {"type": "Point", "coordinates": [113.992226, 22.429657]}}, {"type": "Feature", "properties": {"route_name": "Tin Yat - Yuen Long", "type": "Light Rail", "network": "MTR Light Rail", "color": "#CD9700", "is_station": true, "station_name": "Fung Nin Road Station"}, "geometry": {"type": "Point", "coordinates": [114.023895, 22.444473]}}, {"type": "Feature", "properties": {"route_name": "Tin Wing (Circular)", "type": "Light Rail", "network": "MTR Light Rail", "color": "#CD9700", "is_station": true, "station_name": "Ginza Station"}, "geometry": {"type": "Point", "coordinates": [114.00489, 22.457556]}}, {"type": "Feature", "properties": {"route_name": "Tin Wing (Circular)", "type": "Light Rail", "network": "MTR Light Rail", "color": "#CD9700", "is_station": true, "station_name": "Ginza Station"}, "geometry": {"type": "Point", "coordinates": [114.00489, 22.457556]}}, {"type": "Feature", "properties": {"route_name": "Yau Oi - Tin Yat", "type": "Light Rail", "network": "MTR Light Rail", "color": "#CD9700", "is_station": true, "station_name": "Ginza Station"}, "geometry": {"type": "Point", "coordinates": [114.00489, 22.457556]}}, {"type": "Feature", "properties": {"route_name": "Tin Yat - Yuen Long", "type": "Light Rail", "network": "MTR Light Rail", "color": "#CD9700", "is_station": true, "station_name": "Hang Mei Tsuen Station"}, "geometry": {"type": "Point", "coordinates": [114.005524, 22.445086]}}, {"type": "Feature", "properties": {"route_name": "Yau Oi - Tin Yat", "type": "Light Rail", "network": "MTR Light Rail", "color": "#CD9700", "is_station": true, "station_name": "Hang Mei Tsuen Station"}, "geometry": {"type": "Point", "coordinates": [114.005524, 22.445086]}}, {"type": "Feature", "properties": {"route_name": "Yau Oi - Tin Yat", "type": "Light Rail", "network": "MTR Light Rail", "color": "#CD9700", "is_station": true, "station_name": "Ho Tin Station"}, "geometry": {"type": "Point", "coordinates": [113.973129, 22.397377]}}, {"type": "Feature", "properties": {"route_name": "Tin Yat - Yuen Long", "type": "Light Rail", "network": "MTR Light Rail", "color": "#CD9700", "is_station": true, "station_name": "Hong Lok Road Station"}, "geometry": {"type": "Point", "coordinates": [114.026611, 22.444548]}}, {"type": "Feature", "properties": {"route_name": "Yau Oi - Tin Yat", "type": "Light Rail", "network": "MTR Light Rail", "color": "#CD9700", "is_station": true, "station_name": "Hung Shui Kiu Station"}, "geometry": {"type": "Point", "coordinates": [113.99736, 22.433645]}}, {"type": "Feature", "properties": {"route_name": "Sam Shing - Siu Hong", "type": "Light Rail", "network": "MTR Light Rail", "color": "#CD9700", "is_station": true, "station_name": "Kei Lun Station"}, "geometry": {"type": "Point", "coordinates": [113.976341, 22.410973]}}, {"type": "Feature", "properties": {"route_name": "Sam Shing - Siu Hong", "type": "Light Rail", "network": "MTR Light Rail", "color": "#CD9700", "is_station": true, "station_name": "Kin On Station"}, "geometry": {"type": "Point", "coordinates": [113.968903, 22.395132]}}, {"type": "Feature", "properties": {"route_name": "Sam Shing - Siu Hong", "type": "Light Rail", "network": "MTR Light Rail", "color": "#CD9700", "is_station": true, "station_name": "Kin Sang Station"}, "geometry": {"type": "Point", "coordinates": [113.969185, 22.406727]}}, {"type": "Feature", "properties": {"route_name": "Yau Oi - Tin Yat", "type": "Light Rail", "network": "MTR Light Rail", "color": "#CD9700", "is_station": true, "station_name": "Lam Tei Station"}, "geometry": {"type": "Point", "coordinates": [113.981628, 22.418501]}}, {"type": "Feature", "properties": {"route_name": "Sam Shing - Siu Hong", "type": "Light Rail", "network": "MTR Light Rail", "color": "#CD9700", "is_station": true, "station_name": "Leung King Station"}, "geometry": {"type": "Point", "coordinates": [113.963631, 22.406693]}}, {"type": "Feature", "properties": {"route_name": "Tin Yat - Yuen Long", "type": "Light Rail", "network": "MTR Light Rail", "color": "#CD9700", "is_station": true, "station_name": "Locwood Station"}, "geometry": {"type": "Point", "coordinates": [114.001076, 22.453037]}}, {"type": "Feature", "properties": {"route_name": "Sam Shing - Siu Hong", "type": "Light Rail", "network": "MTR Light Rail", "color": "#CD9700", "is_station": true, "station_name": "Ming Kum Station"}, "geometry": {"type": "Point", "coordinates": [113.967346, 22.397062]}}, {"type": "Feature", "properties": {"route_name": "Yau Oi - Tin Yat", "type": "Light Rail", "network": "MTR Light Rail", "color": "#CD9700", "is_station": true, "station_name": "Nai Wai Station"}, "geometry": {"type": "Point", "coordinates": [113.98632, 22.423655]}}, {"type": "Feature", "properties": {"route_name": "Sam Shing - Siu Hong", "type": "Light Rail", "network": "MTR Light Rail", "color": "#CD9700", "is_station": true, "station_name": "On Ting Station"}, "geometry": {"type": "Point", "coordinates": [113.975067, 22.387644]}}, {"type": "Feature", "properties": {"route_name": "Yau Oi - Tin Yat", "type": "Light Rail", "network": "MTR Light Rail", "color": "#CD9700", "is_station": true, "station_name": "On Ting Station"}, "geometry": {"type": "Point", "coordinates": [113.975067, 22.387644]}}, {"type": "Feature", "properties": {"route_name": "Tin Yat - Yuen Long", "type": "Light Rail", "network": "MTR Light Rail", "color": "#CD9700", "is_station": true, "station_name": "Ping Shan Station"}, "geometry": {"type": "Point", "coordinates": [114.011757, 22.442818]}}, {"type": "Feature", "properties": {"route_name": "South Island Line", "type": "Subway", "network": "MTR", "color": "#B5A81A", "is_station": true, "station_name": "Admiralty Station"}, "geometry": {"type": "Point", "coordinates": [114.165596, 22.279308]}}, {"type": "Feature", "properties": {"route_name": "Tsuen Wan Line", "type": "Subway", "network": "MTR", "color": "#E2231A", "is_station": true, "station_name": "Admiralty Station"}, "geometry": {"type": "Point", "coordinates": [114.165596, 22.279308]}}, {"type": "Feature", "properties": {"route_name": "Tuen Ma Line", "type": "Commuter Rail", "network": "MTR Commuter", "color": "#9A3B26", "is_station": true, "station_name": "Austin Station"}, "geometry": {"type": "Point", "coordinates": [114.166443, 22.30451]}}, {"type": "Feature", "properties": {"route_name": "Island Line", "type": "Subway", "network": "MTR", "color": "#0071CE", "is_station": true, "station_name": "Causeway Bay Station"}, "geometry": {"type": "Point", "coordinates": [114.18428, 22.280157]}}, {"type": "Feature", "properties": {"route_name": "Tsuen Wan Line", "type": "Subway", "network": "MTR", "color": "#E2231A", "is_station": true, "station_name": "Central Station"}, "geometry": {"type": "Point", "coordinates": [114.159065, 22.281715]}}, {"type": "Feature", "properties": {"route_name": "Kwun Tong Line", "type": "Subway", "network": "MTR", "color": "#00AF41", "is_station": true, "station_name": "Choi Hung Station"}, "geometry": {"type": "Point", "coordinates": [114.209068, 22.335028]}}, {"type": "Feature", "properties": {"route_name": "Island Line", "type": "Subway", "network": "MTR", "color": "#0071CE", "is_station": true, "station_name": "Chai Wan Station"}, "geometry": {"type": "Point", "coordinates": [114.23716, 22.264597]}}, {"type": "Feature", "properties": {"route_name": "Tuen Ma Line", "type": "Commuter Rail", "network": "MTR Commuter", "color": "#9A3B26", "is_station": true, "station_name": "City One Station"}, "geometry": {"type": "Point", "coordinates": [114.203476, 22.382887]}}, {"type": "Feature", "properties": {"route_name": "Tuen Ma Line", "type": "Commuter Rail", "network": "MTR Commuter", "color": "#9A3B26", "is_station": true, "station_name": "Che Kung Temple Station"}, "geometry": {"type": "Point", "coordinates": [114.186165, 22.374821]}}, {"type": "Feature", "properties": {"route_name": "Tsuen Wan Line", "type": "Subway", "network": "MTR", "color": "#E2231A", "is_station": true, "station_name": "Cheung Sha Wan Station"}, "geometry": {"type": "Point", "coordinates": [114.156128, 22.335476]}}, {"type": "Feature", "properties": {"route_name": "Kwun Tong Line", "type": "Subway", "network": "MTR", "color": "#00AF41", "is_station": true, "station_name": "Diamond Hill Station"}, "geometry": {"type": "Point", "coordinates": [114.20179, 22.33992]}}, {"type": "Feature", "properties": {"route_name": "Disneyland Resort Line", "type": "Subway", "network": "MTR", "color": "#E777CB", "is_station": true, "station_name": "Disneyland Resort Station"}, "geometry": {"type": "Point", "coordinates": [114.045074, 22.315454]}}, {"type": "Feature", "properties": {"route_name": "Tuen Ma Line", "type": "Commuter Rail", "network": "MTR Commuter", "color": "#9A3B26", "is_station": true, "station_name": "East Tsim Sha Tsui Station"}, "geometry": {"type": "Point", "coordinates": [114.175476, 22.295612]}}, {"type": "Feature", "properties": {"route_name": "East Rail Line", "type": "Commuter Rail", "network": "MTR Commuter", "color": "#61B4E4", "is_station": true, "station_name": "Exhibition Centre Station"}, "geometry": {"type": "Point", "coordinates": [114.175667, 22.281725]}}, {"type": "Feature", "properties": {"route_name": "East Rail Line", "type": "Commuter Rail", "network": "MTR Commuter", "color": "#61B4E4", "is_station": true, "station_name": "Fanling Station"}, "geometry": {"type": "Point", "coordinates": [114.138626, 22.49209]}}, {"type": "Feature", "properties": {"route_name": "Island Line", "type": "Subway", "network": "MTR", "color": "#0071CE", "is_station": true, "station_name": "Fortress Hill Station"}, "geometry": {"type": "Point", "coordinates": [114.193649, 22.287949]}}, {"type": "Feature", "properties": {"route_name": "East Rail Line", "type": "Commuter Rail", "network": "MTR Commuter", "color": "#61B4E4", "is_station": true, "station_name": "Fo Tan Station"}, "geometry": {"type": "Point", "coordinates": [114.198334, 22.39566]}}, {"type": "Feature", "properties": {"route_name": "Tseung Kwan O Line", "type": "Subway", "network": "MTR", "color": "#A35EB5", "is_station": true, "station_name": "Hang Hau Station"}, "geometry": {"type": "Point", "coordinates": [114.26416, 22.315826]}}, {"type": "Feature", "properties": {"route_name": "Tuen Ma Line", "type": "Commuter Rail", "network": "MTR Commuter", "color": "#9A3B26", "is_station": true, "station_name": "Heng On Station"}, "geometry": {"type": "Point", "coordinates": [114.2257, 22.417501]}}, {"type": "Feature", "properties": {"route_name": "Island Line", "type": "Subway", "network": "MTR", "color": "#0071CE", "is_station": true, "station_name": "Heng Fa Chuen Station"}, "geometry": {"type": "Point", "coordinates": [114.239685, 22.276546]}}, {"type": "Feature", "properties": {"route_name": "Tuen Ma Line", "type": "Commuter Rail", "network": "MTR Commuter", "color": "#9A3B26", "is_station": true, "station_name": "Hin Keng Station"}, "geometry": {"type": "Point", "coordinates": [114.170753, 22.363962]}}, {"type": "Feature", "properties": {"route_name": "Island Line", "type": "Subway", "network": "MTR", "color": "#0071CE", "is_station": true, "station_name": "Hku Station"}, "geometry": {"type": "Point", "coordinates": [114.135422, 22.284082]}}, {"type": "Feature", "properties": {"route_name": "Airport Express", "type": "Subway", "network": "MTR", "color": "#007078", "is_station": true, "station_name": "Hong Kong Station"}, "geometry": {"type": "Point", "coordinates": [114.158318, 22.284998]}}, {"type": "Feature", "properties": {"route_name": "Tung Chung Line", "type": "Commuter Rail", "network": "MTR Commuter", "color": "#F38B00", "is_station": true, "station_name": "Hong Kong Station"}, "geometry": {"type": "Point", "coordinates": [114.158318, 22.284998]}}, {"type": "Feature", "properties": {"route_name": "Kwun Tong Line", "type": "Subway", "network": "MTR", "color": "#00AF41", "is_station": true, "station_name": "Ho Man Tin Station"}, "geometry": {"type": "Point", "coordinates": [114.182693, 22.309383]}}, {"type": "Feature", "properties": {"route_name": "East Rail Line", "type": "Commuter Rail", "network": "MTR Commuter", "color": "#61B4E4", "is_station": true, "station_name": "Hung Hom Station"}, "geometry": {"type": "Point", "coordinates": [114.18219, 22.303024]}}, {"type": "Feature", "properties": {"route_name": "Tsuen Wan Line", "type": "Subway", "network": "MTR", "color": "#E2231A", "is_station": true, "station_name": "Jordan Station"}, "geometry": {"type": "Point", "coordinates": [114.1716, 22.305029]}}, {"type": "Feature", "properties": {"route_name": "Tuen Ma Line", "type": "Commuter Rail", "network": "MTR Commuter", "color": "#9A3B26", "is_station": true, "station_name": "Kai Tak Station"}, "geometry": {"type": "Point", "coordinates": [114.199493, 22.330544]}}, {"type": "Feature", "properties": {"route_name": "Island Line", "type": "Subway", "network": "MTR", "color": "#0071CE", "is_station": true, "station_name": "Kennedy Town Station"}, "geometry": {"type": "Point", "coordinates": [114.128517, 22.281324]}}, {"type": "Feature", "properties": {"route_name": "Kwun Tong Line", "type": "Subway", "network": "MTR", "color": "#00AF41", "is_station": true, "station_name": "Kowloon Bay Station"}, "geometry": {"type": "Point", "coordinates": [114.214127, 22.323481]}}, {"type": "Feature", "properties": {"route_name": "East Rail Line", "type": "Commuter Rail", "network": "MTR Commuter", "color": "#61B4E4", "is_station": true, "station_name": "Kowloon Tong Station"}, "geometry": {"type": "Point", "coordinates": [114.177193, 22.336876]}}, {"type": "Feature", "properties": {"route_name": "Kwun Tong Line", "type": "Subway", "network": "MTR", "color": "#00AF41", "is_station": true, "station_name": "Kowloon Tong Station"}, "geometry": {"type": "Point", "coordinates": [114.177193, 22.336876]}}, {"type": "Feature", "properties": {"route_name": "Tuen Ma Line", "type": "Commuter Rail", "network": "MTR Commuter", "color": "#9A3B26", "is_station": true, "station_name": "Kam Sheung Road Station"}, "geometry": {"type": "Point", "coordinates": [114.06337, 22.434752]}}, {"type": "Feature", "properties": {"route_name": "Tsuen Wan Line", "type": "Subway", "network": "MTR", "color": "#E2231A", "is_station": true, "station_name": "Kwai Fong Station"}, "geometry": {"type": "Point", "coordinates": [114.127769, 22.356867]}}, {"type": "Feature", "properties": {"route_name": "Tsuen Wan Line", "type": "Subway", "network": "MTR", "color": "#E2231A", "is_station": true, "station_name": "Kwai Hing Station"}, "geometry": {"type": "Point", "coordinates": [114.131142, 22.36319]}}, {"type": "Feature", "properties": {"route_name": "Kwun Tong Line", "type": "Subway", "network": "MTR", "color": "#00AF41", "is_station": true, "station_name": "Kwun Tong Station"}, "geometry": {"type": "Point", "coordinates": [114.22644, 22.31225]}}, {"type": "Feature", "properties": {"route_name": "Tsuen Wan Line", "type": "Subway", "network": "MTR", "color": "#E2231A", "is_station": true, "station_name": "Lai King Station"}, "geometry": {"type": "Point", "coordinates": [114.12616, 22.348303]}}, {"type": "Feature", "properties": {"route_name": "Kwun Tong Line", "type": "Subway", "network": "MTR", "color": "#00AF41", "is_station": true, "station_name": "Lam Tin Station"}, "geometry": {"type": "Point", "coordinates": [114.233025, 22.306711]}}, {"type": "Feature", "properties": {"route_name": "Tsuen Wan Line", "type": "Subway", "network": "MTR", "color": "#E2231A", "is_station": true, "station_name": "Lai Chi Kok Station"}, "geometry": {"type": "Point", "coordinates": [114.148064, 22.337271]}}, {"type": "Feature", "properties": {"route_name": "South Island Line", "type": "Subway", "network": "MTR", "color": "#B5A81A", "is_station": true, "station_name": "Lei Tung Station"}, "geometry": {"type": "Point", "coordinates": [114.156136, 22.241978]}}, {"type": "Feature", "properties": {"route_name": "Tseung Kwan O Line", "type": "Subway", "network": "MTR", "color": "#A35EB5", "is_station": true, "station_name": "Lohas Park Station"}, "geometry": {"type": "Point", "coordinates": [114.268547, 22.295349]}}, {"type": "Feature", "properties": {"route_name": "East Rail Line", "type": "Commuter Rail", "network": "MTR Commuter", "color": "#61B4E4", "is_station": true, "station_name": "Lok Ma Chau Station"}, "geometry": {"type": "Point", "coordinates": [114.065704, 22.5144]}}, {"type": "Feature", "properties": {"route_name": "Kwun Tong Line", "type": "Subway", "network": "MTR", "color": "#00AF41", "is_station": true, "station_name": "Lok Fu Station"}, "geometry": {"type": "Point", "coordinates": [114.186615, 22.337891]}}, {"type": "Feature", "properties": {"route_name": "Tuen Ma Line", "type": "Commuter Rail", "network": "MTR Commuter", "color": "#9A3B26", "is_station": true, "station_name": "Long Ping Station"}, "geometry": {"type": "Point", "coordinates": [114.025253, 22.447607]}}, {"type": "Feature", "properties": {"route_name": "East Rail Line", "type": "Commuter Rail", "network": "MTR Commuter", "color": "#61B4E4", "is_station": true, "station_name": "Lo Wu Station"}, "geometry": {"type": "Point", "coordinates": [114.113213, 22.527864]}}, {"type": "Feature", "properties": {"route_name": "Tsuen Wan Line", "type": "Subway", "network": "MTR", "color": "#E2231A", "is_station": true, "station_name": "Mei Foo Station"}, "geometry": {"type": "Point", "coordinates": [114.136459, 22.338573]}}, {"type": "Feature", "properties": {"route_name": "Tuen Ma Line", "type": "Commuter Rail", "network": "MTR Commuter", "color": "#9A3B26", "is_station": true, "station_name": "Mei Foo Station"}, "geometry": {"type": "Point", "coordinates": [114.136459, 22.338573]}}, {"type": "Feature", "properties": {"route_name": "East Rail Line", "type": "Commuter Rail", "network": "MTR Commuter", "color": "#61B4E4", "is_station": true, "station_name": "Mong Kok East Station"}, "geometry": {"type": "Point", "coordinates": [114.17247, 22.322224]}}, {"type": "Feature", "properties": {"route_name": "Tsuen Wan Line", "type": "Subway", "network": "MTR", "color": "#E2231A", "is_station": true, "station_name": "Mong Kok Station"}, "geometry": {"type": "Point", "coordinates": [114.169289, 22.319511]}}, {"type": "Feature", "properties": {"route_name": "Tuen Ma Line", "type": "Commuter Rail", "network": "MTR Commuter", "color": "#9A3B26", "is_station": true, "station_name": "Ma On Shan Station"}, "geometry": {"type": "Point", "coordinates": [114.231598, 22.424841]}}, {"type": "Feature", "properties": {"route_name": "Tuen Ma Line", "type": "Commuter Rail", "network": "MTR Commuter", "color": "#9A3B26", "is_station": true, "station_name": "Nam Cheong Station"}, "geometry": {"type": "Point", "coordinates": [114.154045, 22.326372]}}, {"type": "Feature", "properties": {"route_name": "Island Line", "type": "Subway", "network": "MTR", "color": "#0071CE", "is_station": true, "station_name": "North Point Station"}, "geometry": {"type": "Point", "coordinates": [114.200333, 22.291245]}}, {"type": "Feature", "properties": {"route_name": "Kwun Tong Line", "type": "Subway", "network": "MTR", "color": "#00AF41", "is_station": true, "station_name": "Ngau Tau Kok Station"}, "geometry": {"type": "Point", "coordinates": [114.218948, 22.315531]}}, {"type": "Feature", "properties": {"route_name": "South Island Line", "type": "Subway", "network": "MTR", "color": "#B5A81A", "is_station": true, "station_name": "Ocean Park Station"}, "geometry": {"type": "Point", "coordinates": [114.174576, 22.248711]}}, {"type": "Feature", "properties": {"route_name": "Tung Chung Line", "type": "Commuter Rail", "network": "MTR Commuter", "color": "#F38B00", "is_station": true, "station_name": "Olympic Station"}, "geometry": {"type": "Point", "coordinates": [114.160126, 22.317747]}}, {"type": "Feature", "properties": {"route_name": "Tsuen Wan Line", "type": "Subway", "network": "MTR", "color": "#E2231A", "is_station": true, "station_name": "Prince Edward Station"}, "geometry": {"type": "Point", "coordinates": [114.168205, 22.324696]}}, {"type": "Feature", "properties": {"route_name": "Island Line", "type": "Subway", "network": "MTR", "color": "#0071CE", "is_station": true, "station_name": "Quarry Bay Station"}, "geometry": {"type": "Point", "coordinates": [114.20874, 22.288645]}}, {"type": "Feature", "properties": {"route_name": "Tuen Ma Line", "type": "Commuter Rail", "network": "MTR Commuter", "color": "#9A3B26", "is_station": true, "station_name": "Shek Mun Station"}, "geometry": {"type": "Point", "coordinates": [114.208298, 22.387699]}}, {"type": "Feature", "properties": {"route_name": "East Rail Line", "type": "Commuter Rail", "network": "MTR Commuter", "color": "#61B4E4", "is_station": true, "station_name": "Sheung Shui Station"}, "geometry": {"type": "Point", "coordinates": [114.127708, 22.501389]}}, {"type": "Feature", "properties": {"route_name": "East Rail Line", "type": "Commuter Rail", "network": "MTR Commuter", "color": "#61B4E4", "is_station": true, "station_name": "Sha Tin Station"}, "geometry": {"type": "Point", "coordinates": [114.187233, 22.382534]}}, {"type": "Feature", "properties": {"route_name": "Island Line", "type": "Subway", "network": "MTR", "color": "#0071CE", "is_station": true, "station_name": "Sheung Wan Station"}, "geometry": {"type": "Point", "coordinates": [114.15239, 22.286535]}}, {"type": "Feature", "properties": {"route_name": "Tuen Ma Line", "type": "Commuter Rail", "network": "MTR Commuter", "color": "#9A3B26", "is_station": true, "station_name": "Siu Hong Station"}, "geometry": {"type": "Point", "coordinates": [113.979118, 22.411989]}}, {"type": "Feature", "properties": {"route_name": "Kwun Tong Line", "type": "Subway", "network": "MTR", "color": "#00AF41", "is_station": true, "station_name": "Shek Kip Mei Station"}, "geometry": {"type": "Point", "coordinates": [114.168808, 22.33173]}}, {"type": "Feature", "properties": {"route_name": "Island Line", "type": "Subway", "network": "MTR", "color": "#0071CE", "is_station": true, "station_name": "Shau Kei Wan Station"}, "geometry": {"type": "Point", "coordinates": [114.229111, 22.27911]}}, {"type": "Feature", "properties": {"route_name": "Tsuen Wan Line", "type": "Subway", "network": "MTR", "color": "#E2231A", "is_station": true, "station_name": "Sham Shui Po Station"}, "geometry": {"type": "Point", "coordinates": [114.162155, 22.330797]}}, {"type": "Feature", "properties": {"route_name": "Tuen Ma Line", "type": "Commuter Rail", "network": "MTR Commuter", "color": "#9A3B26", "is_station": true, "station_name": "Sha Tin Wai Station"}, "geometry": {"type": "Point", "coordinates": [114.194962, 22.377075]}}, {"type": "Feature", "properties": {"route_name": "Disneyland Resort Line", "type": "Subway", "network": "MTR", "color": "#E777CB", "is_station": true, "station_name": "Sunny Bay Station"}, "geometry": {"type": "Point", "coordinates": [114.028938, 22.331852]}}, {"type": "Feature", "properties": {"route_name": "Tung Chung Line", "type": "Commuter Rail", "network": "MTR Commuter", "color": "#F38B00", "is_station": true, "station_name": "Sunny Bay Station"}, "geometry": {"type": "Point", "coordinates": [114.028938, 22.331852]}}, {"type": "Feature", "properties": {"route_name": "Tuen Ma Line", "type": "Commuter Rail", "network": "MTR Commuter", "color": "#9A3B26", "is_station": true, "station_name": "Sung Wong Toi Station"}, "geometry": {"type": "Point", "coordinates": [114.191299, 22.325977]}}, {"type": "Feature", "properties": {"route_name": "Island Line", "type": "Subway", "network": "MTR", "color": "#0071CE", "is_station": true, "station_name": "Sai Wan Ho Station"}, "geometry": {"type": "Point", "coordinates": [114.222076, 22.281967]}}, {"type": "Feature", "properties": {"route_name": "Island Line", "type": "Subway", "network": "MTR", "color": "#0071CE", "is_station": true, "station_name": "Sai Ying Pun Station"}, "geometry": {"type": "Point", "coordinates": [114.142639, 22.28549]}}, {"type": "Feature", "properties": {"route_name": "Island Line", "type": "Subway", "network": "MTR", "color": "#0071CE", "is_station": true, "station_name": "Tai Koo Station"}, "geometry": {"type": "Point", "coordinates": [114.21627, 22.2847]}}, {"type": "Feature", "properties": {"route_name": "East Rail Line", "type": "Commuter Rail", "network": "MTR Commuter", "color": "#61B4E4", "is_station": true, "station_name": "Tai Wai Station"}, "geometry": {"type": "Point", "coordinates": [114.178383, 22.373102]}}, {"type": "Feature", "properties": {"route_name": "Island Line", "type": "Subway", "network": "MTR", "color": "#0071CE", "is_station": true, "station_name": "Tin Hau Station"}, "geometry": {"type": "Point", "coordinates": [114.191849, 22.282261]}}, {"type": "Feature", "properties": {"route_name": "Kwun Tong Line", "type": "Subway", "network": "MTR", "color": "#00AF41", "is_station": true, "station_name": "Tiu Keng Leng Station"}, "geometry": {"type": "Point", "coordinates": [114.252319, 22.303898]}}, {"type": "Feature", "properties": {"route_name": "Tuen Ma Line", "type": "Commuter Rail", "network": "MTR Commuter", "color": "#9A3B26", "is_station": true, "station_name": "Tin Shui Wai Station"}, "geometry": {"type": "Point", "coordinates": [114.004494, 22.447817]}}, {"type": "Feature", "properties": {"route_name": "Tseung Kwan O Line", "type": "Subway", "network": "MTR", "color": "#A35EB5", "is_station": true, "station_name": "Tseung Kwan O Station"}, "geometry": {"type": "Point", "coordinates": [114.259872, 22.307425]}}, {"type": "Feature", "properties": {"route_name": "Tuen Ma Line", "type": "Commuter Rail", "network": "MTR Commuter", "color": "#9A3B26", "is_station": true, "station_name": "To Kwa Wan Station"}, "geometry": {"type": "Point", "coordinates": [114.187569, 22.317163]}}, {"type": "Feature", "properties": {"route_name": "Tuen Ma Line", "type": "Commuter Rail", "network": "MTR Commuter", "color": "#9A3B26", "is_station": true, "station_name": "Tai Shui Hang Station"}, "geometry": {"type": "Point", "coordinates": [114.222786, 22.408609]}}, {"type": "Feature", "properties": {"route_name": "Tsuen Wan Line", "type": "Subway", "network": "MTR", "color": "#E2231A", "is_station": true, "station_name": "Tsim Sha Tsui Station"}, "geometry": {"type": "Point", "coordinates": [114.172127, 22.297615]}}, {"type": "Feature", "properties": {"route_name": "Tsuen Wan Line", "type": "Subway", "network": "MTR", "color": "#E2231A", "is_station": true, "station_name": "Tsuen Wan Station"}, "geometry": {"type": "Point", "coordinates": [114.117584, 22.373716]}}, {"type": "Feature", "properties": {"route_name": "Airport Express", "type": "Subway", "network": "MTR", "color": "#007078", "is_station": true, "station_name": "Tsing Yi Station"}, "geometry": {"type": "Point", "coordinates": [114.107254, 22.358377]}}, {"type": "Feature", "properties": {"route_name": "Tung Chung Line", "type": "Commuter Rail", "network": "MTR Commuter", "color": "#F38B00", "is_station": true, "station_name": "Tung Chung Station"}, "geometry": {"type": "Point", "coordinates": [113.941589, 22.289309]}}, {"type": "Feature", "properties": {"route_name": "Tuen Ma Line", "type": "Commuter Rail", "network": "MTR Commuter", "color": "#9A3B26", "is_station": true, "station_name": "Tuen Mun Station"}, "geometry": {"type": "Point", "coordinates": [113.973335, 22.395353]}}, {"type": "Feature", "properties": {"route_name": "Tsuen Wan Line", "type": "Subway", "network": "MTR", "color": "#E2231A", "is_station": true, "station_name": "Tai Wo Hau Station"}, "geometry": {"type": "Point", "coordinates": [114.124992, 22.370752]}}, {"type": "Feature", "properties": {"route_name": "East Rail Line", "type": "Commuter Rail", "network": "MTR Commuter", "color": "#61B4E4", "is_station": true, "station_name": "Tai Wo Station"}, "geometry": {"type": "Point", "coordinates": [114.16111, 22.451017]}}, {"type": "Feature", "properties": {"route_name": "Tuen Ma Line", "type": "Commuter Rail", "network": "MTR Commuter", "color": "#9A3B26", "is_station": true, "station_name": "Tsuen Wan West Station"}, "geometry": {"type": "Point", "coordinates": [114.110092, 22.368036]}}, {"type": "Feature", "properties": {"route_name": "Island Line", "type": "Subway", "network": "MTR", "color": "#0071CE", "is_station": true, "station_name": "Wan Chai Station"}, "geometry": {"type": "Point", "coordinates": [114.172943, 22.277563]}}, {"type": "Feature", "properties": {"route_name": "South Island Line", "type": "Subway", "network": "MTR", "color": "#B5A81A", "is_station": true, "station_name": "Wong Chuk Hang Station"}, "geometry": {"type": "Point", "coordinates": [114.167488, 22.247847]}}, {"type": "Feature", "properties": {"route_name": "Kwun Tong Line", "type": "Subway", "network": "MTR", "color": "#00AF41", "is_station": true, "station_name": "Whampoa Station"}, "geometry": {"type": "Point", "coordinates": [114.189209, 22.305235]}}, {"type": "Feature", "properties": {"route_name": "Tuen Ma Line", "type": "Commuter Rail", "network": "MTR Commuter", "color": "#9A3B26", "is_station": true, "station_name": "Wu Kai Sha Station"}, "geometry": {"type": "Point", "coordinates": [114.243858, 22.429188]}}, {"type": "Feature", "properties": {"route_name": "Kwun Tong Line", "type": "Subway", "network": "MTR", "color": "#00AF41", "is_station": true, "station_name": "Wong Tai Sin Station"}, "geometry": {"type": "Point", "coordinates": [114.19426, 22.341776]}}, {"type": "Feature", "properties": {"route_name": "Kwun Tong Line", "type": "Subway", "network": "MTR", "color": "#00AF41", "is_station": true, "station_name": "Yau Tong Station"}, "geometry": {"type": "Point", "coordinates": [114.237236, 22.297857]}}, {"type": "Feature", "properties": {"route_name": "Tsuen Wan Line", "type": "Subway", "network": "MTR", "color": "#E2231A", "is_station": true, "station_name": "Yau Ma Tei Station"}, "geometry": {"type": "Point", "coordinates": [114.170677, 22.312641]}}, {"type": "Feature", "properties": {"route_name": "Tuen Ma Line", "type": "Commuter Rail", "network": "MTR Commuter", "color": "#9A3B26", "is_station": true, "station_name": "Yuen Long Station"}, "geometry": {"type": "Point", "coordinates": [114.035332, 22.446011]}}, {"type": "Feature", "properties": {"route_name": "Island Line", "type": "Subway", "network": "MTR", "color": "#0071CE", "is_station": true, "station_name": "Admiralty Station"}, "geometry": {"type": "Point", "coordinates": [114.165535, 22.279036]}}, {"type": "Feature", "properties": {"route_name": "Airport Express", "type": "Subway", "network": "MTR", "color": "#007078", "is_station": true, "station_name": "Airport Station"}, "geometry": {"type": "Point", "coordinates": [113.936562, 22.31595]}}, {"type": "Feature", "properties": {"route_name": "Tuen Ma Line", "type": "Commuter Rail", "network": "MTR Commuter", "color": "#9A3B26", "is_station": true, "station_name": "Austin Station"}, "geometry": {"type": "Point", "coordinates": [114.166534, 22.304558]}}, {"type": "Feature", "properties": {"route_name": "Island Line", "type": "Subway", "network": "MTR", "color": "#0071CE", "is_station": true, "station_name": "Causeway Bay Station"}, "geometry": {"type": "Point", "coordinates": [114.184326, 22.280163]}}, {"type": "Feature", "properties": {"route_name": "Tuen Ma Line", "type": "Commuter Rail", "network": "MTR Commuter", "color": "#9A3B26", "is_station": true, "station_name": "City One Station"}, "geometry": {"type": "Point", "coordinates": [114.203545, 22.382824]}}, {"type": "Feature", "properties": {"route_name": "Tuen Ma Line", "type": "Commuter Rail", "network": "MTR Commuter", "color": "#9A3B26", "is_station": true, "station_name": "Che Kung Temple Station"}, "geometry": {"type": "Point", "coordinates": [114.186127, 22.374708]}}, {"type": "Feature", "properties": {"route_name": "Tsuen Wan Line", "type": "Subway", "network": "MTR", "color": "#E2231A", "is_station": true, "station_name": "Cheung Sha Wan Station"}, "geometry": {"type": "Point", "coordinates": [114.156174, 22.335535]}}, {"type": "Feature", "properties": {"route_name": "Kwun Tong Line", "type": "Subway", "network": "MTR", "color": "#00AF41", "is_station": true, "station_name": "Diamond Hill Station"}, "geometry": {"type": "Point", "coordinates": [114.201706, 22.339832]}}, {"type": "Feature", "properties": {"route_name": "Tuen Ma Line", "type": "Commuter Rail", "network": "MTR Commuter", "color": "#9A3B26", "is_station": true, "station_name": "East Tsim Sha Tsui Station"}, "geometry": {"type": "Point", "coordinates": [114.175438, 22.2957]}}, {"type": "Feature", "properties": {"route_name": "East Rail Line", "type": "Commuter Rail", "network": "MTR Commuter", "color": "#61B4E4", "is_station": true, "station_name": "Exhibition Centre Station"}, "geometry": {"type": "Point", "coordinates": [114.175919, 22.28171]}}, {"type": "Feature", "properties": {"route_name": "East Rail Line", "type": "Commuter Rail", "network": "MTR Commuter", "color": "#61B4E4", "is_station": true, "station_name": "Fanling Station"}, "geometry": {"type": "Point", "coordinates": [114.138687, 22.492165]}}, {"type": "Feature", "properties": {"route_name": "Island Line", "type": "Subway", "network": "MTR", "color": "#0071CE", "is_station": true, "station_name": "Fortress Hill Station"}, "geometry": {"type": "Point", "coordinates": [114.193878, 22.287834]}}, {"type": "Feature", "properties": {"route_name": "Tseung Kwan O Line", "type": "Subway", "network": "MTR", "color": "#A35EB5", "is_station": true, "station_name": "Hang Hau Station"}, "geometry": {"type": "Point", "coordinates": [114.264244, 22.315876]}}, {"type": "Feature", "properties": {"route_name": "Tuen Ma Line", "type": "Commuter Rail", "network": "MTR Commuter", "color": "#9A3B26", "is_station": true, "station_name": "Heng On Station"}, "geometry": {"type": "Point", "coordinates": [114.225792, 22.41748]}}, {"type": "Feature", "properties": {"route_name": "Island Line", "type": "Subway", "network": "MTR", "color": "#0071CE", "is_station": true, "station_name": "Heng Fa Chuen Station"}, "geometry": {"type": "Point", "coordinates": [114.239601, 22.276482]}}, {"type": "Feature", "properties": {"route_name": "Tuen Ma Line", "type": "Commuter Rail", "network": "MTR Commuter", "color": "#9A3B26", "is_station": true, "station_name": "Hin Keng Station"}, "geometry": {"type": "Point", "coordinates": [114.17086, 22.363981]}}, {"type": "Feature", "properties": {"route_name": "Island Line", "type": "Subway", "network": "MTR", "color": "#0071CE", "is_station": true, "station_name": "Hku Station"}, "geometry": {"type": "Point", "coordinates": [114.135429, 22.284006]}}, {"type": "Feature", "properties": {"route_name": "Kwun Tong Line", "type": "Subway", "network": "MTR", "color": "#00AF41", "is_station": true, "station_name": "Ho Man Tin Station"}, "geometry": {"type": "Point", "coordinates": [114.182625, 22.30929]}}, {"type": "Feature", "properties": {"route_name": "Tuen Ma Line", "type": "Commuter Rail", "network": "MTR Commuter", "color": "#9A3B26", "is_station": true, "station_name": "Hung Hom Station"}, "geometry": {"type": "Point", "coordinates": [114.182159, 22.302809]}}, {"type": "Feature", "properties": {"route_name": "Tsuen Wan Line", "type": "Subway", "network": "MTR", "color": "#E2231A", "is_station": true, "station_name": "Jordan Station"}, "geometry": {"type": "Point", "coordinates": [114.171669, 22.305029]}}, {"type": "Feature", "properties": {"route_name": "Tuen Ma Line", "type": "Commuter Rail", "network": "MTR Commuter", "color": "#9A3B26", "is_station": true, "station_name": "Kai Tak Station"}, "geometry": {"type": "Point", "coordinates": [114.199547, 22.330486]}}, {"type": "Feature", "properties": {"route_name": "Island Line", "type": "Subway", "network": "MTR", "color": "#0071CE", "is_station": true, "station_name": "Kennedy Town Station"}, "geometry": {"type": "Point", "coordinates": [114.128548, 22.281204]}}, {"type": "Feature", "properties": {"route_name": "Kwun Tong Line", "type": "Subway", "network": "MTR", "color": "#00AF41", "is_station": true, "station_name": "Kowloon Bay Station"}, "geometry": {"type": "Point", "coordinates": [114.214027, 22.323477]}}, {"type": "Feature", "properties": {"route_name": "Kwun Tong Line", "type": "Subway", "network": "MTR", "color": "#00AF41", "is_station": true, "station_name": "Kowloon Tong Station"}, "geometry": {"type": "Point", "coordinates": [114.177193, 22.336798]}}, {"type": "Feature", "properties": {"route_name": "Airport Express", "type": "Subway", "network": "MTR", "color": "#007078", "is_station": true, "station_name": "Kowloon Station"}, "geometry": {"type": "Point", "coordinates": [114.161682, 22.30488]}}, {"type": "Feature", "properties": {"route_name": "Tuen Ma Line", "type": "Commuter Rail", "network": "MTR Commuter", "color": "#9A3B26", "is_station": true, "station_name": "Kam Sheung Road Station"}, "geometry": {"type": "Point", "coordinates": [114.063492, 22.434814]}}, {"type": "Feature", "properties": {"route_name": "Tsuen Wan Line", "type": "Subway", "network": "MTR", "color": "#E2231A", "is_station": true, "station_name": "Kwai Fong Station"}, "geometry": {"type": "Point", "coordinates": [114.127846, 22.356825]}}, {"type": "Feature", "properties": {"route_name": "Tsuen Wan Line", "type": "Subway", "network": "MTR", "color": "#E2231A", "is_station": true, "station_name": "Kwai Hing Station"}, "geometry": {"type": "Point", "coordinates": [114.131226, 22.363157]}}, {"type": "Feature", "properties": {"route_name": "Kwun Tong Line", "type": "Subway", "network": "MTR", "color": "#00AF41", "is_station": true, "station_name": "Kwun Tong Station"}, "geometry": {"type": "Point", "coordinates": [114.226402, 22.312174]}}, {"type": "Feature", "properties": {"route_name": "Tsuen Wan Line", "type": "Subway", "network": "MTR", "color": "#E2231A", "is_station": true, "station_name": "Lai King Station"}, "geometry": {"type": "Point", "coordinates": [114.126297, 22.348482]}}, {"type": "Feature", "properties": {"route_name": "Kwun Tong Line", "type": "Subway", "network": "MTR", "color": "#00AF41", "is_station": true, "station_name": "Lam Tin Station"}, "geometry": {"type": "Point", "coordinates": [114.232925, 22.306639]}}, {"type": "Feature", "properties": {"route_name": "Tsuen Wan Line", "type": "Subway", "network": "MTR", "color": "#E2231A", "is_station": true, "station_name": "Lai Chi Kok Station"}, "geometry": {"type": "Point", "coordinates": [114.148041, 22.337336]}}, {"type": "Feature", "properties": {"route_name": "South Island Line", "type": "Subway", "network": "MTR", "color": "#B5A81A", "is_station": true, "station_name": "Lei Tung Station"}, "geometry": {"type": "Point", "coordinates": [114.156105, 22.242018]}}, {"type": "Feature", "properties": {"route_name": "Kwun Tong Line", "type": "Subway", "network": "MTR", "color": "#00AF41", "is_station": true, "station_name": "Lok Fu Station"}, "geometry": {"type": "Point", "coordinates": [114.186623, 22.337788]}}, {"type": "Feature", "properties": {"route_name": "Tuen Ma Line", "type": "Commuter Rail", "network": "MTR Commuter", "color": "#9A3B26", "is_station": true, "station_name": "Long Ping Station"}, "geometry": {"type": "Point", "coordinates": [114.025253, 22.447702]}}, {"type": "Feature", "properties": {"route_name": "Tuen Ma Line", "type": "Commuter Rail", "network": "MTR Commuter", "color": "#9A3B26", "is_station": true, "station_name": "Mei Foo Station"}, "geometry": {"type": "Point", "coordinates": [114.136604, 22.338587]}}, {"type": "Feature", "properties": {"route_name": "Tsuen Wan Line", "type": "Subway", "network": "MTR", "color": "#E2231A", "is_station": true, "station_name": "Mong Kok Station"}, "geometry": {"type": "Point", "coordinates": [114.169304, 22.319401]}}, {"type": "Feature", "properties": {"route_name": "Tuen Ma Line", "type": "Commuter Rail", "network": "MTR Commuter", "color": "#9A3B26", "is_station": true, "station_name": "Ma On Shan Station"}, "geometry": {"type": "Point", "coordinates": [114.231621, 22.424749]}}, {"type": "Feature", "properties": {"route_name": "Tuen Ma Line", "type": "Commuter Rail", "network": "MTR Commuter", "color": "#9A3B26", "is_station": true, "station_name": "Nam Cheong Station"}, "geometry": {"type": "Point", "coordinates": [114.154144, 22.326498]}}, {"type": "Feature", "properties": {"route_name": "Island Line", "type": "Subway", "network": "MTR", "color": "#0071CE", "is_station": true, "station_name": "North Point Station"}, "geometry": {"type": "Point", "coordinates": [114.200363, 22.291145]}}, {"type": "Feature", "properties": {"route_name": "Kwun Tong Line", "type": "Subway", "network": "MTR", "color": "#00AF41", "is_station": true, "station_name": "Ngau Tau Kok Station"}, "geometry": {"type": "Point", "coordinates": [114.21891, 22.315456]}}, {"type": "Feature", "properties": {"route_name": "South Island Line", "type": "Subway", "network": "MTR", "color": "#B5A81A", "is_station": true, "station_name": "Ocean Park Station"}, "geometry": {"type": "Point", "coordinates": [114.174522, 22.24881]}}, {"type": "Feature", "properties": {"route_name": "Tung Chung Line", "type": "Commuter Rail", "network": "MTR Commuter", "color": "#F38B00", "is_station": true, "station_name": "Olympic Station"}, "geometry": {"type": "Point", "coordinates": [114.160324, 22.31782]}}, {"type": "Feature", "properties": {"route_name": "Kwun Tong Line", "type": "Subway", "network": "MTR", "color": "#00AF41", "is_station": true, "station_name": "Prince Edward Station"}, "geometry": {"type": "Point", "coordinates": [114.168304, 22.324711]}}, {"type": "Feature", "properties": {"route_name": "Island Line", "type": "Subway", "network": "MTR", "color": "#0071CE", "is_station": true, "station_name": "Quarry Bay Station"}, "geometry": {"type": "Point", "coordinates": [114.208466, 22.288477]}}, {"type": "Feature", "properties": {"route_name": "Tuen Ma Line", "type": "Commuter Rail", "network": "MTR Commuter", "color": "#9A3B26", "is_station": true, "station_name": "Shek Mun Station"}, "geometry": {"type": "Point", "coordinates": [114.208366, 22.387648]}}, {"type": "Feature", "properties": {"route_name": "East Rail Line", "type": "Commuter Rail", "network": "MTR Commuter", "color": "#61B4E4", "is_station": true, "station_name": "Sheung Shui Station"}, "geometry": {"type": "Point", "coordinates": [114.127838, 22.501419]}}, {"type": "Feature", "properties": {"route_name": "Island Line", "type": "Subway", "network": "MTR", "color": "#0071CE", "is_station": true, "station_name": "Sheung Wan Station"}, "geometry": {"type": "Point", "coordinates": [114.152359, 22.286409]}}, {"type": "Feature", "properties": {"route_name": "Tuen Ma Line", "type": "Commuter Rail", "network": "MTR Commuter", "color": "#9A3B26", "is_station": true, "station_name": "Siu Hong Station"}, "geometry": {"type": "Point", "coordinates": [113.978966, 22.412058]}}, {"type": "Feature", "properties": {"route_name": "Kwun Tong Line", "type": "Subway", "network": "MTR", "color": "#00AF41", "is_station": true, "station_name": "Shek Kip Mei Station"}, "geometry": {"type": "Point", "coordinates": [114.168884, 22.331728]}}, {"type": "Feature", "properties": {"route_name": "Island Line", "type": "Subway", "network": "MTR", "color": "#0071CE", "is_station": true, "station_name": "Shau Kei Wan Station"}, "geometry": {"type": "Point", "coordinates": [114.229111, 22.279026]}}, {"type": "Feature", "properties": {"route_name": "South Island Line", "type": "Subway", "network": "MTR", "color": "#B5A81A", "is_station": true, "station_name": "South Horizons Station"}, "geometry": {"type": "Point", "coordinates": [114.149231, 22.242266]}}, {"type": "Feature", "properties": {"route_name": "Tsuen Wan Line", "type": "Subway", "network": "MTR", "color": "#E2231A", "is_station": true, "station_name": "Sham Shui Po Station"}, "geometry": {"type": "Point", "coordinates": [114.162216, 22.330866]}}, {"type": "Feature", "properties": {"route_name": "Tuen Ma Line", "type": "Commuter Rail", "network": "MTR Commuter", "color": "#9A3B26", "is_station": true, "station_name": "Sha Tin Wai Station"}, "geometry": {"type": "Point", "coordinates": [114.195023, 22.376995]}}, {"type": "Feature", "properties": {"route_name": "Tung Chung Line", "type": "Commuter Rail", "network": "MTR Commuter", "color": "#F38B00", "is_station": true, "station_name": "Sunny Bay Station"}, "geometry": {"type": "Point", "coordinates": [114.028801, 22.331985]}}, {"type": "Feature", "properties": {"route_name": "Tuen Ma Line", "type": "Commuter Rail", "network": "MTR Commuter", "color": "#9A3B26", "is_station": true, "station_name": "Sung Wong Toi Station"}, "geometry": {"type": "Point", "coordinates": [114.191338, 22.325882]}}, {"type": "Feature", "properties": {"route_name": "Island Line", "type": "Subway", "network": "MTR", "color": "#0071CE", "is_station": true, "station_name": "Sai Wan Ho Station"}, "geometry": {"type": "Point", "coordinates": [114.221893, 22.282026]}}, {"type": "Feature", "properties": {"route_name": "Island Line", "type": "Subway", "network": "MTR", "color": "#0071CE", "is_station": true, "station_name": "Sai Ying Pun Station"}, "geometry": {"type": "Point", "coordinates": [114.1427, 22.285435]}}, {"type": "Feature", "properties": {"route_name": "Island Line", "type": "Subway", "network": "MTR", "color": "#0071CE", "is_station": true, "station_name": "Tai Koo Station"}, "geometry": {"type": "Point", "coordinates": [114.21627, 22.284622]}}, {"type": "Feature", "properties": {"route_name": "East Rail Line", "type": "Commuter Rail", "network": "MTR Commuter", "color": "#61B4E4", "is_station": true, "station_name": "Tai Po Market Station"}, "geometry": {"type": "Point", "coordinates": [114.170509, 22.44455]}}, {"type": "Feature", "properties": {"route_name": "East Rail Line", "type": "Commuter Rail", "network": "MTR Commuter", "color": "#61B4E4", "is_station": true, "station_name": "Tai Wai Station"}, "geometry": {"type": "Point", "coordinates": [114.178482, 22.373068]}}, {"type": "Feature", "properties": {"route_name": "Island Line", "type": "Subway", "network": "MTR", "color": "#0071CE", "is_station": true, "station_name": "Tin Hau Station"}, "geometry": {"type": "Point", "coordinates": [114.19191, 22.282259]}}, {"type": "Feature", "properties": {"route_name": "Kwun Tong Line", "type": "Subway", "network": "MTR", "color": "#00AF41", "is_station": true, "station_name": "Tiu Keng Leng Station"}, "geometry": {"type": "Point", "coordinates": [114.252235, 22.303986]}}, {"type": "Feature", "properties": {"route_name": "Tuen Ma Line", "type": "Commuter Rail", "network": "MTR Commuter", "color": "#9A3B26", "is_station": true, "station_name": "Tin Shui Wai Station"}, "geometry": {"type": "Point", "coordinates": [114.004395, 22.447899]}}, {"type": "Feature", "properties": {"route_name": "Tseung Kwan O Line", "type": "Subway", "network": "MTR", "color": "#A35EB5", "is_station": true, "station_name": "Tseung Kwan O Station"}, "geometry": {"type": "Point", "coordinates": [114.259956, 22.307323]}}, {"type": "Feature", "properties": {"route_name": "Tuen Ma Line", "type": "Commuter Rail", "network": "MTR Commuter", "color": "#9A3B26", "is_station": true, "station_name": "To Kwa Wan Station"}, "geometry": {"type": "Point", "coordinates": [114.187569, 22.317156]}}, {"type": "Feature", "properties": {"route_name": "Tuen Ma Line", "type": "Commuter Rail", "network": "MTR Commuter", "color": "#9A3B26", "is_station": true, "station_name": "Tai Shui Hang Station"}, "geometry": {"type": "Point", "coordinates": [114.222878, 22.408554]}}, {"type": "Feature", "properties": {"route_name": "Tsuen Wan Line", "type": "Subway", "network": "MTR", "color": "#E2231A", "is_station": true, "station_name": "Tsim Sha Tsui Station"}, "geometry": {"type": "Point", "coordinates": [114.172203, 22.297621]}}, {"type": "Feature", "properties": {"route_name": "Tsuen Wan Line", "type": "Subway", "network": "MTR", "color": "#E2231A", "is_station": true, "station_name": "Tsuen Wan Station"}, "geometry": {"type": "Point", "coordinates": [114.117615, 22.373804]}}, {"type": "Feature", "properties": {"route_name": "Tsuen Wan Line", "type": "Subway", "network": "MTR", "color": "#E2231A", "is_station": true, "station_name": "Tai Wo Hau Station"}, "geometry": {"type": "Point", "coordinates": [114.124992, 22.370844]}}, {"type": "Feature", "properties": {"route_name": "East Rail Line", "type": "Commuter Rail", "network": "MTR Commuter", "color": "#61B4E4", "is_station": true, "station_name": "Tai Wo Station"}, "geometry": {"type": "Point", "coordinates": [114.161125, 22.451134]}}, {"type": "Feature", "properties": {"route_name": "Tuen Ma Line", "type": "Commuter Rail", "network": "MTR Commuter", "color": "#9A3B26", "is_station": true, "station_name": "Tsuen Wan West Station"}, "geometry": {"type": "Point", "coordinates": [114.110107, 22.368191]}}, {"type": "Feature", "properties": {"route_name": "East Rail Line", "type": "Commuter Rail", "network": "MTR Commuter", "color": "#61B4E4", "is_station": true, "station_name": "University Station"}, "geometry": {"type": "Point", "coordinates": [114.210129, 22.413561]}}, {"type": "Feature", "properties": {"route_name": "Island Line", "type": "Subway", "network": "MTR", "color": "#0071CE", "is_station": true, "station_name": "Wan Chai Station"}, "geometry": {"type": "Point", "coordinates": [114.17289, 22.277472]}}, {"type": "Feature", "properties": {"route_name": "South Island Line", "type": "Subway", "network": "MTR", "color": "#B5A81A", "is_station": true, "station_name": "Wong Chuk Hang Station"}, "geometry": {"type": "Point", "coordinates": [114.167465, 22.247908]}}, {"type": "Feature", "properties": {"route_name": "Tuen Ma Line", "type": "Commuter Rail", "network": "MTR Commuter", "color": "#9A3B26", "is_station": true, "station_name": "Wu Kai Sha Station"}, "geometry": {"type": "Point", "coordinates": [114.243874, 22.429104]}}, {"type": "Feature", "properties": {"route_name": "Kwun Tong Line", "type": "Subway", "network": "MTR", "color": "#00AF41", "is_station": true, "station_name": "Wong Tai Sin Station"}, "geometry": {"type": "Point", "coordinates": [114.194084, 22.341686]}}, {"type": "Feature", "properties": {"route_name": "Kwun Tong Line", "type": "Subway", "network": "MTR", "color": "#00AF41", "is_station": true, "station_name": "Yau Tong Station"}, "geometry": {"type": "Point", "coordinates": [114.237221, 22.297863]}}, {"type": "Feature", "properties": {"route_name": "Tsuen Wan Line", "type": "Subway", "network": "MTR", "color": "#E2231A", "is_station": true, "station_name": "Yau Ma Tei Station"}, "geometry": {"type": "Point", "coordinates": [114.170776, 22.312658]}}, {"type": "Feature", "properties": {"route_name": "Tuen Ma Line", "type": "Commuter Rail", "network": "MTR Commuter", "color": "#9A3B26", "is_station": true, "station_name": "Yuen Long Station"}, "geometry": {"type": "Point", "coordinates": [114.035294, 22.446165]}}, {"type": "Feature", "properties": {"route_name": "Island Line", "type": "Subway", "network": "MTR", "color": "#0071CE", "is_station": true, "station_name": "Admiralty Station"}, "geometry": {"type": "Point", "coordinates": [114.165436, 22.279066]}}, {"type": "Feature", "properties": {"route_name": "Island Line", "type": "Subway", "network": "MTR", "color": "#0071CE", "is_station": true, "station_name": "Central Station"}, "geometry": {"type": "Point", "coordinates": [114.157822, 22.281986]}}, {"type": "Feature", "properties": {"route_name": "Tuen Ma Line", "type": "Commuter Rail", "network": "MTR Commuter", "color": "#9A3B26", "is_station": true, "station_name": "Diamond Hill Station"}, "geometry": {"type": "Point", "coordinates": [114.201241, 22.339451]}}, {"type": "Feature", "properties": {"route_name": "East Rail Line", "type": "Commuter Rail", "network": "MTR Commuter", "color": "#61B4E4", "is_station": true, "station_name": "Fo Tan Station"}, "geometry": {"type": "Point", "coordinates": [114.198357, 22.395502]}}, {"type": "Feature", "properties": {"route_name": "Tung Chung Line", "type": "Commuter Rail", "network": "MTR Commuter", "color": "#F38B00", "is_station": true, "station_name": "Hong Kong Station"}, "geometry": {"type": "Point", "coordinates": [114.158485, 22.284914]}}, {"type": "Feature", "properties": {"route_name": "Tuen Ma Line", "type": "Commuter Rail", "network": "MTR Commuter", "color": "#9A3B26", "is_station": true, "station_name": "Ho Man Tin Station"}, "geometry": {"type": "Point", "coordinates": [114.182861, 22.309679]}}, {"type": "Feature", "properties": {"route_name": "Tuen Ma Line", "type": "Commuter Rail", "network": "MTR Commuter", "color": "#9A3B26", "is_station": true, "station_name": "Hung Hom Station"}, "geometry": {"type": "Point", "coordinates": [114.182281, 22.302633]}}, {"type": "Feature", "properties": {"route_name": "Tung Chung Line", "type": "Commuter Rail", "network": "MTR Commuter", "color": "#F38B00", "is_station": true, "station_name": "Kowloon Station"}, "geometry": {"type": "Point", "coordinates": [114.161339, 22.304642]}}, {"type": "Feature", "properties": {"route_name": "Tung Chung Line", "type": "Commuter Rail", "network": "MTR Commuter", "color": "#F38B00", "is_station": true, "station_name": "Lai King Station"}, "geometry": {"type": "Point", "coordinates": [114.12606, 22.348236]}}, {"type": "Feature", "properties": {"route_name": "East Rail Line", "type": "Commuter Rail", "network": "MTR Commuter", "color": "#61B4E4", "is_station": true, "station_name": "Mong Kok East Station"}, "geometry": {"type": "Point", "coordinates": [114.172646, 22.32221]}}, {"type": "Feature", "properties": {"route_name": "Kwun Tong Line", "type": "Subway", "network": "MTR", "color": "#00AF41", "is_station": true, "station_name": "Mong Kok Station"}, "geometry": {"type": "Point", "coordinates": [114.169357, 22.319521]}}, {"type": "Feature", "properties": {"route_name": "Tung Chung Line", "type": "Commuter Rail", "network": "MTR Commuter", "color": "#F38B00", "is_station": true, "station_name": "Nam Cheong Station"}, "geometry": {"type": "Point", "coordinates": [114.153625, 22.326056]}}, {"type": "Feature", "properties": {"route_name": "Tseung Kwan O Line", "type": "Subway", "network": "MTR", "color": "#A35EB5", "is_station": true, "station_name": "North Point Station"}, "geometry": {"type": "Point", "coordinates": [114.20047, 22.290636]}}, {"type": "Feature", "properties": {"route_name": "Kwun Tong Line", "type": "Subway", "network": "MTR", "color": "#00AF41", "is_station": true, "station_name": "Prince Edward Station"}, "geometry": {"type": "Point", "coordinates": [114.16832, 22.324648]}}, {"type": "Feature", "properties": {"route_name": "Tseung Kwan O Line", "type": "Subway", "network": "MTR", "color": "#A35EB5", "is_station": true, "station_name": "Quarry Bay Station"}, "geometry": {"type": "Point", "coordinates": [114.208519, 22.28825]}}, {"type": "Feature", "properties": {"route_name": "East Rail Line", "type": "Commuter Rail", "network": "MTR Commuter", "color": "#61B4E4", "is_station": true, "station_name": "Sha Tin Station"}, "geometry": {"type": "Point", "coordinates": [114.187386, 22.382446]}}, {"type": "Feature", "properties": {"route_name": "Disneyland Resort Line", "type": "Subway", "network": "MTR", "color": "#E777CB", "is_station": true, "station_name": "Sunny Bay Station"}, "geometry": {"type": "Point", "coordinates": [114.029045, 22.331755]}}, {"type": "Feature", "properties": {"route_name": "Tuen Ma Line", "type": "Commuter Rail", "network": "MTR Commuter", "color": "#9A3B26", "is_station": true, "station_name": "Tai Wai Station"}, "geometry": {"type": "Point", "coordinates": [114.178673, 22.372801]}}, {"type": "Feature", "properties": {"route_name": "Tseung Kwan O Line", "type": "Subway", "network": "MTR", "color": "#A35EB5", "is_station": true, "station_name": "Tiu Keng Leng Station"}, "geometry": {"type": "Point", "coordinates": [114.252235, 22.303993]}}, {"type": "Feature", "properties": {"route_name": "Tung Chung Line", "type": "Commuter Rail", "network": "MTR Commuter", "color": "#F38B00", "is_station": true, "station_name": "Tsing Yi Station"}, "geometry": {"type": "Point", "coordinates": [114.107277, 22.358477]}}, {"type": "Feature", "properties": {"route_name": "Tseung Kwan O Line", "type": "Subway", "network": "MTR", "color": "#A35EB5", "is_station": true, "station_name": "Yau Tong Station"}, "geometry": {"type": "Point", "coordinates": [114.23716, 22.297739]}}, {"type": "Feature", "properties": {"route_name": "Kwun Tong Line", "type": "Subway", "network": "MTR", "color": "#00AF41", "is_station": true, "station_name": "Yau Ma Tei Station"}, "geometry": {"type": "Point", "coordinates": [114.170776, 22.312668]}}, {"type": "Feature", "properties": {"route_name": "Tsuen Wan Line", "type": "Subway", "network": "MTR", "color": "#E2231A", "is_station": true, "station_name": "Admiralty Station"}, "geometry": {"type": "Point", "coordinates": [114.165497, 22.279325]}}, {"type": "Feature", "properties": {"route_name": "Island Line", "type": "Subway", "network": "MTR", "color": "#0071CE", "is_station": true, "station_name": "Central Station"}, "geometry": {"type": "Point", "coordinates": [114.157784, 22.28204]}}, {"type": "Feature", "properties": {"route_name": "Kwun Tong Line", "type": "Subway", "network": "MTR", "color": "#00AF41", "is_station": true, "station_name": "Choi Hung Station"}, "geometry": {"type": "Point", "coordinates": [114.208939, 22.334911]}}, {"type": "Feature", "properties": {"route_name": "Tuen Ma Line", "type": "Commuter Rail", "network": "MTR Commuter", "color": "#9A3B26", "is_station": true, "station_name": "Diamond Hill Station"}, "geometry": {"type": "Point", "coordinates": [114.201385, 22.339489]}}, {"type": "Feature", "properties": {"route_name": "Tuen Ma Line", "type": "Commuter Rail", "network": "MTR Commuter", "color": "#9A3B26", "is_station": true, "station_name": "Ho Man Tin Station"}, "geometry": {"type": "Point", "coordinates": [114.182777, 22.309711]}}, {"type": "Feature", "properties": {"route_name": "East Rail Line", "type": "Commuter Rail", "network": "MTR Commuter", "color": "#61B4E4", "is_station": true, "station_name": "Hung Hom Station"}, "geometry": {"type": "Point", "coordinates": [114.182297, 22.303011]}}, {"type": "Feature", "properties": {"route_name": "Tung Chung Line", "type": "Commuter Rail", "network": "MTR Commuter", "color": "#F38B00", "is_station": true, "station_name": "Kowloon Station"}, "geometry": {"type": "Point", "coordinates": [114.16153, 22.304592]}}, {"type": "Feature", "properties": {"route_name": "Tung Chung Line", "type": "Commuter Rail", "network": "MTR Commuter", "color": "#F38B00", "is_station": true, "station_name": "Lai King Station"}, "geometry": {"type": "Point", "coordinates": [114.126091, 22.348417]}}, {"type": "Feature", "properties": {"route_name": "Kwun Tong Line", "type": "Subway", "network": "MTR", "color": "#00AF41", "is_station": true, "station_name": "Mong Kok Station"}, "geometry": {"type": "Point", "coordinates": [114.16938, 22.319414]}}, {"type": "Feature", "properties": {"route_name": "Tung Chung Line", "type": "Commuter Rail", "network": "MTR Commuter", "color": "#F38B00", "is_station": true, "station_name": "Nam Cheong Station"}, "geometry": {"type": "Point", "coordinates": [114.153786, 22.326342]}}, {"type": "Feature", "properties": {"route_name": "Tseung Kwan O Line", "type": "Subway", "network": "MTR", "color": "#A35EB5", "is_station": true, "station_name": "North Point Station"}, "geometry": {"type": "Point", "coordinates": [114.200523, 22.29048]}}, {"type": "Feature", "properties": {"route_name": "Tsuen Wan Line", "type": "Subway", "network": "MTR", "color": "#E2231A", "is_station": true, "station_name": "Prince Edward Station"}, "geometry": {"type": "Point", "coordinates": [114.168213, 22.324635]}}, {"type": "Feature", "properties": {"route_name": "Tseung Kwan O Line", "type": "Subway", "network": "MTR", "color": "#A35EB5", "is_station": true, "station_name": "Quarry Bay Station"}, "geometry": {"type": "Point", "coordinates": [114.208534, 22.288]}}, {"type": "Feature", "properties": {"route_name": "East Rail Line", "type": "Commuter Rail", "network": "MTR Commuter", "color": "#61B4E4", "is_station": true, "station_name": "Tai Po Market Station"}, "geometry": {"type": "Point", "coordinates": [114.17054, 22.444679]}}, {"type": "Feature", "properties": {"route_name": "Tuen Ma Line", "type": "Commuter Rail", "network": "MTR Commuter", "color": "#9A3B26", "is_station": true, "station_name": "Tai Wai Station"}, "geometry": {"type": "Point", "coordinates": [114.178734, 22.372732]}}, {"type": "Feature", "properties": {"route_name": "Tseung Kwan O Line", "type": "Subway", "network": "MTR", "color": "#A35EB5", "is_station": true, "station_name": "Tiu Keng Leng Station"}, "geometry": {"type": "Point", "coordinates": [114.252319, 22.303902]}}, {"type": "Feature", "properties": {"route_name": "Tung Chung Line", "type": "Commuter Rail", "network": "MTR Commuter", "color": "#F38B00", "is_station": true, "station_name": "Tsing Yi Station"}, "geometry": {"type": "Point", "coordinates": [114.106956, 22.358545]}}, {"type": "Feature", "properties": {"route_name": "Tseung Kwan O Line", "type": "Subway", "network": "MTR", "color": "#A35EB5", "is_station": true, "station_name": "Yau Tong Station"}, "geometry": {"type": "Point", "coordinates": [114.237122, 22.297777]}}, {"type": "Feature", "properties": {"route_name": "Kwun Tong Line", "type": "Subway", "network": "MTR", "color": "#00AF41", "is_station": true, "station_name": "Yau Ma Tei Station"}, "geometry": {"type": "Point", "coordinates": [114.170677, 22.312651]}}, {"type": "Feature", "properties": {"route_name": "South Island Line", "type": "Subway", "network": "MTR", "color": "#B5A81A", "is_station": true, "station_name": "Admiralty Station"}, "geometry": {"type": "Point", "coordinates": [114.165848, 22.278204]}}, {"type": "Feature", "properties": {"route_name": "East Rail Line", "type": "Commuter Rail", "network": "MTR Commuter", "color": "#61B4E4", "is_station": true, "station_name": "Admiralty Station"}, "geometry": {"type": "Point", "coordinates": [114.165756, 22.278471]}}, {"type": "Feature", "properties": {"route_name": "East Rail Line", "type": "Commuter Rail", "network": "MTR Commuter", "color": "#61B4E4", "is_station": true, "station_name": "Admiralty Station"}, "geometry": {"type": "Point", "coordinates": [114.166069, 22.278233]}}, {"type": "Feature", "properties": {"route_name": "Sam Shing - Siu Hong", "type": "Light Rail", "network": "MTR Light Rail", "color": "#CD9700", "is_station": true, "station_name": "Sam Shing Station"}, "geometry": {"type": "Point", "coordinates": [113.97686, 22.382896]}}, {"type": "Feature", "properties": {"route_name": "Sam Shing - Siu Hong", "type": "Light Rail", "network": "MTR Light Rail", "color": "#CD9700", "is_station": true, "station_name": "San Wai Station"}, "geometry": {"type": "Point", "coordinates": [113.964417, 22.405294]}}, {"type": "Feature", "properties": {"route_name": "Sam Shing - Siu Hong", "type": "Light Rail", "network": "MTR Light Rail", "color": "#CD9700", "is_station": true, "station_name": "Shan King (North) Station"}, "geometry": {"type": "Point", "coordinates": [113.966621, 22.398506]}}, {"type": "Feature", "properties": {"route_name": "Sam Shing - Siu Hong", "type": "Light Rail", "network": "MTR Light Rail", "color": "#CD9700", "is_station": true, "station_name": "Shan King (South) Station"}, "geometry": {"type": "Point", "coordinates": [113.965981, 22.396618]}}, {"type": "Feature", "properties": {"route_name": "Sam Shing - Siu Hong", "type": "Light Rail", "network": "MTR Light Rail", "color": "#CD9700", "is_station": true, "station_name": "Shek Pai Station"}, "geometry": {"type": "Point", "coordinates": [113.96769, 22.401381]}}, {"type": "Feature", "properties": {"route_name": "Tin Yat - Yuen Long", "type": "Light Rail", "network": "MTR Light Rail", "color": "#CD9700", "is_station": true, "station_name": "Shui Pin Wai Station"}, "geometry": {"type": "Point", "coordinates": [114.020447, 22.44446]}}, {"type": "Feature", "properties": {"route_name": "Sam Shing - Siu Hong", "type": "Light Rail", "network": "MTR Light Rail", "color": "#CD9700", "is_station": true, "station_name": "Siu Hong Station"}, "geometry": {"type": "Point", "coordinates": [113.978218, 22.411903]}}, {"type": "Feature", "properties": {"route_name": "Yau Oi - Tin Yat", "type": "Light Rail", "network": "MTR Light Rail", "color": "#CD9700", "is_station": true, "station_name": "Siu Hong Station"}, "geometry": {"type": "Point", "coordinates": [113.978218, 22.411903]}}, {"type": "Feature", "properties": {"route_name": "Sam Shing - Siu Hong", "type": "Light Rail", "network": "MTR Light Rail", "color": "#CD9700", "is_station": true, "station_name": "Siu Lun Station"}, "geometry": {"type": "Point", "coordinates": [113.97509, 22.384556]}}, {"type": "Feature", "properties": {"route_name": "Tin Yat - Yuen Long", "type": "Light Rail", "network": "MTR Light Rail", "color": "#CD9700", "is_station": true, "station_name": "Tai Tong Road Station"}, "geometry": {"type": "Point", "coordinates": [114.028969, 22.444523]}}, {"type": "Feature", "properties": {"route_name": "Tin Yat - Yuen Long", "type": "Light Rail", "network": "MTR Light Rail", "color": "#CD9700", "is_station": true, "station_name": "Tin Fu Station"}, "geometry": {"type": "Point", "coordinates": [113.997704, 22.464539]}}, {"type": "Feature", "properties": {"route_name": "Yau Oi - Tin Yat", "type": "Light Rail", "network": "MTR Light Rail", "color": "#CD9700", "is_station": true, "station_name": "Tin Fu Station"}, "geometry": {"type": "Point", "coordinates": [113.997704, 22.464539]}}, {"type": "Feature", "properties": {"route_name": "Sam Shing - Siu Hong", "type": "Light Rail", "network": "MTR Light Rail", "color": "#CD9700", "is_station": true, "station_name": "Tin King Station"}, "geometry": {"type": "Point", "coordinates": [113.966431, 22.407709]}}, {"type": "Feature", "properties": {"route_name": "Tin Yat - Yuen Long", "type": "Light Rail", "network": "MTR Light Rail", "color": "#CD9700", "is_station": true, "station_name": "Tin Shui Station"}, "geometry": {"type": "Point", "coordinates": [113.999435, 22.455915]}}, {"type": "Feature", "properties": {"route_name": "Tin Wing (Circular)", "type": "Light Rail", "network": "MTR Light Rail", "color": "#CD9700", "is_station": true, "station_name": "Tin Shui Wai Station"}, "geometry": {"type": "Point", "coordinates": [114.005959, 22.449448]}}, {"type": "Feature", "properties": {"route_name": "Tin Wing (Circular)", "type": "Light Rail", "network": "MTR Light Rail", "color": "#CD9700", "is_station": true, "station_name": "Tin Shui Wai Station"}, "geometry": {"type": "Point", "coordinates": [114.005959, 22.449448]}}, {"type": "Feature", "properties": {"route_name": "Yau Oi - Tin Yat", "type": "Light Rail", "network": "MTR Light Rail", "color": "#CD9700", "is_station": true, "station_name": "Tin Shui Wai Station"}, "geometry": {"type": "Point", "coordinates": [114.005959, 22.449448]}}, {"type": "Feature", "properties": {"route_name": "Tin Wing (Circular)", "type": "Light Rail", "network": "MTR Light Rail", "color": "#CD9700", "is_station": true, "station_name": "Tin Tsz Station"}, "geometry": {"type": "Point", "coordinates": [114.00602, 22.4527]}}, {"type": "Feature", "properties": {"route_name": "Tin Wing (Circular)", "type": "Light Rail", "network": "MTR Light Rail", "color": "#CD9700", "is_station": true, "station_name": "Tin Tsz Station"}, "geometry": {"type": "Point", "coordinates": [114.00602, 22.4527]}}, {"type": "Feature", "properties": {"route_name": "Yau Oi - Tin Yat", "type": "Light Rail", "network": "MTR Light Rail", "color": "#CD9700", "is_station": true, "station_name": "Tin Tsz Station"}, "geometry": {"type": "Point", "coordinates": [114.00602, 22.4527]}}, {"type": "Feature", "properties": {"route_name": "Tin Wing (Circular)", "type": "Light Rail", "network": "MTR Light Rail", "color": "#CD9700", "is_station": true, "station_name": "Tin Wing Station"}, "geometry": {"type": "Point", "coordinates": [114.002602, 22.459532]}}, {"type": "Feature", "properties": {"route_name": "Tin Wing (Circular)", "type": "Light Rail", "network": "MTR Light Rail", "color": "#CD9700", "is_station": true, "station_name": "Tin Wing Station"}, "geometry": {"type": "Point", "coordinates": [114.002602, 22.459532]}}, {"type": "Feature", "properties": {"route_name": "Yau Oi - Tin Yat", "type": "Light Rail", "network": "MTR Light Rail", "color": "#CD9700", "is_station": true, "station_name": "Tin Wing Station"}, "geometry": {"type": "Point", "coordinates": [114.002602, 22.459532]}}, {"type": "Feature", "properties": {"route_name": "Tin Wing (Circular)", "type": "Light Rail", "network": "MTR Light Rail", "color": "#CD9700", "is_station": true, "station_name": "Tin Wu Station"}, "geometry": {"type": "Point", "coordinates": [114.005768, 22.454992]}}, {"type": "Feature", "properties": {"route_name": "Tin Wing (Circular)", "type": "Light Rail", "network": "MTR Light Rail", "color": "#CD9700", "is_station": true, "station_name": "Tin Wu Station"}, "geometry": {"type": "Point", "coordinates": [114.005768, 22.454992]}}, {"type": "Feature", "properties": {"route_name": "Yau Oi - Tin Yat", "type": "Light Rail", "network": "MTR Light Rail", "color": "#CD9700", "is_station": true, "station_name": "Tin Wu Station"}, "geometry": {"type": "Point", "coordinates": [114.005768, 22.454992]}}, {"type": "Feature", "properties": {"route_name": "Tin Yat - Yuen Long", "type": "Light Rail", "network": "MTR Light Rail", "color": "#CD9700", "is_station": true, "station_name": "Tin Yat Station"}, "geometry": {"type": "Point", "coordinates": [113.998833, 22.466969]}}, {"type": "Feature", "properties": {"route_name": "Yau Oi - Tin Yat", "type": "Light Rail", "network": "MTR Light Rail", "color": "#CD9700", "is_station": true, "station_name": "Tin Yat Station"}, "geometry": {"type": "Point", "coordinates": [113.998833, 22.466969]}}, {"type": "Feature", "properties": {"route_name": "Tin Wing (Circular)", "type": "Light Rail", "network": "MTR Light Rail", "color": "#CD9700", "is_station": true, "station_name": "Tin Yiu Station"}, "geometry": {"type": "Point", "coordinates": [114.00267, 22.450384]}}, {"type": "Feature", "properties": {"route_name": "Tin Yat - Yuen Long", "type": "Light Rail", "network": "MTR Light Rail", "color": "#CD9700", "is_station": true, "station_name": "Tin Yiu Station"}, "geometry": {"type": "Point", "coordinates": [114.00267, 22.450384]}}, {"type": "Feature", "properties": {"route_name": "Tin Yat - Yuen Long", "type": "Light Rail", "network": "MTR Light Rail", "color": "#CD9700", "is_station": true, "station_name": "Tong Fong Tsuen Station"}, "geometry": {"type": "Point", "coordinates": [114.007042, 22.440113]}}, {"type": "Feature", "properties": {"route_name": "Sam Shing - Siu Hong", "type": "Light Rail", "network": "MTR Light Rail", "color": "#CD9700", "is_station": true, "station_name": "Town Centre Station"}, "geometry": {"type": "Point", "coordinates": [113.974884, 22.391365]}}, {"type": "Feature", "properties": {"route_name": "Yau Oi - Tin Yat", "type": "Light Rail", "network": "MTR Light Rail", "color": "#CD9700", "is_station": true, "station_name": "Town Centre Station"}, "geometry": {"type": "Point", "coordinates": [113.974884, 22.391365]}}, {"type": "Feature", "properties": {"route_name": "Sam Shing - Siu Hong", "type": "Light Rail", "network": "MTR Light Rail", "color": "#CD9700", "is_station": true, "station_name": "Tuen Mun Station"}, "geometry": {"type": "Point", "coordinates": [113.973312, 22.393721]}}, {"type": "Feature", "properties": {"route_name": "Yau Oi - Tin Yat", "type": "Light Rail", "network": "MTR Light Rail", "color": "#CD9700", "is_station": true, "station_name": "Tuen Mun Station"}, "geometry": {"type": "Point", "coordinates": [113.973312, 22.393721]}}, {"type": "Feature", "properties": {"route_name": "Yau Oi - Tin Yat", "type": "Light Rail", "network": "MTR Light Rail", "color": "#CD9700", "is_station": true, "station_name": "Tuen Mun Hospital Station"}, "geometry": {"type": "Point", "coordinates": [113.977142, 22.407766]}}, {"type": "Feature", "properties": {"route_name": "Yau Oi - Tin Yat", "type": "Light Rail", "network": "MTR Light Rail", "color": "#CD9700", "is_station": true, "station_name": "Yau Oi Station"}, "geometry": {"type": "Point", "coordinates": [113.973526, 22.386721]}}, {"type": "Feature", "properties": {"route_name": "Tin Yat - Yuen Long", "type": "Light Rail", "network": "MTR Light Rail", "color": "#CD9700", "is_station": true, "station_name": "Yuen Long Station"}, "geometry": {"type": "Point", "coordinates": [114.03437, 22.445719]}}]}