{"type":"FeatureCollection","features":[{"type":"Feature","properties":{"type":"Light Rail","network":"Honolulu Skyline","route_name":"Skyline","color":"#1d4270"},"geometry":{"type":"LineString","coordinates":[[-158.02273,21.37814],[-158.02129,21.37888],[-158.02025,21.37941],[-158.01955,21.37976],[-158.01899,21.38004],[-158.01804,21.38051],[-158.01742,21.38082],[-158.0168,21.3811],[-158.01639,21.38127],[-158.01597,21.38144],[-158.01536,21.38167],[-158.01474,21.38188],[-158.01424,21.38203],[-158.01377,21.38216],[-158.01291,21.38237],[-158.012,21.38256],[-158.01049,21.3829],[-158.01,21.383],[-158.00947,21.38309],[-158.00866,21.38321],[-158.00761,21.38339],[-158.00658,21.38357],[-158.00591,21.38369],[-158.0047,21.38393],[-158.00382,21.38409],[-158.00362,21.38413],[-158.00314,21.38422],[-158.00275,21.38429],[-158.0024,21.38435],[-158.00209,21.38442],[-158.00178,21.38449],[-158.00158,21.38455],[-158.00136,21.38462],[-158.00107,21.38471],[-158.00071,21.38485],[-158.00042,21.38498],[-158.00009,21.38513],[-157.99985,21.38526],[-157.99964,21.38538],[-157.9994,21.38552],[-157.99919,21.38566],[-157.99899,21.3858],[-157.99877,21.38596],[-157.99863,21.38608],[-157.99833,21.38632],[-157.99749,21.38702],[-157.99707,21.38738],[-157.99671,21.38769],[-157.99644,21.38793],[-157.99617,21.38816],[-157.99588,21.38841],[-157.99557,21.38866],[-157.99536,21.38883],[-157.99519,21.38895],[-157.99488,21.38916],[-157.99461,21.38934],[-157.99432,21.38954],[-157.99404,21.38974],[-157.99369,21.39003],[-157.99347,21.39021],[-157.99326,21.39039],[-157.99297,21.39064],[-157.9925,21.39104],[-157.99214,21.39134],[-157.99189,21.39156],[-157.99162,21.39178],[-157.99147,21.39189],[-157.99131,21.392],[-157.99112,21.39212],[-157.9909,21.39223],[-157.99071,21.39232],[-157.99058,21.39237],[-157.99047,21.39241],[-157.99025,21.39249],[-157.99007,21.39254],[-157.98991,21.39258],[-157.98973,21.39261],[-157.98954,21.39265],[-157.98933,21.39269],[-157.98909,21.39273],[-157.98892,21.39276],[-157.98876,21.39279],[-157.98864,21.39281],[-157.9885,21.39284],[-157.98825,21.39288],[-157.98808,21.39292],[-157.9878,21.393],[-157.98762,21.39306],[-157.98732,21.39318],[-157.98712,21.39328],[-157.98688,21.39341],[-157.98668,21.39354],[-157.98649,21.39367],[-157.98627,21.39383],[-157.98605,21.39399],[-157.98577,21.3942],[-157.9856,21.39433],[-157.98533,21.39453],[-157.98511,21.39469],[-157.98487,21.39486],[-157.98447,21.39516],[-157.98416,21.39539],[-157.98361,21.39579],[-157.98297,21.39627],[-157.98275,21.39643],[-157.98266,21.39649],[-157.98255,21.39657],[-157.98244,21.39664],[-157.98232,21.3967],[-157.98211,21.39679],[-157.98196,21.39684],[-157.98175,21.3969],[-157.98164,21.39692],[-157.98154,21.39694],[-157.9814,21.39695],[-157.98125,21.39696],[-157.98108,21.39695],[-157.98091,21.39694],[-157.98073,21.39691],[-157.98055,21.39687],[-157.98039,21.39682],[-157.98015,21.39674],[-157.97986,21.39666],[-157.97966,21.39659],[-157.97945,21.39653],[-157.97914,21.39643],[-157.97869,21.39629],[-157.97831,21.39617],[-157.97799,21.39609],[-157.97778,21.39605],[-157.97747,21.39599],[-157.97711,21.39595],[-157.97691,21.39593],[-157.97664,21.3959],[-157.97642,21.39587],[-157.97629,21.39585],[-157.97612,21.39582],[-157.97595,21.39578],[-157.97577,21.39575],[-157.9755,21.39568],[-157.97509,21.39556],[-157.97475,21.39545],[-157.97435,21.39531],[-157.97396,21.39517],[-157.97308,21.39487],[-157.97078,21.39407],[-157.97006,21.39382],[-157.96844,21.39326],[-157.96725,21.39284],[-157.96573,21.3923],[-157.96522,21.3921],[-157.96481,21.39193],[-157.96443,21.39176],[-157.96411,21.39161],[-157.96323,21.3912],[-157.9628,21.391],[-157.96213,21.39068],[-157.9614,21.39035],[-157.95971,21.38959],[-157.95827,21.38892],[-157.95702,21.38835],[-157.95603,21.3879],[-157.95581,21.38781],[-157.9556,21.38773],[-157.95506,21.3875],[-157.9548,21.38738],[-157.95438,21.38717],[-157.95397,21.38697],[-157.95337,21.38669],[-157.95288,21.38647],[-157.9525,21.3863],[-157.95214,21.38615],[-157.9516,21.3859],[-157.95127,21.38574],[-157.95102,21.38562],[-157.95044,21.38534],[-157.95007,21.38518],[-157.94966,21.385],[-157.9494,21.38489],[-157.94903,21.38473],[-157.94878,21.38462],[-157.94786,21.38422],[-157.9476,21.38411],[-157.94709,21.38388],[-157.9469,21.38379],[-157.94653,21.38362],[-157.94635,21.38353],[-157.94617,21.38346],[-157.94596,21.38336],[-157.94568,21.38323],[-157.94537,21.38308],[-157.94515,21.38297],[-157.9449,21.38285],[-157.9447,21.38275],[-157.94434,21.38257],[-157.9441,21.38246],[-157.94392,21.38237],[-157.94369,21.38227],[-157.94344,21.38217],[-157.94324,21.38209],[-157.94295,21.38196],[-157.94268,21.38185],[-157.94247,21.38176],[-157.94226,21.38167],[-157.94205,21.38158],[-157.94172,21.38143],[-157.9415,21.38132],[-157.94122,21.38119],[-157.94109,21.38112],[-157.94088,21.38102],[-157.94033,21.38075],[-157.93988,21.38054],[-157.93891,21.38012],[-157.93868,21.38003],[-157.93838,21.3799],[-157.9381,21.37977],[-157.93796,21.37971],[-157.93778,21.37961],[-157.93757,21.3795],[-157.9374,21.37941],[-157.93723,21.3793],[-157.93695,21.37913],[-157.93665,21.37892],[-157.93641,21.37875],[-157.93621,21.3786],[-157.93596,21.3784],[-157.93577,21.37825],[-157.93559,21.37811],[-157.93544,21.37799],[-157.93531,21.37789],[-157.93514,21.37776],[-157.93496,21.37761],[-157.93479,21.37748],[-157.93464,21.37737],[-157.93444,21.37721],[-157.93429,21.37709],[-157.93419,21.37701],[-157.9341,21.37695],[-157.93395,21.37683],[-157.93386,21.37675],[-157.93374,21.37665],[-157.93362,21.37654],[-157.93351,21.37642],[-157.9334,21.3763],[-157.93328,21.37615],[-157.93319,21.37604],[-157.93311,21.37592],[-157.93303,21.3758],[-157.93296,21.37567],[-157.93289,21.37552],[-157.93284,21.37541],[-157.93279,21.37529],[-157.93274,21.37516],[-157.9327,21.37503],[-157.93267,21.37492],[-157.93263,21.37477],[-157.93261,21.37463],[-157.93259,21.37449],[-157.93258,21.37439],[-157.93257,21.37429],[-157.93256,21.37414],[-157.93256,21.374],[-157.93257,21.37386],[-157.93258,21.37371],[-157.9326,21.37356],[-157.93263,21.37342],[-157.93266,21.37326],[-157.93271,21.37311],[-157.93275,21.37299],[-157.93279,21.37287],[-157.93286,21.3727],[-157.93291,21.3726],[-157.933,21.37243],[-157.93312,21.37223],[-157.9332,21.37211],[-157.93327,21.37197],[-157.93334,21.37186],[-157.93341,21.37175],[-157.93348,21.37164],[-157.93355,21.37153],[-157.93361,21.37142],[-157.93366,21.37133],[-157.93377,21.37115],[-157.93435,21.37019],[-157.93547,21.36835],[-157.93552,21.36825],[-157.93559,21.36815],[-157.9357,21.36795],[-157.9358,21.3678],[-157.93591,21.36762],[-157.936,21.36746],[-157.93607,21.36735],[-157.93612,21.36726],[-157.93619,21.36716],[-157.93625,21.36705],[-157.93632,21.36692],[-157.9364,21.36679],[-157.93646,21.36667],[-157.93654,21.36652],[-157.93663,21.36635],[-157.9367,21.3662],[-157.93677,21.36607],[-157.93685,21.36589],[-157.93691,21.36579],[-157.93699,21.36563],[-157.93706,21.36548],[-157.93711,21.36538],[-157.93719,21.36522],[-157.93727,21.36505],[-157.93733,21.36494],[-157.93738,21.36484],[-157.93743,21.36472],[-157.93747,21.36462],[-157.93752,21.36451],[-157.93756,21.36438],[-157.9376,21.36425],[-157.93764,21.36414],[-157.93767,21.364],[-157.9377,21.36385],[-157.93772,21.36372],[-157.93774,21.36361],[-157.93775,21.36345],[-157.93776,21.36327],[-157.93776,21.36313],[-157.93775,21.36291],[-157.93774,21.36278],[-157.93772,21.36267],[-157.9377,21.36255],[-157.93767,21.36239],[-157.93763,21.36217],[-157.93755,21.36183],[-157.93741,21.36118],[-157.93732,21.36077],[-157.93712,21.35984],[-157.93695,21.35907],[-157.93686,21.35864],[-157.93676,21.35819],[-157.93669,21.35788],[-157.93659,21.35741],[-157.93653,21.35714],[-157.9365,21.35699],[-157.93645,21.35677],[-157.93642,21.35665],[-157.93634,21.35627],[-157.93627,21.35596],[-157.93617,21.35552],[-157.9361,21.35517],[-157.93605,21.35498],[-157.936,21.35479],[-157.93595,21.3546],[-157.93589,21.3544],[-157.93581,21.35412],[-157.93576,21.35393],[-157.93571,21.35373],[-157.93567,21.35354],[-157.93564,21.35343],[-157.9356,21.35323],[-157.93558,21.35311],[-157.93555,21.35298],[-157.93552,21.35279],[-157.93548,21.35265],[-157.93545,21.35248],[-157.93541,21.35228],[-157.93537,21.3521],[-157.93533,21.35193],[-157.93525,21.35155],[-157.9352,21.35132],[-157.93507,21.35072],[-157.93501,21.35045],[-157.9349,21.34995],[-157.93478,21.34944],[-157.93465,21.34888],[-157.93451,21.34829],[-157.93438,21.34774],[-157.93427,21.34732],[-157.93418,21.34692],[-157.93408,21.34652],[-157.93403,21.34635],[-157.934,21.34622],[-157.93395,21.34602],[-157.93389,21.34577],[-157.93385,21.3456],[-157.93381,21.34542],[-157.93376,21.34524],[-157.93372,21.34506],[-157.93367,21.34488],[-157.93364,21.34474],[-157.93359,21.34459],[-157.93355,21.34448],[-157.93349,21.34427],[-157.93345,21.34417],[-157.9334,21.34405],[-157.93336,21.34393],[-157.93331,21.34382],[-157.93324,21.34366],[-157.93315,21.34346],[-157.93309,21.34334],[-157.933,21.34315],[-157.93293,21.34302],[-157.93283,21.34285],[-157.93274,21.3427],[-157.93263,21.34254],[-157.93252,21.34237],[-157.93237,21.34215],[-157.93224,21.34198],[-157.93214,21.34185],[-157.93205,21.34174],[-157.93193,21.3416],[-157.93176,21.34141],[-157.93163,21.34127],[-157.93154,21.34118],[-157.93124,21.34089],[-157.93111,21.34078],[-157.93102,21.3407],[-157.9309,21.34059],[-157.9308,21.34051],[-157.93069,21.34042],[-157.93055,21.34031],[-157.93043,21.34023],[-157.93033,21.34015],[-157.93023,21.34009],[-157.93009,21.33999],[-157.92999,21.33993],[-157.92983,21.33983],[-157.92971,21.33976],[-157.9296,21.33969],[-157.92946,21.33961],[-157.9293,21.33953],[-157.92913,21.33945],[-157.92899,21.33938],[-157.92876,21.33927],[-157.92858,21.3392],[-157.92846,21.33915],[-157.92829,21.33908],[-157.9281,21.33901],[-157.9279,21.33895],[-157.92768,21.33888],[-157.92753,21.33883],[-157.92726,21.33876],[-157.92699,21.3387],[-157.92672,21.33864],[-157.92613,21.33854],[-157.92576,21.33848],[-157.92547,21.33844],[-157.92505,21.33839],[-157.9246,21.33833],[-157.92435,21.3383],[-157.92402,21.33826],[-157.92389,21.33825],[-157.92379,21.33823],[-157.92369,21.33821],[-157.92357,21.33818],[-157.92345,21.33814],[-157.92335,21.33809],[-157.92324,21.33802],[-157.92314,21.33794],[-157.92305,21.33786],[-157.92298,21.33777],[-157.9229,21.33765],[-157.92284,21.33754],[-157.9228,21.33742],[-157.92277,21.33731],[-157.92276,21.33721],[-157.92276,21.33708],[-157.92277,21.33697],[-157.92279,21.33685],[-157.92281,21.3367],[-157.92283,21.3366],[-157.92286,21.33644],[-157.92287,21.33634],[-157.92288,21.33624],[-157.92287,21.33609],[-157.92286,21.33598],[-157.92284,21.33587],[-157.92281,21.33575],[-157.92279,21.33564],[-157.92276,21.33551],[-157.92273,21.3354],[-157.9227,21.33526],[-157.92267,21.33511],[-157.92263,21.33496],[-157.9226,21.33479],[-157.92257,21.33469],[-157.92253,21.33459],[-157.92247,21.33445],[-157.9224,21.33435],[-157.92233,21.33427],[-157.92226,21.33419],[-157.92215,21.3341],[-157.92204,21.33403],[-157.92193,21.33397],[-157.92174,21.33391],[-157.92164,21.33388],[-157.92152,21.33386],[-157.92136,21.33384],[-157.92117,21.33381],[-157.92095,21.33378],[-157.92042,21.3337],[-157.92032,21.33368],[-157.92018,21.33367],[-157.92003,21.33367],[-157.9199,21.33368],[-157.91922,21.33377],[-157.91893,21.33381],[-157.91876,21.33383],[-157.91861,21.33385],[-157.91849,21.33385],[-157.91824,21.33386],[-157.91799,21.33384],[-157.91784,21.33383],[-157.91755,21.33382],[-157.91735,21.33381],[-157.91712,21.33379],[-157.91693,21.33378],[-157.91671,21.33376],[-157.91649,21.33373],[-157.9163,21.3337],[-157.91609,21.33367],[-157.9159,21.33364],[-157.91556,21.33359],[-157.91519,21.33354],[-157.91501,21.33351],[-157.91481,21.33348],[-157.91458,21.33344],[-157.91441,21.33342],[-157.91416,21.33338],[-157.91381,21.33334],[-157.91358,21.33331],[-157.91333,21.33328],[-157.91309,21.33325],[-157.91285,21.33321],[-157.91188,21.33307],[-157.91093,21.33293],[-157.91069,21.33289],[-157.91055,21.33287],[-157.91037,21.33285],[-157.91015,21.33282],[-157.91004,21.33281],[-157.90991,21.3328],[-157.90977,21.33279],[-157.90936,21.33274],[-157.90898,21.3327],[-157.90885,21.33269],[-157.90874,21.33268],[-157.90864,21.33267],[-157.90847,21.33267],[-157.90827,21.33267],[-157.90808,21.33268],[-157.90791,21.3327],[-157.90769,21.33274],[-157.9075,21.33278],[-157.90732,21.33283],[-157.9072,21.33286],[-157.90703,21.33291],[-157.90687,21.33296],[-157.90676,21.33299],[-157.9066,21.33303],[-157.90643,21.33307],[-157.90628,21.3331],[-157.90612,21.33312],[-157.90601,21.33312],[-157.90584,21.33313],[-157.9057,21.33313],[-157.90556,21.33312],[-157.90539,21.3331],[-157.90525,21.33308],[-157.90504,21.33305],[-157.90454,21.33298],[-157.90436,21.33295],[-157.90425,21.33294],[-157.90413,21.33293],[-157.90397,21.33291],[-157.90384,21.33291],[-157.90374,21.3329],[-157.90358,21.3329],[-157.90333,21.3329],[-157.90315,21.3329],[-157.90287,21.33291],[-157.90267,21.33291],[-157.90256,21.33291],[-157.90239,21.33291],[-157.90227,21.3329],[-157.90212,21.33289],[-157.90193,21.33286],[-157.90179,21.33284],[-157.90157,21.33281],[-157.90141,21.33278],[-157.90102,21.33272],[-157.90069,21.33267],[-157.90042,21.33263],[-157.90023,21.33261],[-157.89997,21.33257],[-157.89973,21.33253],[-157.8995,21.3325],[-157.89933,21.33247],[-157.89919,21.33246],[-157.89908,21.33244],[-157.89898,21.33244],[-157.89876,21.33244],[-157.89864,21.33244],[-157.89849,21.33245],[-157.89834,21.33247],[-157.89816,21.33251],[-157.89799,21.33255],[-157.89782,21.3326],[-157.89772,21.33264],[-157.89761,21.33269],[-157.89748,21.33274],[-157.89734,21.33281],[-157.89721,21.33288],[-157.89699,21.333],[-157.89686,21.33307],[-157.89676,21.33313],[-157.89666,21.33319],[-157.89653,21.33325],[-157.89644,21.3333],[-157.89632,21.33335],[-157.89618,21.3334],[-157.89606,21.33344],[-157.89595,21.33347],[-157.89582,21.3335],[-157.8957,21.33352],[-157.89558,21.33354],[-157.89542,21.33356],[-157.8953,21.33357],[-157.89516,21.33357],[-157.89504,21.33357],[-157.89493,21.33356],[-157.89475,21.33354],[-157.89461,21.33352],[-157.8945,21.3335],[-157.8944,21.33348],[-157.89427,21.33345],[-157.8941,21.33342],[-157.89387,21.33337],[-157.89339,21.33326],[-157.89284,21.33314],[-157.89274,21.33312],[-157.89262,21.3331],[-157.89248,21.33308],[-157.89235,21.33307],[-157.8922,21.33307],[-157.89201,21.33307],[-157.89185,21.33308],[-157.8917,21.33309],[-157.89158,21.3331],[-157.89146,21.3331],[-157.89121,21.33312],[-157.89108,21.33312],[-157.89095,21.33312],[-157.89085,21.33312],[-157.89072,21.33311],[-157.8906,21.3331],[-157.89046,21.33308],[-157.89032,21.33305],[-157.89015,21.33302],[-157.88999,21.33298],[-157.88973,21.33293],[-157.88946,21.33288],[-157.88891,21.33276],[-157.8888,21.33274]]}},{"type":"Feature","properties":{"type":"Light Rail","network":"Honolulu Skyline","route_name":"Skyline","color":"#1d4270"},"geometry":{"type":"LineString","coordinates":[[-157.92095,21.33378],[-157.92042,21.3337],[-157.92032,21.33368],[-157.92018,21.33367],[-157.92003,21.33367],[-157.9199,21.33368],[-157.91922,21.33377],[-157.91893,21.33381],[-157.91876,21.33383],[-157.91861,21.33385],[-157.91849,21.33385],[-157.91824,21.33386],[-157.91799,21.33384],[-157.91784,21.33383],[-157.91755,21.33382],[-157.91735,21.33381],[-157.91712,21.33379],[-157.91693,21.33378],[-157.91671,21.33376],[-157.91649,21.33373],[-157.9163,21.3337],[-157.91609,21.33367],[-157.9159,21.33364],[-157.91556,21.33359],[-157.91519,21.33354],[-157.91501,21.33351],[-157.91481,21.33348],[-157.91458,21.33344],[-157.91441,21.33342],[-157.91416,21.33338],[-157.91381,21.33334],[-157.91358,21.33331],[-157.91333,21.33328],[-157.91309,21.33325],[-157.91285,21.33321],[-157.91188,21.33307],[-157.91093,21.33293],[-157.91069,21.33289],[-157.91055,21.33287],[-157.91037,21.33285],[-157.91015,21.33282],[-157.91004,21.33281],[-157.90991,21.3328],[-157.90977,21.33279],[-157.90936,21.33274],[-157.90898,21.3327],[-157.90885,21.33269],[-157.90874,21.33268],[-157.90864,21.33267],[-157.90847,21.33267],[-157.90827,21.33267],[-157.90808,21.33268],[-157.90791,21.3327],[-157.90769,21.33274],[-157.9075,21.33278],[-157.90732,21.33283],[-157.9072,21.33286],[-157.90703,21.33291],[-157.90687,21.33296],[-157.90676,21.33299],[-157.9066,21.33303],[-157.90643,21.33307],[-157.90628,21.3331],[-157.90612,21.33312],[-157.90601,21.33312],[-157.90584,21.33313],[-157.9057,21.33313],[-157.90556,21.33312],[-157.90539,21.3331],[-157.90525,21.33308],[-157.90504,21.33305],[-157.90454,21.33298],[-157.90436,21.33295],[-157.90425,21.33294],[-157.90413,21.33293],[-157.90397,21.33291],[-157.90384,21.33291],[-157.90374,21.3329],[-157.90358,21.3329],[-157.90333,21.3329],[-157.90315,21.3329],[-157.90287,21.33291],[-157.90267,21.33291],[-157.90256,21.33291],[-157.90239,21.33291],[-157.90227,21.3329],[-157.90212,21.33289],[-157.90193,21.33286],[-157.90179,21.33284],[-157.90157,21.33281],[-157.90141,21.33278],[-157.90102,21.33272],[-157.90069,21.33267],[-157.90042,21.33263],[-157.90023,21.33261],[-157.89997,21.33257],[-157.89973,21.33253],[-157.8995,21.3325],[-157.89933,21.33247],[-157.89919,21.33246],[-157.89908,21.33244],[-157.89898,21.33244],[-157.89876,21.33244],[-157.89864,21.33244],[-157.89849,21.33245],[-157.89834,21.33247],[-157.89816,21.33251],[-157.89799,21.33255],[-157.89782,21.3326],[-157.89772,21.33264],[-157.89761,21.33269],[-157.89748,21.33274],[-157.89734,21.33281],[-157.89721,21.33288],[-157.89699,21.333],[-157.89686,21.33307],[-157.89676,21.33313],[-157.89666,21.33319],[-157.89653,21.33325],[-157.89644,21.3333],[-157.89632,21.33335],[-157.89618,21.3334],[-157.89606,21.33344],[-157.89595,21.33347],[-157.89582,21.3335],[-157.8957,21.33352],[-157.89558,21.33354],[-157.89542,21.33356],[-157.8953,21.33357],[-157.89516,21.33357],[-157.89504,21.33357],[-157.89493,21.33356],[-157.89475,21.33354],[-157.89461,21.33352],[-157.8945,21.3335],[-157.8944,21.33348],[-157.89427,21.33345],[-157.8941,21.33342],[-157.89387,21.33337],[-157.89339,21.33326],[-157.89284,21.33314],[-157.89274,21.33312],[-157.89262,21.3331],[-157.89248,21.33308],[-157.89235,21.33307],[-157.8922,21.33307],[-157.89201,21.33307],[-157.89185,21.33308],[-157.8917,21.33309],[-157.89158,21.3331],[-157.89146,21.3331],[-157.89121,21.33312],[-157.89108,21.33312],[-157.89095,21.33312],[-157.89085,21.33312],[-157.89072,21.33311],[-157.8906,21.3331],[-157.89046,21.33308],[-157.89032,21.33305],[-157.89015,21.33302],[-157.88999,21.33298],[-157.88973,21.33293],[-157.88946,21.33288],[-157.88891,21.33276],[-157.8888,21.33274]]}},{"type":"Feature","properties":{"type":"Light Rail","network":"Honolulu Skyline","route_name":"Skyline","color":"#1d4270"},"geometry":{"type":"LineString","coordinates":[[-157.94709,21.38388],[-157.9469,21.38379],[-157.94653,21.38362],[-157.94635,21.38353],[-157.94617,21.38346],[-157.94596,21.38336],[-157.94568,21.38323],[-157.94537,21.38308],[-157.94515,21.38297],[-157.9449,21.38285],[-157.9447,21.38275],[-157.94434,21.38257],[-157.9441,21.38246],[-157.94392,21.38237],[-157.94369,21.38227],[-157.94344,21.38217],[-157.94324,21.38209],[-157.94295,21.38196],[-157.94268,21.38185],[-157.94247,21.38176],[-157.94226,21.38167],[-157.94205,21.38158],[-157.94172,21.38143],[-157.9415,21.38132],[-157.94122,21.38119],[-157.94109,21.38112],[-157.94088,21.38102],[-157.94033,21.38075],[-157.93988,21.38054],[-157.93891,21.38012],[-157.93868,21.38003],[-157.93838,21.3799],[-157.9381,21.37977],[-157.93796,21.37971],[-157.93778,21.37961],[-157.93757,21.3795],[-157.9374,21.37941],[-157.93723,21.3793],[-157.93695,21.37913],[-157.93665,21.37892],[-157.93641,21.37875],[-157.93621,21.3786],[-157.93596,21.3784],[-157.93577,21.37825],[-157.93559,21.37811],[-157.93544,21.37799],[-157.93531,21.37789],[-157.93514,21.37776],[-157.93496,21.37761],[-157.93479,21.37748],[-157.93464,21.37737],[-157.93444,21.37721],[-157.93429,21.37709],[-157.93419,21.37701],[-157.9341,21.37695],[-157.93395,21.37683],[-157.93386,21.37675],[-157.93374,21.37665],[-157.93362,21.37654],[-157.93351,21.37642],[-157.9334,21.3763],[-157.93328,21.37615],[-157.93319,21.37604],[-157.93311,21.37592],[-157.93303,21.3758],[-157.93296,21.37567],[-157.93289,21.37552],[-157.93284,21.37541],[-157.93279,21.37529],[-157.93274,21.37516],[-157.9327,21.37503],[-157.93267,21.37492],[-157.93263,21.37477],[-157.93261,21.37463],[-157.93259,21.37449],[-157.93258,21.37439],[-157.93257,21.37429],[-157.93256,21.37414],[-157.93256,21.374],[-157.93257,21.37386],[-157.93258,21.37371],[-157.9326,21.37356],[-157.93263,21.37342],[-157.93266,21.37326],[-157.93271,21.37311],[-157.93275,21.37299],[-157.93279,21.37287],[-157.93286,21.3727],[-157.93291,21.3726],[-157.933,21.37243],[-157.93312,21.37223],[-157.9332,21.37211],[-157.93327,21.37197],[-157.93334,21.37186],[-157.93341,21.37175],[-157.93348,21.37164],[-157.93355,21.37153],[-157.93361,21.37142],[-157.93366,21.37133],[-157.93377,21.37115],[-157.93435,21.37019],[-157.93547,21.36835],[-157.93552,21.36825],[-157.93559,21.36815],[-157.9357,21.36795],[-157.9358,21.3678],[-157.93591,21.36762],[-157.936,21.36746],[-157.93607,21.36735],[-157.93612,21.36726],[-157.93619,21.36716],[-157.93625,21.36705],[-157.93632,21.36692],[-157.9364,21.36679],[-157.93646,21.36667],[-157.93654,21.36652],[-157.93663,21.36635],[-157.9367,21.3662],[-157.93677,21.36607],[-157.93685,21.36589],[-157.93691,21.36579],[-157.93699,21.36563],[-157.93706,21.36548],[-157.93711,21.36538],[-157.93719,21.36522],[-157.93727,21.36505],[-157.93733,21.36494],[-157.93738,21.36484],[-157.93743,21.36472],[-157.93747,21.36462],[-157.93752,21.36451],[-157.93756,21.36438],[-157.9376,21.36425],[-157.93764,21.36414],[-157.93767,21.364],[-157.9377,21.36385],[-157.93772,21.36372],[-157.93774,21.36361],[-157.93775,21.36345],[-157.93776,21.36327],[-157.93776,21.36313],[-157.93775,21.36291],[-157.93774,21.36278],[-157.93772,21.36267],[-157.9377,21.36255],[-157.93767,21.36239],[-157.93763,21.36217],[-157.93755,21.36183],[-157.93741,21.36118],[-157.93732,21.36077],[-157.93712,21.35984],[-157.93695,21.35907],[-157.93686,21.35864],[-157.93676,21.35819],[-157.93669,21.35788],[-157.93659,21.35741],[-157.93653,21.35714],[-157.9365,21.35699],[-157.93645,21.35677],[-157.93642,21.35665],[-157.93634,21.35627],[-157.93627,21.35596],[-157.93617,21.35552],[-157.9361,21.35517],[-157.93605,21.35498],[-157.936,21.35479],[-157.93595,21.3546],[-157.93589,21.3544],[-157.93581,21.35412],[-157.93576,21.35393],[-157.93571,21.35373],[-157.93567,21.35354],[-157.93564,21.35343],[-157.9356,21.35323],[-157.93558,21.35311],[-157.93555,21.35298],[-157.93552,21.35279],[-157.93548,21.35265],[-157.93545,21.35248],[-157.93541,21.35228],[-157.93537,21.3521],[-157.93533,21.35193],[-157.93525,21.35155],[-157.9352,21.35132],[-157.93507,21.35072],[-157.93501,21.35045],[-157.9349,21.34995],[-157.93478,21.34944],[-157.93465,21.34888],[-157.93451,21.34829],[-157.93438,21.34774],[-157.93427,21.34732],[-157.93418,21.34692],[-157.93408,21.34652],[-157.93403,21.34635],[-157.934,21.34622],[-157.93395,21.34602],[-157.93389,21.34577],[-157.93385,21.3456],[-157.93381,21.34542],[-157.93376,21.34524],[-157.93372,21.34506],[-157.93367,21.34488],[-157.93364,21.34474],[-157.93359,21.34459],[-157.93355,21.34448],[-157.93349,21.34427],[-157.93345,21.34417],[-157.9334,21.34405],[-157.93336,21.34393],[-157.93331,21.34382],[-157.93324,21.34366],[-157.93315,21.34346],[-157.93309,21.34334],[-157.933,21.34315],[-157.93293,21.34302],[-157.93283,21.34285],[-157.93274,21.3427],[-157.93263,21.34254],[-157.93252,21.34237],[-157.93237,21.34215],[-157.93224,21.34198],[-157.93214,21.34185],[-157.93205,21.34174],[-157.93193,21.3416],[-157.93176,21.34141],[-157.93163,21.34127],[-157.93154,21.34118],[-157.93124,21.34089],[-157.93111,21.34078],[-157.93102,21.3407],[-157.9309,21.34059],[-157.9308,21.34051],[-157.93069,21.34042],[-157.93055,21.34031],[-157.93043,21.34023],[-157.93033,21.34015],[-157.93023,21.34009],[-157.93009,21.33999],[-157.92999,21.33993],[-157.92983,21.33983],[-157.92971,21.33976],[-157.9296,21.33969],[-157.92946,21.33961],[-157.9293,21.33953],[-157.92913,21.33945],[-157.92899,21.33938],[-157.92876,21.33927],[-157.92858,21.3392],[-157.92846,21.33915],[-157.92829,21.33908],[-157.9281,21.33901],[-157.9279,21.33895],[-157.92768,21.33888],[-157.92753,21.33883],[-157.92726,21.33876],[-157.92699,21.3387],[-157.92672,21.33864],[-157.92613,21.33854],[-157.92576,21.33848],[-157.92547,21.33844],[-157.92505,21.33839],[-157.9246,21.33833],[-157.92435,21.3383],[-157.92402,21.33826],[-157.92389,21.33825],[-157.92379,21.33823],[-157.92369,21.33821],[-157.92357,21.33818],[-157.92345,21.33814],[-157.92335,21.33809],[-157.92324,21.33802],[-157.92314,21.33794],[-157.92305,21.33786],[-157.92298,21.33777],[-157.9229,21.33765],[-157.92284,21.33754],[-157.9228,21.33742],[-157.92277,21.33731],[-157.92276,21.33721],[-157.92276,21.33708],[-157.92277,21.33697],[-157.92279,21.33685],[-157.92281,21.3367],[-157.92283,21.3366],[-157.92286,21.33644],[-157.92287,21.33634],[-157.92288,21.33624],[-157.92287,21.33609],[-157.92286,21.33598],[-157.92284,21.33587],[-157.92281,21.33575],[-157.92279,21.33564],[-157.92276,21.33551],[-157.92273,21.3354],[-157.9227,21.33526],[-157.92267,21.33511],[-157.92263,21.33496],[-157.9226,21.33479],[-157.92257,21.33469],[-157.92253,21.33459],[-157.92247,21.33445],[-157.9224,21.33435],[-157.92233,21.33427],[-157.92226,21.33419],[-157.92215,21.3341],[-157.92204,21.33403],[-157.92193,21.33397],[-157.92174,21.33391],[-157.92164,21.33388],[-157.92152,21.33386],[-157.92136,21.33384],[-157.92117,21.33381],[-157.92095,21.33378],[-157.92042,21.3337],[-157.92032,21.33368],[-157.92018,21.33367],[-157.92003,21.33367],[-157.9199,21.33368],[-157.91922,21.33377],[-157.91893,21.33381],[-157.91876,21.33383],[-157.91861,21.33385],[-157.91849,21.33385],[-157.91824,21.33386],[-157.91799,21.33384],[-157.91784,21.33383],[-157.91755,21.33382],[-157.91735,21.33381],[-157.91712,21.33379],[-157.91693,21.33378],[-157.91671,21.33376],[-157.91649,21.33373],[-157.9163,21.3337],[-157.91609,21.33367],[-157.9159,21.33364],[-157.91556,21.33359],[-157.91519,21.33354],[-157.91501,21.33351],[-157.91481,21.33348],[-157.91458,21.33344],[-157.91441,21.33342],[-157.91416,21.33338],[-157.91381,21.33334],[-157.91358,21.33331],[-157.91333,21.33328],[-157.91309,21.33325],[-157.91285,21.33321],[-157.91188,21.33307],[-157.91093,21.33293],[-157.91069,21.33289],[-157.91055,21.33287],[-157.91037,21.33285],[-157.91015,21.33282],[-157.91004,21.33281],[-157.90991,21.3328],[-157.90977,21.33279],[-157.90936,21.33274],[-157.90898,21.3327],[-157.90885,21.33269],[-157.90874,21.33268],[-157.90864,21.33267],[-157.90847,21.33267],[-157.90827,21.33267],[-157.90808,21.33268],[-157.90791,21.3327],[-157.90769,21.33274],[-157.9075,21.33278],[-157.90732,21.33283],[-157.9072,21.33286],[-157.90703,21.33291],[-157.90687,21.33296],[-157.90676,21.33299],[-157.9066,21.33303],[-157.90643,21.33307],[-157.90628,21.3331],[-157.90612,21.33312],[-157.90601,21.33312],[-157.90584,21.33313],[-157.9057,21.33313],[-157.90556,21.33312],[-157.90539,21.3331],[-157.90525,21.33308],[-157.90504,21.33305],[-157.90454,21.33298],[-157.90436,21.33295],[-157.90425,21.33294],[-157.90413,21.33293],[-157.90397,21.33291],[-157.90384,21.33291],[-157.90374,21.3329],[-157.90358,21.3329],[-157.90333,21.3329],[-157.90315,21.3329],[-157.90287,21.33291],[-157.90267,21.33291],[-157.90256,21.33291],[-157.90239,21.33291],[-157.90227,21.3329],[-157.90212,21.33289],[-157.90193,21.33286],[-157.90179,21.33284],[-157.90157,21.33281],[-157.90141,21.33278],[-157.90102,21.33272],[-157.90069,21.33267],[-157.90042,21.33263],[-157.90023,21.33261],[-157.89997,21.33257],[-157.89973,21.33253],[-157.8995,21.3325],[-157.89933,21.33247],[-157.89919,21.33246],[-157.89908,21.33244],[-157.89898,21.33244],[-157.89876,21.33244],[-157.89864,21.33244],[-157.89849,21.33245],[-157.89834,21.33247],[-157.89816,21.33251],[-157.89799,21.33255],[-157.89782,21.3326],[-157.89772,21.33264],[-157.89761,21.33269],[-157.89748,21.33274],[-157.89734,21.33281],[-157.89721,21.33288],[-157.89699,21.333],[-157.89686,21.33307],[-157.89676,21.33313],[-157.89666,21.33319],[-157.89653,21.33325],[-157.89644,21.3333],[-157.89632,21.33335],[-157.89618,21.3334],[-157.89606,21.33344],[-157.89595,21.33347],[-157.89582,21.3335],[-157.8957,21.33352],[-157.89558,21.33354],[-157.89542,21.33356],[-157.8953,21.33357],[-157.89516,21.33357],[-157.89504,21.33357],[-157.89493,21.33356],[-157.89475,21.33354],[-157.89461,21.33352],[-157.8945,21.3335],[-157.8944,21.33348],[-157.89427,21.33345],[-157.8941,21.33342],[-157.89387,21.33337],[-157.89339,21.33326],[-157.89284,21.33314],[-157.89274,21.33312],[-157.89262,21.3331],[-157.89248,21.33308],[-157.89235,21.33307],[-157.8922,21.33307],[-157.89201,21.33307],[-157.89185,21.33308],[-157.8917,21.33309],[-157.89158,21.3331],[-157.89146,21.3331],[-157.89121,21.33312],[-157.89108,21.33312],[-157.89095,21.33312],[-157.89085,21.33312],[-157.89072,21.33311],[-157.8906,21.3331],[-157.89046,21.33308],[-157.89032,21.33305],[-157.89015,21.33302],[-157.88999,21.33298],[-157.88973,21.33293],[-157.88946,21.33288],[-157.88891,21.33276],[-157.8888,21.33274]]}},{"type":"Feature","properties":{"type":"Light Rail","network":"Honolulu Skyline","route_name":"Skyline","color":"#1d4270"},"geometry":{"type":"LineString","coordinates":[[-158.051,21.34557],[-158.05071,21.3459],[-158.05044,21.34622],[-158.05019,21.34658],[-158.05003,21.34685],[-158.04991,21.34709],[-158.04979,21.34739],[-158.04969,21.34768],[-158.04964,21.34789],[-158.04946,21.34854],[-158.04934,21.34899],[-158.0492,21.34955],[-158.04911,21.35002],[-158.04903,21.35053],[-158.04898,21.35091],[-158.04895,21.35139],[-158.04894,21.35168],[-158.04893,21.3521],[-158.04895,21.35259],[-158.04898,21.35291],[-158.04904,21.35345],[-158.04913,21.35398],[-158.04917,21.35419],[-158.04932,21.35481],[-158.04956,21.35557],[-158.04974,21.35605],[-158.05002,21.35668],[-158.05036,21.3573],[-158.05066,21.35777],[-158.05096,21.3582],[-158.05119,21.35853],[-158.0514,21.35883],[-158.05165,21.35921],[-158.05175,21.35938],[-158.05184,21.35957],[-158.05192,21.35978],[-158.052,21.36003],[-158.05204,21.36024],[-158.05208,21.36057],[-158.05208,21.36081],[-158.05207,21.36104],[-158.05196,21.36156],[-158.05185,21.36186],[-158.05172,21.36212],[-158.05143,21.36256],[-158.05121,21.3628],[-158.05101,21.36298],[-158.05082,21.36313],[-158.0452,21.36698],[-158.04307,21.36844],[-158.04287,21.36858],[-158.04262,21.36875],[-158.04227,21.36899],[-158.04193,21.36922],[-158.04181,21.36931],[-158.04151,21.36957],[-158.04131,21.36978],[-158.04117,21.36995],[-158.04104,21.37013],[-158.04093,21.37031],[-158.04083,21.37051],[-158.04077,21.37063],[-158.04073,21.37074],[-158.04067,21.37087],[-158.04059,21.37113],[-158.04054,21.37132],[-158.04048,21.37154],[-158.0404,21.37179],[-158.04035,21.37198],[-158.0403,21.37212],[-158.04025,21.37224],[-158.0402,21.37235],[-158.04009,21.37256],[-158.04001,21.37271],[-158.03993,21.37283],[-158.03984,21.37295],[-158.03968,21.37315],[-158.03952,21.37331],[-158.03937,21.37346],[-158.03919,21.3736],[-158.03906,21.3737],[-158.03891,21.3738],[-158.0388,21.37387],[-158.03862,21.37396],[-158.03847,21.37403],[-158.03837,21.37408],[-158.03821,21.37414],[-158.03808,21.37419],[-158.03792,21.37423],[-158.03776,21.37428],[-158.03758,21.37431],[-158.03743,21.37434],[-158.03719,21.37436],[-158.03691,21.37437],[-158.03644,21.37439],[-158.03415,21.37443],[-158.03222,21.37447],[-158.03169,21.37448],[-158.03145,21.37449],[-158.03112,21.37451],[-158.03084,21.37454],[-158.03062,21.37457],[-158.03037,21.37461],[-158.03004,21.37468],[-158.02965,21.37477],[-158.02925,21.37488],[-158.0287,21.37508],[-158.02843,21.37518],[-158.0281,21.37533],[-158.02768,21.37555],[-158.02719,21.37581],[-158.02701,21.3759],[-158.02618,21.37634],[-158.02538,21.37677],[-158.02483,21.37705],[-158.02447,21.37724],[-158.0241,21.37743],[-158.02385,21.37756],[-158.02341,21.37779],[-158.02273,21.37814],[-158.02129,21.37888],[-158.02025,21.37941],[-158.01955,21.37976],[-158.01899,21.38004],[-158.01804,21.38051],[-158.01742,21.38082],[-158.0168,21.3811],[-158.01639,21.38127],[-158.01597,21.38144],[-158.01536,21.38167],[-158.01474,21.38188],[-158.01424,21.38203],[-158.01377,21.38216],[-158.01291,21.38237],[-158.012,21.38256],[-158.01049,21.3829],[-158.01,21.383],[-158.00947,21.38309],[-158.00866,21.38321],[-158.00761,21.38339],[-158.00658,21.38357],[-158.00591,21.38369],[-158.0047,21.38393],[-158.00382,21.38409],[-158.00362,21.38413],[-158.00314,21.38422],[-158.00275,21.38429],[-158.0024,21.38435],[-158.00209,21.38442],[-158.00178,21.38449],[-158.00158,21.38455],[-158.00136,21.38462],[-158.00107,21.38471],[-158.00071,21.38485],[-158.00042,21.38498],[-158.00009,21.38513],[-157.99985,21.38526],[-157.99964,21.38538],[-157.9994,21.38552],[-157.99919,21.38566],[-157.99899,21.3858],[-157.99877,21.38596],[-157.99863,21.38608],[-157.99833,21.38632],[-157.99749,21.38702],[-157.99707,21.38738],[-157.99671,21.38769],[-157.99644,21.38793],[-157.99617,21.38816],[-157.99588,21.38841],[-157.99557,21.38866],[-157.99536,21.38883],[-157.99519,21.38895],[-157.99488,21.38916],[-157.99461,21.38934],[-157.99432,21.38954],[-157.99404,21.38974],[-157.99369,21.39003],[-157.99347,21.39021],[-157.99326,21.39039],[-157.99297,21.39064],[-157.9925,21.39104],[-157.99214,21.39134],[-157.99189,21.39156],[-157.99162,21.39178],[-157.99147,21.39189],[-157.99131,21.392],[-157.99112,21.39212],[-157.9909,21.39223],[-157.99071,21.39232],[-157.99058,21.39237],[-157.99047,21.39241],[-157.99025,21.39249],[-157.99007,21.39254],[-157.98991,21.39258],[-157.98973,21.39261],[-157.98954,21.39265],[-157.98933,21.39269],[-157.98909,21.39273],[-157.98892,21.39276],[-157.98876,21.39279],[-157.98864,21.39281],[-157.9885,21.39284],[-157.98825,21.39288],[-157.98808,21.39292],[-157.9878,21.393],[-157.98762,21.39306],[-157.98732,21.39318],[-157.98712,21.39328],[-157.98688,21.39341],[-157.98668,21.39354],[-157.98649,21.39367],[-157.98627,21.39383],[-157.98605,21.39399],[-157.98577,21.3942],[-157.9856,21.39433],[-157.98533,21.39453],[-157.98511,21.39469],[-157.98487,21.39486],[-157.98447,21.39516],[-157.98416,21.39539],[-157.98361,21.39579],[-157.98297,21.39627],[-157.98275,21.39643],[-157.98266,21.39649],[-157.98255,21.39657],[-157.98244,21.39664],[-157.98232,21.3967],[-157.98211,21.39679],[-157.98196,21.39684],[-157.98175,21.3969],[-157.98164,21.39692],[-157.98154,21.39694],[-157.9814,21.39695],[-157.98125,21.39696],[-157.98108,21.39695],[-157.98091,21.39694],[-157.98073,21.39691],[-157.98055,21.39687],[-157.98039,21.39682],[-157.98015,21.39674],[-157.97986,21.39666],[-157.97966,21.39659],[-157.97945,21.39653],[-157.97914,21.39643],[-157.97869,21.39629],[-157.97831,21.39617],[-157.97799,21.39609],[-157.97778,21.39605],[-157.97747,21.39599],[-157.97711,21.39595],[-157.97691,21.39593],[-157.97664,21.3959],[-157.97642,21.39587],[-157.97629,21.39585],[-157.97612,21.39582],[-157.97595,21.39578],[-157.97577,21.39575],[-157.9755,21.39568],[-157.97509,21.39556],[-157.97475,21.39545],[-157.97435,21.39531],[-157.97396,21.39517],[-157.97308,21.39487],[-157.97078,21.39407],[-157.97006,21.39382],[-157.96844,21.39326],[-157.96725,21.39284],[-157.96573,21.3923],[-157.96522,21.3921],[-157.96481,21.39193],[-157.96443,21.39176],[-157.96411,21.39161],[-157.96323,21.3912],[-157.9628,21.391],[-157.96213,21.39068],[-157.9614,21.39035],[-157.95971,21.38959],[-157.95827,21.38892],[-157.95702,21.38835],[-157.95603,21.3879],[-157.95581,21.38781],[-157.9556,21.38773],[-157.95506,21.3875],[-157.9548,21.38738],[-157.95438,21.38717],[-157.95397,21.38697],[-157.95337,21.38669],[-157.95288,21.38647],[-157.9525,21.3863],[-157.95214,21.38615],[-157.9516,21.3859],[-157.95127,21.38574],[-157.95102,21.38562],[-157.95044,21.38534],[-157.95007,21.38518],[-157.94966,21.385],[-157.9494,21.38489],[-157.94903,21.38473],[-157.94878,21.38462],[-157.94786,21.38422],[-157.9476,21.38411],[-157.94709,21.38388],[-157.9469,21.38379],[-157.94653,21.38362],[-157.94635,21.38353],[-157.94617,21.38346],[-157.94596,21.38336],[-157.94568,21.38323],[-157.94537,21.38308],[-157.94515,21.38297],[-157.9449,21.38285],[-157.9447,21.38275],[-157.94434,21.38257],[-157.9441,21.38246],[-157.94392,21.38237],[-157.94369,21.38227],[-157.94344,21.38217],[-157.94324,21.38209],[-157.94295,21.38196],[-157.94268,21.38185],[-157.94247,21.38176],[-157.94226,21.38167],[-157.94205,21.38158],[-157.94172,21.38143],[-157.9415,21.38132],[-157.94122,21.38119],[-157.94109,21.38112],[-157.94088,21.38102],[-157.94033,21.38075],[-157.93988,21.38054],[-157.93891,21.38012],[-157.93868,21.38003],[-157.93838,21.3799],[-157.9381,21.37977],[-157.93796,21.37971],[-157.93778,21.37961],[-157.93757,21.3795],[-157.9374,21.37941],[-157.93723,21.3793],[-157.93695,21.37913],[-157.93665,21.37892],[-157.93641,21.37875],[-157.93621,21.3786],[-157.93596,21.3784],[-157.93577,21.37825],[-157.93559,21.37811],[-157.93544,21.37799],[-157.93531,21.37789],[-157.93514,21.37776],[-157.93496,21.37761],[-157.93479,21.37748],[-157.93464,21.37737],[-157.93444,21.37721],[-157.93429,21.37709],[-157.93419,21.37701],[-157.9341,21.37695],[-157.93395,21.37683],[-157.93386,21.37675],[-157.93374,21.37665],[-157.93362,21.37654],[-157.93351,21.37642],[-157.9334,21.3763],[-157.93328,21.37615],[-157.93319,21.37604],[-157.93311,21.37592],[-157.93303,21.3758],[-157.93296,21.37567],[-157.93289,21.37552],[-157.93284,21.37541],[-157.93279,21.37529],[-157.93274,21.37516],[-157.9327,21.37503],[-157.93267,21.37492],[-157.93263,21.37477],[-157.93261,21.37463],[-157.93259,21.37449],[-157.93258,21.37439],[-157.93257,21.37429],[-157.93256,21.37414],[-157.93256,21.374],[-157.93257,21.37386],[-157.93258,21.37371],[-157.9326,21.37356],[-157.93263,21.37342],[-157.93266,21.37326],[-157.93271,21.37311],[-157.93275,21.37299],[-157.93279,21.37287],[-157.93286,21.3727],[-157.93291,21.3726],[-157.933,21.37243],[-157.93312,21.37223],[-157.9332,21.37211],[-157.93327,21.37197],[-157.93334,21.37186],[-157.93341,21.37175],[-157.93348,21.37164],[-157.93355,21.37153],[-157.93361,21.37142],[-157.93366,21.37133],[-157.93377,21.37115],[-157.93435,21.37019],[-157.93547,21.36835],[-157.93552,21.36825],[-157.93559,21.36815],[-157.9357,21.36795],[-157.9358,21.3678],[-157.93591,21.36762],[-157.936,21.36746],[-157.93607,21.36735],[-157.93612,21.36726],[-157.93619,21.36716],[-157.93625,21.36705],[-157.93632,21.36692],[-157.9364,21.36679],[-157.93646,21.36667],[-157.93654,21.36652],[-157.93663,21.36635],[-157.9367,21.3662],[-157.93677,21.36607],[-157.93685,21.36589],[-157.93691,21.36579],[-157.93699,21.36563],[-157.93706,21.36548],[-157.93711,21.36538],[-157.93719,21.36522],[-157.93727,21.36505],[-157.93733,21.36494],[-157.93738,21.36484],[-157.93743,21.36472],[-157.93747,21.36462],[-157.93752,21.36451],[-157.93756,21.36438],[-157.9376,21.36425],[-157.93764,21.36414],[-157.93767,21.364],[-157.9377,21.36385],[-157.93772,21.36372],[-157.93774,21.36361],[-157.93775,21.36345],[-157.93776,21.36327],[-157.93776,21.36313],[-157.93775,21.36291],[-157.93774,21.36278],[-157.93772,21.36267],[-157.9377,21.36255],[-157.93767,21.36239],[-157.93763,21.36217],[-157.93755,21.36183],[-157.93741,21.36118],[-157.93732,21.36077],[-157.93712,21.35984],[-157.93695,21.35907],[-157.93686,21.35864],[-157.93676,21.35819],[-157.93669,21.35788],[-157.93659,21.35741],[-157.93653,21.35714],[-157.9365,21.35699],[-157.93645,21.35677],[-157.93642,21.35665],[-157.93634,21.35627],[-157.93627,21.35596],[-157.93617,21.35552],[-157.9361,21.35517],[-157.93605,21.35498],[-157.936,21.35479],[-157.93595,21.3546],[-157.93589,21.3544],[-157.93581,21.35412],[-157.93576,21.35393],[-157.93571,21.35373],[-157.93567,21.35354],[-157.93564,21.35343],[-157.9356,21.35323],[-157.93558,21.35311],[-157.93555,21.35298],[-157.93552,21.35279],[-157.93548,21.35265],[-157.93545,21.35248],[-157.93541,21.35228],[-157.93537,21.3521],[-157.93533,21.35193],[-157.93525,21.35155],[-157.9352,21.35132],[-157.93507,21.35072],[-157.93501,21.35045],[-157.9349,21.34995],[-157.93478,21.34944],[-157.93465,21.34888],[-157.93451,21.34829],[-157.93438,21.34774],[-157.93427,21.34732],[-157.93418,21.34692],[-157.93408,21.34652],[-157.93403,21.34635],[-157.934,21.34622],[-157.93395,21.34602],[-157.93389,21.34577],[-157.93385,21.3456],[-157.93381,21.34542],[-157.93376,21.34524],[-157.93372,21.34506],[-157.93367,21.34488],[-157.93364,21.34474],[-157.93359,21.34459],[-157.93355,21.34448],[-157.93349,21.34427],[-157.93345,21.34417],[-157.9334,21.34405],[-157.93336,21.34393],[-157.93331,21.34382],[-157.93324,21.34366],[-157.93315,21.34346],[-157.93309,21.34334],[-157.933,21.34315],[-157.93293,21.34302],[-157.93283,21.34285],[-157.93274,21.3427],[-157.93263,21.34254],[-157.93252,21.34237],[-157.93237,21.34215],[-157.93224,21.34198],[-157.93214,21.34185],[-157.93205,21.34174],[-157.93193,21.3416],[-157.93176,21.34141],[-157.93163,21.34127],[-157.93154,21.34118],[-157.93124,21.34089],[-157.93111,21.34078],[-157.93102,21.3407],[-157.9309,21.34059],[-157.9308,21.34051],[-157.93069,21.34042],[-157.93055,21.34031],[-157.93043,21.34023],[-157.93033,21.34015],[-157.93023,21.34009],[-157.93009,21.33999],[-157.92999,21.33993],[-157.92983,21.33983],[-157.92971,21.33976],[-157.9296,21.33969],[-157.92946,21.33961],[-157.9293,21.33953],[-157.92913,21.33945],[-157.92899,21.33938],[-157.92876,21.33927],[-157.92858,21.3392],[-157.92846,21.33915],[-157.92829,21.33908],[-157.9281,21.33901],[-157.9279,21.33895],[-157.92768,21.33888],[-157.92753,21.33883],[-157.92726,21.33876],[-157.92699,21.3387],[-157.92672,21.33864],[-157.92613,21.33854],[-157.92576,21.33848],[-157.92547,21.33844],[-157.92505,21.33839],[-157.9246,21.33833],[-157.92435,21.3383],[-157.92402,21.33826],[-157.92389,21.33825],[-157.92379,21.33823],[-157.92369,21.33821],[-157.92357,21.33818],[-157.92345,21.33814],[-157.92335,21.33809],[-157.92324,21.33802],[-157.92314,21.33794],[-157.92305,21.33786],[-157.92298,21.33777],[-157.9229,21.33765],[-157.92284,21.33754],[-157.9228,21.33742],[-157.92277,21.33731],[-157.92276,21.33721],[-157.92276,21.33708],[-157.92277,21.33697],[-157.92279,21.33685],[-157.92281,21.3367],[-157.92283,21.3366],[-157.92286,21.33644],[-157.92287,21.33634],[-157.92288,21.33624],[-157.92287,21.33609],[-157.92286,21.33598],[-157.92284,21.33587],[-157.92281,21.33575],[-157.92279,21.33564],[-157.92276,21.33551],[-157.92273,21.3354],[-157.9227,21.33526],[-157.92267,21.33511],[-157.92263,21.33496],[-157.9226,21.33479],[-157.92257,21.33469],[-157.92253,21.33459],[-157.92247,21.33445],[-157.9224,21.33435],[-157.92233,21.33427],[-157.92226,21.33419],[-157.92215,21.3341],[-157.92204,21.33403],[-157.92193,21.33397],[-157.92174,21.33391],[-157.92164,21.33388],[-157.92152,21.33386],[-157.92136,21.33384],[-157.92117,21.33381],[-157.92095,21.33378],[-157.92042,21.3337],[-157.92032,21.33368],[-157.92018,21.33367],[-157.92003,21.33367],[-157.9199,21.33368],[-157.91922,21.33377],[-157.91893,21.33381],[-157.91876,21.33383],[-157.91861,21.33385],[-157.91849,21.33385],[-157.91824,21.33386],[-157.91799,21.33384],[-157.91784,21.33383],[-157.91755,21.33382],[-157.91735,21.33381],[-157.91712,21.33379],[-157.91693,21.33378],[-157.91671,21.33376],[-157.91649,21.33373],[-157.9163,21.3337],[-157.91609,21.33367],[-157.9159,21.33364],[-157.91556,21.33359],[-157.91519,21.33354],[-157.91501,21.33351],[-157.91481,21.33348],[-157.91458,21.33344],[-157.91441,21.33342],[-157.91416,21.33338],[-157.91381,21.33334],[-157.91358,21.33331],[-157.91333,21.33328],[-157.91309,21.33325],[-157.91285,21.33321],[-157.91188,21.33307],[-157.91093,21.33293],[-157.91069,21.33289],[-157.91055,21.33287],[-157.91037,21.33285],[-157.91015,21.33282],[-157.91004,21.33281],[-157.90991,21.3328],[-157.90977,21.33279],[-157.90936,21.33274],[-157.90898,21.3327],[-157.90885,21.33269],[-157.90874,21.33268],[-157.90864,21.33267],[-157.90847,21.33267],[-157.90827,21.33267],[-157.90808,21.33268],[-157.90791,21.3327],[-157.90769,21.33274],[-157.9075,21.33278],[-157.90732,21.33283],[-157.9072,21.33286],[-157.90703,21.33291],[-157.90687,21.33296],[-157.90676,21.33299],[-157.9066,21.33303],[-157.90643,21.33307],[-157.90628,21.3331],[-157.90612,21.33312],[-157.90601,21.33312],[-157.90584,21.33313],[-157.9057,21.33313],[-157.90556,21.33312],[-157.90539,21.3331],[-157.90525,21.33308],[-157.90504,21.33305],[-157.90454,21.33298],[-157.90436,21.33295],[-157.90425,21.33294],[-157.90413,21.33293],[-157.90397,21.33291],[-157.90384,21.33291],[-157.90374,21.3329],[-157.90358,21.3329],[-157.90333,21.3329],[-157.90315,21.3329],[-157.90287,21.33291],[-157.90267,21.33291],[-157.90256,21.33291],[-157.90239,21.33291],[-157.90227,21.3329],[-157.90212,21.33289],[-157.90193,21.33286],[-157.90179,21.33284],[-157.90157,21.33281],[-157.90141,21.33278],[-157.90102,21.33272],[-157.90069,21.33267],[-157.90042,21.33263],[-157.90023,21.33261],[-157.89997,21.33257],[-157.89973,21.33253],[-157.8995,21.3325],[-157.89933,21.33247],[-157.89919,21.33246],[-157.89908,21.33244],[-157.89898,21.33244],[-157.89876,21.33244],[-157.89864,21.33244],[-157.89849,21.33245],[-157.89834,21.33247],[-157.89816,21.33251],[-157.89799,21.33255],[-157.89782,21.3326],[-157.89772,21.33264],[-157.89761,21.33269],[-157.89748,21.33274],[-157.89734,21.33281],[-157.89721,21.33288],[-157.89699,21.333],[-157.89686,21.33307],[-157.89676,21.33313],[-157.89666,21.33319],[-157.89653,21.33325],[-157.89644,21.3333],[-157.89632,21.33335],[-157.89618,21.3334],[-157.89606,21.33344],[-157.89595,21.33347],[-157.89582,21.3335],[-157.8957,21.33352],[-157.89558,21.33354],[-157.89542,21.33356],[-157.8953,21.33357],[-157.89516,21.33357],[-157.89504,21.33357],[-157.89493,21.33356],[-157.89475,21.33354],[-157.89461,21.33352],[-157.8945,21.3335],[-157.8944,21.33348],[-157.89427,21.33345],[-157.8941,21.33342],[-157.89387,21.33337],[-157.89339,21.33326],[-157.89284,21.33314],[-157.89274,21.33312],[-157.89262,21.3331],[-157.89248,21.33308],[-157.89235,21.33307],[-157.8922,21.33307],[-157.89201,21.33307],[-157.89185,21.33308],[-157.8917,21.33309],[-157.89158,21.3331],[-157.89146,21.3331],[-157.89121,21.33312],[-157.89108,21.33312],[-157.89095,21.33312],[-157.89085,21.33312],[-157.89072,21.33311],[-157.8906,21.3331],[-157.89046,21.33308],[-157.89032,21.33305],[-157.89015,21.33302],[-157.88999,21.33298],[-157.88973,21.33293],[-157.88946,21.33288],[-157.88891,21.33276],[-157.8888,21.33274]]}},{"type":"Feature","properties":{"type":"Light Rail","network":"Honolulu Skyline","route_name":"Skyline","color":"#1d4270"},"geometry":{"type":"LineString","coordinates":[[-157.8888,21.33274],[-157.88896,21.33277],[-157.88922,21.33282],[-157.88962,21.33291],[-157.88998,21.33298],[-157.89023,21.33303],[-157.89039,21.33306],[-157.89051,21.33308],[-157.89065,21.3331],[-157.89082,21.33312],[-157.89095,21.33312],[-157.89109,21.33312],[-157.89121,21.33312],[-157.89145,21.3331],[-157.89165,21.33309],[-157.89192,21.33307],[-157.89204,21.33307],[-157.89217,21.33307],[-157.89228,21.33307],[-157.89244,21.33308],[-157.89257,21.33309],[-157.89275,21.33312],[-157.89388,21.33337],[-157.89409,21.33341],[-157.8943,21.33346],[-157.89452,21.33351],[-157.89469,21.33353],[-157.89483,21.33355],[-157.89495,21.33356],[-157.89511,21.33357],[-157.89528,21.33357],[-157.8954,21.33356],[-157.89553,21.33355],[-157.89564,21.33353],[-157.89578,21.33351],[-157.89593,21.33347],[-157.89609,21.33343],[-157.89628,21.33336],[-157.89638,21.33332],[-157.89648,21.33328],[-157.89658,21.33323],[-157.89683,21.33309],[-157.89694,21.33303],[-157.8971,21.33294],[-157.89727,21.33285],[-157.89745,21.33276],[-157.89755,21.33271],[-157.89766,21.33266],[-157.89781,21.33261],[-157.89794,21.33256],[-157.89808,21.33253],[-157.89819,21.3325],[-157.89834,21.33247],[-157.89847,21.33246],[-157.89863,21.33244],[-157.89879,21.33244],[-157.89895,21.33244],[-157.89907,21.33244],[-157.8993,21.33247],[-157.90008,21.33258],[-157.90057,21.33266],[-157.90114,21.33274],[-157.90138,21.33278],[-157.90151,21.3328],[-157.90167,21.33282],[-157.90193,21.33286],[-157.90209,21.33288],[-157.90224,21.3329],[-157.90235,21.33291],[-157.90256,21.33291],[-157.90269,21.33291],[-157.90289,21.33291],[-157.90313,21.3329],[-157.9033,21.3329],[-157.9035,21.3329],[-157.90364,21.3329],[-157.90383,21.33291],[-157.90426,21.33294],[-157.90446,21.33296],[-157.90466,21.33299],[-157.90495,21.33304],[-157.90518,21.33307],[-157.90541,21.3331],[-157.90561,21.33312],[-157.90577,21.33313],[-157.90587,21.33313],[-157.90602,21.33312],[-157.90615,21.33311],[-157.90628,21.3331],[-157.90643,21.33307],[-157.90657,21.33304],[-157.90673,21.333],[-157.90691,21.33295],[-157.90714,21.33288],[-157.90732,21.33283],[-157.90753,21.33277],[-157.90765,21.33275],[-157.90786,21.33271],[-157.90798,21.33269],[-157.90811,21.33268],[-157.90833,21.33267],[-157.90845,21.33267],[-157.90857,21.33267],[-157.90867,21.33268],[-157.90877,21.33268],[-157.90902,21.33271],[-157.90932,21.33274],[-157.90961,21.33277],[-157.90979,21.33279],[-157.91004,21.33281],[-157.91026,21.33283],[-157.91046,21.33286],[-157.91065,21.33289],[-157.91088,21.33292],[-157.91114,21.33296],[-157.91135,21.33299],[-157.91153,21.33302],[-157.91173,21.33305],[-157.91207,21.3331],[-157.91228,21.33313],[-157.91247,21.33316],[-157.91271,21.33319],[-157.91291,21.33322],[-157.91318,21.33326],[-157.91336,21.33329],[-157.91352,21.33331],[-157.91371,21.33333],[-157.91394,21.33336],[-157.91413,21.33338],[-157.91432,21.33341],[-157.91452,21.33344],[-157.91475,21.33347],[-157.91493,21.3335],[-157.91517,21.33353],[-157.91538,21.33357],[-157.91559,21.3336],[-157.91579,21.33363],[-157.916,21.33366],[-157.91619,21.33369],[-157.91639,21.33372],[-157.91652,21.33374],[-157.91668,21.33376],[-157.91684,21.33377],[-157.91703,21.33379],[-157.91718,21.33379],[-157.91738,21.33381],[-157.91753,21.33382],[-157.91768,21.33382],[-157.91785,21.33383],[-157.918,21.33384],[-157.91816,21.33385],[-157.9183,21.33386],[-157.91843,21.33386],[-157.91854,21.33385],[-157.91873,21.33384],[-157.91898,21.3338],[-157.91931,21.33376],[-157.91954,21.33373],[-157.9199,21.33368],[-157.92002,21.33367],[-157.92013,21.33367],[-157.92036,21.33369],[-157.92057,21.33372],[-157.92095,21.33378],[-157.92117,21.33381],[-157.92132,21.33383],[-157.92142,21.33385],[-157.92153,21.33386],[-157.92164,21.33388],[-157.92182,21.33393],[-157.92195,21.33398],[-157.92207,21.33404],[-157.92217,21.33411],[-157.92227,21.3342],[-157.92237,21.33432],[-157.92248,21.33447],[-157.92253,21.33457],[-157.92257,21.3347],[-157.92264,21.33498],[-157.92267,21.33513],[-157.9227,21.33525],[-157.92276,21.33551],[-157.92279,21.33567],[-157.92282,21.33577],[-157.92284,21.3359],[-157.92287,21.33602],[-157.92288,21.33615],[-157.92288,21.3363],[-157.92287,21.3364],[-157.92283,21.33663],[-157.9228,21.33677],[-157.92278,21.33687],[-157.92276,21.33702],[-157.92276,21.33716],[-157.92277,21.33726],[-157.92279,21.33739],[-157.92282,21.33749],[-157.92287,21.33759],[-157.92293,21.33771],[-157.92302,21.33783],[-157.92312,21.33792],[-157.92321,21.338],[-157.92333,21.33808],[-157.92348,21.33815],[-157.92363,21.3382],[-157.92378,21.33823],[-157.92401,21.33826],[-157.9249,21.33837],[-157.92525,21.33841],[-157.92544,21.33844],[-157.92566,21.33846],[-157.92585,21.33849],[-157.92603,21.33852],[-157.92652,21.33861],[-157.92678,21.33865],[-157.92702,21.33871],[-157.92721,21.33875],[-157.92742,21.3388],[-157.9276,21.33885],[-157.92774,21.33889],[-157.92789,21.33894],[-157.92809,21.33901],[-157.92826,21.33907],[-157.92844,21.33914],[-157.92864,21.33922],[-157.92894,21.33936],[-157.92913,21.33945],[-157.92929,21.33953],[-157.92947,21.33962],[-157.92964,21.33972],[-157.92977,21.33979],[-157.92987,21.33986],[-157.92997,21.33992],[-157.93015,21.34003],[-157.93027,21.34012],[-157.93038,21.34019],[-157.93048,21.34026],[-157.93061,21.34036],[-157.93076,21.34048],[-157.93087,21.34057],[-157.93097,21.34065],[-157.93109,21.34075],[-157.93124,21.34089],[-157.93136,21.341],[-157.93153,21.34117],[-157.93163,21.34127],[-157.93176,21.34141],[-157.93186,21.34152],[-157.93199,21.34167],[-157.93209,21.34179],[-157.93216,21.34187],[-157.93226,21.34201],[-157.93234,21.34211],[-157.93244,21.34225],[-157.93255,21.34241],[-157.93266,21.34258],[-157.93273,21.34269],[-157.93286,21.34291],[-157.93294,21.34305],[-157.93309,21.34333],[-157.93317,21.3435],[-157.93324,21.34366],[-157.93329,21.34378],[-157.93334,21.34388],[-157.9334,21.34403],[-157.93345,21.34418],[-157.93352,21.34438],[-157.93364,21.34475],[-157.93371,21.345],[-157.93378,21.34532],[-157.93384,21.34556],[-157.93393,21.34592],[-157.93406,21.34645],[-157.93425,21.34723],[-157.93439,21.34781],[-157.93446,21.34806],[-157.93457,21.34851],[-157.93463,21.34876],[-157.93481,21.34954],[-157.93492,21.35006],[-157.93504,21.3506],[-157.93517,21.35121],[-157.93533,21.35194],[-157.93535,21.35204],[-157.93539,21.3522],[-157.93541,21.35231],[-157.93546,21.35251],[-157.9355,21.3527],[-157.93554,21.35291],[-157.93558,21.35314],[-157.93564,21.35344],[-157.9357,21.3537],[-157.93575,21.3539],[-157.93579,21.35404],[-157.93585,21.35426],[-157.93594,21.35456],[-157.93604,21.35493],[-157.93611,21.35522],[-157.93618,21.35554],[-157.93625,21.35588],[-157.93631,21.35614],[-157.93636,21.35637],[-157.93641,21.35661],[-157.93648,21.35692],[-157.93656,21.3573],[-157.93668,21.35783],[-157.93679,21.35835],[-157.93686,21.35867],[-157.93697,21.35915],[-157.93707,21.35964],[-157.93717,21.3601],[-157.93735,21.36089],[-157.93741,21.36118],[-157.9375,21.36161],[-157.93758,21.36196],[-157.93762,21.36216],[-157.93767,21.36237],[-157.9377,21.36254],[-157.93773,21.36273],[-157.93775,21.36293],[-157.93776,21.36308],[-157.93776,21.36326],[-157.93776,21.36337],[-157.93774,21.3636],[-157.9377,21.36385],[-157.93767,21.36402],[-157.93762,21.36419],[-157.93755,21.36442],[-157.93749,21.36457],[-157.93737,21.36484],[-157.9372,21.36519],[-157.93706,21.36548],[-157.93697,21.36566],[-157.93675,21.3661],[-157.93655,21.3665],[-157.93641,21.36676],[-157.93621,21.36712],[-157.93605,21.36739],[-157.93572,21.36793],[-157.93552,21.36826],[-157.93422,21.37041],[-157.93382,21.37108],[-157.93334,21.37187],[-157.93317,21.37215],[-157.93304,21.37235],[-157.93297,21.37249],[-157.93289,21.37264],[-157.93284,21.37275],[-157.93277,21.37294],[-157.93272,21.37309],[-157.93266,21.37329],[-157.93262,21.37346],[-157.93259,21.37365],[-157.93257,21.37382],[-157.93256,21.37398],[-157.93256,21.37417],[-157.93257,21.37428],[-157.93258,21.37448],[-157.9326,21.37463],[-157.93264,21.37478],[-157.93267,21.37493],[-157.93272,21.37509],[-157.93277,21.37525],[-157.93283,21.3754],[-157.93289,21.37553],[-157.93294,21.37562],[-157.93301,21.37575],[-157.93309,21.37588],[-157.9332,21.37606],[-157.9333,21.37618],[-157.93342,21.37633],[-157.93352,21.37643],[-157.93363,21.37655],[-157.93377,21.37667],[-157.93388,21.37676],[-157.93403,21.37688],[-157.93421,21.37703],[-157.93435,21.37714],[-157.93454,21.37729],[-157.93472,21.37743],[-157.93494,21.3776],[-157.93508,21.37771],[-157.93525,21.37785],[-157.93545,21.378],[-157.93563,21.37814],[-157.93579,21.37827],[-157.93593,21.37838],[-157.93606,21.37848],[-157.93617,21.37857],[-157.93628,21.37865],[-157.93642,21.37876],[-157.93657,21.37887],[-157.93669,21.37895],[-157.93683,21.37905],[-157.93715,21.37926],[-157.93743,21.37943],[-157.93763,21.37954],[-157.93779,21.37962],[-157.938,21.37973],[-157.93814,21.37979],[-157.93838,21.3799],[-157.93863,21.38001],[-157.93881,21.38008],[-157.939,21.38016],[-157.93925,21.38027],[-157.93965,21.38044],[-157.94005,21.38062],[-157.94019,21.38068],[-157.94031,21.38074],[-157.94046,21.38081],[-157.94057,21.38087],[-157.94073,21.38094],[-157.94083,21.381],[-157.94097,21.38106],[-157.94106,21.38111],[-157.9412,21.38118],[-157.9413,21.38123],[-157.94142,21.38128],[-157.94153,21.38133],[-157.94162,21.38138],[-157.94175,21.38144],[-157.9419,21.38151],[-157.94201,21.38156],[-157.94213,21.38161],[-157.94224,21.38166],[-157.94235,21.38171],[-157.94246,21.38176],[-157.94266,21.38184],[-157.94283,21.38192],[-157.94297,21.38198],[-157.94312,21.38203],[-157.94327,21.3821],[-157.94339,21.38215],[-157.94354,21.38221],[-157.94364,21.38226],[-157.94385,21.38234],[-157.94398,21.3824],[-157.94411,21.38246],[-157.94422,21.38251],[-157.94433,21.38257],[-157.94451,21.38265],[-157.94464,21.38272],[-157.94476,21.38278],[-157.94485,21.38283],[-157.94497,21.38288],[-157.94507,21.38294],[-157.94519,21.38299],[-157.94528,21.38304],[-157.94541,21.3831],[-157.94553,21.38316],[-157.94564,21.38321],[-157.94576,21.38327],[-157.94596,21.38336],[-157.94615,21.38344],[-157.94631,21.38352],[-157.94641,21.38357],[-157.94662,21.38366],[-157.94673,21.38371],[-157.94684,21.38376],[-157.94709,21.38388],[-157.94728,21.38396],[-157.94762,21.38411],[-157.94792,21.38425],[-157.94879,21.38463],[-157.94966,21.385],[-157.95033,21.38529],[-157.95105,21.38564],[-157.9517,21.38594],[-157.95215,21.38615],[-157.95259,21.38634],[-157.95304,21.38654],[-157.95356,21.38678],[-157.95397,21.38697],[-157.9544,21.38719],[-157.95467,21.38732],[-157.95507,21.3875],[-157.95539,21.38764],[-157.95567,21.38775],[-157.95595,21.38787],[-157.9562,21.38798],[-157.95651,21.38811],[-157.95694,21.38831],[-157.95724,21.38845],[-157.9576,21.38861],[-157.95788,21.38874],[-157.9581,21.38884],[-157.95827,21.38892],[-157.95873,21.38913],[-157.95961,21.38954],[-157.95971,21.38959],[-157.96003,21.38974],[-157.96122,21.39027],[-157.96155,21.39042],[-157.96177,21.39052],[-157.9621,21.39067],[-157.96251,21.39086],[-157.96284,21.39102],[-157.96305,21.39111],[-157.96365,21.39139],[-157.96466,21.39186],[-157.96521,21.39209],[-157.96573,21.3923],[-157.96616,21.39245],[-157.96655,21.39259],[-157.96732,21.39287],[-157.96773,21.39301],[-157.96825,21.39319],[-157.96889,21.39342],[-157.96914,21.3935],[-157.96935,21.39357],[-157.96955,21.39364],[-157.96997,21.39379],[-157.97066,21.39403],[-157.97108,21.39418],[-157.97208,21.39452],[-157.97306,21.39486],[-157.9738,21.39512],[-157.97452,21.39537],[-157.97503,21.39554],[-157.97538,21.39565],[-157.97584,21.39576],[-157.97599,21.39579],[-157.97628,21.39584],[-157.9767,21.3959],[-157.97698,21.39594],[-157.97717,21.39596],[-157.9775,21.396],[-157.9777,21.39603],[-157.97819,21.39614],[-157.97852,21.39624],[-157.97882,21.39633],[-157.97908,21.39641],[-157.9795,21.39654],[-157.97989,21.39667],[-157.98028,21.39678],[-157.98059,21.39688],[-157.98078,21.39692],[-157.98098,21.39694],[-157.98112,21.39695],[-157.98134,21.39695],[-157.98156,21.39693],[-157.98175,21.3969],[-157.98195,21.39685],[-157.98221,21.39675],[-157.98235,21.39669],[-157.98251,21.3966],[-157.98273,21.39645],[-157.98288,21.39633],[-157.98312,21.39616],[-157.98334,21.39599],[-157.98352,21.39587],[-157.98387,21.3956],[-157.9842,21.39536],[-157.98447,21.39516],[-157.98482,21.3949],[-157.98528,21.39457],[-157.9856,21.39433],[-157.98596,21.39406],[-157.98623,21.39386],[-157.98638,21.39375],[-157.98647,21.39368],[-157.98656,21.39362],[-157.98667,21.39354],[-157.98678,21.39347],[-157.98689,21.39341],[-157.98701,21.39334],[-157.98711,21.39328],[-157.98722,21.39323],[-157.98731,21.39318],[-157.98743,21.39313],[-157.98763,21.39306],[-157.98779,21.393],[-157.98789,21.39297],[-157.98802,21.39294],[-157.98829,21.39287],[-157.98959,21.39264],[-157.98984,21.39259],[-157.9901,21.39253],[-157.99031,21.39247],[-157.9905,21.3924],[-157.99069,21.39233],[-157.99083,21.39226],[-157.99098,21.39219],[-157.99111,21.39212],[-157.99129,21.39201],[-157.99152,21.39185],[-157.99177,21.39166],[-157.99219,21.3913],[-157.99249,21.39104],[-157.9928,21.39078],[-157.993,21.39062],[-157.99329,21.39036],[-157.99358,21.39012],[-157.99381,21.38993],[-157.99421,21.38962],[-157.99437,21.3895],[-157.99458,21.38936],[-157.99484,21.38919],[-157.99512,21.389],[-157.9954,21.3888],[-157.99556,21.38868],[-157.99572,21.38854],[-157.99604,21.38828],[-157.99642,21.38794],[-157.99671,21.38769],[-157.99691,21.38752],[-157.99712,21.38734],[-157.99738,21.38711],[-157.99776,21.38679],[-157.99812,21.3865],[-157.99846,21.38621],[-157.99862,21.38608],[-157.99875,21.38598],[-157.99889,21.38587],[-157.999,21.38579],[-157.99931,21.38558],[-157.99961,21.3854],[-157.99972,21.38533],[-157.99989,21.38524],[-158.00007,21.38514],[-158.00039,21.38499],[-158.00067,21.38487],[-158.001,21.38474],[-158.00138,21.38461],[-158.00152,21.38457],[-158.0017,21.38451],[-158.00188,21.38447],[-158.00217,21.3844],[-158.0025,21.38434],[-158.00278,21.38428],[-158.00322,21.3842],[-158.00382,21.38409]]}},{"type":"Feature","properties":{"type":"Light Rail","network":"Honolulu Skyline","route_name":"Skyline","color":"#1d4270"},"geometry":{"type":"LineString","coordinates":[[-157.8888,21.33274],[-157.88896,21.33277],[-157.88922,21.33282],[-157.88962,21.33291],[-157.88998,21.33298],[-157.89023,21.33303],[-157.89039,21.33306],[-157.89051,21.33308],[-157.89065,21.3331],[-157.89082,21.33312],[-157.89095,21.33312],[-157.89109,21.33312],[-157.89121,21.33312],[-157.89145,21.3331],[-157.89165,21.33309],[-157.89192,21.33307],[-157.89204,21.33307],[-157.89217,21.33307],[-157.89228,21.33307],[-157.89244,21.33308],[-157.89257,21.33309],[-157.89275,21.33312],[-157.89388,21.33337],[-157.89409,21.33341],[-157.8943,21.33346],[-157.89452,21.33351],[-157.89469,21.33353],[-157.89483,21.33355],[-157.89495,21.33356],[-157.89511,21.33357],[-157.89528,21.33357],[-157.8954,21.33356],[-157.89553,21.33355],[-157.89564,21.33353],[-157.89578,21.33351],[-157.89593,21.33347],[-157.89609,21.33343],[-157.89628,21.33336],[-157.89638,21.33332],[-157.89648,21.33328],[-157.89658,21.33323],[-157.89683,21.33309],[-157.89694,21.33303],[-157.8971,21.33294],[-157.89727,21.33285],[-157.89745,21.33276],[-157.89755,21.33271],[-157.89766,21.33266],[-157.89781,21.33261],[-157.89794,21.33256],[-157.89808,21.33253],[-157.89819,21.3325],[-157.89834,21.33247],[-157.89847,21.33246],[-157.89863,21.33244],[-157.89879,21.33244],[-157.89895,21.33244],[-157.89907,21.33244],[-157.8993,21.33247],[-157.90008,21.33258],[-157.90057,21.33266],[-157.90114,21.33274],[-157.90138,21.33278],[-157.90151,21.3328],[-157.90167,21.33282],[-157.90193,21.33286],[-157.90209,21.33288],[-157.90224,21.3329],[-157.90235,21.33291],[-157.90256,21.33291],[-157.90269,21.33291],[-157.90289,21.33291],[-157.90313,21.3329],[-157.9033,21.3329],[-157.9035,21.3329],[-157.90364,21.3329],[-157.90383,21.33291],[-157.90426,21.33294],[-157.90446,21.33296],[-157.90466,21.33299],[-157.90495,21.33304],[-157.90518,21.33307],[-157.90541,21.3331],[-157.90561,21.33312],[-157.90577,21.33313],[-157.90587,21.33313],[-157.90602,21.33312],[-157.90615,21.33311],[-157.90628,21.3331],[-157.90643,21.33307],[-157.90657,21.33304],[-157.90673,21.333],[-157.90691,21.33295],[-157.90714,21.33288],[-157.90732,21.33283],[-157.90753,21.33277],[-157.90765,21.33275],[-157.90786,21.33271],[-157.90798,21.33269],[-157.90811,21.33268],[-157.90833,21.33267],[-157.90845,21.33267],[-157.90857,21.33267],[-157.90867,21.33268],[-157.90877,21.33268],[-157.90902,21.33271],[-157.90932,21.33274],[-157.90961,21.33277],[-157.90979,21.33279],[-157.91004,21.33281],[-157.91026,21.33283],[-157.91046,21.33286],[-157.91065,21.33289],[-157.91088,21.33292],[-157.91114,21.33296],[-157.91135,21.33299],[-157.91153,21.33302],[-157.91173,21.33305],[-157.91207,21.3331],[-157.91228,21.33313],[-157.91247,21.33316],[-157.91271,21.33319],[-157.91291,21.33322],[-157.91318,21.33326],[-157.91336,21.33329],[-157.91352,21.33331],[-157.91371,21.33333],[-157.91394,21.33336],[-157.91413,21.33338],[-157.91432,21.33341],[-157.91452,21.33344],[-157.91475,21.33347],[-157.91493,21.3335],[-157.91517,21.33353],[-157.91538,21.33357],[-157.91559,21.3336],[-157.91579,21.33363],[-157.916,21.33366],[-157.91619,21.33369],[-157.91639,21.33372],[-157.91652,21.33374],[-157.91668,21.33376],[-157.91684,21.33377],[-157.91703,21.33379],[-157.91718,21.33379],[-157.91738,21.33381],[-157.91753,21.33382],[-157.91768,21.33382],[-157.91785,21.33383],[-157.918,21.33384],[-157.91816,21.33385],[-157.9183,21.33386],[-157.91843,21.33386],[-157.91854,21.33385],[-157.91873,21.33384],[-157.91898,21.3338],[-157.91931,21.33376],[-157.91954,21.33373],[-157.9199,21.33368],[-157.92002,21.33367],[-157.92013,21.33367],[-157.92036,21.33369],[-157.92057,21.33372],[-157.92095,21.33378],[-157.92117,21.33381],[-157.92132,21.33383],[-157.92142,21.33385],[-157.92153,21.33386],[-157.92164,21.33388],[-157.92182,21.33393],[-157.92195,21.33398],[-157.92207,21.33404],[-157.92217,21.33411],[-157.92227,21.3342],[-157.92237,21.33432],[-157.92248,21.33447],[-157.92253,21.33457],[-157.92257,21.3347],[-157.92264,21.33498],[-157.92267,21.33513],[-157.9227,21.33525],[-157.92276,21.33551],[-157.92279,21.33567],[-157.92282,21.33577],[-157.92284,21.3359],[-157.92287,21.33602],[-157.92288,21.33615],[-157.92288,21.3363],[-157.92287,21.3364],[-157.92283,21.33663],[-157.9228,21.33677],[-157.92278,21.33687],[-157.92276,21.33702],[-157.92276,21.33716],[-157.92277,21.33726],[-157.92279,21.33739],[-157.92282,21.33749],[-157.92287,21.33759],[-157.92293,21.33771],[-157.92302,21.33783],[-157.92312,21.33792],[-157.92321,21.338],[-157.92333,21.33808],[-157.92348,21.33815],[-157.92363,21.3382],[-157.92378,21.33823],[-157.92401,21.33826],[-157.9249,21.33837],[-157.92525,21.33841],[-157.92544,21.33844],[-157.92566,21.33846],[-157.92585,21.33849],[-157.92603,21.33852],[-157.92652,21.33861],[-157.92678,21.33865],[-157.92702,21.33871],[-157.92721,21.33875],[-157.92742,21.3388],[-157.9276,21.33885],[-157.92774,21.33889],[-157.92789,21.33894],[-157.92809,21.33901],[-157.92826,21.33907],[-157.92844,21.33914],[-157.92864,21.33922],[-157.92894,21.33936],[-157.92913,21.33945],[-157.92929,21.33953],[-157.92947,21.33962],[-157.92964,21.33972],[-157.92977,21.33979],[-157.92987,21.33986],[-157.92997,21.33992],[-157.93015,21.34003],[-157.93027,21.34012],[-157.93038,21.34019],[-157.93048,21.34026],[-157.93061,21.34036],[-157.93076,21.34048],[-157.93087,21.34057],[-157.93097,21.34065],[-157.93109,21.34075],[-157.93124,21.34089],[-157.93136,21.341],[-157.93153,21.34117],[-157.93163,21.34127],[-157.93176,21.34141],[-157.93186,21.34152],[-157.93199,21.34167],[-157.93209,21.34179],[-157.93216,21.34187],[-157.93226,21.34201],[-157.93234,21.34211],[-157.93244,21.34225],[-157.93255,21.34241],[-157.93266,21.34258],[-157.93273,21.34269],[-157.93286,21.34291],[-157.93294,21.34305],[-157.93309,21.34333],[-157.93317,21.3435],[-157.93324,21.34366],[-157.93329,21.34378],[-157.93334,21.34388],[-157.9334,21.34403],[-157.93345,21.34418],[-157.93352,21.34438],[-157.93364,21.34475],[-157.93371,21.345],[-157.93378,21.34532],[-157.93384,21.34556],[-157.93393,21.34592],[-157.93406,21.34645],[-157.93425,21.34723],[-157.93439,21.34781],[-157.93446,21.34806],[-157.93457,21.34851],[-157.93463,21.34876],[-157.93481,21.34954],[-157.93492,21.35006],[-157.93504,21.3506],[-157.93517,21.35121],[-157.93533,21.35194],[-157.93535,21.35204],[-157.93539,21.3522],[-157.93541,21.35231],[-157.93546,21.35251],[-157.9355,21.3527],[-157.93554,21.35291],[-157.93558,21.35314],[-157.93564,21.35344],[-157.9357,21.3537],[-157.93575,21.3539],[-157.93579,21.35404],[-157.93585,21.35426],[-157.93594,21.35456],[-157.93604,21.35493],[-157.93611,21.35522],[-157.93618,21.35554],[-157.93625,21.35588],[-157.93631,21.35614],[-157.93636,21.35637],[-157.93641,21.35661],[-157.93648,21.35692],[-157.93656,21.3573],[-157.93668,21.35783],[-157.93679,21.35835],[-157.93686,21.35867],[-157.93697,21.35915],[-157.93707,21.35964],[-157.93717,21.3601],[-157.93735,21.36089],[-157.93741,21.36118],[-157.9375,21.36161],[-157.93758,21.36196],[-157.93762,21.36216],[-157.93767,21.36237],[-157.9377,21.36254],[-157.93773,21.36273],[-157.93775,21.36293],[-157.93776,21.36308],[-157.93776,21.36326],[-157.93776,21.36337],[-157.93774,21.3636],[-157.9377,21.36385],[-157.93767,21.36402],[-157.93762,21.36419],[-157.93755,21.36442],[-157.93749,21.36457],[-157.93737,21.36484],[-157.9372,21.36519],[-157.93706,21.36548],[-157.93697,21.36566],[-157.93675,21.3661],[-157.93655,21.3665],[-157.93641,21.36676],[-157.93621,21.36712],[-157.93605,21.36739],[-157.93572,21.36793],[-157.93552,21.36826],[-157.93422,21.37041],[-157.93382,21.37108]]}},{"type":"Feature","properties":{"type":"Light Rail","network":"Honolulu Skyline","route_name":"Skyline","color":"#1d4270"},"geometry":{"type":"LineString","coordinates":[[-157.90138,21.33278],[-157.90151,21.3328],[-157.90167,21.33282],[-157.90193,21.33286],[-157.90209,21.33288],[-157.90224,21.3329],[-157.90235,21.33291],[-157.90256,21.33291],[-157.90269,21.33291],[-157.90289,21.33291],[-157.90313,21.3329],[-157.9033,21.3329],[-157.9035,21.3329],[-157.90364,21.3329],[-157.90383,21.33291],[-157.90426,21.33294],[-157.90446,21.33296],[-157.90466,21.33299],[-157.90495,21.33304],[-157.90518,21.33307],[-157.90541,21.3331],[-157.90561,21.33312],[-157.90577,21.33313],[-157.90587,21.33313],[-157.90602,21.33312],[-157.90615,21.33311],[-157.90628,21.3331],[-157.90643,21.33307],[-157.90657,21.33304],[-157.90673,21.333],[-157.90691,21.33295],[-157.90714,21.33288],[-157.90732,21.33283],[-157.90753,21.33277],[-157.90765,21.33275],[-157.90786,21.33271],[-157.90798,21.33269],[-157.90811,21.33268],[-157.90833,21.33267],[-157.90845,21.33267],[-157.90857,21.33267],[-157.90867,21.33268],[-157.90877,21.33268],[-157.90902,21.33271],[-157.90932,21.33274],[-157.90961,21.33277],[-157.90979,21.33279],[-157.91004,21.33281],[-157.91026,21.33283],[-157.91046,21.33286],[-157.91065,21.33289],[-157.91088,21.33292],[-157.91114,21.33296],[-157.91135,21.33299],[-157.91153,21.33302],[-157.91173,21.33305],[-157.91207,21.3331],[-157.91228,21.33313],[-157.91247,21.33316],[-157.91271,21.33319],[-157.91291,21.33322],[-157.91318,21.33326],[-157.91336,21.33329],[-157.91352,21.33331],[-157.91371,21.33333],[-157.91394,21.33336],[-157.91413,21.33338],[-157.91432,21.33341],[-157.91452,21.33344],[-157.91475,21.33347],[-157.91493,21.3335],[-157.91517,21.33353],[-157.91538,21.33357],[-157.91559,21.3336],[-157.91579,21.33363],[-157.916,21.33366],[-157.91619,21.33369],[-157.91639,21.33372],[-157.91652,21.33374],[-157.91668,21.33376],[-157.91684,21.33377],[-157.91703,21.33379],[-157.91718,21.33379],[-157.91738,21.33381],[-157.91753,21.33382],[-157.91768,21.33382],[-157.91785,21.33383],[-157.918,21.33384],[-157.91816,21.33385],[-157.9183,21.33386],[-157.91843,21.33386],[-157.91854,21.33385],[-157.91873,21.33384],[-157.91898,21.3338],[-157.91931,21.33376],[-157.91954,21.33373],[-157.9199,21.33368],[-157.92002,21.33367],[-157.92013,21.33367],[-157.92036,21.33369],[-157.92057,21.33372],[-157.92095,21.33378],[-157.92117,21.33381],[-157.92132,21.33383],[-157.92142,21.33385],[-157.92153,21.33386],[-157.92164,21.33388],[-157.92182,21.33393],[-157.92195,21.33398],[-157.92207,21.33404],[-157.92217,21.33411],[-157.92227,21.3342],[-157.92237,21.33432],[-157.92248,21.33447],[-157.92253,21.33457],[-157.92257,21.3347],[-157.92264,21.33498],[-157.92267,21.33513],[-157.9227,21.33525],[-157.92276,21.33551],[-157.92279,21.33567],[-157.92282,21.33577],[-157.92284,21.3359],[-157.92287,21.33602],[-157.92288,21.33615],[-157.92288,21.3363],[-157.92287,21.3364],[-157.92283,21.33663],[-157.9228,21.33677],[-157.92278,21.33687],[-157.92276,21.33702],[-157.92276,21.33716],[-157.92277,21.33726],[-157.92279,21.33739],[-157.92282,21.33749],[-157.92287,21.33759],[-157.92293,21.33771],[-157.92302,21.33783],[-157.92312,21.33792],[-157.92321,21.338],[-157.92333,21.33808],[-157.92348,21.33815],[-157.92363,21.3382],[-157.92378,21.33823],[-157.92401,21.33826],[-157.9249,21.33837],[-157.92525,21.33841],[-157.92544,21.33844],[-157.92566,21.33846],[-157.92585,21.33849],[-157.92603,21.33852],[-157.92652,21.33861],[-157.92678,21.33865],[-157.92702,21.33871],[-157.92721,21.33875],[-157.92742,21.3388],[-157.9276,21.33885],[-157.92774,21.33889],[-157.92789,21.33894],[-157.92809,21.33901],[-157.92826,21.33907],[-157.92844,21.33914],[-157.92864,21.33922],[-157.92894,21.33936],[-157.92913,21.33945],[-157.92929,21.33953],[-157.92947,21.33962],[-157.92964,21.33972],[-157.92977,21.33979],[-157.92987,21.33986],[-157.92997,21.33992],[-157.93015,21.34003],[-157.93027,21.34012],[-157.93038,21.34019],[-157.93048,21.34026],[-157.93061,21.34036],[-157.93076,21.34048],[-157.93087,21.34057],[-157.93097,21.34065],[-157.93109,21.34075],[-157.93124,21.34089],[-157.93136,21.341],[-157.93153,21.34117],[-157.93163,21.34127],[-157.93176,21.34141],[-157.93186,21.34152],[-157.93199,21.34167],[-157.93209,21.34179],[-157.93216,21.34187],[-157.93226,21.34201],[-157.93234,21.34211],[-157.93244,21.34225],[-157.93255,21.34241],[-157.93266,21.34258],[-157.93273,21.34269],[-157.93286,21.34291],[-157.93294,21.34305],[-157.93309,21.34333],[-157.93317,21.3435],[-157.93324,21.34366],[-157.93329,21.34378],[-157.93334,21.34388],[-157.9334,21.34403],[-157.93345,21.34418],[-157.93352,21.34438],[-157.93364,21.34475],[-157.93371,21.345],[-157.93378,21.34532],[-157.93384,21.34556],[-157.93393,21.34592],[-157.93406,21.34645],[-157.93425,21.34723],[-157.93439,21.34781],[-157.93446,21.34806],[-157.93457,21.34851],[-157.93463,21.34876],[-157.93481,21.34954],[-157.93492,21.35006],[-157.93504,21.3506],[-157.93517,21.35121],[-157.93533,21.35194],[-157.93535,21.35204],[-157.93539,21.3522],[-157.93541,21.35231],[-157.93546,21.35251],[-157.9355,21.3527],[-157.93554,21.35291],[-157.93558,21.35314],[-157.93564,21.35344],[-157.9357,21.3537],[-157.93575,21.3539],[-157.93579,21.35404],[-157.93585,21.35426],[-157.93594,21.35456],[-157.93604,21.35493],[-157.93611,21.35522],[-157.93618,21.35554],[-157.93625,21.35588],[-157.93631,21.35614],[-157.93636,21.35637],[-157.93641,21.35661],[-157.93648,21.35692],[-157.93656,21.3573],[-157.93668,21.35783],[-157.93679,21.35835],[-157.93686,21.35867],[-157.93697,21.35915],[-157.93707,21.35964],[-157.93717,21.3601],[-157.93735,21.36089],[-157.93741,21.36118],[-157.9375,21.36161],[-157.93758,21.36196],[-157.93762,21.36216],[-157.93767,21.36237],[-157.9377,21.36254],[-157.93773,21.36273],[-157.93775,21.36293],[-157.93776,21.36308],[-157.93776,21.36326],[-157.93776,21.36337],[-157.93774,21.3636],[-157.9377,21.36385],[-157.93767,21.36402],[-157.93762,21.36419],[-157.93755,21.36442],[-157.93749,21.36457],[-157.93737,21.36484],[-157.9372,21.36519],[-157.93706,21.36548],[-157.93697,21.36566],[-157.93675,21.3661],[-157.93655,21.3665],[-157.93641,21.36676],[-157.93621,21.36712],[-157.93605,21.36739],[-157.93572,21.36793],[-157.93552,21.36826],[-157.93422,21.37041],[-157.93382,21.37108],[-157.93334,21.37187],[-157.93317,21.37215],[-157.93304,21.37235],[-157.93297,21.37249],[-157.93289,21.37264],[-157.93284,21.37275],[-157.93277,21.37294],[-157.93272,21.37309],[-157.93266,21.37329],[-157.93262,21.37346],[-157.93259,21.37365],[-157.93257,21.37382],[-157.93256,21.37398],[-157.93256,21.37417],[-157.93257,21.37428],[-157.93258,21.37448],[-157.9326,21.37463],[-157.93264,21.37478],[-157.93267,21.37493],[-157.93272,21.37509],[-157.93277,21.37525],[-157.93283,21.3754],[-157.93289,21.37553],[-157.93294,21.37562],[-157.93301,21.37575],[-157.93309,21.37588],[-157.9332,21.37606],[-157.9333,21.37618],[-157.93342,21.37633],[-157.93352,21.37643],[-157.93363,21.37655],[-157.93377,21.37667],[-157.93388,21.37676],[-157.93403,21.37688],[-157.93421,21.37703],[-157.93435,21.37714],[-157.93454,21.37729],[-157.93472,21.37743],[-157.93494,21.3776],[-157.93508,21.37771],[-157.93525,21.37785],[-157.93545,21.378],[-157.93563,21.37814],[-157.93579,21.37827],[-157.93593,21.37838],[-157.93606,21.37848],[-157.93617,21.37857],[-157.93628,21.37865],[-157.93642,21.37876],[-157.93657,21.37887],[-157.93669,21.37895],[-157.93683,21.37905],[-157.93715,21.37926],[-157.93743,21.37943],[-157.93763,21.37954],[-157.93779,21.37962],[-157.938,21.37973],[-157.93814,21.37979],[-157.93838,21.3799],[-157.93863,21.38001],[-157.93881,21.38008],[-157.939,21.38016],[-157.93925,21.38027],[-157.93965,21.38044],[-157.94005,21.38062],[-157.94019,21.38068],[-157.94031,21.38074],[-157.94046,21.38081],[-157.94057,21.38087],[-157.94073,21.38094],[-157.94083,21.381],[-157.94097,21.38106],[-157.94106,21.38111],[-157.9412,21.38118],[-157.9413,21.38123],[-157.94142,21.38128],[-157.94153,21.38133],[-157.94162,21.38138],[-157.94175,21.38144],[-157.9419,21.38151],[-157.94201,21.38156],[-157.94213,21.38161],[-157.94224,21.38166],[-157.94235,21.38171],[-157.94246,21.38176],[-157.94266,21.38184],[-157.94283,21.38192],[-157.94297,21.38198],[-157.94312,21.38203],[-157.94327,21.3821],[-157.94339,21.38215],[-157.94354,21.38221],[-157.94364,21.38226],[-157.94385,21.38234],[-157.94398,21.3824],[-157.94411,21.38246],[-157.94422,21.38251],[-157.94433,21.38257],[-157.94451,21.38265],[-157.94464,21.38272],[-157.94476,21.38278],[-157.94485,21.38283],[-157.94497,21.38288],[-157.94507,21.38294],[-157.94519,21.38299],[-157.94528,21.38304],[-157.94541,21.3831],[-157.94553,21.38316],[-157.94564,21.38321],[-157.94576,21.38327],[-157.94596,21.38336],[-157.94615,21.38344],[-157.94631,21.38352],[-157.94641,21.38357],[-157.94662,21.38366],[-157.94673,21.38371],[-157.94684,21.38376],[-157.94709,21.38388],[-157.94728,21.38396],[-157.94762,21.38411],[-157.94792,21.38425],[-157.94879,21.38463],[-157.94966,21.385],[-157.95033,21.38529],[-157.95105,21.38564],[-157.9517,21.38594],[-157.95215,21.38615],[-157.95259,21.38634],[-157.95304,21.38654],[-157.95356,21.38678],[-157.95397,21.38697],[-157.9544,21.38719],[-157.95467,21.38732],[-157.95507,21.3875],[-157.95539,21.38764],[-157.95567,21.38775],[-157.95595,21.38787],[-157.9562,21.38798],[-157.95651,21.38811],[-157.95694,21.38831],[-157.95724,21.38845],[-157.9576,21.38861],[-157.95788,21.38874],[-157.9581,21.38884],[-157.95827,21.38892],[-157.95873,21.38913],[-157.95961,21.38954],[-157.95971,21.38959],[-157.96003,21.38974],[-157.96122,21.39027],[-157.96155,21.39042],[-157.96177,21.39052],[-157.9621,21.39067],[-157.96251,21.39086],[-157.96284,21.39102],[-157.96305,21.39111],[-157.96365,21.39139],[-157.96466,21.39186],[-157.96521,21.39209],[-157.96573,21.3923],[-157.96616,21.39245],[-157.96655,21.39259],[-157.96732,21.39287],[-157.96773,21.39301],[-157.96825,21.39319],[-157.96889,21.39342],[-157.96914,21.3935],[-157.96935,21.39357],[-157.96955,21.39364],[-157.96997,21.39379],[-157.97066,21.39403],[-157.97108,21.39418],[-157.97208,21.39452],[-157.97306,21.39486],[-157.9738,21.39512],[-157.97452,21.39537],[-157.97503,21.39554],[-157.97538,21.39565],[-157.97584,21.39576],[-157.97599,21.39579],[-157.97628,21.39584],[-157.9767,21.3959],[-157.97698,21.39594],[-157.97717,21.39596],[-157.9775,21.396],[-157.9777,21.39603],[-157.97819,21.39614],[-157.97852,21.39624],[-157.97882,21.39633],[-157.97908,21.39641],[-157.9795,21.39654],[-157.97989,21.39667],[-157.98028,21.39678],[-157.98059,21.39688],[-157.98078,21.39692],[-157.98098,21.39694],[-157.98112,21.39695],[-157.98134,21.39695],[-157.98156,21.39693],[-157.98175,21.3969],[-157.98195,21.39685],[-157.98221,21.39675],[-157.98235,21.39669],[-157.98251,21.3966],[-157.98273,21.39645],[-157.98288,21.39633],[-157.98312,21.39616],[-157.98334,21.39599],[-157.98352,21.39587],[-157.98387,21.3956],[-157.9842,21.39536],[-157.98447,21.39516],[-157.98482,21.3949],[-157.98528,21.39457],[-157.9856,21.39433],[-157.98596,21.39406],[-157.98623,21.39386],[-157.98638,21.39375],[-157.98647,21.39368],[-157.98656,21.39362],[-157.98667,21.39354],[-157.98678,21.39347],[-157.98689,21.39341],[-157.98701,21.39334],[-157.98711,21.39328],[-157.98722,21.39323],[-157.98731,21.39318],[-157.98743,21.39313],[-157.98763,21.39306],[-157.98779,21.393],[-157.98789,21.39297],[-157.98802,21.39294],[-157.98829,21.39287],[-157.98959,21.39264],[-157.98984,21.39259],[-157.9901,21.39253],[-157.99031,21.39247],[-157.9905,21.3924],[-157.99069,21.39233],[-157.99083,21.39226],[-157.99098,21.39219],[-157.99111,21.39212],[-157.99129,21.39201],[-157.99152,21.39185],[-157.99177,21.39166],[-157.99219,21.3913],[-157.99249,21.39104],[-157.9928,21.39078],[-157.993,21.39062],[-157.99329,21.39036],[-157.99358,21.39012],[-157.99381,21.38993],[-157.99421,21.38962],[-157.99437,21.3895],[-157.99458,21.38936],[-157.99484,21.38919],[-157.99512,21.389],[-157.9954,21.3888],[-157.99556,21.38868],[-157.99572,21.38854],[-157.99604,21.38828],[-157.99642,21.38794],[-157.99671,21.38769],[-157.99691,21.38752],[-157.99712,21.38734],[-157.99738,21.38711],[-157.99776,21.38679],[-157.99812,21.3865],[-157.99846,21.38621],[-157.99862,21.38608],[-157.99875,21.38598],[-157.99889,21.38587],[-157.999,21.38579],[-157.99931,21.38558],[-157.99961,21.3854],[-157.99972,21.38533],[-157.99989,21.38524],[-158.00007,21.38514],[-158.00039,21.38499],[-158.00067,21.38487],[-158.001,21.38474],[-158.00138,21.38461],[-158.00152,21.38457],[-158.0017,21.38451],[-158.00188,21.38447],[-158.00217,21.3844],[-158.0025,21.38434],[-158.00278,21.38428],[-158.00322,21.3842],[-158.00382,21.38409],[-158.00439,21.38399],[-158.0055,21.38377],[-158.00627,21.38363],[-158.00692,21.38351],[-158.00748,21.38341],[-158.00818,21.38329],[-158.00889,21.38318],[-158.00957,21.38308],[-158.00982,21.38303],[-158.0102,21.38296],[-158.01066,21.38286],[-158.01104,21.38277],[-158.01136,21.3827],[-158.01177,21.38261],[-158.0126,21.38244],[-158.01317,21.38231],[-158.01378,21.38216],[-158.01406,21.38208],[-158.01467,21.3819],[-158.01524,21.38171],[-158.01579,21.38151],[-158.01633,21.3813],[-158.0167,21.38114],[-158.01716,21.38094],[-158.01776,21.38065],[-158.01951,21.37978],[-158.02065,21.37921],[-158.02272,21.37814],[-158.02328,21.37786],[-158.02405,21.37746],[-158.02546,21.37672],[-158.02632,21.37627],[-158.02703,21.37589],[-158.02752,21.37563],[-158.02789,21.37543],[-158.02813,21.37532],[-158.02839,21.3752],[-158.02854,21.37514],[-158.02871,21.37507],[-158.0289,21.375],[-158.02913,21.37492],[-158.02927,21.37488],[-158.02945,21.37483],[-158.02962,21.37478],[-158.02983,21.37473],[-158.03001,21.37468],[-158.03018,21.37465],[-158.03034,21.37462],[-158.0305,21.37459],[-158.03071,21.37456],[-158.03086,21.37454],[-158.03098,21.37453],[-158.03108,21.37452],[-158.03121,21.37451],[-158.03143,21.37449],[-158.03167,21.37448],[-158.03235,21.37447],[-158.03322,21.37445],[-158.03469,21.37442],[-158.03568,21.3744],[-158.03674,21.37438],[-158.03697,21.37437],[-158.03726,21.37436],[-158.03757,21.37431],[-158.03782,21.37426],[-158.03807,21.37419],[-158.0383,21.37411],[-158.03851,21.37402],[-158.03874,21.3739],[-158.03896,21.37377],[-158.03913,21.37365],[-158.03929,21.37353],[-158.03945,21.37338],[-158.0396,21.37323],[-158.03971,21.37311],[-158.03984,21.37295],[-158.03996,21.37278],[-158.0401,21.37255],[-158.0402,21.37235],[-158.04027,21.37219],[-158.04035,21.37196],[-158.0404,21.37179],[-158.04053,21.37134],[-158.04059,21.37114],[-158.04064,21.37098],[-158.04074,21.3707],[-158.04083,21.3705],[-158.04091,21.37035],[-158.04104,21.37014],[-158.04112,21.37002],[-158.04126,21.36984],[-158.04141,21.36967],[-158.04155,21.36954],[-158.04166,21.36943],[-158.04187,21.36927],[-158.04309,21.36843],[-158.0443,21.3676],[-158.0452,21.36698],[-158.04553,21.36676],[-158.04577,21.36659],[-158.04611,21.36636],[-158.04669,21.36596],[-158.04732,21.36553],[-158.04792,21.36512],[-158.0486,21.36466],[-158.04938,21.36412],[-158.05036,21.36345],[-158.05082,21.36313],[-158.05096,21.36303],[-158.0511,21.3629],[-158.05126,21.36274],[-158.05139,21.3626],[-158.05154,21.36241],[-158.05165,21.36225],[-158.05174,21.3621],[-158.05184,21.36189],[-158.0519,21.36175],[-158.05195,21.36157],[-158.05201,21.36139],[-158.05205,21.36117],[-158.05207,21.36102],[-158.05208,21.36075],[-158.05208,21.36052],[-158.05205,21.36029],[-158.05201,21.36006],[-158.05194,21.35982],[-158.05186,21.35962],[-158.05175,21.35938],[-158.05164,21.35919],[-158.05119,21.35853],[-158.05104,21.35832],[-158.05092,21.35814],[-158.05082,21.358],[-158.05055,21.35761],[-158.05039,21.35734],[-158.05023,21.35708],[-158.05009,21.35682],[-158.05001,21.35665],[-158.0499,21.35641],[-158.04976,21.3561],[-158.04964,21.35579],[-158.04954,21.35553],[-158.04946,21.35528],[-158.04938,21.35502],[-158.04928,21.35467],[-158.04919,21.35429],[-158.04912,21.35394],[-158.04907,21.35365],[-158.04904,21.35346],[-158.04902,21.35334],[-158.049,21.35313],[-158.04898,21.35295],[-158.04896,21.35273],[-158.04895,21.35253],[-158.04894,21.35224],[-158.04893,21.35201],[-158.04894,21.3517],[-158.04895,21.35132],[-158.04899,21.35084],[-158.04904,21.35047],[-158.04907,21.35021],[-158.0492,21.34956],[-158.0493,21.34915],[-158.04942,21.34872],[-158.04956,21.34818],[-158.04969,21.34768],[-158.04994,21.34703],[-158.05007,21.34677],[-158.05032,21.34638],[-158.05063,21.34599],[-158.05099,21.34558]]}},{"type":"Feature","properties":{"type":"Light Rail","network":"Honolulu Skyline","route_name":"Skyline","color":"#1d4270"},"geometry":{"type":"LineString","coordinates":[[-157.93382,21.37108],[-157.93334,21.37187],[-157.93317,21.37215],[-157.93304,21.37235],[-157.93297,21.37249],[-157.93289,21.37264],[-157.93284,21.37275],[-157.93277,21.37294],[-157.93272,21.37309],[-157.93266,21.37329],[-157.93262,21.37346],[-157.93259,21.37365],[-157.93257,21.37382],[-157.93256,21.37398],[-157.93256,21.37417],[-157.93257,21.37428],[-157.93258,21.37448],[-157.9326,21.37463],[-157.93264,21.37478],[-157.93267,21.37493],[-157.93272,21.37509],[-157.93277,21.37525],[-157.93283,21.3754],[-157.93289,21.37553],[-157.93294,21.37562],[-157.93301,21.37575],[-157.93309,21.37588],[-157.9332,21.37606],[-157.9333,21.37618],[-157.93342,21.37633],[-157.93352,21.37643],[-157.93363,21.37655],[-157.93377,21.37667],[-157.93388,21.37676],[-157.93403,21.37688],[-157.93421,21.37703],[-157.93435,21.37714],[-157.93454,21.37729],[-157.93472,21.37743],[-157.93494,21.3776],[-157.93508,21.37771],[-157.93525,21.37785],[-157.93545,21.378],[-157.93563,21.37814],[-157.93579,21.37827],[-157.93593,21.37838],[-157.93606,21.37848],[-157.93617,21.37857],[-157.93628,21.37865],[-157.93642,21.37876],[-157.93657,21.37887],[-157.93669,21.37895],[-157.93683,21.37905],[-157.93715,21.37926],[-157.93743,21.37943],[-157.93763,21.37954],[-157.93779,21.37962],[-157.938,21.37973],[-157.93814,21.37979],[-157.93838,21.3799],[-157.93863,21.38001],[-157.93881,21.38008],[-157.939,21.38016],[-157.93925,21.38027],[-157.93965,21.38044],[-157.94005,21.38062],[-157.94019,21.38068],[-157.94031,21.38074],[-157.94046,21.38081],[-157.94057,21.38087],[-157.94073,21.38094],[-157.94083,21.381],[-157.94097,21.38106],[-157.94106,21.38111],[-157.9412,21.38118],[-157.9413,21.38123],[-157.94142,21.38128],[-157.94153,21.38133],[-157.94162,21.38138],[-157.94175,21.38144],[-157.9419,21.38151],[-157.94201,21.38156],[-157.94213,21.38161],[-157.94224,21.38166],[-157.94235,21.38171],[-157.94246,21.38176],[-157.94266,21.38184],[-157.94283,21.38192],[-157.94297,21.38198],[-157.94312,21.38203],[-157.94327,21.3821],[-157.94339,21.38215],[-157.94354,21.38221],[-157.94364,21.38226],[-157.94385,21.38234],[-157.94398,21.3824],[-157.94411,21.38246],[-157.94422,21.38251],[-157.94433,21.38257],[-157.94451,21.38265],[-157.94464,21.38272],[-157.94476,21.38278],[-157.94485,21.38283],[-157.94497,21.38288],[-157.94507,21.38294],[-157.94519,21.38299],[-157.94528,21.38304],[-157.94541,21.3831],[-157.94553,21.38316],[-157.94564,21.38321],[-157.94576,21.38327],[-157.94596,21.38336],[-157.94615,21.38344],[-157.94631,21.38352],[-157.94641,21.38357],[-157.94662,21.38366],[-157.94673,21.38371],[-157.94684,21.38376],[-157.94709,21.38388],[-157.94728,21.38396],[-157.94762,21.38411],[-157.94792,21.38425],[-157.94879,21.38463],[-157.94966,21.385],[-157.95033,21.38529],[-157.95105,21.38564],[-157.9517,21.38594],[-157.95215,21.38615],[-157.95259,21.38634],[-157.95304,21.38654],[-157.95356,21.38678],[-157.95397,21.38697],[-157.9544,21.38719],[-157.95467,21.38732],[-157.95507,21.3875],[-157.95539,21.38764],[-157.95567,21.38775],[-157.95595,21.38787],[-157.9562,21.38798],[-157.95651,21.38811],[-157.95694,21.38831],[-157.95724,21.38845],[-157.9576,21.38861],[-157.95788,21.38874],[-157.9581,21.38884],[-157.95827,21.38892],[-157.95873,21.38913],[-157.95961,21.38954],[-157.95971,21.38959],[-157.96003,21.38974],[-157.96122,21.39027],[-157.96155,21.39042],[-157.96177,21.39052],[-157.9621,21.39067],[-157.96251,21.39086],[-157.96284,21.39102],[-157.96305,21.39111],[-157.96365,21.39139],[-157.96466,21.39186],[-157.96521,21.39209],[-157.96573,21.3923],[-157.96616,21.39245],[-157.96655,21.39259],[-157.96732,21.39287],[-157.96773,21.39301],[-157.96825,21.39319],[-157.96889,21.39342],[-157.96914,21.3935],[-157.96935,21.39357],[-157.96955,21.39364],[-157.96997,21.39379],[-157.97066,21.39403],[-157.97108,21.39418],[-157.97208,21.39452],[-157.97306,21.39486],[-157.9738,21.39512],[-157.97452,21.39537],[-157.97503,21.39554],[-157.97538,21.39565],[-157.97584,21.39576],[-157.97599,21.39579],[-157.97628,21.39584],[-157.9767,21.3959],[-157.97698,21.39594],[-157.97717,21.39596],[-157.9775,21.396],[-157.9777,21.39603],[-157.97819,21.39614],[-157.97852,21.39624],[-157.97882,21.39633],[-157.97908,21.39641],[-157.9795,21.39654],[-157.97989,21.39667],[-157.98028,21.39678],[-157.98059,21.39688],[-157.98078,21.39692],[-157.98098,21.39694],[-157.98112,21.39695],[-157.98134,21.39695],[-157.98156,21.39693],[-157.98175,21.3969],[-157.98195,21.39685],[-157.98221,21.39675],[-157.98235,21.39669],[-157.98251,21.3966],[-157.98273,21.39645],[-157.98288,21.39633],[-157.98312,21.39616],[-157.98334,21.39599],[-157.98352,21.39587],[-157.98387,21.3956],[-157.9842,21.39536],[-157.98447,21.39516],[-157.98482,21.3949],[-157.98528,21.39457],[-157.9856,21.39433],[-157.98596,21.39406],[-157.98623,21.39386],[-157.98638,21.39375],[-157.98647,21.39368],[-157.98656,21.39362],[-157.98667,21.39354],[-157.98678,21.39347],[-157.98689,21.39341],[-157.98701,21.39334],[-157.98711,21.39328],[-157.98722,21.39323],[-157.98731,21.39318],[-157.98743,21.39313],[-157.98763,21.39306],[-157.98779,21.393],[-157.98789,21.39297],[-157.98802,21.39294],[-157.98829,21.39287],[-157.98959,21.39264],[-157.98984,21.39259],[-157.9901,21.39253],[-157.99031,21.39247],[-157.9905,21.3924],[-157.99069,21.39233],[-157.99083,21.39226],[-157.99098,21.39219],[-157.99111,21.39212],[-157.99129,21.39201],[-157.99152,21.39185],[-157.99177,21.39166],[-157.99219,21.3913],[-157.99249,21.39104],[-157.9928,21.39078],[-157.993,21.39062],[-157.99329,21.39036],[-157.99358,21.39012],[-157.99381,21.38993],[-157.99421,21.38962],[-157.99437,21.3895],[-157.99458,21.38936],[-157.99484,21.38919],[-157.99512,21.389],[-157.9954,21.3888],[-157.99556,21.38868],[-157.99572,21.38854],[-157.99604,21.38828],[-157.99642,21.38794],[-157.99671,21.38769],[-157.99691,21.38752],[-157.99712,21.38734],[-157.99738,21.38711],[-157.99776,21.38679],[-157.99812,21.3865],[-157.99846,21.38621],[-157.99862,21.38608],[-157.99875,21.38598],[-157.99889,21.38587],[-157.999,21.38579],[-157.99931,21.38558],[-157.99961,21.3854],[-157.99972,21.38533],[-157.99989,21.38524],[-158.00007,21.38514],[-158.00039,21.38499],[-158.00067,21.38487],[-158.001,21.38474],[-158.00138,21.38461],[-158.00152,21.38457],[-158.0017,21.38451],[-158.00188,21.38447],[-158.00217,21.3844],[-158.0025,21.38434],[-158.00278,21.38428],[-158.00322,21.3842],[-158.00382,21.38409],[-158.00439,21.38399],[-158.0055,21.38377],[-158.00627,21.38363],[-158.00692,21.38351],[-158.00748,21.38341],[-158.00818,21.38329],[-158.00889,21.38318],[-158.00957,21.38308],[-158.00982,21.38303],[-158.0102,21.38296],[-158.01066,21.38286],[-158.01104,21.38277],[-158.01136,21.3827],[-158.01177,21.38261],[-158.0126,21.38244],[-158.01317,21.38231],[-158.01378,21.38216],[-158.01406,21.38208],[-158.01467,21.3819],[-158.01524,21.38171],[-158.01579,21.38151],[-158.01633,21.3813],[-158.0167,21.38114],[-158.01716,21.38094],[-158.01776,21.38065],[-158.01951,21.37978],[-158.02065,21.37921],[-158.02272,21.37814],[-158.02328,21.37786],[-158.02405,21.37746],[-158.02546,21.37672],[-158.02632,21.37627],[-158.02703,21.37589],[-158.02752,21.37563],[-158.02789,21.37543],[-158.02813,21.37532],[-158.02839,21.3752],[-158.02854,21.37514],[-158.02871,21.37507],[-158.0289,21.375],[-158.02913,21.37492],[-158.02927,21.37488],[-158.02945,21.37483],[-158.02962,21.37478],[-158.02983,21.37473],[-158.03001,21.37468],[-158.03018,21.37465],[-158.03034,21.37462],[-158.0305,21.37459],[-158.03071,21.37456],[-158.03086,21.37454],[-158.03098,21.37453],[-158.03108,21.37452],[-158.03121,21.37451],[-158.03143,21.37449],[-158.03167,21.37448],[-158.03235,21.37447],[-158.03322,21.37445],[-158.03469,21.37442],[-158.03568,21.3744],[-158.03674,21.37438],[-158.03697,21.37437],[-158.03726,21.37436],[-158.03757,21.37431],[-158.03782,21.37426],[-158.03807,21.37419],[-158.0383,21.37411],[-158.03851,21.37402],[-158.03874,21.3739],[-158.03896,21.37377],[-158.03913,21.37365],[-158.03929,21.37353],[-158.03945,21.37338],[-158.0396,21.37323],[-158.03971,21.37311],[-158.03984,21.37295],[-158.03996,21.37278],[-158.0401,21.37255],[-158.0402,21.37235],[-158.04027,21.37219],[-158.04035,21.37196],[-158.0404,21.37179],[-158.04053,21.37134],[-158.04059,21.37114],[-158.04064,21.37098],[-158.04074,21.3707],[-158.04083,21.3705],[-158.04091,21.37035],[-158.04104,21.37014],[-158.04112,21.37002],[-158.04126,21.36984],[-158.04141,21.36967],[-158.04155,21.36954],[-158.04166,21.36943],[-158.04187,21.36927],[-158.04309,21.36843],[-158.0443,21.3676],[-158.0452,21.36698],[-158.04553,21.36676],[-158.04577,21.36659],[-158.04611,21.36636],[-158.04669,21.36596],[-158.04732,21.36553],[-158.04792,21.36512],[-158.0486,21.36466],[-158.04938,21.36412],[-158.05036,21.36345],[-158.05082,21.36313],[-158.05096,21.36303],[-158.0511,21.3629],[-158.05126,21.36274],[-158.05139,21.3626],[-158.05154,21.36241],[-158.05165,21.36225],[-158.05174,21.3621],[-158.05184,21.36189],[-158.0519,21.36175],[-158.05195,21.36157],[-158.05201,21.36139],[-158.05205,21.36117],[-158.05207,21.36102],[-158.05208,21.36075],[-158.05208,21.36052],[-158.05205,21.36029],[-158.05201,21.36006],[-158.05194,21.35982],[-158.05186,21.35962],[-158.05175,21.35938],[-158.05164,21.35919],[-158.05119,21.35853],[-158.05104,21.35832],[-158.05092,21.35814],[-158.05082,21.358],[-158.05055,21.35761],[-158.05039,21.35734],[-158.05023,21.35708],[-158.05009,21.35682],[-158.05001,21.35665],[-158.0499,21.35641],[-158.04976,21.3561],[-158.04964,21.35579],[-158.04954,21.35553],[-158.04946,21.35528],[-158.04938,21.35502],[-158.04928,21.35467],[-158.04919,21.35429],[-158.04912,21.35394],[-158.04907,21.35365],[-158.04904,21.35346],[-158.04902,21.35334],[-158.049,21.35313],[-158.04898,21.35295],[-158.04896,21.35273],[-158.04895,21.35253],[-158.04894,21.35224],[-158.04893,21.35201],[-158.04894,21.3517],[-158.04895,21.35132],[-158.04899,21.35084],[-158.04904,21.35047],[-158.04907,21.35021],[-158.0492,21.34956],[-158.0493,21.34915],[-158.04942,21.34872],[-158.04956,21.34818],[-158.04969,21.34768],[-158.04994,21.34703],[-158.05007,21.34677],[-158.05032,21.34638],[-158.05063,21.34599],[-158.05099,21.34558]]}},{"type":"Feature","properties":{"type":"Light Rail","network":"Honolulu Skyline","route_name":"Skyline","color":"#1d4270"},"geometry":{"type":"LineString","coordinates":[[-158.00382,21.38409],[-158.00439,21.38399],[-158.0055,21.38377],[-158.00627,21.38363],[-158.00692,21.38351],[-158.00748,21.38341],[-158.00818,21.38329],[-158.00889,21.38318],[-158.00957,21.38308],[-158.00982,21.38303],[-158.0102,21.38296],[-158.01066,21.38286],[-158.01104,21.38277],[-158.01136,21.3827],[-158.01177,21.38261],[-158.0126,21.38244],[-158.01317,21.38231],[-158.01378,21.38216],[-158.01406,21.38208],[-158.01467,21.3819],[-158.01524,21.38171],[-158.01579,21.38151],[-158.01633,21.3813],[-158.0167,21.38114],[-158.01716,21.38094],[-158.01776,21.38065],[-158.01951,21.37978],[-158.02065,21.37921],[-158.02272,21.37814],[-158.02328,21.37786],[-158.02405,21.37746],[-158.02546,21.37672],[-158.02632,21.37627],[-158.02703,21.37589],[-158.02752,21.37563],[-158.02789,21.37543],[-158.02813,21.37532],[-158.02839,21.3752],[-158.02854,21.37514],[-158.02871,21.37507],[-158.0289,21.375],[-158.02913,21.37492],[-158.02927,21.37488],[-158.02945,21.37483],[-158.02962,21.37478],[-158.02983,21.37473],[-158.03001,21.37468],[-158.03018,21.37465],[-158.03034,21.37462],[-158.0305,21.37459],[-158.03071,21.37456],[-158.03086,21.37454],[-158.03098,21.37453],[-158.03108,21.37452],[-158.03121,21.37451],[-158.03143,21.37449],[-158.03167,21.37448],[-158.03235,21.37447],[-158.03322,21.37445],[-158.03469,21.37442],[-158.03568,21.3744],[-158.03674,21.37438],[-158.03697,21.37437],[-158.03726,21.37436],[-158.03757,21.37431],[-158.03782,21.37426],[-158.03807,21.37419],[-158.0383,21.37411],[-158.03851,21.37402],[-158.03874,21.3739],[-158.03896,21.37377],[-158.03913,21.37365],[-158.03929,21.37353],[-158.03945,21.37338],[-158.0396,21.37323],[-158.03971,21.37311],[-158.03984,21.37295],[-158.03996,21.37278],[-158.0401,21.37255],[-158.0402,21.37235],[-158.04027,21.37219],[-158.04035,21.37196],[-158.0404,21.37179],[-158.04053,21.37134],[-158.04059,21.37114],[-158.04064,21.37098],[-158.04074,21.3707],[-158.04083,21.3705],[-158.04091,21.37035],[-158.04104,21.37014],[-158.04112,21.37002],[-158.04126,21.36984],[-158.04141,21.36967],[-158.04155,21.36954],[-158.04166,21.36943],[-158.04187,21.36927],[-158.04309,21.36843],[-158.0443,21.3676],[-158.0452,21.36698],[-158.04553,21.36676],[-158.04577,21.36659],[-158.04611,21.36636],[-158.04669,21.36596],[-158.04732,21.36553],[-158.04792,21.36512],[-158.0486,21.36466],[-158.04938,21.36412],[-158.05036,21.36345],[-158.05082,21.36313],[-158.05096,21.36303],[-158.0511,21.3629],[-158.05126,21.36274],[-158.05139,21.3626],[-158.05154,21.36241],[-158.05165,21.36225],[-158.05174,21.3621],[-158.05184,21.36189],[-158.0519,21.36175],[-158.05195,21.36157],[-158.05201,21.36139],[-158.05205,21.36117],[-158.05207,21.36102],[-158.05208,21.36075],[-158.05208,21.36052],[-158.05205,21.36029],[-158.05201,21.36006],[-158.05194,21.35982],[-158.05186,21.35962],[-158.05175,21.35938],[-158.05164,21.35919],[-158.05119,21.35853],[-158.05104,21.35832],[-158.05092,21.35814],[-158.05082,21.358],[-158.05055,21.35761],[-158.05039,21.35734],[-158.05023,21.35708],[-158.05009,21.35682],[-158.05001,21.35665],[-158.0499,21.35641],[-158.04976,21.3561],[-158.04964,21.35579],[-158.04954,21.35553],[-158.04946,21.35528],[-158.04938,21.35502],[-158.04928,21.35467],[-158.04919,21.35429],[-158.04912,21.35394],[-158.04907,21.35365],[-158.04904,21.35346],[-158.04902,21.35334],[-158.049,21.35313],[-158.04898,21.35295],[-158.04896,21.35273],[-158.04895,21.35253],[-158.04894,21.35224],[-158.04893,21.35201],[-158.04894,21.3517],[-158.04895,21.35132],[-158.04899,21.35084],[-158.04904,21.35047],[-158.04907,21.35021],[-158.0492,21.34956],[-158.0493,21.34915],[-158.04942,21.34872],[-158.04956,21.34818],[-158.04969,21.34768],[-158.04994,21.34703],[-158.05007,21.34677],[-158.05032,21.34638],[-158.05063,21.34599],[-158.05099,21.34558]]}},{"type":"Feature","properties":{"type":"Light Rail","network":"Honolulu Skyline","route_name":"Skyline","color":"#1d4270"},"geometry":{"type":"LineString","coordinates":[[-157.8888,21.33274],[-157.88896,21.33277],[-157.88922,21.33282],[-157.88962,21.33291],[-157.88998,21.33298],[-157.89023,21.33303],[-157.89039,21.33306],[-157.89051,21.33308],[-157.89065,21.3331],[-157.89082,21.33312],[-157.89095,21.33312],[-157.89109,21.33312],[-157.89121,21.33312],[-157.89145,21.3331],[-157.89165,21.33309],[-157.89192,21.33307],[-157.89204,21.33307],[-157.89217,21.33307],[-157.89228,21.33307],[-157.89244,21.33308],[-157.89257,21.33309],[-157.89275,21.33312],[-157.89388,21.33337],[-157.89409,21.33341],[-157.8943,21.33346],[-157.89452,21.33351],[-157.89469,21.33353],[-157.89483,21.33355],[-157.89495,21.33356],[-157.89511,21.33357],[-157.89528,21.33357],[-157.8954,21.33356],[-157.89553,21.33355],[-157.89564,21.33353],[-157.89578,21.33351],[-157.89593,21.33347],[-157.89609,21.33343],[-157.89628,21.33336],[-157.89638,21.33332],[-157.89648,21.33328],[-157.89658,21.33323],[-157.89683,21.33309],[-157.89694,21.33303],[-157.8971,21.33294],[-157.89727,21.33285],[-157.89745,21.33276],[-157.89755,21.33271],[-157.89766,21.33266],[-157.89781,21.33261],[-157.89794,21.33256],[-157.89808,21.33253],[-157.89819,21.3325],[-157.89834,21.33247],[-157.89847,21.33246],[-157.89863,21.33244],[-157.89879,21.33244],[-157.89895,21.33244],[-157.89907,21.33244],[-157.8993,21.33247],[-157.90008,21.33258],[-157.90057,21.33266],[-157.90114,21.33274],[-157.90138,21.33278],[-157.90151,21.3328],[-157.90167,21.33282],[-157.90193,21.33286],[-157.90209,21.33288],[-157.90224,21.3329],[-157.90235,21.33291],[-157.90256,21.33291],[-157.90269,21.33291],[-157.90289,21.33291],[-157.90313,21.3329],[-157.9033,21.3329],[-157.9035,21.3329],[-157.90364,21.3329],[-157.90383,21.33291],[-157.90426,21.33294],[-157.90446,21.33296],[-157.90466,21.33299],[-157.90495,21.33304],[-157.90518,21.33307],[-157.90541,21.3331],[-157.90561,21.33312],[-157.90577,21.33313],[-157.90587,21.33313],[-157.90602,21.33312],[-157.90615,21.33311],[-157.90628,21.3331],[-157.90643,21.33307],[-157.90657,21.33304],[-157.90673,21.333],[-157.90691,21.33295],[-157.90714,21.33288],[-157.90732,21.33283],[-157.90753,21.33277],[-157.90765,21.33275],[-157.90786,21.33271],[-157.90798,21.33269],[-157.90811,21.33268],[-157.90833,21.33267],[-157.90845,21.33267],[-157.90857,21.33267],[-157.90867,21.33268],[-157.90877,21.33268],[-157.90902,21.33271],[-157.90932,21.33274],[-157.90961,21.33277],[-157.90979,21.33279],[-157.91004,21.33281],[-157.91026,21.33283],[-157.91046,21.33286],[-157.91065,21.33289],[-157.91088,21.33292],[-157.91114,21.33296],[-157.91135,21.33299],[-157.91153,21.33302],[-157.91173,21.33305],[-157.91207,21.3331],[-157.91228,21.33313],[-157.91247,21.33316],[-157.91271,21.33319],[-157.91291,21.33322],[-157.91318,21.33326],[-157.91336,21.33329],[-157.91352,21.33331],[-157.91371,21.33333],[-157.91394,21.33336],[-157.91413,21.33338],[-157.91432,21.33341],[-157.91452,21.33344],[-157.91475,21.33347],[-157.91493,21.3335],[-157.91517,21.33353],[-157.91538,21.33357],[-157.91559,21.3336],[-157.91579,21.33363],[-157.916,21.33366],[-157.91619,21.33369],[-157.91639,21.33372],[-157.91652,21.33374],[-157.91668,21.33376],[-157.91684,21.33377],[-157.91703,21.33379],[-157.91718,21.33379],[-157.91738,21.33381],[-157.91753,21.33382],[-157.91768,21.33382],[-157.91785,21.33383],[-157.918,21.33384],[-157.91816,21.33385],[-157.9183,21.33386],[-157.91843,21.33386],[-157.91854,21.33385],[-157.91873,21.33384],[-157.91898,21.3338],[-157.91931,21.33376],[-157.91954,21.33373],[-157.9199,21.33368],[-157.92002,21.33367],[-157.92013,21.33367],[-157.92036,21.33369],[-157.92057,21.33372],[-157.92095,21.33378],[-157.92117,21.33381],[-157.92132,21.33383],[-157.92142,21.33385],[-157.92153,21.33386],[-157.92164,21.33388],[-157.92182,21.33393],[-157.92195,21.33398],[-157.92207,21.33404],[-157.92217,21.33411],[-157.92227,21.3342],[-157.92237,21.33432],[-157.92248,21.33447],[-157.92253,21.33457],[-157.92257,21.3347],[-157.92264,21.33498],[-157.92267,21.33513],[-157.9227,21.33525],[-157.92276,21.33551],[-157.92279,21.33567],[-157.92282,21.33577],[-157.92284,21.3359],[-157.92287,21.33602],[-157.92288,21.33615],[-157.92288,21.3363],[-157.92287,21.3364],[-157.92283,21.33663],[-157.9228,21.33677],[-157.92278,21.33687],[-157.92276,21.33702],[-157.92276,21.33716],[-157.92277,21.33726],[-157.92279,21.33739],[-157.92282,21.33749],[-157.92287,21.33759],[-157.92293,21.33771],[-157.92302,21.33783],[-157.92312,21.33792],[-157.92321,21.338],[-157.92333,21.33808],[-157.92348,21.33815],[-157.92363,21.3382],[-157.92378,21.33823],[-157.92401,21.33826],[-157.9249,21.33837],[-157.92525,21.33841],[-157.92544,21.33844],[-157.92566,21.33846],[-157.92585,21.33849],[-157.92603,21.33852],[-157.92652,21.33861],[-157.92678,21.33865],[-157.92702,21.33871],[-157.92721,21.33875],[-157.92742,21.3388],[-157.9276,21.33885],[-157.92774,21.33889],[-157.92789,21.33894],[-157.92809,21.33901],[-157.92826,21.33907],[-157.92844,21.33914],[-157.92864,21.33922],[-157.92894,21.33936],[-157.92913,21.33945],[-157.92929,21.33953],[-157.92947,21.33962],[-157.92964,21.33972],[-157.92977,21.33979],[-157.92987,21.33986],[-157.92997,21.33992],[-157.93015,21.34003],[-157.93027,21.34012],[-157.93038,21.34019],[-157.93048,21.34026],[-157.93061,21.34036],[-157.93076,21.34048],[-157.93087,21.34057],[-157.93097,21.34065],[-157.93109,21.34075],[-157.93124,21.34089],[-157.93136,21.341],[-157.93153,21.34117],[-157.93163,21.34127],[-157.93176,21.34141],[-157.93186,21.34152],[-157.93199,21.34167],[-157.93209,21.34179],[-157.93216,21.34187],[-157.93226,21.34201],[-157.93234,21.34211],[-157.93244,21.34225],[-157.93255,21.34241],[-157.93266,21.34258],[-157.93273,21.34269],[-157.93286,21.34291],[-157.93294,21.34305],[-157.93309,21.34333],[-157.93317,21.3435],[-157.93324,21.34366],[-157.93329,21.34378],[-157.93334,21.34388],[-157.9334,21.34403],[-157.93345,21.34418],[-157.93352,21.34438],[-157.93364,21.34475],[-157.93371,21.345],[-157.93378,21.34532],[-157.93384,21.34556],[-157.93393,21.34592],[-157.93406,21.34645],[-157.93425,21.34723],[-157.93439,21.34781],[-157.93446,21.34806],[-157.93457,21.34851],[-157.93463,21.34876],[-157.93481,21.34954],[-157.93492,21.35006],[-157.93504,21.3506],[-157.93517,21.35121],[-157.93533,21.35194],[-157.93535,21.35204],[-157.93539,21.3522],[-157.93541,21.35231],[-157.93546,21.35251],[-157.9355,21.3527],[-157.93554,21.35291],[-157.93558,21.35314],[-157.93564,21.35344],[-157.9357,21.3537],[-157.93575,21.3539],[-157.93579,21.35404],[-157.93585,21.35426],[-157.93594,21.35456],[-157.93604,21.35493],[-157.93611,21.35522],[-157.93618,21.35554],[-157.93625,21.35588],[-157.93631,21.35614],[-157.93636,21.35637],[-157.93641,21.35661],[-157.93648,21.35692],[-157.93656,21.3573],[-157.93668,21.35783],[-157.93679,21.35835],[-157.93686,21.35867],[-157.93697,21.35915],[-157.93707,21.35964],[-157.93717,21.3601],[-157.93735,21.36089],[-157.93741,21.36118],[-157.9375,21.36161],[-157.93758,21.36196],[-157.93762,21.36216],[-157.93767,21.36237],[-157.9377,21.36254],[-157.93773,21.36273],[-157.93775,21.36293],[-157.93776,21.36308],[-157.93776,21.36326],[-157.93776,21.36337],[-157.93774,21.3636],[-157.9377,21.36385],[-157.93767,21.36402],[-157.93762,21.36419],[-157.93755,21.36442],[-157.93749,21.36457],[-157.93737,21.36484],[-157.9372,21.36519],[-157.93706,21.36548],[-157.93697,21.36566],[-157.93675,21.3661],[-157.93655,21.3665],[-157.93641,21.36676],[-157.93621,21.36712],[-157.93605,21.36739],[-157.93572,21.36793],[-157.93552,21.36826],[-157.93422,21.37041],[-157.93382,21.37108],[-157.93334,21.37187],[-157.93317,21.37215],[-157.93304,21.37235],[-157.93297,21.37249],[-157.93289,21.37264],[-157.93284,21.37275],[-157.93277,21.37294],[-157.93272,21.37309],[-157.93266,21.37329],[-157.93262,21.37346],[-157.93259,21.37365],[-157.93257,21.37382],[-157.93256,21.37398],[-157.93256,21.37417],[-157.93257,21.37428],[-157.93258,21.37448],[-157.9326,21.37463],[-157.93264,21.37478],[-157.93267,21.37493],[-157.93272,21.37509],[-157.93277,21.37525],[-157.93283,21.3754],[-157.93289,21.37553],[-157.93294,21.37562],[-157.93301,21.37575],[-157.93309,21.37588],[-157.9332,21.37606],[-157.9333,21.37618],[-157.93342,21.37633],[-157.93352,21.37643],[-157.93363,21.37655],[-157.93377,21.37667],[-157.93388,21.37676],[-157.93403,21.37688],[-157.93421,21.37703],[-157.93435,21.37714],[-157.93454,21.37729],[-157.93472,21.37743],[-157.93494,21.3776],[-157.93508,21.37771],[-157.93525,21.37785],[-157.93545,21.378],[-157.93563,21.37814],[-157.93579,21.37827],[-157.93593,21.37838],[-157.93606,21.37848],[-157.93617,21.37857],[-157.93628,21.37865],[-157.93642,21.37876],[-157.93657,21.37887],[-157.93669,21.37895],[-157.93683,21.37905],[-157.93715,21.37926],[-157.93743,21.37943],[-157.93763,21.37954],[-157.93779,21.37962],[-157.938,21.37973],[-157.93814,21.37979],[-157.93838,21.3799],[-157.93863,21.38001],[-157.93881,21.38008],[-157.939,21.38016],[-157.93925,21.38027],[-157.93965,21.38044],[-157.94005,21.38062],[-157.94019,21.38068],[-157.94031,21.38074],[-157.94046,21.38081],[-157.94057,21.38087],[-157.94073,21.38094],[-157.94083,21.381],[-157.94097,21.38106],[-157.94106,21.38111],[-157.9412,21.38118],[-157.9413,21.38123],[-157.94142,21.38128],[-157.94153,21.38133],[-157.94162,21.38138],[-157.94175,21.38144],[-157.9419,21.38151],[-157.94201,21.38156],[-157.94213,21.38161],[-157.94224,21.38166],[-157.94235,21.38171],[-157.94246,21.38176],[-157.94266,21.38184],[-157.94283,21.38192],[-157.94297,21.38198],[-157.94312,21.38203],[-157.94327,21.3821],[-157.94339,21.38215],[-157.94354,21.38221],[-157.94364,21.38226],[-157.94385,21.38234],[-157.94398,21.3824],[-157.94411,21.38246],[-157.94422,21.38251],[-157.94433,21.38257],[-157.94451,21.38265],[-157.94464,21.38272],[-157.94476,21.38278],[-157.94485,21.38283],[-157.94497,21.38288],[-157.94507,21.38294],[-157.94519,21.38299],[-157.94528,21.38304],[-157.94541,21.3831],[-157.94553,21.38316],[-157.94564,21.38321],[-157.94576,21.38327],[-157.94596,21.38336],[-157.94615,21.38344],[-157.94631,21.38352],[-157.94641,21.38357],[-157.94662,21.38366],[-157.94673,21.38371],[-157.94684,21.38376],[-157.94709,21.38388],[-157.94728,21.38396],[-157.94762,21.38411],[-157.94792,21.38425],[-157.94879,21.38463],[-157.94966,21.385],[-157.95033,21.38529],[-157.95105,21.38564],[-157.9517,21.38594],[-157.95215,21.38615],[-157.95259,21.38634],[-157.95304,21.38654],[-157.95356,21.38678],[-157.95397,21.38697],[-157.9544,21.38719],[-157.95467,21.38732],[-157.95507,21.3875],[-157.95539,21.38764],[-157.95567,21.38775],[-157.95595,21.38787],[-157.9562,21.38798],[-157.95651,21.38811],[-157.95694,21.38831],[-157.95724,21.38845],[-157.9576,21.38861],[-157.95788,21.38874],[-157.9581,21.38884],[-157.95827,21.38892],[-157.95873,21.38913],[-157.95961,21.38954],[-157.95971,21.38959],[-157.96003,21.38974],[-157.96122,21.39027],[-157.96155,21.39042],[-157.96177,21.39052],[-157.9621,21.39067],[-157.96251,21.39086],[-157.96284,21.39102],[-157.96305,21.39111],[-157.96365,21.39139],[-157.96466,21.39186],[-157.96521,21.39209],[-157.96573,21.3923],[-157.96616,21.39245],[-157.96655,21.39259],[-157.96732,21.39287],[-157.96773,21.39301],[-157.96825,21.39319],[-157.96889,21.39342],[-157.96914,21.3935],[-157.96935,21.39357],[-157.96955,21.39364],[-157.96997,21.39379],[-157.97066,21.39403],[-157.97108,21.39418],[-157.97208,21.39452],[-157.97306,21.39486],[-157.9738,21.39512],[-157.97452,21.39537],[-157.97503,21.39554],[-157.97538,21.39565],[-157.97584,21.39576],[-157.97599,21.39579],[-157.97628,21.39584],[-157.9767,21.3959],[-157.97698,21.39594],[-157.97717,21.39596],[-157.9775,21.396],[-157.9777,21.39603],[-157.97819,21.39614],[-157.97852,21.39624],[-157.97882,21.39633],[-157.97908,21.39641],[-157.9795,21.39654],[-157.97989,21.39667],[-157.98028,21.39678],[-157.98059,21.39688],[-157.98078,21.39692],[-157.98098,21.39694],[-157.98112,21.39695],[-157.98134,21.39695],[-157.98156,21.39693],[-157.98175,21.3969],[-157.98195,21.39685],[-157.98221,21.39675],[-157.98235,21.39669],[-157.98251,21.3966],[-157.98273,21.39645],[-157.98288,21.39633],[-157.98312,21.39616],[-157.98334,21.39599],[-157.98352,21.39587],[-157.98387,21.3956],[-157.9842,21.39536],[-157.98447,21.39516],[-157.98482,21.3949],[-157.98528,21.39457],[-157.9856,21.39433],[-157.98596,21.39406],[-157.98623,21.39386],[-157.98638,21.39375],[-157.98647,21.39368],[-157.98656,21.39362],[-157.98667,21.39354],[-157.98678,21.39347],[-157.98689,21.39341],[-157.98701,21.39334],[-157.98711,21.39328],[-157.98722,21.39323],[-157.98731,21.39318],[-157.98743,21.39313],[-157.98763,21.39306],[-157.98779,21.393],[-157.98789,21.39297],[-157.98802,21.39294],[-157.98829,21.39287],[-157.98959,21.39264],[-157.98984,21.39259],[-157.9901,21.39253],[-157.99031,21.39247],[-157.9905,21.3924],[-157.99069,21.39233],[-157.99083,21.39226],[-157.99098,21.39219],[-157.99111,21.39212],[-157.99129,21.39201],[-157.99152,21.39185],[-157.99177,21.39166],[-157.99219,21.3913],[-157.99249,21.39104],[-157.9928,21.39078],[-157.993,21.39062],[-157.99329,21.39036],[-157.99358,21.39012],[-157.99381,21.38993],[-157.99421,21.38962],[-157.99437,21.3895],[-157.99458,21.38936],[-157.99484,21.38919],[-157.99512,21.389],[-157.9954,21.3888],[-157.99556,21.38868],[-157.99572,21.38854],[-157.99604,21.38828],[-157.99642,21.38794],[-157.99671,21.38769],[-157.99691,21.38752],[-157.99712,21.38734],[-157.99738,21.38711],[-157.99776,21.38679],[-157.99812,21.3865],[-157.99846,21.38621],[-157.99862,21.38608],[-157.99875,21.38598],[-157.99889,21.38587],[-157.999,21.38579],[-157.99931,21.38558],[-157.99961,21.3854],[-157.99972,21.38533],[-157.99989,21.38524],[-158.00007,21.38514],[-158.00039,21.38499],[-158.00067,21.38487],[-158.001,21.38474],[-158.00138,21.38461],[-158.00152,21.38457],[-158.0017,21.38451],[-158.00188,21.38447],[-158.00217,21.3844],[-158.0025,21.38434],[-158.00278,21.38428],[-158.00322,21.3842],[-158.00382,21.38409],[-158.00439,21.38399],[-158.0055,21.38377],[-158.00627,21.38363],[-158.00692,21.38351],[-158.00748,21.38341],[-158.00818,21.38329],[-158.00889,21.38318],[-158.00957,21.38308],[-158.00982,21.38303],[-158.0102,21.38296],[-158.01066,21.38286],[-158.01104,21.38277],[-158.01136,21.3827],[-158.01177,21.38261],[-158.0126,21.38244],[-158.01317,21.38231],[-158.01378,21.38216],[-158.01406,21.38208],[-158.01467,21.3819],[-158.01524,21.38171],[-158.01579,21.38151],[-158.01633,21.3813],[-158.0167,21.38114],[-158.01716,21.38094],[-158.01776,21.38065],[-158.01951,21.37978],[-158.02065,21.37921],[-158.02272,21.37814],[-158.02328,21.37786],[-158.02405,21.37746],[-158.02546,21.37672],[-158.02632,21.37627],[-158.02703,21.37589],[-158.02752,21.37563],[-158.02789,21.37543],[-158.02813,21.37532],[-158.02839,21.3752],[-158.02854,21.37514],[-158.02871,21.37507],[-158.0289,21.375],[-158.02913,21.37492],[-158.02927,21.37488],[-158.02945,21.37483],[-158.02962,21.37478],[-158.02983,21.37473],[-158.03001,21.37468],[-158.03018,21.37465],[-158.03034,21.37462],[-158.0305,21.37459],[-158.03071,21.37456],[-158.03086,21.37454],[-158.03098,21.37453],[-158.03108,21.37452],[-158.03121,21.37451],[-158.03143,21.37449],[-158.03167,21.37448],[-158.03235,21.37447],[-158.03322,21.37445],[-158.03469,21.37442],[-158.03568,21.3744],[-158.03674,21.37438],[-158.03697,21.37437],[-158.03726,21.37436],[-158.03757,21.37431],[-158.03782,21.37426],[-158.03807,21.37419],[-158.0383,21.37411],[-158.03851,21.37402],[-158.03874,21.3739],[-158.03896,21.37377],[-158.03913,21.37365],[-158.03929,21.37353],[-158.03945,21.37338],[-158.0396,21.37323],[-158.03971,21.37311],[-158.03984,21.37295],[-158.03996,21.37278],[-158.0401,21.37255],[-158.0402,21.37235],[-158.04027,21.37219],[-158.04035,21.37196],[-158.0404,21.37179],[-158.04053,21.37134],[-158.04059,21.37114],[-158.04064,21.37098],[-158.04074,21.3707],[-158.04083,21.3705],[-158.04091,21.37035],[-158.04104,21.37014],[-158.04112,21.37002],[-158.04126,21.36984],[-158.04141,21.36967],[-158.04155,21.36954],[-158.04166,21.36943],[-158.04187,21.36927],[-158.04309,21.36843],[-158.0443,21.3676],[-158.0452,21.36698],[-158.04553,21.36676],[-158.04577,21.36659],[-158.04611,21.36636],[-158.04669,21.36596],[-158.04732,21.36553],[-158.04792,21.36512],[-158.0486,21.36466],[-158.04938,21.36412],[-158.05036,21.36345],[-158.05082,21.36313],[-158.05096,21.36303],[-158.0511,21.3629],[-158.05126,21.36274],[-158.05139,21.3626],[-158.05154,21.36241],[-158.05165,21.36225],[-158.05174,21.3621],[-158.05184,21.36189],[-158.0519,21.36175],[-158.05195,21.36157],[-158.05201,21.36139],[-158.05205,21.36117],[-158.05207,21.36102],[-158.05208,21.36075],[-158.05208,21.36052],[-158.05205,21.36029],[-158.05201,21.36006],[-158.05194,21.35982],[-158.05186,21.35962],[-158.05175,21.35938],[-158.05164,21.35919],[-158.05119,21.35853],[-158.05104,21.35832],[-158.05092,21.35814],[-158.05082,21.358],[-158.05055,21.35761],[-158.05039,21.35734],[-158.05023,21.35708],[-158.05009,21.35682],[-158.05001,21.35665],[-158.0499,21.35641],[-158.04976,21.3561],[-158.04964,21.35579],[-158.04954,21.35553],[-158.04946,21.35528],[-158.04938,21.35502],[-158.04928,21.35467],[-158.04919,21.35429],[-158.04912,21.35394],[-158.04907,21.35365],[-158.04904,21.35346],[-158.04902,21.35334],[-158.049,21.35313],[-158.04898,21.35295],[-158.04896,21.35273],[-158.04895,21.35253],[-158.04894,21.35224],[-158.04893,21.35201],[-158.04894,21.3517],[-158.04895,21.35132],[-158.04899,21.35084],[-158.04904,21.35047],[-158.04907,21.35021],[-158.0492,21.34956],[-158.0493,21.34915],[-158.04942,21.34872],[-158.04956,21.34818],[-158.04969,21.34768],[-158.04994,21.34703],[-158.05007,21.34677],[-158.05032,21.34638],[-158.05063,21.34599],[-158.05099,21.34558]]}},{"type":"Feature","properties":{"type":"Light Rail","network":"Honolulu Skyline","route_name":"Skyline","color":"#1d4270"},"geometry":{"type":"LineString","coordinates":[[-158.051,21.34557],[-158.05071,21.3459],[-158.05044,21.34622],[-158.05019,21.34658],[-158.05003,21.34685],[-158.04991,21.34709],[-158.04979,21.34739],[-158.04969,21.34768],[-158.04964,21.34789],[-158.04946,21.34854],[-158.04934,21.34899],[-158.0492,21.34955],[-158.04911,21.35002],[-158.04903,21.35053],[-158.04898,21.35091],[-158.04895,21.35139],[-158.04894,21.35168],[-158.04893,21.3521],[-158.04895,21.35259],[-158.04898,21.35291],[-158.04904,21.35345],[-158.04913,21.35398],[-158.04917,21.35419],[-158.04932,21.35481],[-158.04956,21.35557],[-158.04974,21.35605],[-158.05002,21.35668],[-158.05036,21.3573],[-158.05066,21.35777],[-158.05096,21.3582],[-158.05119,21.35853],[-158.0514,21.35883],[-158.05165,21.35921],[-158.05175,21.35938],[-158.05184,21.35957],[-158.05192,21.35978],[-158.052,21.36003],[-158.05204,21.36024],[-158.05208,21.36057],[-158.05208,21.36081],[-158.05207,21.36104],[-158.05196,21.36156],[-158.05185,21.36186],[-158.05172,21.36212],[-158.05143,21.36256],[-158.05121,21.3628],[-158.05101,21.36298],[-158.05082,21.36313],[-158.0452,21.36698],[-158.04307,21.36844],[-158.04287,21.36858],[-158.04262,21.36875],[-158.04227,21.36899],[-158.04193,21.36922],[-158.04181,21.36931],[-158.04151,21.36957],[-158.04131,21.36978],[-158.04117,21.36995],[-158.04104,21.37013],[-158.04093,21.37031],[-158.04083,21.37051],[-158.04077,21.37063],[-158.04073,21.37074],[-158.04067,21.37087],[-158.04059,21.37113],[-158.04054,21.37132],[-158.04048,21.37154],[-158.0404,21.37179],[-158.04035,21.37198],[-158.0403,21.37212],[-158.04025,21.37224],[-158.0402,21.37235],[-158.04009,21.37256],[-158.04001,21.37271],[-158.03993,21.37283],[-158.03984,21.37295],[-158.03968,21.37315],[-158.03952,21.37331],[-158.03937,21.37346],[-158.03919,21.3736],[-158.03906,21.3737],[-158.03891,21.3738],[-158.0388,21.37387],[-158.03862,21.37396],[-158.03847,21.37403],[-158.03837,21.37408],[-158.03821,21.37414],[-158.03808,21.37419],[-158.03792,21.37423],[-158.03776,21.37428],[-158.03758,21.37431],[-158.03743,21.37434],[-158.03719,21.37436],[-158.03691,21.37437],[-158.03644,21.37439],[-158.03415,21.37443],[-158.03222,21.37447],[-158.03169,21.37448],[-158.03145,21.37449],[-158.03112,21.37451],[-158.03084,21.37454],[-158.03062,21.37457],[-158.03037,21.37461],[-158.03004,21.37468],[-158.02965,21.37477],[-158.02925,21.37488],[-158.0287,21.37508],[-158.02843,21.37518],[-158.0281,21.37533],[-158.02768,21.37555],[-158.02719,21.37581],[-158.02701,21.3759],[-158.02618,21.37634],[-158.02538,21.37677],[-158.02483,21.37705],[-158.02447,21.37724],[-158.0241,21.37743],[-158.02385,21.37756],[-158.02341,21.37779],[-158.02273,21.37814],[-158.02129,21.37888],[-158.02025,21.37941],[-158.01955,21.37976],[-158.01899,21.38004],[-158.01804,21.38051],[-158.01742,21.38082],[-158.0168,21.3811],[-158.01639,21.38127],[-158.01597,21.38144],[-158.01536,21.38167],[-158.01474,21.38188],[-158.01424,21.38203],[-158.01377,21.38216],[-158.01291,21.38237],[-158.012,21.38256],[-158.01049,21.3829],[-158.01,21.383],[-158.00947,21.38309],[-158.00866,21.38321],[-158.00761,21.38339],[-158.00658,21.38357],[-158.00591,21.38369],[-158.0047,21.38393],[-158.00382,21.38409],[-158.00362,21.38413],[-158.00314,21.38422],[-158.00275,21.38429],[-158.0024,21.38435],[-158.00209,21.38442],[-158.00178,21.38449],[-158.00158,21.38455],[-158.00136,21.38462],[-158.00107,21.38471],[-158.00071,21.38485],[-158.00042,21.38498],[-158.00009,21.38513],[-157.99985,21.38526],[-157.99964,21.38538],[-157.9994,21.38552],[-157.99919,21.38566],[-157.99899,21.3858],[-157.99877,21.38596],[-157.99863,21.38608],[-157.99833,21.38632],[-157.99749,21.38702],[-157.99707,21.38738],[-157.99671,21.38769],[-157.99644,21.38793],[-157.99617,21.38816],[-157.99588,21.38841],[-157.99557,21.38866],[-157.99536,21.38883],[-157.99519,21.38895],[-157.99488,21.38916],[-157.99461,21.38934],[-157.99432,21.38954],[-157.99404,21.38974],[-157.99369,21.39003],[-157.99347,21.39021],[-157.99326,21.39039],[-157.99297,21.39064],[-157.9925,21.39104],[-157.99214,21.39134],[-157.99189,21.39156],[-157.99162,21.39178],[-157.99147,21.39189],[-157.99131,21.392],[-157.99112,21.39212],[-157.9909,21.39223],[-157.99071,21.39232],[-157.99058,21.39237],[-157.99047,21.39241],[-157.99025,21.39249],[-157.99007,21.39254],[-157.98991,21.39258],[-157.98973,21.39261],[-157.98954,21.39265],[-157.98933,21.39269],[-157.98909,21.39273],[-157.98892,21.39276],[-157.98876,21.39279],[-157.98864,21.39281],[-157.9885,21.39284],[-157.98825,21.39288],[-157.98808,21.39292],[-157.9878,21.393],[-157.98762,21.39306],[-157.98732,21.39318],[-157.98712,21.39328],[-157.98688,21.39341],[-157.98668,21.39354],[-157.98649,21.39367],[-157.98627,21.39383],[-157.98605,21.39399],[-157.98577,21.3942],[-157.9856,21.39433],[-157.98533,21.39453],[-157.98511,21.39469],[-157.98487,21.39486],[-157.98447,21.39516],[-157.98416,21.39539],[-157.98361,21.39579],[-157.98297,21.39627],[-157.98275,21.39643],[-157.98266,21.39649],[-157.98255,21.39657],[-157.98244,21.39664],[-157.98232,21.3967],[-157.98211,21.39679],[-157.98196,21.39684],[-157.98175,21.3969],[-157.98164,21.39692],[-157.98154,21.39694],[-157.9814,21.39695],[-157.98125,21.39696],[-157.98108,21.39695],[-157.98091,21.39694],[-157.98073,21.39691],[-157.98055,21.39687],[-157.98039,21.39682],[-157.98015,21.39674],[-157.97986,21.39666]]}},{"type":"Feature","properties":{"type":"Light Rail","network":"Honolulu Skyline","route_name":"Skyline","color":"#1d4270","is_station":true,"station_name":"Kahauiki Kalihi Transit Center"},"geometry":{"type":"Point","coordinates":[-157.8888,21.33274]}},{"type":"Feature","properties":{"type":"Light Rail","network":"Honolulu Skyline","route_name":"Skyline","color":"#1d4270","is_station":true,"station_name":"Kualaka'I East Kapolei Station"},"geometry":{"type":"Point","coordinates":[-158.051,21.34557]}},{"type":"Feature","properties":{"type":"Light Rail","network":"Honolulu Skyline","route_name":"Skyline","color":"#1d4270","is_station":true,"station_name":"Pouhala Waipahu Transit Center"},"geometry":{"type":"Point","coordinates":[-158.00382,21.38409]}},{"type":"Feature","properties":{"type":"Light Rail","network":"Honolulu Skyline","route_name":"Skyline","color":"#1d4270","is_station":true,"station_name":"Kalauao Pearlridge Station"},"geometry":{"type":"Point","coordinates":[-157.94709,21.38388]}},{"type":"Feature","properties":{"type":"Light Rail","network":"Honolulu Skyline","route_name":"Skyline","color":"#1d4270","is_station":true,"station_name":"Ahua Lagoon Drive Station"},"geometry":{"type":"Point","coordinates":[-157.90138,21.33278]}},{"type":"Feature","properties":{"type":"Light Rail","network":"Honolulu Skyline","route_name":"Skyline","color":"#1d4270","is_station":true,"station_name":"Ho'Ae'Ae West Loch Station"},"geometry":{"type":"Point","coordinates":[-158.02273,21.37814]}},{"type":"Feature","properties":{"type":"Light Rail","network":"Honolulu Skyline","route_name":"Skyline","color":"#1d4270","is_station":true,"station_name":"Halawa Aloha Stadium Station"},"geometry":{"type":"Point","coordinates":[-157.93382,21.37108]}},{"type":"Feature","properties":{"type":"Light Rail","network":"Honolulu Skyline","route_name":"Skyline","color":"#1d4270","is_station":true,"station_name":"Lelepaua Daniel K. Inouye International Airport Station"},"geometry":{"type":"Point","coordinates":[-157.92095,21.33378]}},{"type":"Feature","properties":{"type":"Light Rail","network":"Honolulu Skyline","route_name":"Skyline","color":"#1d4270","is_station":true,"station_name":"Keone'Ae U.H. West Oahu Station"},"geometry":{"type":"Point","coordinates":[-158.05119,21.35853]}},{"type":"Feature","properties":{"type":"Light Rail","network":"Honolulu Skyline","route_name":"Skyline","color":"#1d4270","is_station":true,"station_name":"Waiawa Pearl Highlands Station"},"geometry":{"type":"Point","coordinates":[-157.97985,21.39669]}},{"type":"Feature","properties":{"type":"Light Rail","network":"Honolulu Skyline","route_name":"Skyline","color":"#1d4270","is_station":true,"station_name":"Halaulani Leeward Community College Station"},"geometry":{"type":"Point","coordinates":[-157.9856,21.39432]}},{"type":"Feature","properties":{"type":"Light Rail","network":"Honolulu Skyline","route_name":"Skyline","color":"#1d4270","is_station":true,"station_name":"Makalapa Joint Base Pearl Harbor-Hickam Station"},"geometry":{"type":"Point","coordinates":[-157.93535,21.35204]}},{"type":"Feature","properties":{"type":"Light Rail","network":"Honolulu Skyline","route_name":"Skyline","color":"#1d4270","is_station":true,"station_name":"Honouliuli Ho'Opili Station"},"geometry":{"type":"Point","coordinates":[-158.0452,21.36698]}}]}