{
  "type": "FeatureCollection",
  "features": [
    {
      "type": "Feature",
      "properties": {
        "type": "Light Rail",
        "network": "JNET",
        "route_name": "Light Green Line",
        "color": "#90EE90"
      },
      "geometry": {
        "type": "LineString",
        "coordinates": [
          [
            35.240312325231976,
            31.844361099155723
          ],
          [
            35.24031481262175,
            31.8442883222931
          ],
          [
            35.2403093555563,
            31.84415069050112
          ],
          [
            35.24029357180875,
            31.8430888778209
          ],
          [
            35.24030432873407,
            31.8419912655155
          ],
          [
            35.2403063647258,
            31.841501912732408
          ],
          [
            35.24030041952688,
            31.840657494767036
          ],
          [
            35.240301737316784,
            31.839810040876213
          ],
          [
            35.24030594716205,
            31.839492448858298
          ],
          [
            35.24030534071171,
            31.839218607061255
          ],
          [
            35.240298602974235,
            31.839142372396577
          ],
          [
            35.24026566948983,
            31.838979601467965
          ],
          [
            35.24019574514792,
            31.83878856569373
          ],
          [
            35.2400226243971,
            31.8385555395475
          ],
          [
            35.23982257038978,
            31.838389879545538
          ],
          [
            35.23957063319261,
            31.838254640679896
          ],
          [
            35.239382635318975,
            31.83818430235732
          ],
          [
            35.23919529595314,
            31.83812829011819
          ],
          [
            35.23876399651035,
            31.83805711151973
          ],
          [
            35.23858720747236,
            31.838059545237158
          ],
          [
            35.238405529003195,
            31.838069734885647
          ],
          [
            35.23815199067491,
            31.838090566901478
          ],
          [
            35.2367593919014,
            31.838267499393428
          ],
          [
            35.23647110162099,
            31.83829390117969
          ],
          [
            35.236040101413515,
            31.83830975742959
          ],
          [
            35.23581024656872,
            31.83831117954864
          ],
          [
            35.23563858180426,
            31.838304636459895
          ],
          [
            35.23538013760085,
            31.83827888169897
          ],
          [
            35.234913057110745,
            31.838226022193503
          ],
          [
            35.23471873648734,
            31.8381832782291
          ],
          [
            35.23458105932493,
            31.83812544733482
          ],
          [
            35.2344866997309,
            31.838048517866852
          ],
          [
            35.23441277433102,
            31.837967777786677
          ],
          [
            35.23436785656785,
            31.837888676707987
          ],
          [
            35.234327487829155,
            31.837737406143386
          ],
          [
            35.23406287844065,
            31.836618204580454
          ],
          [
            35.233993434193955,
            31.836263266673377
          ],
          [
            35.233966634334514,
            31.83606973012985
          ],
          [
            35.23396098765234,
            31.83589256239331
          ],
          [
            35.23397978908887,
            31.835689141993154
          ],
          [
            35.2340570284669,
            31.835408953770003
          ],
          [
            35.23409187131307,
            31.83535632361353
          ],
          [
            35.23425894714434,
            31.835027794929424
          ],
          [
            35.23468092129754,
            31.834254661625906
          ],
          [
            35.23471389349177,
            31.83418229507437
          ],
          [
            35.2347326061649,
            31.834140533867778
          ],
          [
            35.2347593960976,
            31.834012154896186
          ],
          [
            35.23478340931637,
            31.83308597988095
          ],
          [
            35.23480244551256,
            31.832570327632986
          ],
          [
            35.23482496479507,
            31.83237628340051
          ],
          [
            35.23489572162756,
            31.832229162766172
          ],
          [
            35.23500188722062,
            31.832102076900473
          ],
          [
            35.2351828026093,
            31.831933216172423
          ],
          [
            35.23539142330087,
            31.831752258459034
          ],
          [
            35.23616815681608,
            31.831010585779794
          ],
          [
            35.236362614976514,
            31.83081583098685
          ],
          [
            35.23649695350532,
            31.830655037906265
          ],
          [
            35.23669096326321,
            31.830380705648892
          ],
          [
            35.23693893355043,
            31.829992737082623
          ],
          [
            35.23722034401181,
            31.82954859670399
          ],
          [
            35.237377905802475,
            31.829358860392787
          ],
          [
            35.237473460934744,
            31.829277946431546
          ],
          [
            35.23763485924993,
            31.829188568685417
          ],
          [
            35.23782935590316,
            31.829123138436852
          ],
          [
            35.237986808484315,
            31.82910165236961
          ],
          [
            35.2391360036552,
            31.828942958216594
          ],
          [
            35.23932044797146,
            31.82890294034878
          ],
          [
            35.23944208877858,
            31.828864546537048
          ],
          [
            35.23965925851934,
            31.828741387070917
          ],
          [
            35.23994383117213,
            31.828564307564555
          ],
          [
            35.24014510682276,
            31.828425807853744
          ],
          [
            35.240325929740024,
            31.828213464949087
          ],
          [
            35.24037232531772,
            31.828124993513857
          ],
          [
            35.24042937580935,
            31.827998582427067
          ],
          [
            35.24054060814404,
            31.82759258054639
          ],
          [
            35.24066079853905,
            31.82712042272297
          ],
          [
            35.240670332290186,
            31.82704641896133
          ],
          [
            35.240673346814994,
            31.826945830023387
          ],
          [
            35.24067049548157,
            31.826877018040555
          ],
          [
            35.24066104040742,
            31.826819455631604
          ],
          [
            35.24064240747539,
            31.826732569021242
          ],
          [
            35.24061209884999,
            31.826644103898726
          ],
          [
            35.24054913995351,
            31.82653505278657
          ],
          [
            35.24035127817783,
            31.826234715173168
          ],
          [
            35.24017779506712,
            31.826010212122352
          ],
          [
            35.23995186759003,
            31.825716306404573
          ],
          [
            35.239819901720296,
            31.82557126739906
          ],
          [
            35.23890077759618,
            31.824983581341538
          ],
          [
            35.23791458854816,
            31.824384451980166
          ],
          [
            35.2378268602248,
            31.82427354639164
          ],
          [
            35.23775799624779,
            31.82413442817524
          ],
          [
            35.23759596171759,
            31.823368385565956
          ],
          [
            35.23759448319717,
            31.823283105582416
          ],
          [
            35.23761902878382,
            31.823151385071032
          ],
          [
            35.237690892121435,
            31.823005537582535
          ],
          [
            35.23789284285669,
            31.822721298032377
          ],
          [
            35.23796530867018,
            31.82264611633603
          ],
          [
            35.23808383302586,
            31.82252514703368
          ],
          [
            35.238322989265086,
            31.822347557185303
          ],
          [
            35.2388013339144,
            31.8220897284887
          ],
          [
            35.23934215505264,
            31.82180653117542
          ],
          [
            35.239514218822066,
            31.821705063415564
          ],
          [
            35.239749048179526,
            31.821505349098345
          ],
          [
            35.23987867131625,
            31.82138314402414
          ],
          [
            35.24008540162178,
            31.821109499788676
          ],
          [
            35.24020380448601,
            31.820879922109505
          ],
          [
            35.24024633601839,
            31.82077218666362
          ],
          [
            35.24030041963277,
            31.820572217094156
          ],
          [
            35.240355353855946,
            31.82026439296835
          ],
          [
            35.24036094477399,
            31.820147829868414
          ],
          [
            35.2403566011282,
            31.82007541989542
          ],
          [
            35.24034761987156,
            31.820017193515667
          ],
          [
            35.240312467153615,
            31.81993241359496
          ],
          [
            35.240269304469564,
            31.819840046955242
          ],
          [
            35.24016865559481,
            31.819722558610316
          ],
          [
            35.23996069600435,
            31.819562038296045
          ],
          [
            35.238263644682426,
            31.81900510293545
          ],
          [
            35.237588432175286,
            31.81885066019729
          ],
          [
            35.23690538680115,
            31.81879531604844
          ],
          [
            35.236609305528034,
            31.818788745412025
          ],
          [
            35.235987251904334,
            31.81881037529056
          ],
          [
            35.2355093591972,
            31.81883516502059
          ],
          [
            35.23515447260638,
            31.818887745984096
          ],
          [
            35.23477351612233,
            31.818981094295822
          ],
          [
            35.23364261785697,
            31.81928319669636
          ],
          [
            35.233368631371995,
            31.819339047647496
          ],
          [
            35.232922643163796,
            31.819405469970675
          ],
          [
            35.2327660131688,
            31.81941776350392
          ],
          [
            35.23255083601832,
            31.819424074340787
          ],
          [
            35.232318115984825,
            31.81939737148882
          ],
          [
            35.23153875528705,
            31.819296905144085
          ],
          [
            35.23140251930544,
            31.819290372229027
          ],
          [
            35.23127005804261,
            31.819286939792608
          ],
          [
            35.23110238852041,
            31.819298905330058
          ],
          [
            35.23090328791399,
            31.819334738875288
          ],
          [
            35.23078173458901,
            31.819366976737857
          ],
          [
            35.23058215226492,
            31.81944481294324
          ],
          [
            35.229892626166105,
            31.81975763273465
          ],
          [
            35.22978224968891,
            31.81978569190627
          ],
          [
            35.22966346690941,
            31.819798587351293
          ],
          [
            35.22873086120478,
            31.81980880564617
          ],
          [
            35.22868614634745,
            31.819803445509443
          ],
          [
            35.228652609766115,
            31.819795696976808
          ],
          [
            35.22861732619637,
            31.81978377326051
          ],
          [
            35.228590424612136,
            31.81977154944119
          ],
          [
            35.22856631858105,
            31.819758430465555
          ],
          [
            35.22854081372883,
            31.819739644605203
          ],
          [
            35.22852054797638,
            31.819722050882177
          ],
          [
            35.228492243491,
            31.819684176354535
          ],
          [
            35.228473975883695,
            31.819633017674867
          ],
          [
            35.228444772655564,
            31.81936184075082
          ],
          [
            35.228432151209496,
            31.81918216920826
          ],
          [
            35.22841331346698,
            31.819008284112087
          ],
          [
            35.22838772748161,
            31.81873067276224
          ],
          [
            35.22834514862296,
            31.818329813184338
          ],
          [
            35.228311614495375,
            31.81804112330398
          ],
          [
            35.2282854815067,
            31.81774929452754
          ],
          [
            35.228282730043254,
            31.817600419729068
          ],
          [
            35.22828657270839,
            31.817502538091148
          ],
          [
            35.228310732293515,
            31.817343880537692
          ],
          [
            35.22838943101317,
            31.81676780901152
          ],
          [
            35.228447890354964,
            31.81633447953237
          ],
          [
            35.22849038818421,
            31.816002423956824
          ],
          [
            35.22851485893659,
            31.815857321790087
          ],
          [
            35.22855359215823,
            31.81565574114372
          ],
          [
            35.228600923098526,
            31.815522228658526
          ],
          [
            35.22864858888021,
            31.81542594755655
          ],
          [
            35.2288004994856,
            31.815197328961254
          ],
          [
            35.228901849691034,
            31.81507893436515
          ],
          [
            35.22898976343794,
            31.814977173060274
          ],
          [
            35.2290955624902,
            31.814885811841062
          ],
          [
            35.22920619952603,
            31.814802276644347
          ],
          [
            35.22958632260309,
            31.814598785616827
          ],
          [
            35.22984161732482,
            31.814457858994725
          ],
          [
            35.230003109078474,
            31.814368108327454
          ],
          [
            35.23013870724334,
            31.81428674705544
          ],
          [
            35.23032634855461,
            31.814181957974156
          ],
          [
            35.230485044941894,
            31.814092685232712
          ],
          [
            35.23065270915972,
            31.813963736799035
          ],
          [
            35.230768749867465,
            31.813816002694
          ],
          [
            35.23098005844265,
            31.813514305874932
          ],
          [
            35.23110407480783,
            31.81332887837953
          ],
          [
            35.2313418067469,
            31.812972859515362
          ],
          [
            35.23212245143858,
            31.81182784520876
          ],
          [
            35.23231172196246,
            31.811640086400036
          ],
          [
            35.23284877942657,
            31.81124671151331
          ],
          [
            35.233110546700665,
            31.811058149842818
          ],
          [
            35.233278161386615,
            31.810921506124632
          ],
          [
            35.233332213060564,
            31.810864266848384
          ],
          [
            35.23344027685269,
            31.810735332667882
          ],
          [
            35.233532426944585,
            31.81054203601438
          ],
          [
            35.23356088152177,
            31.81039027267317
          ],
          [
            35.2335709090534,
            31.810288621474413
          ],
          [
            35.23357064048747,
            31.809987314614688
          ],
          [
            35.233573077698374,
            31.809692971119812
          ],
          [
            35.233573373131314,
            31.809331099333022
          ],
          [
            35.23359557711773,
            31.809111150270283
          ],
          [
            35.23362762908448,
            31.808962287273065
          ],
          [
            35.23396933184673,
            31.807909144296183
          ],
          [
            35.234328751073555,
            31.80683082125025
          ],
          [
            35.23433567118757,
            31.80677088792608
          ],
          [
            35.23433340378435,
            31.806672102827704
          ],
          [
            35.234314379310895,
            31.806594383197325
          ],
          [
            35.2342542785198,
            31.806424314937825
          ],
          [
            35.23416359445722,
            31.80618414661333
          ],
          [
            35.234137690122644,
            31.80608347133918
          ],
          [
            35.234133431736105,
            31.80600279922428
          ],
          [
            35.23418298554408,
            31.805869761020695
          ],
          [
            35.23426242447394,
            31.80570108415507
          ],
          [
            35.23440411632987,
            31.805359954690275
          ],
          [
            35.23450846409623,
            31.805118709831827
          ],
          [
            35.2345950156699,
            31.80491543110235
          ],
          [
            35.23462502122255,
            31.80481885777744
          ],
          [
            35.234648451900036,
            31.804696444700333
          ],
          [
            35.234661981284084,
            31.804545185027173
          ],
          [
            35.234669485365195,
            31.804421343590604
          ],
          [
            35.23466727168336,
            31.80431654588681
          ],
          [
            35.234634308059164,
            31.803975859557433
          ],
          [
            35.23451658527081,
            31.803403590936227
          ],
          [
            35.23441824268058,
            31.80303740144281
          ],
          [
            35.23428485997306,
            31.802647190537154
          ],
          [
            35.23404624356877,
            31.802162306258445
          ],
          [
            35.23379295915967,
            31.801749395276893
          ],
          [
            35.23349906985657,
            31.801320041654545
          ],
          [
            35.23326857010457,
            31.800996025038817
          ],
          [
            35.23314262882613,
            31.80080287123135
          ],
          [
            35.23306924492819,
            31.80066568541717
          ],
          [
            35.23296726077116,
            31.800469544568507
          ],
          [
            35.23285655771603,
            31.800266272020007
          ],
          [
            35.23276916571036,
            31.800093440311098
          ],
          [
            35.23264588130854,
            31.79986153694222
          ],
          [
            35.232577114265666,
            31.79974081469445
          ],
          [
            35.232406060261695,
            31.799528964090058
          ],
          [
            35.232287831950885,
            31.799380096159506
          ],
          [
            35.23207751441976,
            31.79913049361934
          ],
          [
            35.23171723908825,
            31.798708684927952
          ],
          [
            35.2314210719106,
            31.798376408066442
          ],
          [
            35.23129190874404,
            31.798259615436915
          ],
          [
            35.2306320356343,
            31.797671906028025
          ],
          [
            35.23029928689473,
            31.797883384122134
          ],
          [
            35.23013796298446,
            31.797967527712782
          ],
          [
            35.229957767778984,
            31.798009439892375
          ],
          [
            35.229822473108136,
            31.798009646321074
          ],
          [
            35.229569315763435,
            31.7979561117493
          ],
          [
            35.22939621726055,
            31.79789494140707
          ],
          [
            35.22846132877341,
            31.797642414215503
          ],
          [
            35.22823788279753,
            31.797619056895453
          ],
          [
            35.22803721232258,
            31.797618795614905
          ],
          [
            35.227832566509264,
            31.797645080412757
          ],
          [
            35.227659941231764,
            31.797713225193057
          ],
          [
            35.22701799399576,
            31.798078416888956
          ],
          [
            35.22653219331249,
            31.798327374522643
          ],
          [
            35.2256716012295,
            31.79873721825912
          ],
          [
            35.22554790482396,
            31.79881931341172
          ],
          [
            35.225258100435326,
            31.79911115129479
          ],
          [
            35.22517499423666,
            31.79916723941427
          ],
          [
            35.225083502060436,
            31.799211993607113
          ],
          [
            35.224997593404034,
            31.799231096702805
          ],
          [
            35.224935428946,
            31.79923408907247
          ],
          [
            35.22487745459373,
            31.79923230910639
          ],
          [
            35.22477966182795,
            31.799207269789093
          ],
          [
            35.22458248135283,
            31.799125165939756
          ],
          [
            35.22441424596583,
            31.79905072019824
          ],
          [
            35.22389775239247,
            31.798796057112977
          ],
          [
            35.22368045572836,
            31.798654676973467
          ],
          [
            35.223431763863054,
            31.798492934872822
          ],
          [
            35.22328813523342,
            31.798385580340756
          ],
          [
            35.22320216125928,
            31.79831950704499
          ],
          [
            35.223030858095846,
            31.798125212574952
          ],
          [
            35.22295237371162,
            31.798012784335643
          ],
          [
            35.22273719845263,
            31.7976662841171
          ],
          [
            35.222628195950065,
            31.797457990808102
          ],
          [
            35.22251087608021,
            31.797216293508676
          ],
          [
            35.222346987506874,
            31.796925432483683
          ],
          [
            35.222251737851444,
            31.796742382118072
          ],
          [
            35.22219640700844,
            31.79667366957787
          ],
          [
            35.22213939876154,
            31.796607104526952
          ],
          [
            35.22200359761035,
            31.79649760014738
          ],
          [
            35.22186780227654,
            31.796423171800758
          ],
          [
            35.22175301933207,
            31.796377309867882
          ],
          [
            35.22161136561263,
            31.796346548250153
          ],
          [
            35.22135488177739,
            31.796298620750452
          ],
          [
            35.22121490421367,
            31.796268574530824
          ],
          [
            35.22110342492561,
            31.7962413868894
          ],
          [
            35.22100032647169,
            31.79620704015799
          ],
          [
            35.22090896218203,
            31.79617555517616
          ],
          [
            35.220798318497984,
            31.796131188000984
          ],
          [
            35.21990653692674,
            31.795799218707316
          ],
          [
            35.2196349078932,
            31.795678539898194
          ],
          [
            35.2193323106635,
            31.795514648818013
          ],
          [
            35.218821113514664,
            31.795246807421318
          ],
          [
            35.218462359326715,
            31.79505213893514
          ],
          [
            35.21804660651033,
            31.794818820808214
          ],
          [
            35.21783675890482,
            31.794709192639168
          ],
          [
            35.21760297298336,
            31.794599234707448
          ],
          [
            35.217117939726926,
            31.79436926105024
          ],
          [
            35.216943431537594,
            31.794307071934657
          ],
          [
            35.21645170219646,
            31.79413054577676
          ],
          [
            35.215838685618465,
            31.793931534844738
          ],
          [
            35.21555888804035,
            31.793826910715037
          ],
          [
            35.21520686091653,
            31.793716701542127
          ],
          [
            35.21460506074964,
            31.793512021056483
          ],
          [
            35.21438881438503,
            31.793426137666636
          ],
          [
            35.2142781764875,
            31.793376037213708
          ],
          [
            35.21386411787997,
            31.793136978546414
          ],
          [
            35.213575785204036,
            31.792960903228252
          ],
          [
            35.213381330289174,
            31.792849246463216
          ],
          [
            35.213079588458356,
            31.792661717566055
          ],
          [
            35.21286334484013,
            31.792568672759874
          ],
          [
            35.212653686863234,
            31.7924829438002
          ],
          [
            35.21237700482954,
            31.792391925744326
          ],
          [
            35.212038615472274,
            31.792322476469746
          ],
          [
            35.211995396115874,
            31.79231565027541
          ],
          [
            35.21160614282289,
            31.792273824414117
          ],
          [
            35.21137146918627,
            31.7922709739181
          ],
          [
            35.21114348074373,
            31.792272570521686
          ],
          [
            35.21088757724443,
            31.79229930783651
          ],
          [
            35.21067525734235,
            31.79235181354476
          ],
          [
            35.21046244200747,
            31.792404664326817
          ],
          [
            35.21003221290705,
            31.792487004635138
          ],
          [
            35.209718793655654,
            31.79252967039365
          ],
          [
            35.20947783542371,
            31.79255950659575
          ],
          [
            35.20898753576883,
            31.792576227750548
          ],
          [
            35.20887040800686,
            31.79254810519306
          ],
          [
            35.20877122661769,
            31.792480103423348
          ],
          [
            35.208714650477624,
            31.792406135401954
          ],
          [
            35.20869243729768,
            31.79232870677029
          ],
          [
            35.208688940969836,
            31.792252350712715
          ],
          [
            35.20870430141711,
            31.79211992026616
          ],
          [
            35.20871128042638,
            31.792016719661387
          ],
          [
            35.2087212857016,
            31.791892442027333
          ],
          [
            35.20870800825952,
            31.791736747720833
          ],
          [
            35.208662136376944,
            31.791525975430613
          ],
          [
            35.20862609179164,
            31.791410408364975
          ],
          [
            35.20853054159486,
            31.791261516538842
          ],
          [
            35.208419366484556,
            31.791130606928366
          ],
          [
            35.20827323125999,
            31.790993085954646
          ],
          [
            35.208164319805235,
            31.790894819995174
          ],
          [
            35.20799669370145,
            31.79074879404815
          ],
          [
            35.20713289946579,
            31.79004543354377
          ],
          [
            35.206285719634934,
            31.789399203936725
          ],
          [
            35.205749335773874,
            31.788991182918853
          ],
          [
            35.20557501133102,
            31.78885947053832
          ],
          [
            35.20547100655146,
            31.788765727641927
          ],
          [
            35.205336562701234,
            31.788660441287302
          ],
          [
            35.2051439717241,
            31.788617018712003
          ],
          [
            35.205091780795684,
            31.788591451751003
          ],
          [
            35.20483885714158,
            31.788394123399147
          ],
          [
            35.20463916936758,
            31.788226044828733
          ],
          [
            35.20450172441645,
            31.788103875111904
          ],
          [
            35.204432443000144,
            31.78804947149017
          ],
          [
            35.20437940581445,
            31.78801303614112
          ],
          [
            35.20424522064939,
            31.787979996056155
          ],
          [
            35.20410838642644,
            31.78795593455632
          ],
          [
            35.20366636989815,
            31.787940024786735
          ],
          [
            35.20310904789682,
            31.787926896245292
          ],
          [
            35.20280259136801,
            31.787918203244327
          ],
          [
            35.20256094581673,
            31.787907461533656
          ],
          [
            35.20240729844252,
            31.78790268743687
          ],
          [
            35.202118161058124,
            31.78789433036327
          ],
          [
            35.20198603725707,
            31.787883985486086
          ],
          [
            35.20182762969614,
            31.78782393401595
          ],
          [
            35.201750807201115,
            31.78776666542617
          ],
          [
            35.20166088665441,
            31.78765465560967
          ],
          [
            35.20139658968979,
            31.786927328495892
          ],
          [
            35.20120195168442,
            31.7864379156778
          ],
          [
            35.2008247290911,
            31.78563492331695
          ],
          [
            35.20044843540452,
            31.785805307669925
          ],
          [
            35.199753081168126,
            31.786207846839016
          ],
          [
            35.19900459414347,
            31.786691671916515
          ],
          [
            35.19876050476289,
            31.786852062696592
          ],
          [
            35.19840687600346,
            31.787044475803892
          ],
          [
            35.19768132245639,
            31.787289683960086
          ],
          [
            35.19728495066746,
            31.78742544335295
          ],
          [
            35.19704326682334,
            31.7874945889314
          ],
          [
            35.1968360534334,
            31.787541278472833
          ],
          [
            35.196676266665484,
            31.787568462868588
          ],
          [
            35.19639647631615,
            31.787605707628117
          ],
          [
            35.196208098486636,
            31.787629601494963
          ],
          [
            35.195835414692354,
            31.78764590086861
          ],
          [
            35.19556367121418,
            31.78766312977435
          ],
          [
            35.19537891038474,
            31.787676112188283
          ],
          [
            35.195263961171335,
            31.78767368334472
          ],
          [
            35.1950979767711,
            31.78768210970809
          ],
          [
            35.19394621347751,
            31.78767915776498
          ],
          [
            35.19259919058705,
            31.787657805864033
          ],
          [
            35.19090654299096,
            31.787629331000716
          ],
          [
            35.18894305703797,
            31.787635095135812
          ],
          [
            35.18802496175746,
            31.78766116722163
          ],
          [
            35.18551278252771,
            31.787662864272708
          ],
          [
            35.18447958788692,
            31.787687955652828
          ],
          [
            35.18370592232086,
            31.787616346187075
          ],
          [
            35.18227759263435,
            31.787435440617188
          ],
          [
            35.18153671398035,
            31.787366490438234
          ],
          [
            35.18110223418613,
            31.78733875180712
          ],
          [
            35.18080355155402,
            31.78736323745329
          ],
          [
            35.180542283894354,
            31.78739825213685
          ],
          [
            35.18037058327627,
            31.78743966833794
          ],
          [
            35.18022878729272,
            31.78749222595515
          ]
        ]
      }
    },
    {
      "type": "Feature",
      "properties": {
        "type": "Light Rail",
        "network": "JNET",
        "route_name": "Blue Line",
        "color": "#005C9E"
      },
      "geometry": {
        "type": "LineString",
        "coordinates": [
          [
            35.18090419396633,
            31.73364557961265
          ],
          [
            35.179314694905216,
            31.734804943288385
          ],
          [
            35.17860201708038,
            31.735379384659165
          ],
          [
            35.17843667111357,
            31.735587422833923
          ],
          [
            35.17834839037174,
            31.735777341351884
          ],
          [
            35.17830924743991,
            31.735970134188413
          ],
          [
            35.178312545482065,
            31.736156254842925
          ],
          [
            35.17835493457471,
            31.736334746665438
          ],
          [
            35.17841408493851,
            31.736477928206245
          ],
          [
            35.17851008595915,
            31.736641159930063
          ],
          [
            35.17863848184402,
            31.7367814911987
          ],
          [
            35.178802614673565,
            31.73692564797797
          ],
          [
            35.17902258983229,
            31.737068860667154
          ],
          [
            35.17925261658255,
            31.73721398418043
          ],
          [
            35.17948822674349,
            31.737365790169466
          ],
          [
            35.17968862517188,
            31.73753410893018
          ],
          [
            35.17976621922281,
            31.737693301223622
          ],
          [
            35.179799019832956,
            31.737945449152463
          ],
          [
            35.17983755766449,
            31.738259231411607
          ],
          [
            35.17988999260576,
            31.738473994255994
          ],
          [
            35.180001947788256,
            31.738685522781196
          ],
          [
            35.18017989244882,
            31.738877942826413
          ],
          [
            35.18038924938925,
            31.739079305887003
          ],
          [
            35.18053385692639,
            31.739218069046053
          ],
          [
            35.18074827959287,
            31.73931260490021
          ],
          [
            35.18098074352285,
            31.739388130053957
          ],
          [
            35.18122678733905,
            31.739455283602247
          ],
          [
            35.1814774200225,
            31.739534862270773
          ],
          [
            35.1817179132686,
            31.739595282469285
          ],
          [
            35.18185203727257,
            31.739590320973747
          ],
          [
            35.181920104476504,
            31.739561601070566
          ],
          [
            35.18199050593225,
            31.739498073800373
          ],
          [
            35.18203238414801,
            31.73941544932956
          ],
          [
            35.18206806450218,
            31.739319920104204
          ],
          [
            35.182141897410226,
            31.73908109384272
          ],
          [
            35.182160103783794,
            31.73900426134693
          ],
          [
            35.18219452264858,
            31.738777267591004
          ],
          [
            35.182192124920974,
            31.738606156734967
          ],
          [
            35.18219748333691,
            31.73849745786209
          ],
          [
            35.182180078365214,
            31.73833991989673
          ],
          [
            35.18207055726682,
            31.737975763930393
          ],
          [
            35.18182861034259,
            31.737518233981856
          ],
          [
            35.18172244403302,
            31.737309779753918
          ],
          [
            35.18158482602175,
            31.737071071766927
          ],
          [
            35.181452876711305,
            31.73677630482264
          ],
          [
            35.18138033449462,
            31.73656917396725
          ],
          [
            35.18133573033315,
            31.736295236475502
          ],
          [
            35.18131682191133,
            31.735983125664415
          ],
          [
            35.18131467368066,
            31.73564333743588
          ],
          [
            35.181426086170895,
            31.73517468836689
          ],
          [
            35.18148141796535,
            31.73497426241925
          ],
          [
            35.18165742771397,
            31.734512574406118
          ],
          [
            35.181829202663984,
            31.734234857192174
          ],
          [
            35.18197415706475,
            31.73402585680778
          ],
          [
            35.18210066781981,
            31.73388127841498
          ],
          [
            35.18237294666279,
            31.733625053812986
          ],
          [
            35.18254049687194,
            31.73348620884056
          ],
          [
            35.18267285847643,
            31.733390309095395
          ],
          [
            35.18283453932515,
            31.73327580093346
          ],
          [
            35.18304982888234,
            31.73314483834408
          ],
          [
            35.18333380559431,
            31.732989547710673
          ],
          [
            35.1836613294276,
            31.73286146515507
          ],
          [
            35.184168097051156,
            31.732718378470125
          ],
          [
            35.18437750099839,
            31.732678324521043
          ],
          [
            35.18467401412667,
            31.732632557074215
          ],
          [
            35.18494706997019,
            31.732609692313872
          ],
          [
            35.185267029741624,
            31.732588265295735
          ],
          [
            35.185717585190176,
            31.732565909860565
          ],
          [
            35.1863133600852,
            31.7325390580945
          ],
          [
            35.18672034444135,
            31.732448917093283
          ],
          [
            35.18699733327388,
            31.732352143727585
          ],
          [
            35.18774642520514,
            31.731988529479498
          ],
          [
            35.188056265073214,
            31.73178680628209
          ],
          [
            35.188462474840144,
            31.73146014143225
          ],
          [
            35.18891372871733,
            31.731017241388024
          ],
          [
            35.18928081075424,
            31.73063266493001
          ],
          [
            35.189636062057644,
            31.730327817648167
          ],
          [
            35.18999370427073,
            31.730123989438965
          ],
          [
            35.19036569940353,
            31.72999133219524
          ],
          [
            35.190767177677095,
            31.729935832104385
          ],
          [
            35.19111846522153,
            31.72991944141602
          ],
          [
            35.19131314099406,
            31.729939694731097
          ],
          [
            35.191563878792714,
            31.729983517892304
          ],
          [
            35.19187300619343,
            31.73008521355903
          ],
          [
            35.19217025684137,
            31.730212447711153
          ],
          [
            35.192379422105155,
            31.730339144326678
          ],
          [
            35.192620196630756,
            31.730569982847694
          ],
          [
            35.192766649476326,
            31.730783802458255
          ],
          [
            35.19300813766905,
            31.73113983236337
          ],
          [
            35.19324581436018,
            31.731529419278644
          ],
          [
            35.19344713038279,
            31.731822789655325
          ],
          [
            35.1935692310618,
            31.73198003496655
          ],
          [
            35.19364346013212,
            31.73204914373818
          ],
          [
            35.193751954652804,
            31.732150154684064
          ],
          [
            35.19388539931355,
            31.732247112002216
          ],
          [
            35.19400518246931,
            31.732334142297745
          ],
          [
            35.194154907235465,
            31.732424046405885
          ],
          [
            35.194271112423756,
            31.732493823777684
          ],
          [
            35.194335574914,
            31.732528285004157
          ],
          [
            35.19464149911878,
            31.732674323912708
          ],
          [
            35.19488639697919,
            31.732757003466293
          ],
          [
            35.196554116386764,
            31.732955368514386
          ],
          [
            35.19693785039085,
            31.732981927926513
          ],
          [
            35.19732282153988,
            31.732978497956413
          ],
          [
            35.19770582686661,
            31.73294510006613
          ],
          [
            35.19808368238651,
            31.73288201548923
          ],
          [
            35.199795941877056,
            31.732526170110198
          ],
          [
            35.20078699176565,
            31.732317496953495
          ],
          [
            35.201642277379534,
            31.732197706599568
          ],
          [
            35.205387222972256,
            31.731745152762407
          ],
          [
            35.20552889915901,
            31.731737706046122
          ],
          [
            35.20567078122236,
            31.731741070543418
          ],
          [
            35.2058117580784,
            31.731755202976128
          ],
          [
            35.20595069859231,
            31.73178001678232
          ],
          [
            35.20608650328046,
            31.731815295538173
          ],
          [
            35.206218097978436,
            31.73186076871302
          ],
          [
            35.20634443911473,
            31.731916068380016
          ],
          [
            35.20646451159958,
            31.731980761682234
          ],
          [
            35.2065773763077,
            31.73205432918698
          ],
          [
            35.208727931388495,
            31.733590280092642
          ],
          [
            35.20898402817373,
            31.733797364836548
          ],
          [
            35.20921824677254,
            31.734022577038232
          ],
          [
            35.20942884382528,
            31.734264227720008
          ],
          [
            35.2096142373594,
            31.734520522380414
          ],
          [
            35.20977305322141,
            31.73478953393271
          ],
          [
            35.210937441223344,
            31.7369938728191
          ],
          [
            35.212257213024785,
            31.73916424177104
          ],
          [
            35.21251833147432,
            31.73958710241008
          ],
          [
            35.21346421126988,
            31.741018964603978
          ],
          [
            35.213535959693296,
            31.7411375814526
          ],
          [
            35.21360523158224,
            31.74125728065309
          ],
          [
            35.21367202164663,
            31.74137799727676
          ],
          [
            35.21396918476875,
            31.741927709768692
          ],
          [
            35.21409345763769,
            31.74216603730642
          ],
          [
            35.21423480982759,
            31.742397318175556
          ],
          [
            35.21439270100827,
            31.742620643299094
          ],
          [
            35.215115699087605,
            31.743574916240245
          ],
          [
            35.21537176694805,
            31.74388235266792
          ],
          [
            35.21564319380632,
            31.744180003980794
          ],
          [
            35.21592945198098,
            31.74446731819848
          ],
          [
            35.21626064857569,
            31.74478549246355
          ],
          [
            35.21634513884393,
            31.744882321451133
          ],
          [
            35.216419004743166,
            31.744985298367908
          ],
          [
            35.21648162770439,
            31.745093578258786
          ],
          [
            35.21739892400632,
            31.74687932016397
          ],
          [
            35.21759970759046,
            31.747262046454644
          ],
          [
            35.21832934078788,
            31.748696399941647
          ],
          [
            35.21849009821067,
            31.749013490813415
          ],
          [
            35.218639545581226,
            31.749362964441772
          ],
          [
            35.218770842226036,
            31.749706554453354
          ],
          [
            35.21949170537496,
            31.751535888961673
          ],
          [
            35.22004426272302,
            31.752946934196252
          ],
          [
            35.22024929386524,
            31.753439966584132
          ],
          [
            35.220362395693044,
            31.753685020332505
          ],
          [
            35.22047114853839,
            31.75389294279236
          ],
          [
            35.22061904535503,
            31.754123143934518
          ],
          [
            35.2216243000762,
            31.7555432476995
          ],
          [
            35.22211147543808,
            31.75615214305274
          ],
          [
            35.222302876252336,
            31.756452874934475
          ],
          [
            35.22247299732311,
            31.756796378660727
          ],
          [
            35.22280367865073,
            31.757683769693788
          ],
          [
            35.22336112469261,
            31.75891939307704
          ],
          [
            35.22349165417427,
            31.75923127884109
          ],
          [
            35.22368309078045,
            31.759617416883785
          ],
          [
            35.224924443706655,
            31.76198470817457
          ],
          [
            35.225017723920416,
            31.762220421120027
          ],
          [
            35.22508573599879,
            31.76246235990059
          ],
          [
            35.225127925156684,
            31.762708567641727
          ],
          [
            35.22522530312698,
            31.763536272512592
          ],
          [
            35.225240474919374,
            31.763697877070346
          ],
          [
            35.225239983267045,
            31.763860014455943
          ],
          [
            35.225223833115336,
            31.764021559165812
          ],
          [
            35.22519214236183,
            31.764181407316737
          ],
          [
            35.22514512391686,
            31.764338487470983
          ],
          [
            35.225083090971864,
            31.764491706525167
          ],
          [
            35.225006476021264,
            31.764640035383085
          ],
          [
            35.22473833660859,
            31.7651060686863
          ],
          [
            35.224633303368805,
            31.76532858846943
          ],
          [
            35.22454147913616,
            31.765555337538345
          ],
          [
            35.22446309082416,
            31.76578574231235
          ],
          [
            35.22404276852291,
            31.76714777231139
          ],
          [
            35.22401444383382,
            31.767275748389913
          ],
          [
            35.22399887540685,
            31.767405324185187
          ],
          [
            35.22399617182537,
            31.767535558159523
          ],
          [
            35.22400635406058,
            31.767665519606997
          ],
          [
            35.224029345966784,
            31.767794277832692
          ],
          [
            35.22409315521404,
            31.768072180424248
          ],
          [
            35.22436948650372,
            31.769188842801544
          ],
          [
            35.22431045065241,
            31.769354038289915
          ],
          [
            35.2242865320247,
            31.769423119664882
          ],
          [
            35.22425557289182,
            31.769490124276736
          ],
          [
            35.224217806423745,
            31.76955452179992
          ],
          [
            35.22306742987149,
            31.771317088151115
          ],
          [
            35.222988329504794,
            31.771433491626453
          ],
          [
            35.222898236243836,
            31.771543912001107
          ],
          [
            35.22279776536722,
            31.771647591614883
          ],
          [
            35.222687605015125,
            31.771743826907137
          ],
          [
            35.22256850774016,
            31.77183194677455
          ],
          [
            35.22244129262727,
            31.77191135586023
          ],
          [
            35.21982402950609,
            31.773407151752757
          ],
          [
            35.21961665818704,
            31.77355006010492
          ],
          [
            35.21944322103433,
            31.773705422212153
          ],
          [
            35.21895498600185,
            31.774182896452547
          ],
          [
            35.218617205488385,
            31.774500173991147
          ],
          [
            35.21805999120822,
            31.77499196551761
          ],
          [
            35.217910696555364,
            31.77516011468159
          ],
          [
            35.21774891164437,
            31.775426650667534
          ],
          [
            35.2174163431751,
            31.775928041145928
          ],
          [
            35.21627177711742,
            31.777428703587763
          ],
          [
            35.216180004560975,
            31.777559366543073
          ],
          [
            35.21610147028819,
            31.777696197734596
          ],
          [
            35.21603672847512,
            31.77783818977761
          ],
          [
            35.21598626152051,
            31.777984347014694
          ],
          [
            35.21595041035759,
            31.77813361968664
          ],
          [
            35.21592943780088,
            31.778284947214665
          ],
          [
            35.21578708935279,
            31.779890830905355
          ],
          [
            35.21578192120497,
            31.780106615275052
          ],
          [
            35.21579253112407,
            31.780268457225848
          ],
          [
            35.215852395339056,
            31.780507626002876
          ],
          [
            35.21595584661405,
            31.78070915153099
          ],
          [
            35.216047580451274,
            31.78090252356917
          ],
          [
            35.21615804833827,
            31.78108862136571
          ],
          [
            35.21628646047948,
            31.781266124647964
          ],
          [
            35.218447187631675,
            31.78398917026015
          ],
          [
            35.21853877451133,
            31.784104393091155
          ],
          [
            35.21861743223623,
            31.78422638200426
          ],
          [
            35.21868248278654,
            31.784354086452346
          ],
          [
            35.21873336320516,
            31.78448640266406
          ],
          [
            35.21876963299176,
            31.78462218356228
          ],
          [
            35.218826523051014,
            31.78476632310967
          ],
          [
            35.218983311139866,
            31.7856378464032
          ],
          [
            35.21904331220382,
            31.785948287829445
          ],
          [
            35.219030828726616,
            31.786256015735386
          ],
          [
            35.218980900770426,
            31.786472459848298
          ],
          [
            35.21893592403505,
            31.78665917596295
          ],
          [
            35.21864933397341,
            31.787881918759737
          ],
          [
            35.21858385303402,
            31.78815637173949
          ],
          [
            35.21853717717165,
            31.78835200616288
          ],
          [
            35.218546612551066,
            31.788745601230474
          ],
          [
            35.218621337519075,
            31.789226114848233
          ],
          [
            35.218700012712006,
            31.789481798891206
          ],
          [
            35.218844635126665,
            31.789864847034348
          ],
          [
            35.21907592040607,
            31.790200945173872
          ],
          [
            35.21969744295332,
            31.791011333859885
          ],
          [
            35.220139488027876,
            31.791570949471275
          ],
          [
            35.22070590877177,
            31.792288008282046
          ],
          [
            35.22089173531688,
            31.79252640692345
          ],
          [
            35.22121687080421,
            31.7929470509407
          ],
          [
            35.221376297537525,
            31.793135505656892
          ],
          [
            35.22144224697119,
            31.79322141348275
          ],
          [
            35.22149922886016,
            31.79331385089542
          ],
          [
            35.22152648783344,
            31.793416094363238
          ],
          [
            35.22154334330694,
            31.79351997335068
          ],
          [
            35.22154967683995,
            31.79362469786513
          ],
          [
            35.2215454333489,
            31.793729499547123
          ],
          [
            35.22153064855621,
            31.793833599200408
          ],
          [
            35.2215054299893,
            31.7939362284387
          ],
          [
            35.22146996437324,
            31.794036629684804
          ],
          [
            35.22142451868589,
            31.794134045348596
          ],
          [
            35.22136942221637,
            31.794227761118112
          ],
          [
            35.22130509401584,
            31.79431708431208
          ],
          [
            35.22123199960581,
            31.79440134388612
          ],
          [
            35.21650295697489,
            31.799388484902096
          ],
          [
            35.21632441829185,
            31.799523063324568
          ],
          [
            35.21613346760975,
            31.799644591199264
          ],
          [
            35.215931408990215,
            31.799752224231955
          ],
          [
            35.21571962889794,
            31.799845226347077
          ],
          [
            35.215499576136274,
            31.799922980513276
          ],
          [
            35.2151996205543,
            31.800005102325514
          ],
          [
            35.21489284677856,
            31.800066175042858
          ],
          [
            35.21458128561205,
            31.800105765572905
          ],
          [
            35.21426698373362,
            31.800123624816326
          ],
          [
            35.21395202058055,
            31.800119633556093
          ],
          [
            35.21363848194298,
            31.800093813281933
          ],
          [
            35.21332842933525,
            31.80004634783678
          ],
          [
            35.2116977400431,
            31.79973780455897
          ],
          [
            35.21135677617346,
            31.7997089392035
          ],
          [
            35.21101416696576,
            31.799705450794903
          ],
          [
            35.21067249295269,
            31.79972737166151
          ],
          [
            35.21033434099208,
            31.79977452853912
          ],
          [
            35.210002251480475,
            31.799846575039354
          ],
          [
            35.20968311999884,
            31.79992953962512
          ],
          [
            35.20936462057254,
            31.8000142782068
          ],
          [
            35.20904677958407,
            31.800100779966012
          ],
          [
            35.208386215194864,
            31.800310511993274
          ],
          [
            35.20774989922273,
            31.800569231520036
          ],
          [
            35.207142808749744,
            31.800874904250723
          ],
          [
            35.20656967711852,
            31.80122513884147
          ],
          [
            35.20506819060329,
            31.802231205943254
          ],
          [
            35.20478375271861,
            31.80248950814064
          ],
          [
            35.20449873666847,
            31.802747355164847
          ],
          [
            35.20421314878842,
            31.803004725367888
          ],
          [
            35.204058444908455,
            31.803156223113955
          ],
          [
            35.20391925971275,
            31.803318326374033
          ],
          [
            35.20379660385605,
            31.803489887162346
          ],
          [
            35.20369134123053,
            31.803669673618884
          ],
          [
            35.203604225923954,
            31.803856407885146
          ],
          [
            35.20353588426465,
            31.804048758887735
          ],
          [
            35.203486796865725,
            31.80424535225718
          ],
          [
            35.20345731974164,
            31.80444478114903
          ],
          [
            35.20344766635145,
            31.804645617065063
          ],
          [
            35.20345789175344,
            31.80484644231887
          ],
          [
            35.20348794117864,
            31.805045806747803
          ],
          [
            35.20353758771948,
            31.805242292645026
          ],
          [
            35.203748685673375,
            31.805934472750465
          ],
          [
            35.20386519097676,
            31.806405255019854
          ],
          [
            35.20394764841117,
            31.806978554441777
          ],
          [
            35.20413768132349,
            31.808779735539794
          ],
          [
            35.20414115428977,
            31.80889964401759
          ],
          [
            35.20413368517794,
            31.80901943341786
          ],
          [
            35.20411531513627,
            31.809138357016437
          ],
          [
            35.20399086462971,
            31.80975714047072
          ],
          [
            35.20383147221079,
            31.810267518069516
          ],
          [
            35.20342691620159,
            31.81104242890886
          ],
          [
            35.20327945233088,
            31.81125244045549
          ],
          [
            35.20311127127838,
            31.81145077459517
          ],
          [
            35.202923635056564,
            31.811635937818494
          ],
          [
            35.202717943009,
            31.811806555658904
          ],
          [
            35.20249574870961,
            31.811961351051796
          ],
          [
            35.20225870504467,
            31.812099144336923
          ],
          [
            35.20200859061282,
            31.81221891729217
          ],
          [
            35.20174728015188,
            31.812319773455172
          ],
          [
            35.20147674347861,
            31.812400954359063
          ],
          [
            35.201198991621666,
            31.812461843140923
          ],
          [
            35.200916112722894,
            31.812501996108868
          ],
          [
            35.19894218925684,
            31.81270767391916
          ],
          [
            35.198662266617646,
            31.812751404106947
          ],
          [
            35.1983879440335,
            31.812816020518735
          ],
          [
            35.19812134946368,
            31.81290102548239
          ],
          [
            35.197864563377635,
            31.81300573736483
          ],
          [
            35.19761956911828,
            31.813129355499726
          ],
          [
            35.197388274032264,
            31.813270916897885
          ],
          [
            35.197172478843534,
            31.81342932870903
          ],
          [
            35.196973857591054,
            31.813603346573533
          ],
          [
            35.19679396079494,
            31.8137916179077
          ],
          [
            35.196634177433545,
            31.813992703542322
          ],
          [
            35.19649575501388,
            31.814205012788545
          ],
          [
            35.19637976681963,
            31.81442691075151
          ],
          [
            35.19628711085513,
            31.814656667824686
          ],
          [
            35.19522754812397,
            31.817715966254596
          ],
          [
            35.19516347300721,
            31.81788022943647
          ],
          [
            35.1950825087415,
            31.81803897208645
          ],
          [
            35.194985310221554,
            31.818190928042185
          ],
          [
            35.194872629523424,
            31.818334874432566
          ],
          [
            35.19474538244094,
            31.818469685794394
          ],
          [
            35.19460457667202,
            31.818594279958358
          ],
          [
            35.19445132448934,
            31.81870766043783
          ],
          [
            35.194286850132265,
            31.818808930860655
          ],
          [
            35.194112462347114,
            31.818897278735584
          ],
          [
            35.19392954910077,
            31.818972011526895
          ],
          [
            35.191185663072034,
            31.819967241206133
          ],
          [
            35.19096139932093,
            31.82006133684022
          ],
          [
            35.190747891192466,
            31.82017218576649
          ],
          [
            35.19054684030463,
            31.820298879173283
          ],
          [
            35.19035986065241,
            31.820440421670156
          ],
          [
            35.19018845643886,
            31.820595666350847
          ],
          [
            35.190033993548326,
            31.820763379719807
          ],
          [
            35.18989770694453,
            31.82094220832234
          ],
          [
            35.18978069749339,
            31.821130725637428
          ],
          [
            35.189683890768706,
            31.82132742665954
          ],
          [
            35.18960807718636,
            31.821530720686425
          ],
          [
            35.189553847560106,
            31.821738995340283
          ],
          [
            35.189107938775265,
            31.82390515648237
          ],
          [
            35.188676013055016,
            31.826282952759858
          ]
        ]
      }
    },
    {
      "type": "Feature",
      "properties": {
        "type": "Light Rail",
        "network": "JNET",
        "route_name": "Yellow Line",
        "color": "#FFD100"
      },
      "geometry": {
        "type": "LineString",
        "coordinates": [
          [
            35.23421030442202,
            31.77463065953608
          ],
          [
            35.23415368243973,
            31.774597924983834
          ],
          [
            35.23363001566912,
            31.774268025149194
          ],
          [
            35.23350644756278,
            31.774187731542085
          ],
          [
            35.23333008803424,
            31.774097590813522
          ],
          [
            35.23319810692651,
            31.774035479973662
          ],
          [
            35.23308624306833,
            31.773969695786146
          ],
          [
            35.232907738437966,
            31.77386320272296
          ],
          [
            35.23280213969258,
            31.77377403027965
          ],
          [
            35.232734655267734,
            31.773666678964712
          ],
          [
            35.23269024575381,
            31.773579170284595
          ],
          [
            35.232621595676704,
            31.773477305980776
          ],
          [
            35.232547672236294,
            31.77338812632785
          ],
          [
            35.2324462105755,
            31.77331318376477
          ],
          [
            35.23225516930115,
            31.773226702630815
          ],
          [
            35.232026033036426,
            31.77316447190189
          ],
          [
            35.231859251416324,
            31.77310870894073
          ],
          [
            35.2316850501434,
            31.773043781004162
          ],
          [
            35.23158260299528,
            31.77299955114791
          ],
          [
            35.2314168067144,
            31.772906732442173
          ],
          [
            35.231302803271475,
            31.772832776423513
          ],
          [
            35.231205625065364,
            31.772757972651885
          ],
          [
            35.23113286485968,
            31.772698520300466
          ],
          [
            35.23105893942548,
            31.772617369789067
          ],
          [
            35.23098716769679,
            31.772532550085717
          ],
          [
            35.23093535190695,
            31.77245323466511
          ],
          [
            35.23060649138714,
            31.77157395510334
          ],
          [
            35.23042209506792,
            31.77123973871638
          ],
          [
            35.23033778035514,
            31.77114244867643
          ],
          [
            35.2299797898829,
            31.770848047035788
          ],
          [
            35.22941194657407,
            31.770151932060827
          ],
          [
            35.229281079223064,
            31.77005124322666
          ],
          [
            35.22913640184249,
            31.76997683395877
          ],
          [
            35.22895058766818,
            31.769923228948848
          ],
          [
            35.22867764996008,
            31.769911239586975
          ],
          [
            35.22842420287367,
            31.769949602255075
          ],
          [
            35.22830376260568,
            31.769990128426542
          ],
          [
            35.228182942974904,
            31.77004613200329
          ],
          [
            35.227015184292036,
            31.770848605155248
          ],
          [
            35.22694914330505,
            31.77093813924996
          ],
          [
            35.22682618209993,
            31.771158073697467
          ],
          [
            35.22679659443171,
            31.771269007487312
          ],
          [
            35.22679662334916,
            31.771389667889554
          ],
          [
            35.226860143740396,
            31.77162011125382
          ],
          [
            35.226880608437824,
            31.771969888713734
          ],
          [
            35.2268852087434,
            31.772328507007256
          ],
          [
            35.22685353146428,
            31.773009992605072
          ],
          [
            35.22680637427816,
            31.773268940030114
          ],
          [
            35.22680036004384,
            31.77351539330908
          ],
          [
            35.22681194976129,
            31.773627335327017
          ],
          [
            35.22683827633702,
            31.773759155000644
          ],
          [
            35.22686585371637,
            31.773841603921266
          ],
          [
            35.22693736367493,
            31.773990503765965
          ],
          [
            35.2270523458008,
            31.7742299337599
          ],
          [
            35.227152039621096,
            31.7744678187952
          ],
          [
            35.227189738789335,
            31.77457778649308
          ],
          [
            35.22720545803354,
            31.774655562283105
          ],
          [
            35.22722119106568,
            31.77478967803237
          ],
          [
            35.22721493405946,
            31.774880866342365
          ],
          [
            35.22719894891177,
            31.77500715252232
          ],
          [
            35.22718048304011,
            31.775229561216168
          ],
          [
            35.22717110733504,
            31.775420009659793
          ],
          [
            35.22716485260127,
            31.77551656572955
          ],
          [
            35.22717115701796,
            31.775623855107447
          ],
          [
            35.2272057526586,
            31.77586256326896
          ],
          [
            35.22710366235823,
            31.77587891199248
          ],
          [
            35.22702708012445,
            31.775904379175387
          ],
          [
            35.226884824064335,
            31.775968059944322
          ],
          [
            35.22678744202277,
            31.77601953618683
          ],
          [
            35.22661866210995,
            31.776137072157727
          ],
          [
            35.22648425061164,
            31.77623737316649
          ],
          [
            35.22635916171766,
            31.77635520426608
          ],
          [
            35.22602520624726,
            31.77661181024239
          ],
          [
            35.225883846239,
            31.776732608875534
          ],
          [
            35.22546823704096,
            31.776991142563872
          ],
          [
            35.22527879693977,
            31.777073302636627
          ],
          [
            35.22341507925923,
            31.77758888701666
          ],
          [
            35.22289374128757,
            31.777722248494474
          ],
          [
            35.22291212647839,
            31.777763315772813
          ],
          [
            35.222936439092074,
            31.777828428933873
          ],
          [
            35.22303580249112,
            31.778094595294984
          ],
          [
            35.22310636650757,
            31.77823137655962
          ],
          [
            35.223104635830815,
            31.77825612699084
          ],
          [
            35.22308350136057,
            31.778299786488052
          ],
          [
            35.22283875063068,
            31.778467240058347
          ],
          [
            35.22263632131016,
            31.778758416380455
          ],
          [
            35.22253309433192,
            31.77891152065923
          ],
          [
            35.22241782276252,
            31.779095805055498
          ],
          [
            35.222204144096,
            31.77942694830925
          ],
          [
            35.22201251984666,
            31.779720090818582
          ],
          [
            35.221911684818835,
            31.77990489221118
          ],
          [
            35.22184790007097,
            31.780021801369582
          ],
          [
            35.221688099888866,
            31.7803067584143
          ],
          [
            35.2216408941113,
            31.780382952439762
          ],
          [
            35.22150079088055,
            31.780609066762448
          ],
          [
            35.221468717316164,
            31.780657878759293
          ],
          [
            35.22139630071738,
            31.78085663194566
          ],
          [
            35.220842336622134,
            31.781328293877195
          ],
          [
            35.22070994714576,
            31.781429960156768
          ],
          [
            35.22052225163381,
            31.781548813359542
          ],
          [
            35.2204116456368,
            31.781621843086732
          ],
          [
            35.22030271376224,
            31.781687713683883
          ],
          [
            35.22019210791017,
            31.781763605666917
          ],
          [
            35.220002735206094,
            31.78188675378014
          ],
          [
            35.21985190733282,
            31.781984125924264
          ],
          [
            35.219680967155746,
            31.78209152245964
          ],
          [
            35.21954019351941,
            31.78218030298496
          ],
          [
            35.21945304771253,
            31.78223471687926
          ],
          [
            35.21937763271706,
            31.78228340264589
          ],
          [
            35.21907429680133,
            31.782473850880375
          ],
          [
            35.218719007192014,
            31.782695801035466
          ],
          [
            35.21848940948677,
            31.782847583952783
          ],
          [
            35.218246400405384,
            31.782985052054368
          ],
          [
            35.21784534174181,
            31.78323071682003
          ],
          [
            35.217696698211995,
            31.783321554119727
          ],
          [
            35.21741849503601,
            31.783504836953213
          ],
          [
            35.217222408065375,
            31.78360793813632
          ],
          [
            35.216994475537824,
            31.783709609112712
          ],
          [
            35.216768216929474,
            31.78380269037349
          ],
          [
            35.216191673702475,
            31.784031812447147
          ],
          [
            35.216006268613114,
            31.78414059688458
          ],
          [
            35.21564202595453,
            31.7843725604765
          ],
          [
            35.21540301541464,
            31.784527719618836
          ],
          [
            35.215120893172404,
            31.78470908853485
          ],
          [
            35.214851805939226,
            31.7848812109808
          ],
          [
            35.21446183649592,
            31.78512957776241
          ],
          [
            35.21412216891375,
            31.785353900056464
          ],
          [
            35.21398637529425,
            31.785437074486083
          ],
          [
            35.21385229328259,
            31.785513440639434
          ],
          [
            35.2137249155082,
            31.78557930692216
          ],
          [
            35.21346126056448,
            31.785651943830295
          ],
          [
            35.2132416951815,
            31.785713521498536
          ],
          [
            35.21299028413132,
            31.785777963356846
          ],
          [
            35.2127154045483,
            31.78582522704457
          ],
          [
            35.21226683833904,
            31.78587751146079
          ],
          [
            35.211645287788805,
            31.786024294581782
          ],
          [
            35.21118467741546,
            31.786137093957574
          ],
          [
            35.21081928840595,
            31.786230170921723
          ],
          [
            35.21071201935571,
            31.786271695180805
          ],
          [
            35.2105745818505,
            31.786341854266553
          ],
          [
            35.21027624480107,
            31.786569504710375
          ],
          [
            35.21017802727287,
            31.786637084121256
          ],
          [
            35.2100925473437,
            31.786672879288137
          ],
          [
            35.209955107302385,
            31.786735879782796
          ],
          [
            35.20975229900954,
            31.786790291887886
          ],
          [
            35.209467359586334,
            31.786867613669877
          ],
          [
            35.20923773194639,
            31.786930616036933
          ],
          [
            35.208944411852485,
            31.787015095777363
          ],
          [
            35.208701374586965,
            31.78708239221173
          ],
          [
            35.20856703407176,
            31.787123164311033
          ],
          [
            35.20847819931362,
            31.787148937232956
          ],
          [
            35.20828712182027,
            31.787206209983186
          ],
          [
            35.20783624477321,
            31.787378023380082
          ],
          [
            35.20752616258842,
            31.787525493925365
          ],
          [
            35.207322960916386,
            31.787629040811144
          ],
          [
            35.206442063015245,
            31.788223878541462
          ],
          [
            35.20617038737386,
            31.788359056686392
          ],
          [
            35.20580761182319,
            31.78854732661617
          ],
          [
            35.205667931707104,
            31.788593141505107
          ],
          [
            35.20552881088867,
            31.788623684451725
          ],
          [
            35.2053420857318,
            31.78864530474358
          ],
          [
            35.205152678173796,
            31.788601400577285
          ],
          [
            35.205100716379285,
            31.78857706282874
          ],
          [
            35.204657178931505,
            31.788206255700345
          ],
          [
            35.20442698642367,
            31.78801441149207
          ],
          [
            35.20432315785827,
            31.787970824469372
          ],
          [
            35.204191858402375,
            31.787936225048163
          ],
          [
            35.2039680786534,
            31.787913779245965
          ],
          [
            35.20353926138794,
            31.787904231583937
          ],
          [
            35.203085303529704,
            31.78789348996308
          ],
          [
            35.202681070863584,
            31.787876443577513
          ],
          [
            35.202023180476964,
            31.787856150876948
          ],
          [
            35.2019268016053,
            31.78783348026175
          ],
          [
            35.2018443921664,
            31.787790528350833
          ],
          [
            35.20176198361742,
            31.787720136050414
          ],
          [
            35.20170347866687,
            31.78764028931828
          ],
          [
            35.20153174773837,
            31.787130051331932
          ],
          [
            35.20142711387348,
            31.786862206344214
          ],
          [
            35.2012155189591,
            31.786381495001212
          ],
          [
            35.20084554262668,
            31.785630093653243
          ],
          [
            35.20066669122722,
            31.784535094329726
          ],
          [
            35.200390238129785,
            31.784056704411576
          ],
          [
            35.2008279548933,
            31.783819625335614
          ],
          [
            35.201232073314515,
            31.783543034175427
          ],
          [
            35.20156808404292,
            31.7832794375129
          ],
          [
            35.202350746474536,
            31.782736096839606
          ],
          [
            35.2026371064871,
            31.782506369669
          ],
          [
            35.20245245437362,
            31.782266332433945
          ],
          [
            35.20230794939133,
            31.781971438351402
          ],
          [
            35.20218217102372,
            31.7817405581188
          ],
          [
            35.20210724479386,
            31.781539384517043
          ],
          [
            35.20199485211242,
            31.781207922736428
          ],
          [
            35.20188247961233,
            31.780453543531273
          ],
          [
            35.20186643888815,
            31.77984432318517
          ],
          [
            35.20189856109251,
            31.77962372679144
          ],
          [
            35.20207947826663,
            31.77919454698625
          ],
          [
            35.202293597529696,
            31.778911314521206
          ],
          [
            35.20236454238739,
            31.77881746635946
          ],
          [
            35.20260026025082,
            31.778587965528267
          ],
          [
            35.20282984926286,
            31.77836937286412
          ],
          [
            35.20320482113591,
            31.778152328921934
          ],
          [
            35.2033956281312,
            31.77796833312376
          ],
          [
            35.203669806847,
            31.777498006946676
          ],
          [
            35.20380166621394,
            31.777188246286265
          ],
          [
            35.203988477561204,
            31.7767752210605
          ],
          [
            35.204263199263096,
            31.776108752525484
          ],
          [
            35.204453136554946,
            31.775697230828932
          ],
          [
            35.20448506749636,
            31.775469667800348
          ],
          [
            35.20448516255566,
            31.775334932396333
          ],
          [
            35.20425175019505,
            31.77496122804474
          ],
          [
            35.20415454978142,
            31.774762866430667
          ],
          [
            35.20445155075983,
            31.77437537092292
          ]
        ]
      }
    },
    {
      "type": "Feature",
      "properties": {
        "type": "Light Rail",
        "network": "JNET",
        "route_name": "Red Line",
        "color": "#E3000F"
      },
      "geometry": {
        "type": "LineString",
        "coordinates": [
          [
            35.147627681362344,
            31.765234864357634
          ],
          [
            35.14772126664255,
            31.764717855112274
          ],
          [
            35.14777657416999,
            31.764364309723025
          ],
          [
            35.147798266523544,
            31.764284278855502
          ],
          [
            35.14782859491022,
            31.764231271998124
          ],
          [
            35.147860164085685,
            31.7641947306653
          ],
          [
            35.14789504361073,
            31.76416496906131
          ],
          [
            35.14797083951188,
            31.76412265119354
          ],
          [
            35.148109869344246,
            31.76405789543838
          ],
          [
            35.14830373133217,
            31.763967616277156
          ],
          [
            35.14845510345324,
            31.76390643148328
          ],
          [
            35.14854430619684,
            31.763880813221327
          ],
          [
            35.148645032572084,
            31.763860438767967
          ],
          [
            35.14868216231361,
            31.76385509448089
          ],
          [
            35.148756964454066,
            31.76384774834881
          ],
          [
            35.148880269159584,
            31.7638454123701
          ],
          [
            35.148989610200715,
            31.763851104722225
          ],
          [
            35.14909101426562,
            31.763858826285936
          ],
          [
            35.1491559011292,
            31.763860804288445
          ],
          [
            35.14929090605714,
            31.763868679174394
          ],
          [
            35.14941567654653,
            31.763875956978975
          ],
          [
            35.1495677379029,
            31.763884825566006
          ],
          [
            35.14966960860948,
            31.763890767530548
          ],
          [
            35.14980447007293,
            31.76389863279205
          ],
          [
            35.15000131258241,
            31.763910113791773
          ],
          [
            35.15023543665451,
            31.76392376759094
          ],
          [
            35.15036422149515,
            31.763931278852944
          ],
          [
            35.15047944973264,
            31.763938648958412
          ],
          [
            35.15056833661901,
            31.763948930686553
          ],
          [
            35.15068823597744,
            31.76397605298325
          ],
          [
            35.15075919360249,
            31.763999855575648
          ],
          [
            35.15089488915392,
            31.76405176794033
          ],
          [
            35.151009585502536,
            31.764095952452053
          ],
          [
            35.15110398987634,
            31.764132318377836
          ],
          [
            35.15123707469198,
            31.764183586267226
          ],
          [
            35.15139546571823,
            31.764244601790523
          ],
          [
            35.15148411349443,
            31.76427875010259
          ],
          [
            35.151560221733654,
            31.764308069172994
          ],
          [
            35.15172524181095,
            31.76437163745793
          ],
          [
            35.15182265567148,
            31.764408926684265
          ],
          [
            35.151932142742375,
            31.764449076060618
          ],
          [
            35.15209591006066,
            31.764501928529455
          ],
          [
            35.15220885960188,
            31.764530916057648
          ],
          [
            35.15238037949105,
            31.76456100246842
          ],
          [
            35.15256499819736,
            31.76457781703197
          ],
          [
            35.15272354376869,
            31.764583977158285
          ],
          [
            35.15308241506456,
            31.76457481822429
          ],
          [
            35.15323950559214,
            31.76457803079413
          ],
          [
            35.15348867283172,
            31.764593500082285
          ],
          [
            35.15367067568474,
            31.764595592085346
          ],
          [
            35.15380424207325,
            31.76459606017414
          ],
          [
            35.15385772438754,
            31.764595428517566
          ],
          [
            35.15396460473835,
            31.764591909589832
          ],
          [
            35.15417128921263,
            31.76457243854237
          ],
          [
            35.15435511448621,
            31.764536393977426
          ],
          [
            35.15456536499668,
            31.76447080064612
          ],
          [
            35.154702313226394,
            31.764412259610115
          ],
          [
            35.154861336713665,
            31.764325740984248
          ],
          [
            35.15499032535569,
            31.764237752202423
          ],
          [
            35.155100331966175,
            31.764146647267633
          ],
          [
            35.155219777208046,
            31.764025838217563
          ],
          [
            35.15534635634673,
            31.763871846620486
          ],
          [
            35.155506877285625,
            31.76365501928564
          ],
          [
            35.15560971802996,
            31.763514754282994
          ],
          [
            35.15579868234776,
            31.76325702438467
          ],
          [
            35.155933585597325,
            31.763073026474782
          ],
          [
            35.15610340532288,
            31.762844134316715
          ],
          [
            35.15621061118802,
            31.76273013850971
          ],
          [
            35.156315100008214,
            31.762650336841762
          ],
          [
            35.15647920440547,
            31.762564292462393
          ],
          [
            35.156652014874695,
            31.762510755442342
          ],
          [
            35.156860054082905,
            31.76248645475897
          ],
          [
            35.157041348331575,
            31.762495739305294
          ],
          [
            35.15719331355636,
            31.76251213908228
          ],
          [
            35.15742766811396,
            31.762536888678653
          ],
          [
            35.15768966561773,
            31.762538738436803
          ],
          [
            35.15789373130943,
            31.762502201076096
          ],
          [
            35.15806867415441,
            31.762440154906926
          ],
          [
            35.15821306526027,
            31.762362370119167
          ],
          [
            35.158409717874854,
            31.762198877398447
          ],
          [
            35.15852680021041,
            31.762042016698405
          ],
          [
            35.15861536484952,
            31.761828644111887
          ],
          [
            35.15863940606763,
            31.761668037747505
          ],
          [
            35.15863767019608,
            31.761570737942822
          ],
          [
            35.1586230821856,
            31.761468841311483
          ],
          [
            35.15854196183257,
            31.761162930498056
          ],
          [
            35.158487283186986,
            31.760948763077582
          ],
          [
            35.15845930747552,
            31.760771332032814
          ],
          [
            35.158452898660535,
            31.76068102252965
          ],
          [
            35.15845194103608,
            31.760579245326564
          ],
          [
            35.15845976072009,
            31.76045503338194
          ],
          [
            35.158481701401776,
            31.760309236358548
          ],
          [
            35.15853288442369,
            31.760114258726638
          ],
          [
            35.158596799905915,
            31.75993024398213
          ],
          [
            35.158679039364934,
            31.75970272174893
          ],
          [
            35.15877677563708,
            31.759423573460115
          ],
          [
            35.15885423051694,
            31.759127421634613
          ],
          [
            35.15888064501866,
            31.75898721304837
          ],
          [
            35.15890334313338,
            31.75884668386968
          ],
          [
            35.15892655694882,
            31.758691847989105
          ],
          [
            35.15895633694633,
            31.758491905030223
          ],
          [
            35.15897747228682,
            31.75835000807033
          ],
          [
            35.158999224953405,
            31.75820396193215
          ],
          [
            35.15902297373273,
            31.758044515072037
          ],
          [
            35.15906014074,
            31.757794971384886
          ],
          [
            35.15915880034634,
            31.757438390565053
          ],
          [
            35.1592379618206,
            31.757336096196344
          ],
          [
            35.159342474899944,
            31.75723849585711
          ],
          [
            35.159462041459726,
            31.757175271002378
          ],
          [
            35.159633833495015,
            31.75714311409452
          ],
          [
            35.15973683839651,
            31.75712506652553
          ],
          [
            35.15991831739537,
            31.757093269768966
          ],
          [
            35.16012908753184,
            31.757047661271706
          ],
          [
            35.16033666241708,
            31.757019972798894
          ],
          [
            35.160480926065816,
            31.756995658473148
          ],
          [
            35.160570730524725,
            31.75698904377777
          ],
          [
            35.16064498356012,
            31.756993153827548
          ],
          [
            35.16072365212008,
            31.757009883979567
          ],
          [
            35.160786353976626,
            31.757027221858966
          ],
          [
            35.16085373982248,
            31.757056471089513
          ],
          [
            35.16092976564756,
            31.75710445728486
          ],
          [
            35.16102623188942,
            31.757200643252972
          ],
          [
            35.16109510575854,
            31.757323507168454
          ],
          [
            35.161207742100466,
            31.75755456053076
          ],
          [
            35.16131224436428,
            31.75776036926563
          ],
          [
            35.16143158444628,
            31.758013730940753
          ],
          [
            35.16154935321975,
            31.758281467385142
          ],
          [
            35.161717895762386,
            31.758565543281026
          ],
          [
            35.16186809675354,
            31.75875033132196
          ],
          [
            35.16203503561123,
            31.758898209515838
          ],
          [
            35.1621977382744,
            31.759006394953506
          ],
          [
            35.162416888134956,
            31.75911250385947
          ],
          [
            35.16273894585421,
            31.759207709492113
          ],
          [
            35.16301698541806,
            31.759263828421066
          ],
          [
            35.163292185671196,
            31.759334911951566
          ],
          [
            35.16348056509047,
            31.759411896586638
          ],
          [
            35.163627497479865,
            31.759491717478998
          ],
          [
            35.16377204330863,
            31.75959144657998
          ],
          [
            35.16388580747391,
            31.759678504693184
          ],
          [
            35.16403252677172,
            31.75984225259463
          ],
          [
            35.16423124156711,
            31.76005538740409
          ],
          [
            35.164420491353646,
            31.760258557133614
          ],
          [
            35.16447988450037,
            31.760325843562022
          ],
          [
            35.16464081952378,
            31.760482537371686
          ],
          [
            35.16473578849139,
            31.760552697266004
          ],
          [
            35.164851577493245,
            31.760606748497146
          ],
          [
            35.165073608369426,
            31.76069296170325
          ],
          [
            35.1653317364019,
            31.760732691892116
          ],
          [
            35.16550725027494,
            31.760728943574286
          ],
          [
            35.16568005458527,
            31.760702421690723
          ],
          [
            35.165810002754725,
            31.760666426201105
          ],
          [
            35.165993292746144,
            31.760588442367638
          ],
          [
            35.16671109341988,
            31.76008265986865
          ],
          [
            35.166886854306604,
            31.759950473396177
          ],
          [
            35.167030658528944,
            31.759871028027767
          ],
          [
            35.16716529301707,
            31.759823485298973
          ],
          [
            35.16732421309582,
            31.759793865582758
          ],
          [
            35.16749535931206,
            31.75979051096334
          ],
          [
            35.16796852366913,
            31.759878875126972
          ],
          [
            35.168453447343595,
            31.75998940191138
          ],
          [
            35.168633638956294,
            31.76003460007783
          ],
          [
            35.16874046632145,
            31.760054984774083
          ],
          [
            35.16901764521196,
            31.760122812549074
          ],
          [
            35.169154666413164,
            31.76015918691126
          ],
          [
            35.16940675375714,
            31.760244082414115
          ],
          [
            35.16953227339632,
            31.76029390332283
          ],
          [
            35.16963356043102,
            31.760343351325556
          ],
          [
            35.16980401777374,
            31.76043477196331
          ],
          [
            35.16982091096252,
            31.760447698206626
          ],
          [
            35.169975894313026,
            31.76059379599205
          ],
          [
            35.170021380991514,
            31.76065204227892
          ],
          [
            35.17005831666581,
            31.760699355870138
          ],
          [
            35.17015325444228,
            31.760859884742715
          ],
          [
            35.170226793575665,
            31.760983295944076
          ],
          [
            35.170417259077624,
            31.7613029240827
          ],
          [
            35.1704973482218,
            31.7614330222519
          ],
          [
            35.17057745343316,
            31.76157466218852
          ],
          [
            35.170628219290414,
            31.761648655875018
          ],
          [
            35.170755794751386,
            31.761761799180825
          ],
          [
            35.170823503112196,
            31.761804680909208
          ],
          [
            35.170929302359596,
            31.761846678920698
          ],
          [
            35.17099957180641,
            31.76187440752444
          ],
          [
            35.171177010308945,
            31.76193685906865
          ],
          [
            35.17131243915791,
            31.761978808597327
          ],
          [
            35.171433814323784,
            31.762009488482516
          ],
          [
            35.17152980002474,
            31.762029382826242
          ],
          [
            35.171814778953376,
            31.762097094688624
          ],
          [
            35.17200207592047,
            31.762145321003846
          ],
          [
            35.172160076564076,
            31.762183509283616
          ],
          [
            35.172251810049055,
            31.762211758500573
          ],
          [
            35.17265731973321,
            31.76252814577891
          ],
          [
            35.1727903228976,
            31.762689104220108
          ],
          [
            35.17284944991341,
            31.76288140854582
          ],
          [
            35.17292849849765,
            31.76320199081249
          ],
          [
            35.173103427479646,
            31.763880170118462
          ],
          [
            35.17317045187725,
            31.76417807774007
          ],
          [
            35.17327023907985,
            31.76453445995677
          ],
          [
            35.173419878053565,
            31.764830673246664
          ],
          [
            35.17361120289978,
            31.765120958721187
          ],
          [
            35.1738193516755,
            31.765351030873997
          ],
          [
            35.17421338645722,
            31.765701772372523
          ],
          [
            35.174394944013386,
            31.76592336530762
          ],
          [
            35.17447620695714,
            31.76602751869847
          ],
          [
            35.174516256012076,
            31.76611331611054
          ],
          [
            35.17456831558443,
            31.766301157348988
          ],
          [
            35.174566739186616,
            31.76642362026405
          ],
          [
            35.1745381147139,
            31.766717563464805
          ],
          [
            35.174480909915744,
            31.76710174659001
          ],
          [
            35.17446404659837,
            31.767264994506146
          ],
          [
            35.17444971125688,
            31.76735690350668
          ],
          [
            35.17441215556065,
            31.767533695834814
          ],
          [
            35.174365714142354,
            31.76784214811553
          ],
          [
            35.17436454550984,
            31.76791070605112
          ],
          [
            35.17436714515566,
            31.767934537003
          ],
          [
            35.1743867548583,
            31.768063108579668
          ],
          [
            35.17440883639247,
            31.768144279794843
          ],
          [
            35.17444575515115,
            31.768237142411508
          ],
          [
            35.174510206933476,
            31.768339112917992
          ],
          [
            35.17455555080717,
            31.768395907318315
          ],
          [
            35.174596608617044,
            31.768443761614368
          ],
          [
            35.1747285238114,
            31.768564621633118
          ],
          [
            35.17479612827276,
            31.768616919142733
          ],
          [
            35.17492591921669,
            31.768687336503202
          ],
          [
            35.17506741102659,
            31.768754087733754
          ],
          [
            35.17535025702937,
            31.76884701751977
          ],
          [
            35.17540249137108,
            31.768854452549263
          ],
          [
            35.17565636828845,
            31.76892733244297
          ],
          [
            35.175917109059505,
            31.769011306055628
          ],
          [
            35.17615147594771,
            31.769072655009765
          ],
          [
            35.17636086818698,
            31.769105427588766
          ],
          [
            35.17647013594738,
            31.769114228442035
          ],
          [
            35.17654304097816,
            31.769110651525693
          ],
          [
            35.17662221252358,
            31.76910256311143
          ],
          [
            35.176941061691835,
            31.769041271051986
          ],
          [
            35.17725971860455,
            31.768953788595027
          ],
          [
            35.17750059049073,
            31.768897088651986
          ],
          [
            35.17764573934556,
            31.76885326807703
          ],
          [
            35.1779840740213,
            31.768765507480893
          ],
          [
            35.17823958124055,
            31.76870877671964
          ],
          [
            35.17837393661856,
            31.768661630691977
          ],
          [
            35.17847398194984,
            31.768648372429265
          ],
          [
            35.17861006222555,
            31.768642134163102
          ],
          [
            35.17880649640386,
            31.768660203633196
          ],
          [
            35.17896796978368,
            31.768684542629646
          ],
          [
            35.17929833041525,
            31.768745060888293
          ],
          [
            35.17948519929646,
            31.768792866635273
          ],
          [
            35.179628807929845,
            31.7688358802809
          ],
          [
            35.179749080013416,
            31.768878585307547
          ],
          [
            35.17985677255922,
            31.768928214851666
          ],
          [
            35.179935937586926,
            31.768967059959902
          ],
          [
            35.18012905726647,
            31.76907256957051
          ],
          [
            35.18023872858399,
            31.76914205777961
          ],
          [
            35.18047620706751,
            31.769307107849535
          ],
          [
            35.180706884474155,
            31.769473978828774
          ],
          [
            35.18088426153646,
            31.76966151067919
          ],
          [
            35.181151158733634,
            31.769995305383357
          ],
          [
            35.181196508678546,
            31.770043082573835
          ],
          [
            35.18125761923604,
            31.770154804276295
          ],
          [
            35.181300962303624,
            31.770241558764045
          ],
          [
            35.181305075437166,
            31.770248624560303
          ],
          [
            35.18135064705777,
            31.770326907512608
          ],
          [
            35.1814997071853,
            31.770693650483512
          ],
          [
            35.18155443970358,
            31.770816329186403
          ],
          [
            35.1816939099717,
            31.77112195401089
          ],
          [
            35.18203949797909,
            31.77188233752771
          ],
          [
            35.18209916775332,
            31.772059360151726
          ],
          [
            35.18214583355077,
            31.772194635912854
          ],
          [
            35.18219797738599,
            31.772378087306286
          ],
          [
            35.1822418560673,
            31.772484415155425
          ],
          [
            35.182326884348285,
            31.772703472516564
          ],
          [
            35.18239994852544,
            31.772862737301292
          ],
          [
            35.18249979102256,
            31.77304950478815
          ],
          [
            35.18253941629319,
            31.773118827338127
          ],
          [
            35.18257401338728,
            31.77317940473252
          ],
          [
            35.18262126922656,
            31.77326208307107
          ],
          [
            35.182638955100984,
            31.773293026562765
          ],
          [
            35.18270532483697,
            31.773408653400907
          ],
          [
            35.182773556062735,
            31.773510057544147
          ],
          [
            35.18283114252111,
            31.773622563336122
          ],
          [
            35.18292321212328,
            31.773757039351768
          ],
          [
            35.18299521420216,
            31.773883594624113
          ],
          [
            35.183224006409795,
            31.774243074552626
          ],
          [
            35.18372184480581,
            31.77506011065931
          ],
          [
            35.184120230394946,
            31.775834759329395
          ],
          [
            35.18424000361613,
            31.77604717788166
          ],
          [
            35.18434368321573,
            31.77622969405504
          ],
          [
            35.18462232224013,
            31.77659044270968
          ],
          [
            35.184824428931734,
            31.77678726622345
          ],
          [
            35.18544965084247,
            31.777391762198434
          ],
          [
            35.18580222232619,
            31.7777502610395
          ],
          [
            35.18590305840984,
            31.777843768080494
          ],
          [
            35.18659038155402,
            31.778523326905777
          ],
          [
            35.18739958972599,
            31.779427733219034
          ],
          [
            35.1876846183466,
            31.779765962253556
          ],
          [
            35.187793313274774,
            31.779906599109633
          ],
          [
            35.187894762862236,
            31.78004737561194
          ],
          [
            35.18795566544966,
            31.780128516924375
          ],
          [
            35.188055844733135,
            31.780249494975667
          ],
          [
            35.18815827184901,
            31.78037125693599
          ],
          [
            35.18839765111735,
            31.78071340327317
          ],
          [
            35.18851351199604,
            31.780906859518673
          ],
          [
            35.18882826673691,
            31.78138406358503
          ],
          [
            35.18911395738547,
            31.781821347778635
          ],
          [
            35.18945370206439,
            31.782358565452686
          ],
          [
            35.189618246047345,
            31.782552891259616
          ],
          [
            35.189678957197486,
            31.782609584551455
          ],
          [
            35.18975885493191,
            31.782674569773608
          ],
          [
            35.189894399661185,
            31.78276889196504
          ],
          [
            35.190040452000325,
            31.78282162043367
          ],
          [
            35.19015079405729,
            31.782850716442084
          ],
          [
            35.19032097395967,
            31.782872918141422
          ],
          [
            35.190908139587734,
            31.782877804389805
          ],
          [
            35.19098637287955,
            31.78287410074268
          ],
          [
            35.19134839050004,
            31.782867180075158
          ],
          [
            35.19185543652024,
            31.782842451573554
          ],
          [
            35.19216062405727,
            31.7828361397945
          ],
          [
            35.19228376096932,
            31.782840039524526
          ],
          [
            35.19249115921514,
            31.78284348898416
          ],
          [
            35.19264351511208,
            31.782830326461422
          ],
          [
            35.192826461462765,
            31.782832775655322
          ],
          [
            35.19320020762327,
            31.782894329491878
          ],
          [
            35.19340803291756,
            31.782947797279018
          ],
          [
            35.19374323438751,
            31.783052815854095
          ],
          [
            35.19395636613468,
            31.783111669898044
          ],
          [
            35.1942255871238,
            31.78316947117057
          ],
          [
            35.19438395152049,
            31.783207382889923
          ],
          [
            35.194542111168396,
            31.78324580303513
          ],
          [
            35.194654161193554,
            31.78327588639846
          ],
          [
            35.194836778730334,
            31.78331198131607
          ],
          [
            35.194901272572594,
            31.78332466971168
          ],
          [
            35.195279277681955,
            31.783421155133034
          ],
          [
            35.19546351333557,
            31.783488600912516
          ],
          [
            35.195655252278875,
            31.783594606113745
          ],
          [
            35.1959222260112,
            31.783787355308224
          ],
          [
            35.1961885992229,
            31.784072359646732
          ],
          [
            35.19640695160923,
            31.784360612409145
          ],
          [
            35.19693655066863,
            31.78492377146576
          ],
          [
            35.19702089029426,
            31.78500973282659
          ],
          [
            35.19738794494446,
            31.785383842477284
          ],
          [
            35.19757581649544,
            31.7855848662155
          ],
          [
            35.19771659668152,
            31.78573497638383
          ],
          [
            35.197851749997646,
            31.78591171388278
          ],
          [
            35.19811196746352,
            31.78620661780909
          ],
          [
            35.19879429248505,
            31.78688568848805
          ],
          [
            35.19914125538776,
            31.787223315279345
          ],
          [
            35.1992891839377,
            31.787381380019863
          ],
          [
            35.199400375858126,
            31.787505467130487
          ],
          [
            35.19944964328029,
            31.787585829506675
          ],
          [
            35.19947166932738,
            31.787621757949573
          ],
          [
            35.19949715054502,
            31.787688605264115
          ],
          [
            35.19951380056353,
            31.787739014358486
          ],
          [
            35.19953919168531,
            31.787833251492184
          ],
          [
            35.19957270718952,
            31.787974510957106
          ],
          [
            35.19961891859554,
            31.788170111364085
          ],
          [
            35.1996576115867,
            31.788363930324525
          ],
          [
            35.19976125880069,
            31.788760249400372
          ],
          [
            35.1998148914366,
            31.788853787686588
          ],
          [
            35.199886405185616,
            31.78892441892491
          ],
          [
            35.199933335424475,
            31.7889759608632
          ],
          [
            35.199983180090506,
            31.789023192085374
          ],
          [
            35.2000336429503,
            31.789060755568983
          ],
          [
            35.200094242183276,
            31.7890962280145
          ],
          [
            35.200172462906615,
            31.78912677246989
          ],
          [
            35.20022162901513,
            31.789147772614136
          ],
          [
            35.2002976152649,
            31.789163046035814
          ],
          [
            35.20037360145451,
            31.789180228610437
          ],
          [
            35.20047417114756,
            31.78919932112085
          ],
          [
            35.20066596630057,
            31.789212118784533
          ],
          [
            35.20094895837613,
            31.78913687557441
          ],
          [
            35.201190603332805,
            31.789041906486517
          ],
          [
            35.201327934058035,
            31.788991006459973
          ],
          [
            35.20154052413199,
            31.788900591176223
          ],
          [
            35.20184843403029,
            31.788779599731548
          ],
          [
            35.20218590592478,
            31.78865934579095
          ],
          [
            35.20251667293515,
            31.78855818012831
          ],
          [
            35.20287202173468,
            31.78844555963527
          ],
          [
            35.20305024586609,
            31.788391966271092
          ],
          [
            35.20311152446785,
            31.788374725555247
          ],
          [
            35.20319846342787,
            31.78835194506542
          ],
          [
            35.20329665226485,
            31.788340574723925
          ],
          [
            35.20341503284682,
            31.78835317633363
          ],
          [
            35.20392053158624,
            31.78845305234386
          ],
          [
            35.20408241545363,
            31.788485036809554
          ],
          [
            35.204135061178555,
            31.78849543881867
          ],
          [
            35.2043917458197,
            31.788542923992292
          ],
          [
            35.204588827886745,
            31.78858854819665
          ],
          [
            35.20476304457597,
            31.78862144445248
          ],
          [
            35.20488686335363,
            31.78863391301389
          ],
          [
            35.20534157475624,
            31.78865172856403
          ],
          [
            35.205532472645594,
            31.788629311913677
          ],
          [
            35.205669367737464,
            31.788598933118426
          ],
          [
            35.20580930548321,
            31.788552680832183
          ],
          [
            35.20600440743144,
            31.788462825524437
          ],
          [
            35.20627421579276,
            31.788326142588037
          ],
          [
            35.20644435122964,
            31.788233159358548
          ],
          [
            35.206561172597695,
            31.78814903555737
          ],
          [
            35.20717220543041,
            31.787762393958374
          ],
          [
            35.20734996897595,
            31.787652174255516
          ],
          [
            35.207523273473534,
            31.7875476946302
          ],
          [
            35.20770801594109,
            31.787456557229017
          ],
          [
            35.207835663641426,
            31.787395798695126
          ],
          [
            35.207955486980865,
            31.787351741450745
          ],
          [
            35.20804642692825,
            31.787313082419775
          ],
          [
            35.208202024571115,
            31.78725873483415
          ],
          [
            35.20836791782736,
            31.787212541199903
          ],
          [
            35.20850741325372,
            31.787174205926142
          ],
          [
            35.20863285024088,
            31.78713864141233
          ],
          [
            35.20887623609393,
            31.787070606488992
          ],
          [
            35.20917211908602,
            31.786989176841477
          ],
          [
            35.20938267023497,
            31.78692824865783
          ],
          [
            35.2095156757934,
            31.786892221240656
          ],
          [
            35.20967625597966,
            31.7868483411357
          ],
          [
            35.209814985604176,
            31.78680486756771
          ],
          [
            35.20995410258175,
            31.786761272984947
          ],
          [
            35.21001137065806,
            31.78674006191358
          ],
          [
            35.21006445771173,
            31.786720399460965
          ],
          [
            35.21012879732436,
            31.786693149295736
          ],
          [
            35.21017907872059,
            31.78666913192476
          ],
          [
            35.21022026613016,
            31.78664349523358
          ],
          [
            35.21027141960816,
            31.786602708940315
          ],
          [
            35.21040063496661,
            31.786499682037725
          ],
          [
            35.21050050061408,
            31.786420056474928
          ],
          [
            35.21057375567908,
            31.78636634201746
          ],
          [
            35.21066630273083,
            31.786312931409807
          ],
          [
            35.21073065546349,
            31.78628348314955
          ],
          [
            35.21082473018295,
            31.786246532769173
          ],
          [
            35.21095881639441,
            31.786210042044384
          ],
          [
            35.211287325919365,
            31.78612597243862
          ],
          [
            35.2116984486276,
            31.78602647315047
          ],
          [
            35.21203117520771,
            31.785946927730137
          ],
          [
            35.21214849886195,
            31.785917363786737
          ],
          [
            35.212269068189705,
            31.785889647411622
          ],
          [
            35.21245711323569,
            31.78586654416354
          ],
          [
            35.212628505334806,
            31.78585036964915
          ],
          [
            35.212725826859476,
            31.785840665004923
          ],
          [
            35.212896029185636,
            31.785815346431892
          ],
          [
            35.21297334450294,
            31.785800562837714
          ],
          [
            35.21317663374798,
            31.785750210163588
          ],
          [
            35.213319367282764,
            31.785710483258963
          ],
          [
            35.21341506398148,
            31.785681843126863
          ],
          [
            35.213564638066124,
            31.785643246378562
          ],
          [
            35.213730548323724,
            31.78559024315207
          ],
          [
            35.21388846305308,
            31.7855094464303
          ],
          [
            35.213988373230706,
            31.7854506948568
          ],
          [
            35.21409967251729,
            31.78538319898986
          ],
          [
            35.21445332046842,
            31.785150781634727
          ],
          [
            35.215072668223144,
            31.784756641262522
          ],
          [
            35.215389693155686,
            31.784553903938548
          ],
          [
            35.21560233916727,
            31.784415338308918
          ],
          [
            35.215920227401185,
            31.78421149211632
          ],
          [
            35.216020422720284,
            31.784149413819407
          ],
          [
            35.21613215328161,
            31.78409336861734
          ],
          [
            35.21630587731842,
            31.784013918396198
          ],
          [
            35.21653726899298,
            31.78391968492109
          ],
          [
            35.216761021906876,
            31.78383653539942
          ],
          [
            35.21686914829969,
            31.783789110604225
          ],
          [
            35.21698376253542,
            31.783742301040164
          ],
          [
            35.21719208577505,
            31.7836554574209
          ],
          [
            35.21729156152264,
            31.783607418070066
          ],
          [
            35.21738382845748,
            31.783561226342613
          ],
          [
            35.217461677461976,
            31.7835156519726
          ],
          [
            35.217612328724364,
            31.783425734622558
          ],
          [
            35.217864675384234,
            31.78326746306419
          ],
          [
            35.218110657685,
            31.783121875191554
          ],
          [
            35.2184150919605,
            31.782920474472466
          ],
          [
            35.21870443062098,
            31.782741547711534
          ],
          [
            35.2188685115877,
            31.782641027113044
          ],
          [
            35.21907450909813,
            31.78251482606469
          ],
          [
            35.21925080383973,
            31.782402489438166
          ],
          [
            35.21939850652379,
            31.78230963390228
          ],
          [
            35.21949634784378,
            31.7822443633112
          ],
          [
            35.21957924003547,
            31.782190782291057
          ],
          [
            35.21967870921196,
            31.78212611469876
          ],
          [
            35.21978394586188,
            31.78206083128033
          ],
          [
            35.21997711894437,
            31.781937654175415
          ],
          [
            35.22021224073443,
            31.781783930716845
          ],
          [
            35.22028215779128,
            31.78173712367094
          ],
          [
            35.22042487374278,
            31.781642278088032
          ],
          [
            35.22048686057688,
            31.781601013741238
          ],
          [
            35.2207103030719,
            31.781448890687994
          ],
          [
            35.22083874543309,
            31.78135540101877
          ],
          [
            35.22106074052663,
            31.78118049518373
          ],
          [
            35.221211706307045,
            31.78105995684963
          ],
          [
            35.22130349370047,
            31.780990560623355
          ],
          [
            35.22132583841382,
            31.78097577918166
          ],
          [
            35.22137052570785,
            31.780946217188536
          ],
          [
            35.221385662085304,
            31.7809338996221
          ],
          [
            35.221684064225244,
            31.78078380846988
          ],
          [
            35.22213898103523,
            31.780556114041467
          ],
          [
            35.22238755612881,
            31.780432477358975
          ],
          [
            35.222693556081026,
            31.780280277863202
          ],
          [
            35.222832623021894,
            31.780213021057712
          ],
          [
            35.22295912803354,
            31.78017062611535
          ],
          [
            35.22307049143184,
            31.780139555889004
          ],
          [
            35.223193787264904,
            31.78012079126329
          ],
          [
            35.22325456604938,
            31.780110284886593
          ],
          [
            35.22331608804591,
            31.780099650309523
          ],
          [
            35.22337474940934,
            31.780080963572715
          ],
          [
            35.22345841890284,
            31.78005430982077
          ],
          [
            35.2235213668959,
            31.78002171596393
          ],
          [
            35.22358546866128,
            31.77998852398136
          ],
          [
            35.223684077219566,
            31.77993257779497
          ],
          [
            35.22404294407453,
            31.779678379484384
          ],
          [
            35.22429600515148,
            31.7795037653169
          ],
          [
            35.224447158100006,
            31.779397207063013
          ],
          [
            35.22467316221795,
            31.77923789703546
          ],
          [
            35.22481800825843,
            31.779135794438826
          ],
          [
            35.224865630557915,
            31.779110694865487
          ],
          [
            35.224915831111254,
            31.77909110331749
          ],
          [
            35.225005104871364,
            31.77906264306033
          ],
          [
            35.225074303033786,
            31.779050624774097
          ],
          [
            35.22515432234441,
            31.779042450155192
          ],
          [
            35.225245144272314,
            31.77904967269512
          ],
          [
            35.22531975361013,
            31.779058897205033
          ],
          [
            35.225432214645686,
            31.77909674897135
          ],
          [
            35.225678665440775,
            31.779236053801394
          ],
          [
            35.22580192099492,
            31.77930709757479
          ],
          [
            35.22603069891167,
            31.779429391406644
          ],
          [
            35.226173926088755,
            31.779507363908053
          ],
          [
            35.226436170307906,
            31.77966165951581
          ],
          [
            35.22655043168641,
            31.779731355852448
          ],
          [
            35.22668179531419,
            31.779805280556705
          ],
          [
            35.226986032823234,
            31.779981649328356
          ],
          [
            35.22720313823747,
            31.780120739919337
          ],
          [
            35.22753116950941,
            31.78031088600041
          ],
          [
            35.22766960965519,
            31.780394413023977
          ],
          [
            35.227813207159606,
            31.78048105121158
          ],
          [
            35.22799348005883,
            31.780635010443987
          ],
          [
            35.228076083855996,
            31.7807306797902
          ],
          [
            35.228183565294565,
            31.78089884448856
          ],
          [
            35.22825361994399,
            31.781049444572197
          ],
          [
            35.228286037572175,
            31.78116218327512
          ],
          [
            35.228314072047496,
            31.781259679844343
          ],
          [
            35.228323731259906,
            31.78132968627097
          ],
          [
            35.22834732735843,
            31.781427150291705
          ],
          [
            35.228354892343454,
            31.781515101066162
          ],
          [
            35.22835417353427,
            31.78161454737218
          ],
          [
            35.22832671639173,
            31.78178066828441
          ],
          [
            35.228305927217214,
            31.781846963000884
          ],
          [
            35.228268261093426,
            31.78194083469455
          ],
          [
            35.22822300290511,
            31.782022706070105
          ],
          [
            35.22814272582162,
            31.782147233861153
          ],
          [
            35.22789279612659,
            31.782510318436152
          ],
          [
            35.22787127446421,
            31.78254158474994
          ],
          [
            35.22784374968024,
            31.782581570269617
          ],
          [
            35.22777330385691,
            31.782683910694608
          ],
          [
            35.22765687642107,
            31.782858834300583
          ],
          [
            35.22753856503328,
            31.783042333754285
          ],
          [
            35.227419748355985,
            31.783216639803804
          ],
          [
            35.22737196407197,
            31.783352973568263
          ],
          [
            35.22734792516076,
            31.783470712481616
          ],
          [
            35.22733814770984,
            31.783712477387216
          ],
          [
            35.22733543554579,
            31.783738992935348
          ],
          [
            35.2273134358902,
            31.78395407901814
          ],
          [
            35.22739779047128,
            31.7843675359586
          ],
          [
            35.2274754683689,
            31.78481741581233
          ],
          [
            35.227467755626336,
            31.785047993856193
          ],
          [
            35.22742893123381,
            31.785330207043064
          ],
          [
            35.22732349905874,
            31.78578358821825
          ],
          [
            35.22725526897567,
            31.78608625494484
          ],
          [
            35.227022885517165,
            31.787180630717533
          ],
          [
            35.22699834851304,
            31.78731408778106
          ],
          [
            35.226957466118265,
            31.787487382966365
          ],
          [
            35.22692686223499,
            31.787617111963502
          ],
          [
            35.226797865718275,
            31.788153246061274
          ],
          [
            35.226702507079885,
            31.788649134862194
          ],
          [
            35.22662066727056,
            31.789067829894233
          ],
          [
            35.226600464784745,
            31.789655332561455
          ],
          [
            35.2266239613242,
            31.789901044173234
          ],
          [
            35.2266188206726,
            31.7901333413467
          ],
          [
            35.226495582923214,
            31.791887796345012
          ],
          [
            35.22646184996547,
            31.792265731261764
          ],
          [
            35.226373199725025,
            31.792545954807746
          ],
          [
            35.226370810891815,
            31.792840479326312
          ],
          [
            35.22638450614042,
            31.79299392520168
          ],
          [
            35.22641911695708,
            31.79333174973735
          ],
          [
            35.226441477568244,
            31.793482558925035
          ],
          [
            35.22645737234808,
            31.79359071305212
          ],
          [
            35.226538173855516,
            31.793818745776004
          ],
          [
            35.22675009728309,
            31.794202250987972
          ],
          [
            35.22688574467075,
            31.794396202339723
          ],
          [
            35.22714006816636,
            31.794714388113128
          ],
          [
            35.22767771334169,
            31.795186913639107
          ],
          [
            35.22838798943803,
            31.795739865916232
          ],
          [
            35.228991985795076,
            31.79632693594549
          ],
          [
            35.22943030558114,
            31.796670387181695
          ],
          [
            35.23058513808844,
            31.797643890954483
          ],
          [
            35.230618660021086,
            31.797672506690873
          ],
          [
            35.230757593190376,
            31.79779622954516
          ],
          [
            35.230900790323986,
            31.79792982290416
          ],
          [
            35.231071260685034,
            31.798080113395116
          ],
          [
            35.23126129276751,
            31.798243284136213
          ],
          [
            35.23137489585027,
            31.79835135567937
          ],
          [
            35.23142956031279,
            31.79840388624193
          ],
          [
            35.231520110585855,
            31.79849955049849
          ],
          [
            35.23159529171443,
            31.79858519671202
          ],
          [
            35.23163470082692,
            31.798633865141607
          ],
          [
            35.23167105015018,
            31.79867654328779
          ],
          [
            35.231738570360875,
            31.798758051602135
          ],
          [
            35.23180071707313,
            31.798833071390366
          ],
          [
            35.23189723207161,
            31.798949579223706
          ],
          [
            35.23197372318185,
            31.799041914774826
          ],
          [
            35.23205289877529,
            31.799134422851335
          ],
          [
            35.23210715248421,
            31.799201947196508
          ],
          [
            35.23217736956804,
            31.79928769964738
          ],
          [
            35.23225444678105,
            31.799381828657086
          ],
          [
            35.23236282050506,
            31.79951253481628
          ],
          [
            35.23243023616305,
            31.79959698908654
          ],
          [
            35.23254259850212,
            31.799747648323144
          ],
          [
            35.23259962157048,
            31.7998356832884
          ],
          [
            35.23262253206459,
            31.799873931575117
          ],
          [
            35.23267271889034,
            31.799972497897024
          ],
          [
            35.23278272911793,
            31.800177908129257
          ],
          [
            35.232830534842854,
            31.800272387774704
          ],
          [
            35.23304338986688,
            31.800671825527072
          ],
          [
            35.233070786088454,
            31.800722166393896
          ],
          [
            35.23312881487699,
            31.80082169392836
          ],
          [
            35.233206067653526,
            31.80094020804518
          ],
          [
            35.23324496113931,
            31.801002417197207
          ],
          [
            35.233291500909395,
            31.801067332833423
          ],
          [
            35.23337924129255,
            31.80118959341722
          ],
          [
            35.233479340227035,
            31.801332149734574
          ],
          [
            35.23354642498881,
            31.801424835456395
          ],
          [
            35.23365401289545,
            31.80157530356588
          ],
          [
            35.233774993507225,
            31.801759762445865
          ],
          [
            35.23389573580384,
            31.801960468802186
          ],
          [
            35.23395152696144,
            31.802051568767265
          ],
          [
            35.234024491061994,
            31.802176107643398
          ],
          [
            35.2340886529653,
            31.802298858368655
          ],
          [
            35.23417878456477,
            31.80248489500957
          ],
          [
            35.23422607677961,
            31.80259341765985
          ],
          [
            35.234264763313575,
            31.802677781120483
          ],
          [
            35.23433012963897,
            31.802852848041205
          ],
          [
            35.234400397314054,
            31.803061139340976
          ],
          [
            35.23446053957246,
            31.803280588730264
          ],
          [
            35.23449367228512,
            31.803415075846864
          ],
          [
            35.23451440145711,
            31.803514833336237
          ],
          [
            35.234553582154746,
            31.80371454273294
          ],
          [
            35.23460535972031,
            31.803983982956154
          ],
          [
            35.234635805725034,
            31.80416860209675
          ],
          [
            35.234647029106796,
            31.804314749706347
          ],
          [
            35.23464740817535,
            31.804405719943897
          ],
          [
            35.23464430671807,
            31.80451344537278
          ],
          [
            35.23463559891626,
            31.8046086031934
          ],
          [
            35.23460708422559,
            31.804775817234628
          ],
          [
            35.234579757950414,
            31.804879273661626
          ],
          [
            35.2345560323807,
            31.80495235438713
          ],
          [
            35.23452741767341,
            31.805023277257177
          ],
          [
            35.23449938327981,
            31.805092762451753
          ],
          [
            35.23443948960476,
            31.805232410098554
          ],
          [
            35.23439103255767,
            31.80534538945256
          ],
          [
            35.234359009001885,
            31.80542054811668
          ],
          [
            35.23427494784356,
            31.80561783336725
          ],
          [
            35.23422331748445,
            31.805739004796468
          ],
          [
            35.23415083020303,
            31.80590038684655
          ],
          [
            35.23411538584422,
            31.80599912932924
          ],
          [
            35.2341111159665,
            31.806021476088716
          ],
          [
            35.234111213219286,
            31.806054906335945
          ],
          [
            35.23411296837885,
            31.806084732448944
          ],
          [
            35.23411961277999,
            31.806110381910415
          ],
          [
            35.23414198962276,
            31.806183749422754
          ],
          [
            35.23419512239294,
            31.80632135677147
          ],
          [
            35.2342328139007,
            31.806423344160375
          ],
          [
            35.23428006913816,
            31.806554997997793
          ],
          [
            35.23428566295072,
            31.806571102631153
          ],
          [
            35.2342961505156,
            31.806600329679483
          ],
          [
            35.23431363864259,
            31.806678769339577
          ],
          [
            35.23431785338145,
            31.806751187820453
          ],
          [
            35.234317699660345,
            31.80677566015667
          ],
          [
            35.23431019611275,
            31.806834107385875
          ],
          [
            35.234285073234915,
            31.806912258503854
          ],
          [
            35.23422191305394,
            31.807092544533145
          ],
          [
            35.23409717213407,
            31.80745737910763
          ],
          [
            35.23398246151355,
            31.807781234370772
          ],
          [
            35.233916959738416,
            31.807994357616295
          ],
          [
            35.2338401531281,
            31.808223216001604
          ],
          [
            35.23380405873398,
            31.808330766770013
          ],
          [
            35.23375775438279,
            31.80848280126012
          ],
          [
            35.233711027885064,
            31.80863622465809
          ],
          [
            35.233663333804046,
            31.80879282543423
          ],
          [
            35.23360580576254,
            31.808960964755485
          ],
          [
            35.233566673707514,
            31.8091130128533
          ],
          [
            35.23355234467505,
            31.80925121927353
          ],
          [
            35.233544489567215,
            31.809400024423052
          ],
          [
            35.23354648696827,
            31.809978562372137
          ],
          [
            35.233545306615405,
            31.81022624174222
          ],
          [
            35.233545739497245,
            31.810269764364826
          ],
          [
            35.23353613490414,
            31.810383226842816
          ],
          [
            35.233503069848055,
            31.810533201981304
          ],
          [
            35.233408403196364,
            31.81072370709355
          ],
          [
            35.23336991184853,
            31.810782926921622
          ],
          [
            35.233318648436835,
            31.81085061879172
          ],
          [
            35.23326930328241,
            31.810902697582343
          ],
          [
            35.23321650661517,
            31.810951028189855
          ],
          [
            35.23314092335268,
            31.81100968273498
          ],
          [
            35.233057845047284,
            31.811072573948046
          ],
          [
            35.232797403220154,
            31.811265183567286
          ],
          [
            35.232292953224615,
            31.81163122993656
          ],
          [
            35.232221971411434,
            31.811697094926064
          ],
          [
            35.23210178803683,
            31.8118190829194
          ],
          [
            35.232038941344534,
            31.811903206461146
          ],
          [
            35.23189274676782,
            31.81211262947601
          ],
          [
            35.23172798210089,
            31.812359290477573
          ],
          [
            35.231580480887004,
            31.812583722689716
          ],
          [
            35.23142815036419,
            31.812815500313405
          ],
          [
            35.231291059994206,
            31.813021313330886
          ],
          [
            35.2311506748728,
            31.81323424960013
          ],
          [
            35.23076121688222,
            31.813795190730346
          ],
          [
            35.23070116028491,
            31.81387633153485
          ],
          [
            35.230630625783476,
            31.81395807057495
          ],
          [
            35.230469383883914,
            31.814086807542118
          ],
          [
            35.22999791994808,
            31.814355510691883
          ],
          [
            35.22919660652291,
            31.81479435676177
          ],
          [
            35.22908436158417,
            31.81487622115525
          ],
          [
            35.2289690358166,
            31.814974740278345
          ],
          [
            35.22877671180181,
            31.815193598987406
          ],
          [
            35.22863704949013,
            31.815418516797603
          ],
          [
            35.22858607820232,
            31.815519936289743
          ],
          [
            35.228540004201236,
            31.81564986913858
          ],
          [
            35.22850860465009,
            31.81579721819681
          ],
          [
            35.228471631469866,
            31.81600123796452
          ],
          [
            35.22843328104089,
            31.816287817595725
          ],
          [
            35.228401506757145,
            31.81654005579943
          ],
          [
            35.228331240612704,
            31.817016562019674
          ],
          [
            35.228297298756154,
            31.817249090015377
          ],
          [
            35.22826732082751,
            31.8174949851896
          ],
          [
            35.22826036273587,
            31.81760653745922
          ],
          [
            35.22826458983304,
            31.81774373859999
          ],
          [
            35.22828630569986,
            31.8179733982468
          ],
          [
            35.22831712565766,
            31.8182881210794
          ],
          [
            35.228331332834216,
            31.81843360731911
          ],
          [
            35.22834365825429,
            31.818559829760943
          ],
          [
            35.228367546014795,
            31.818748274095313
          ],
          [
            35.22838549004525,
            31.819008266787115
          ],
          [
            35.22840608494772,
            31.819193277522526
          ],
          [
            35.22842003318374,
            31.819369816737904
          ],
          [
            35.228452831121515,
            31.819638891710913
          ],
          [
            35.22848171019725,
            31.819701475573495
          ],
          [
            35.22851016034796,
            31.81973899385026
          ],
          [
            35.22852910389041,
            31.819757200171733
          ],
          [
            35.22855774146435,
            31.81977602782901
          ],
          [
            35.22857926258992,
            31.81978771517771
          ],
          [
            35.22860832988137,
            31.819801788257262
          ],
          [
            35.22864577973707,
            31.819813711565324
          ],
          [
            35.22867877871148,
            31.819821446674254
          ],
          [
            35.2287285424379,
            31.819827539046695
          ],
          [
            35.22876847699688,
            31.81982916827774
          ],
          [
            35.22957251498694,
            31.819818708139053
          ],
          [
            35.22966333757253,
            31.81981630396588
          ],
          [
            35.22978629476017,
            31.819804349210134
          ],
          [
            35.22984707335862,
            31.819793599856226
          ],
          [
            35.22989737128299,
            31.819779273172482
          ],
          [
            35.23003129160407,
            31.81972814560218
          ],
          [
            35.2304195385044,
            31.819547917104522
          ],
          [
            35.23059948474335,
            31.819468040716217
          ],
          [
            35.230788173006424,
            31.819396153447066
          ],
          [
            35.23088809103392,
            31.81936729383584
          ],
          [
            35.2309920104292,
            31.819347725843436
          ],
          [
            35.2311018619255,
            31.819329965612436
          ],
          [
            35.23124987628863,
            31.81932039587773
          ],
          [
            35.231397033788475,
            31.81932453497792
          ],
          [
            35.23152862458015,
            31.81933446971255
          ],
          [
            35.23177870459393,
            31.8193633256819
          ],
          [
            35.232095963756436,
            31.81940034808645
          ],
          [
            35.23230310262543,
            31.81942743931101
          ],
          [
            35.23243425979316,
            31.819438147881744
          ],
          [
            35.23255330382959,
            31.819446776644398
          ],
          [
            35.23276708663962,
            31.819446729371528
          ],
          [
            35.23292979465409,
            31.819432884222273
          ],
          [
            35.23310290813955,
            31.819408148648993
          ],
          [
            35.23337033268734,
            31.81936549634057
          ],
          [
            35.233654989954324,
            31.819309341729852
          ],
          [
            35.23383061277971,
            31.819265277320604
          ],
          [
            35.23403138354288,
            31.819211185625324
          ],
          [
            35.2347857857907,
            31.819009692241956
          ],
          [
            35.23503350234183,
            31.81895236642822
          ],
          [
            35.23517140251898,
            31.818923341929764
          ],
          [
            35.23534906215694,
            31.818894585422125
          ],
          [
            35.23550834264488,
            31.81887164007263
          ],
          [
            35.23566385320577,
            31.818857285445453
          ],
          [
            35.235971103671844,
            31.81883824064014
          ],
          [
            35.23632907764961,
            31.818824909090914
          ],
          [
            35.23656565982506,
            31.81881773875121
          ],
          [
            35.23688759008726,
            31.818820043540363
          ],
          [
            35.237245296045835,
            31.818840949534245
          ],
          [
            35.23757161259233,
            31.818881255785108
          ],
          [
            35.23784223969828,
            31.81893433047567
          ],
          [
            35.23823798068492,
            31.819032772690093
          ],
          [
            35.239332354475785,
            31.819389029252147
          ],
          [
            35.239719961978004,
            31.81951806028965
          ],
          [
            35.23983312528453,
            31.81955573113894
          ],
          [
            35.23994330630034,
            31.81959705515756
          ],
          [
            35.2400061956097,
            31.81962948934105
          ],
          [
            35.24006657233253,
            31.819667649958472
          ],
          [
            35.24014959743077,
            31.81973634672284
          ],
          [
            35.24020131174992,
            31.819794961560564
          ],
          [
            35.24024502902573,
            31.819852114038614
          ],
          [
            35.24028800367637,
            31.819933496364573
          ],
          [
            35.2403064659578,
            31.81998216782611
          ],
          [
            35.2403207361159,
            31.820027978033412
          ],
          [
            35.240329412497296,
            31.82006257366636
          ],
          [
            35.2403338967944,
            31.820094451439854
          ],
          [
            35.24033894783791,
            31.82014980747724
          ],
          [
            35.240332565835715,
            31.82026649074311
          ],
          [
            35.24032280950553,
            31.820331920857083
          ],
          [
            35.2402776309653,
            31.820572834944834
          ],
          [
            35.24025586808519,
            31.82066446858919
          ],
          [
            35.240221815371854,
            31.820770755115298
          ],
          [
            35.24018049474978,
            31.820874324629216
          ],
          [
            35.24012520656944,
            31.82098887339125
          ],
          [
            35.24006365610724,
            31.821101166578927
          ],
          [
            35.23996134608802,
            31.821247239470775
          ],
          [
            35.2398696720819,
            31.821363215931026
          ],
          [
            35.23978387626777,
            31.82145000545247
          ],
          [
            35.239630085371466,
            31.821588919116035
          ],
          [
            35.23955703800091,
            31.821645483512118
          ],
          [
            35.23950604020237,
            31.821682012011394
          ],
          [
            35.23945365413154,
            31.821714811776197
          ],
          [
            35.239330020437656,
            31.82179072439545
          ],
          [
            35.239149858501925,
            31.821887372889897
          ],
          [
            35.23884430009967,
            31.822046074323193
          ],
          [
            35.23869712572627,
            31.82212055514376
          ],
          [
            35.23847016395001,
            31.82224037439806
          ],
          [
            35.23829244236281,
            31.822343103008066
          ],
          [
            35.23819229479917,
            31.822411348981383
          ],
          [
            35.23806152845821,
            31.82251639608084
          ],
          [
            35.237966637834475,
            31.822606253905892
          ],
          [
            35.23787119473897,
            31.822705274463825
          ],
          [
            35.23776820687326,
            31.822837166158802
          ],
          [
            35.237655499231096,
            31.82299288952708
          ],
          [
            35.23761870377742,
            31.82306050167427
          ],
          [
            35.23759057756487,
            31.82314487850272
          ],
          [
            35.23757217103911,
            31.823250468504316
          ],
          [
            35.23757221286686,
            31.823367865064093
          ],
          [
            35.237595733188655,
            31.82349470496421
          ],
          [
            35.23766711685338,
            31.823832416937748
          ],
          [
            35.23773471769024,
            31.824138131782796
          ],
          [
            35.23775805242027,
            31.824205710212247
          ],
          [
            35.23777940439651,
            31.824255076568882
          ],
          [
            35.23779555276878,
            31.824279493174917
          ],
          [
            35.23781590103839,
            31.824310372141348
          ],
          [
            35.23784738052718,
            31.824345177490706
          ],
          [
            35.23787187539201,
            31.82437226043427
          ],
          [
            35.23790207374413,
            31.824398437335052
          ],
          [
            35.23794729920195,
            31.824435469293746
          ],
          [
            35.23804380037678,
            31.824497542555804
          ],
          [
            35.23818719822098,
            31.824581830003677
          ],
          [
            35.23842032657449,
            31.824720282055175
          ],
          [
            35.23872180132346,
            31.824899159977473
          ],
          [
            35.23904746009357,
            31.82510258401468
          ],
          [
            35.2395886441999,
            31.825438877755644
          ],
          [
            35.23974966062277,
            31.825546136457163
          ],
          [
            35.23979673976383,
            31.82558511520429
          ],
          [
            35.239847369196546,
            31.825632725324215
          ],
          [
            35.23994383141221,
            31.82574937987647
          ],
          [
            35.24012222602124,
            31.82598439188026
          ],
          [
            35.24025387792888,
            31.826161679408287
          ],
          [
            35.240435957755366,
            31.82640313804936
          ],
          [
            35.24053117078886,
            31.8265358983844
          ],
          [
            35.24056556858703,
            31.826592797205805
          ],
          [
            35.24059451650023,
            31.82665098628625
          ],
          [
            35.24062641051118,
            31.826736519995894
          ],
          [
            35.24064908083584,
            31.826821411502827
          ],
          [
            35.240657906239285,
            31.82687867558381
          ],
          [
            35.24066043469897,
            31.826910457370378
          ],
          [
            35.24066212402543,
            31.82694381490257
          ],
          [
            35.24065687183411,
            31.827056846205064
          ],
          [
            35.24064666753272,
            31.827120530446884
          ],
          [
            35.24062088669467,
            31.827229172023024
          ],
          [
            35.24059091567707,
            31.827343742547686
          ],
          [
            35.24057835704796,
            31.8273917075463
          ],
          [
            35.24055759450266,
            31.827470426570486
          ],
          [
            35.24053951058544,
            31.82753800625665
          ],
          [
            35.240515900410905,
            31.827625430598502
          ],
          [
            35.24049329668702,
            31.82771245333324
          ],
          [
            35.2404670102645,
            31.827817516526416
          ],
          [
            35.240439044730294,
            31.827915593663985
          ],
          [
            35.2404152957439,
            31.827991464602096
          ],
          [
            35.24035875082131,
            31.82811961427982
          ],
          [
            35.240304937901065,
            31.82820814641574
          ],
          [
            35.240239758370876,
            31.8282921644235
          ],
          [
            35.24018207048826,
            31.82835538847291
          ],
          [
            35.240115298865035,
            31.828420070600004
          ],
          [
            35.240073951094644,
            31.82845372875173
          ],
          [
            35.23993256855032,
            31.82855250296373
          ],
          [
            35.239629403106356,
            31.828741627084128
          ],
          [
            35.23951811502332,
            31.828806956963998
          ],
          [
            35.239421929745646,
            31.828855024173652
          ],
          [
            35.23931015029942,
            31.828889653713425
          ],
          [
            35.23914037832427,
            31.828927281317746
          ],
          [
            35.23895802600736,
            31.82895477095824
          ],
          [
            35.23864921261438,
            31.82899541783377
          ],
          [
            35.23782771318921,
            31.82910802139495
          ],
          [
            35.23773507234291,
            31.82913131026763
          ],
          [
            35.237669262347985,
            31.829153159970428
          ],
          [
            35.23760298736843,
            31.82918043971276
          ],
          [
            35.237552554554334,
            31.829206623185666
          ],
          [
            35.2374471143277,
            31.829271974983527
          ],
          [
            35.23736622839941,
            31.82934143182604
          ],
          [
            35.23730378778509,
            31.829408020536988
          ],
          [
            35.23725811269866,
            31.8294649408331
          ],
          [
            35.23719763476435,
            31.829544096967346
          ],
          [
            35.237076596120936,
            31.829732294196877
          ],
          [
            35.23693815142905,
            31.829943120091443
          ],
          [
            35.23667519429513,
            31.8303590457418
          ],
          [
            35.23652490802712,
            31.830584046503734
          ],
          [
            35.23648077094117,
            31.83064705080793
          ],
          [
            35.2363416423699,
            31.830812204542372
          ],
          [
            35.23618183163513,
            31.830978222718116
          ],
          [
            35.23607454253294,
            31.831079419976657
          ],
          [
            35.23554269854526,
            31.831570946445076
          ],
          [
            35.235345018946354,
            31.831751444530628
          ],
          [
            35.23514511126426,
            31.83193670813837
          ],
          [
            35.235042847885865,
            31.832030745436064
          ],
          [
            35.23498249527444,
            31.832084208972972
          ],
          [
            35.23492996923381,
            31.83214139338652
          ],
          [
            35.23487185964606,
            31.832215853764808
          ],
          [
            35.23483498634801,
            31.83227599242271
          ],
          [
            35.23479421212466,
            31.83237240110622
          ],
          [
            35.234773005483206,
            31.832481212573256
          ],
          [
            35.234768004715555,
            31.83257188608039
          ],
          [
            35.234766492932046,
            31.832794912091465
          ],
          [
            35.23475890100615,
            31.833083513778096
          ],
          [
            35.23475621298547,
            31.83340874141706
          ],
          [
            35.23475280880337,
            31.833685590267372
          ],
          [
            35.234751101819974,
            31.83380579085732
          ],
          [
            35.23474592815531,
            31.834011236421137
          ],
          [
            35.234731979222055,
            31.834093561038383
          ],
          [
            35.2347204649661,
            31.834139496032755
          ],
          [
            35.23470650236599,
            31.834176722586086
          ],
          [
            35.234667749397225,
            31.83426114082485
          ],
          [
            35.23453227373251,
            31.834511654812776
          ],
          [
            35.234383497733596,
            31.834779143400787
          ],
          [
            35.234257477595754,
            31.835014233479942
          ],
          [
            35.23421502238437,
            31.83508898837279
          ],
          [
            35.23407590817336,
            31.835349310146114
          ],
          [
            35.23401950103983,
            31.83549726924091
          ],
          [
            35.23396435393151,
            31.835684943016226
          ],
          [
            35.23395305364116,
            31.835747819748555
          ],
          [
            35.23393982256526,
            31.835888244795395
          ],
          [
            35.23394435211559,
            31.83607054242736
          ],
          [
            35.23397683827151,
            31.83627001353513
          ],
          [
            35.234050741100106,
            31.83662695880183
          ],
          [
            35.23430824327788,
            31.837737680299433
          ],
          [
            35.234355251115076,
            31.837894197989957
          ],
          [
            35.23440581625763,
            31.837972678186222
          ],
          [
            35.234479406247104,
            31.8380583324453
          ],
          [
            35.2345722279485,
            31.83813275698579
          ],
          [
            35.2347097667183,
            31.838193809274987
          ],
          [
            35.23490991006759,
            31.83823575734609
          ],
          [
            35.235165952549714,
            31.838267192492374
          ],
          [
            35.23536608991205,
            31.83829005071769
          ],
          [
            35.23563219219274,
            31.838312892513052
          ],
          [
            35.23581555430384,
            31.838321437511283
          ],
          [
            35.23603804470237,
            31.838319473401224
          ],
          [
            35.23625270613364,
            31.838311784206645
          ],
          [
            35.23647854799258,
            31.838302183560188
          ],
          [
            35.23676030872462,
            31.83827619104115
          ],
          [
            35.23705410136316,
            31.83823967672695
          ],
          [
            35.23750566045474,
            31.838183552021174
          ],
          [
            35.23786272157921,
            31.838139170754484
          ],
          [
            35.238103093894345,
            31.83810929378469
          ],
          [
            35.23837536994012,
            31.838085630532195
          ],
          [
            35.23859687713336,
            31.838071851785624
          ],
          [
            35.23876178963068,
            31.838074193759724
          ],
          [
            35.238891069070824,
            31.838090264759177
          ],
          [
            35.23902151982574,
            31.83810838337554
          ],
          [
            35.23918666316262,
            31.838140223740226
          ],
          [
            35.23937675748596,
            31.838195717584206
          ],
          [
            35.23955776758644,
            31.838267131924813
          ],
          [
            35.2397129243758,
            31.83834165547168
          ],
          [
            35.239813569739965,
            31.83839829705943
          ],
          [
            35.239908633228154,
            31.83847462626226
          ],
          [
            35.2400148822201,
            31.838564672780702
          ],
          [
            35.240054732097164,
            31.83861596250329
          ],
          [
            35.24012114905637,
            31.83870065143062
          ],
          [
            35.24018197843812,
            31.83879285687391
          ],
          [
            35.24021255717262,
            31.83886568404526
          ],
          [
            35.240239330389905,
            31.83892944523484
          ],
          [
            35.24025891735307,
            31.83898372384587
          ],
          [
            35.24027641920398,
            31.83906604016556
          ],
          [
            35.240288326886315,
            31.839141795406718
          ],
          [
            35.240295344384194,
            31.839217552021122
          ],
          [
            35.240296835730604,
            31.839460338907905
          ],
          [
            35.24029347695605,
            31.839809785274714
          ],
          [
            35.24029290258517,
            31.84013369901325
          ],
          [
            35.24029282586487,
            31.8406576484107
          ],
          [
            35.240289514864536,
            31.841495197004804
          ],
          [
            35.24028679767519,
            31.84199356110371
          ],
          [
            35.240277850057595,
            31.84312620372735
          ],
          [
            35.2402932440016,
            31.844152980279258
          ],
          [
            35.24030669474268,
            31.84428872769672
          ],
          [
            35.2403067229248,
            31.84436172209521
          ]
        ]
      }
    },
    {
      "type": "Feature",
      "properties": {
        "type": "Light Rail",
        "network": "JNET",
        "route_name": "Red Line",
        "color": "#E3000F"
      },
      "geometry": {
        "type": "LineString",
        "coordinates": [
          [
            35.16102623188942,
            31.757200643252972
          ],
          [
            35.16109510575854,
            31.757323507168454
          ],
          [
            35.161207742100466,
            31.75755456053076
          ],
          [
            35.16131224436428,
            31.75776036926563
          ],
          [
            35.16143158444628,
            31.758013730940753
          ],
          [
            35.16154935321975,
            31.758281467385142
          ],
          [
            35.161717895762386,
            31.758565543281026
          ],
          [
            35.16186809675354,
            31.75875033132196
          ],
          [
            35.16203503561123,
            31.758898209515838
          ],
          [
            35.1621977382744,
            31.759006394953506
          ],
          [
            35.162416888134956,
            31.75911250385947
          ],
          [
            35.16273894585421,
            31.759207709492113
          ],
          [
            35.16301698541806,
            31.759263828421066
          ],
          [
            35.163292185671196,
            31.759334911951566
          ],
          [
            35.16348056509047,
            31.759411896586638
          ],
          [
            35.163627497479865,
            31.759491717478998
          ],
          [
            35.16377204330863,
            31.75959144657998
          ],
          [
            35.16388580747391,
            31.759678504693184
          ],
          [
            35.16403252677172,
            31.75984225259463
          ],
          [
            35.16423124156711,
            31.76005538740409
          ],
          [
            35.164420491353646,
            31.760258557133614
          ],
          [
            35.16447988450037,
            31.760325843562022
          ],
          [
            35.16464081952378,
            31.760482537371686
          ],
          [
            35.16473578849139,
            31.760552697266004
          ],
          [
            35.164851577493245,
            31.760606748497146
          ],
          [
            35.165073608369426,
            31.76069296170325
          ],
          [
            35.1653317364019,
            31.760732691892116
          ],
          [
            35.16550725027494,
            31.760728943574286
          ],
          [
            35.16568005458527,
            31.760702421690723
          ],
          [
            35.165810002754725,
            31.760666426201105
          ],
          [
            35.165993292746144,
            31.760588442367638
          ],
          [
            35.16671109341988,
            31.76008265986865
          ],
          [
            35.166886854306604,
            31.759950473396177
          ],
          [
            35.167030658528944,
            31.759871028027767
          ],
          [
            35.16716529301707,
            31.759823485298973
          ],
          [
            35.16732421309582,
            31.759793865582758
          ],
          [
            35.16749535931206,
            31.75979051096334
          ],
          [
            35.16796852366913,
            31.759878875126972
          ],
          [
            35.168453447343595,
            31.75998940191138
          ],
          [
            35.168633638956294,
            31.76003460007783
          ],
          [
            35.16874046632145,
            31.760054984774083
          ],
          [
            35.16901764521196,
            31.760122812549074
          ],
          [
            35.169154666413164,
            31.76015918691126
          ],
          [
            35.16940675375714,
            31.760244082414115
          ],
          [
            35.16953227339632,
            31.76029390332283
          ],
          [
            35.16963356043102,
            31.760343351325556
          ],
          [
            35.16980401777374,
            31.76043477196331
          ],
          [
            35.16982091096252,
            31.760447698206626
          ],
          [
            35.169975894313026,
            31.76059379599205
          ],
          [
            35.170021380991514,
            31.76065204227892
          ],
          [
            35.17005831666581,
            31.760699355870138
          ],
          [
            35.17015325444228,
            31.760859884742715
          ],
          [
            35.170226793575665,
            31.760983295944076
          ],
          [
            35.170417259077624,
            31.7613029240827
          ],
          [
            35.1704973482218,
            31.7614330222519
          ],
          [
            35.17057745343316,
            31.76157466218852
          ],
          [
            35.170628219290414,
            31.761648655875018
          ],
          [
            35.170755794751386,
            31.761761799180825
          ],
          [
            35.170823503112196,
            31.761804680909208
          ],
          [
            35.170929302359596,
            31.761846678920698
          ],
          [
            35.17099957180641,
            31.76187440752444
          ],
          [
            35.171177010308945,
            31.76193685906865
          ],
          [
            35.17131243915791,
            31.761978808597327
          ],
          [
            35.171433814323784,
            31.762009488482516
          ],
          [
            35.17152980002474,
            31.762029382826242
          ],
          [
            35.171814778953376,
            31.762097094688624
          ],
          [
            35.17200207592047,
            31.762145321003846
          ],
          [
            35.172160076564076,
            31.762183509283616
          ],
          [
            35.172251810049055,
            31.762211758500573
          ],
          [
            35.17265731973321,
            31.76252814577891
          ],
          [
            35.1727903228976,
            31.762689104220108
          ],
          [
            35.17284944991341,
            31.76288140854582
          ],
          [
            35.17292849849765,
            31.76320199081249
          ],
          [
            35.173103427479646,
            31.763880170118462
          ],
          [
            35.17317045187725,
            31.76417807774007
          ],
          [
            35.17327023907985,
            31.76453445995677
          ],
          [
            35.173419878053565,
            31.764830673246664
          ],
          [
            35.17361120289978,
            31.765120958721187
          ],
          [
            35.1738193516755,
            31.765351030873997
          ],
          [
            35.17421338645722,
            31.765701772372523
          ],
          [
            35.174394944013386,
            31.76592336530762
          ],
          [
            35.17447620695714,
            31.76602751869847
          ],
          [
            35.174516256012076,
            31.76611331611054
          ],
          [
            35.17456831558443,
            31.766301157348988
          ],
          [
            35.174566739186616,
            31.76642362026405
          ],
          [
            35.1745381147139,
            31.766717563464805
          ],
          [
            35.174480909915744,
            31.76710174659001
          ],
          [
            35.17446404659837,
            31.767264994506146
          ],
          [
            35.17444971125688,
            31.76735690350668
          ],
          [
            35.17441215556065,
            31.767533695834814
          ],
          [
            35.174365714142354,
            31.76784214811553
          ],
          [
            35.17436454550984,
            31.76791070605112
          ],
          [
            35.17436714515566,
            31.767934537003
          ],
          [
            35.1743867548583,
            31.768063108579668
          ],
          [
            35.17440883639247,
            31.768144279794843
          ],
          [
            35.17444575515115,
            31.768237142411508
          ],
          [
            35.174510206933476,
            31.768339112917992
          ],
          [
            35.17455555080717,
            31.768395907318315
          ],
          [
            35.174596608617044,
            31.768443761614368
          ],
          [
            35.1747285238114,
            31.768564621633118
          ],
          [
            35.17479612827276,
            31.768616919142733
          ],
          [
            35.17492591921669,
            31.768687336503202
          ],
          [
            35.17506741102659,
            31.768754087733754
          ],
          [
            35.17535025702937,
            31.76884701751977
          ],
          [
            35.17540249137108,
            31.768854452549263
          ],
          [
            35.17565636828845,
            31.76892733244297
          ],
          [
            35.175917109059505,
            31.769011306055628
          ],
          [
            35.17615147594771,
            31.769072655009765
          ],
          [
            35.17636086818698,
            31.769105427588766
          ],
          [
            35.17647013594738,
            31.769114228442035
          ],
          [
            35.17654304097816,
            31.769110651525693
          ],
          [
            35.17662221252358,
            31.76910256311143
          ],
          [
            35.176941061691835,
            31.769041271051986
          ],
          [
            35.17725971860455,
            31.768953788595027
          ],
          [
            35.17750059049073,
            31.768897088651986
          ],
          [
            35.17764573934556,
            31.76885326807703
          ],
          [
            35.1779840740213,
            31.768765507480893
          ],
          [
            35.17823958124055,
            31.76870877671964
          ],
          [
            35.17837393661856,
            31.768661630691977
          ],
          [
            35.17847398194984,
            31.768648372429265
          ],
          [
            35.17861006222555,
            31.768642134163102
          ],
          [
            35.17880649640386,
            31.768660203633196
          ],
          [
            35.17896796978368,
            31.768684542629646
          ],
          [
            35.17929833041525,
            31.768745060888293
          ],
          [
            35.17948519929646,
            31.768792866635273
          ],
          [
            35.179628807929845,
            31.7688358802809
          ],
          [
            35.179749080013416,
            31.768878585307547
          ],
          [
            35.17985677255922,
            31.768928214851666
          ],
          [
            35.179935937586926,
            31.768967059959902
          ],
          [
            35.18012905726647,
            31.76907256957051
          ],
          [
            35.18023872858399,
            31.76914205777961
          ],
          [
            35.18047620706751,
            31.769307107849535
          ],
          [
            35.180706884474155,
            31.769473978828774
          ],
          [
            35.18088426153646,
            31.76966151067919
          ],
          [
            35.181151158733634,
            31.769995305383357
          ],
          [
            35.181196508678546,
            31.770043082573835
          ],
          [
            35.18125761923604,
            31.770154804276295
          ],
          [
            35.181300962303624,
            31.770241558764045
          ],
          [
            35.181305075437166,
            31.770248624560303
          ],
          [
            35.18135064705777,
            31.770326907512608
          ],
          [
            35.1814997071853,
            31.770693650483512
          ],
          [
            35.18155443970358,
            31.770816329186403
          ],
          [
            35.1816939099717,
            31.77112195401089
          ],
          [
            35.18203949797909,
            31.77188233752771
          ],
          [
            35.18209916775332,
            31.772059360151726
          ],
          [
            35.18214583355077,
            31.772194635912854
          ],
          [
            35.18219797738599,
            31.772378087306286
          ],
          [
            35.1822418560673,
            31.772484415155425
          ],
          [
            35.182326884348285,
            31.772703472516564
          ],
          [
            35.18239994852544,
            31.772862737301292
          ],
          [
            35.18249979102256,
            31.77304950478815
          ],
          [
            35.18253941629319,
            31.773118827338127
          ],
          [
            35.18257401338728,
            31.77317940473252
          ],
          [
            35.18262126922656,
            31.77326208307107
          ],
          [
            35.182638955100984,
            31.773293026562765
          ],
          [
            35.18270532483697,
            31.773408653400907
          ],
          [
            35.182773556062735,
            31.773510057544147
          ],
          [
            35.18283114252111,
            31.773622563336122
          ],
          [
            35.18292321212328,
            31.773757039351768
          ],
          [
            35.18299521420216,
            31.773883594624113
          ],
          [
            35.183224006409795,
            31.774243074552626
          ],
          [
            35.18372184480581,
            31.77506011065931
          ],
          [
            35.184120230394946,
            31.775834759329395
          ],
          [
            35.18424000361613,
            31.77604717788166
          ],
          [
            35.18434368321573,
            31.77622969405504
          ],
          [
            35.18462232224013,
            31.77659044270968
          ],
          [
            35.184824428931734,
            31.77678726622345
          ],
          [
            35.18544965084247,
            31.777391762198434
          ],
          [
            35.18580222232619,
            31.7777502610395
          ],
          [
            35.18590305840984,
            31.777843768080494
          ],
          [
            35.18659038155402,
            31.778523326905777
          ],
          [
            35.18739958972599,
            31.779427733219034
          ],
          [
            35.1876846183466,
            31.779765962253556
          ],
          [
            35.187793313274774,
            31.779906599109633
          ],
          [
            35.187894762862236,
            31.78004737561194
          ],
          [
            35.18795566544966,
            31.780128516924375
          ],
          [
            35.188055844733135,
            31.780249494975667
          ],
          [
            35.18815827184901,
            31.78037125693599
          ],
          [
            35.18839765111735,
            31.78071340327317
          ],
          [
            35.18851351199604,
            31.780906859518673
          ],
          [
            35.18882826673691,
            31.78138406358503
          ],
          [
            35.18911395738547,
            31.781821347778635
          ],
          [
            35.18945370206439,
            31.782358565452686
          ],
          [
            35.189618246047345,
            31.782552891259616
          ],
          [
            35.189678957197486,
            31.782609584551455
          ],
          [
            35.18975885493191,
            31.782674569773608
          ],
          [
            35.189894399661185,
            31.78276889196504
          ],
          [
            35.190040452000325,
            31.78282162043367
          ],
          [
            35.19015079405729,
            31.782850716442084
          ],
          [
            35.19032097395967,
            31.782872918141422
          ],
          [
            35.190908139587734,
            31.782877804389805
          ],
          [
            35.19098637287955,
            31.78287410074268
          ],
          [
            35.19134839050004,
            31.782867180075158
          ],
          [
            35.19185543652024,
            31.782842451573554
          ],
          [
            35.19216062405727,
            31.7828361397945
          ],
          [
            35.19228376096932,
            31.782840039524526
          ],
          [
            35.19249115921514,
            31.78284348898416
          ],
          [
            35.19264351511208,
            31.782830326461422
          ],
          [
            35.192826461462765,
            31.782832775655322
          ],
          [
            35.19320020762327,
            31.782894329491878
          ],
          [
            35.19340803291756,
            31.782947797279018
          ],
          [
            35.19374323438751,
            31.783052815854095
          ],
          [
            35.19395636613468,
            31.783111669898044
          ],
          [
            35.1942255871238,
            31.78316947117057
          ],
          [
            35.19438395152049,
            31.783207382889923
          ],
          [
            35.194542111168396,
            31.78324580303513
          ],
          [
            35.194654161193554,
            31.78327588639846
          ],
          [
            35.194836778730334,
            31.78331198131607
          ],
          [
            35.194901272572594,
            31.78332466971168
          ],
          [
            35.195279277681955,
            31.783421155133034
          ],
          [
            35.19546351333557,
            31.783488600912516
          ],
          [
            35.195655252278875,
            31.783594606113745
          ],
          [
            35.1959222260112,
            31.783787355308224
          ],
          [
            35.1961885992229,
            31.784072359646732
          ],
          [
            35.19640695160923,
            31.784360612409145
          ],
          [
            35.19693655066863,
            31.78492377146576
          ],
          [
            35.19702089029426,
            31.78500973282659
          ],
          [
            35.19738794494446,
            31.785383842477284
          ],
          [
            35.19757581649544,
            31.7855848662155
          ],
          [
            35.19771659668152,
            31.78573497638383
          ],
          [
            35.197851749997646,
            31.78591171388278
          ],
          [
            35.19811196746352,
            31.78620661780909
          ],
          [
            35.19879429248505,
            31.78688568848805
          ],
          [
            35.19914125538776,
            31.787223315279345
          ],
          [
            35.1992891839377,
            31.787381380019863
          ],
          [
            35.199400375858126,
            31.787505467130487
          ],
          [
            35.19944964328029,
            31.787585829506675
          ],
          [
            35.19947166932738,
            31.787621757949573
          ],
          [
            35.19949715054502,
            31.787688605264115
          ],
          [
            35.19951380056353,
            31.787739014358486
          ],
          [
            35.19953919168531,
            31.787833251492184
          ],
          [
            35.19957270718952,
            31.787974510957106
          ],
          [
            35.19961891859554,
            31.788170111364085
          ],
          [
            35.1996576115867,
            31.788363930324525
          ],
          [
            35.19976125880069,
            31.788760249400372
          ],
          [
            35.1998148914366,
            31.788853787686588
          ],
          [
            35.199886405185616,
            31.78892441892491
          ],
          [
            35.199933335424475,
            31.7889759608632
          ],
          [
            35.199983180090506,
            31.789023192085374
          ],
          [
            35.2000336429503,
            31.789060755568983
          ],
          [
            35.200094242183276,
            31.7890962280145
          ],
          [
            35.200172462906615,
            31.78912677246989
          ],
          [
            35.20022162901513,
            31.789147772614136
          ],
          [
            35.2002976152649,
            31.789163046035814
          ],
          [
            35.20037360145451,
            31.789180228610437
          ],
          [
            35.20047417114756,
            31.78919932112085
          ],
          [
            35.20066596630057,
            31.789212118784533
          ],
          [
            35.20094895837613,
            31.78913687557441
          ],
          [
            35.201190603332805,
            31.789041906486517
          ],
          [
            35.201327934058035,
            31.788991006459973
          ],
          [
            35.20154052413199,
            31.788900591176223
          ],
          [
            35.20184843403029,
            31.788779599731548
          ],
          [
            35.20218590592478,
            31.78865934579095
          ],
          [
            35.20251667293515,
            31.78855818012831
          ],
          [
            35.20287202173468,
            31.78844555963527
          ],
          [
            35.20305024586609,
            31.788391966271092
          ],
          [
            35.20311152446785,
            31.788374725555247
          ],
          [
            35.20319846342787,
            31.78835194506542
          ],
          [
            35.20329665226485,
            31.788340574723925
          ],
          [
            35.20341503284682,
            31.78835317633363
          ],
          [
            35.20392053158624,
            31.78845305234386
          ],
          [
            35.20408241545363,
            31.788485036809554
          ],
          [
            35.204135061178555,
            31.78849543881867
          ],
          [
            35.2043917458197,
            31.788542923992292
          ],
          [
            35.204588827886745,
            31.78858854819665
          ],
          [
            35.20476304457597,
            31.78862144445248
          ],
          [
            35.20488686335363,
            31.78863391301389
          ],
          [
            35.20534157475624,
            31.78865172856403
          ],
          [
            35.205532472645594,
            31.788629311913677
          ],
          [
            35.205669367737464,
            31.788598933118426
          ],
          [
            35.20580930548321,
            31.788552680832183
          ],
          [
            35.20600440743144,
            31.788462825524437
          ],
          [
            35.20627421579276,
            31.788326142588037
          ],
          [
            35.20644435122964,
            31.788233159358548
          ],
          [
            35.206561172597695,
            31.78814903555737
          ],
          [
            35.20717220543041,
            31.787762393958374
          ],
          [
            35.20734996897595,
            31.787652174255516
          ],
          [
            35.207523273473534,
            31.7875476946302
          ],
          [
            35.20770801594109,
            31.787456557229017
          ],
          [
            35.207835663641426,
            31.787395798695126
          ],
          [
            35.207955486980865,
            31.787351741450745
          ],
          [
            35.20804642692825,
            31.787313082419775
          ],
          [
            35.208202024571115,
            31.78725873483415
          ],
          [
            35.20836791782736,
            31.787212541199903
          ],
          [
            35.20850741325372,
            31.787174205926142
          ],
          [
            35.20863285024088,
            31.78713864141233
          ],
          [
            35.20887623609393,
            31.787070606488992
          ],
          [
            35.20917211908602,
            31.786989176841477
          ],
          [
            35.20938267023497,
            31.78692824865783
          ],
          [
            35.2095156757934,
            31.786892221240656
          ],
          [
            35.20967625597966,
            31.7868483411357
          ],
          [
            35.209814985604176,
            31.78680486756771
          ],
          [
            35.20995410258175,
            31.786761272984947
          ],
          [
            35.21001137065806,
            31.78674006191358
          ],
          [
            35.21006445771173,
            31.786720399460965
          ],
          [
            35.21012879732436,
            31.786693149295736
          ],
          [
            35.21017907872059,
            31.78666913192476
          ],
          [
            35.21022026613016,
            31.78664349523358
          ],
          [
            35.21027141960816,
            31.786602708940315
          ],
          [
            35.21040063496661,
            31.786499682037725
          ],
          [
            35.21050050061408,
            31.786420056474928
          ],
          [
            35.21057375567908,
            31.78636634201746
          ],
          [
            35.21066630273083,
            31.786312931409807
          ],
          [
            35.21073065546349,
            31.78628348314955
          ],
          [
            35.21082473018295,
            31.786246532769173
          ],
          [
            35.21095881639441,
            31.786210042044384
          ],
          [
            35.211287325919365,
            31.78612597243862
          ],
          [
            35.2116984486276,
            31.78602647315047
          ],
          [
            35.21203117520771,
            31.785946927730137
          ],
          [
            35.21214849886195,
            31.785917363786737
          ],
          [
            35.212269068189705,
            31.785889647411622
          ],
          [
            35.21245711323569,
            31.78586654416354
          ],
          [
            35.212628505334806,
            31.78585036964915
          ],
          [
            35.212725826859476,
            31.785840665004923
          ],
          [
            35.212896029185636,
            31.785815346431892
          ],
          [
            35.21297334450294,
            31.785800562837714
          ],
          [
            35.21317663374798,
            31.785750210163588
          ],
          [
            35.213319367282764,
            31.785710483258963
          ],
          [
            35.21341506398148,
            31.785681843126863
          ],
          [
            35.213564638066124,
            31.785643246378562
          ],
          [
            35.213730548323724,
            31.78559024315207
          ],
          [
            35.21388846305308,
            31.7855094464303
          ],
          [
            35.213988373230706,
            31.7854506948568
          ],
          [
            35.21409967251729,
            31.78538319898986
          ],
          [
            35.21445332046842,
            31.785150781634727
          ],
          [
            35.215072668223144,
            31.784756641262522
          ],
          [
            35.215389693155686,
            31.784553903938548
          ],
          [
            35.21560233916727,
            31.784415338308918
          ],
          [
            35.215920227401185,
            31.78421149211632
          ],
          [
            35.216020422720284,
            31.784149413819407
          ],
          [
            35.21613215328161,
            31.78409336861734
          ],
          [
            35.21630587731842,
            31.784013918396198
          ],
          [
            35.21653726899298,
            31.78391968492109
          ],
          [
            35.216761021906876,
            31.78383653539942
          ],
          [
            35.21686914829969,
            31.783789110604225
          ],
          [
            35.21698376253542,
            31.783742301040164
          ],
          [
            35.21719208577505,
            31.7836554574209
          ],
          [
            35.21729156152264,
            31.783607418070066
          ],
          [
            35.21738382845748,
            31.783561226342613
          ],
          [
            35.217461677461976,
            31.7835156519726
          ],
          [
            35.217612328724364,
            31.783425734622558
          ],
          [
            35.217864675384234,
            31.78326746306419
          ],
          [
            35.21787136008627,
            31.783263506883184
          ],
          [
            35.218110657685,
            31.783121875191554
          ],
          [
            35.2184150919605,
            31.782920474472466
          ],
          [
            35.21870443062098,
            31.782741547711534
          ],
          [
            35.2188685115877,
            31.782641027113044
          ],
          [
            35.21907450909813,
            31.78251482606469
          ],
          [
            35.21925080383973,
            31.782402489438166
          ],
          [
            35.21939850652379,
            31.78230963390228
          ],
          [
            35.21949634784378,
            31.7822443633112
          ],
          [
            35.21957924003547,
            31.782190782291057
          ],
          [
            35.21967870921196,
            31.78212611469876
          ],
          [
            35.21978394586188,
            31.78206083128033
          ],
          [
            35.21997711894437,
            31.781937654175415
          ],
          [
            35.22021224073443,
            31.781783930716845
          ],
          [
            35.22028215779128,
            31.78173712367094
          ],
          [
            35.22042487374278,
            31.781642278088032
          ],
          [
            35.22048686057688,
            31.781601013741238
          ],
          [
            35.2207103030719,
            31.781448890687994
          ],
          [
            35.22083874543309,
            31.78135540101877
          ],
          [
            35.22106074052663,
            31.78118049518373
          ],
          [
            35.221211706307045,
            31.78105995684963
          ],
          [
            35.22130349370047,
            31.780990560623355
          ],
          [
            35.22132583841382,
            31.78097577918166
          ],
          [
            35.22137052570785,
            31.780946217188536
          ],
          [
            35.221385662085304,
            31.7809338996221
          ],
          [
            35.221684064225244,
            31.78078380846988
          ],
          [
            35.22213898103523,
            31.780556114041467
          ],
          [
            35.22238755612881,
            31.780432477358975
          ],
          [
            35.222693556081026,
            31.780280277863202
          ],
          [
            35.222832623021894,
            31.780213021057712
          ],
          [
            35.22295912803354,
            31.78017062611535
          ],
          [
            35.22307049143184,
            31.780139555889004
          ],
          [
            35.223193787264904,
            31.78012079126329
          ],
          [
            35.22325456604938,
            31.780110284886593
          ],
          [
            35.22331608804591,
            31.780099650309523
          ],
          [
            35.22337474940934,
            31.780080963572715
          ],
          [
            35.22345841890284,
            31.78005430982077
          ],
          [
            35.2235213668959,
            31.78002171596393
          ],
          [
            35.22358546866128,
            31.77998852398136
          ],
          [
            35.223684077219566,
            31.77993257779497
          ],
          [
            35.22404294407453,
            31.779678379484384
          ],
          [
            35.22429600515148,
            31.7795037653169
          ],
          [
            35.224447158100006,
            31.779397207063013
          ],
          [
            35.22467316221795,
            31.77923789703546
          ],
          [
            35.22481800825843,
            31.779135794438826
          ],
          [
            35.224865630557915,
            31.779110694865487
          ],
          [
            35.224915831111254,
            31.77909110331749
          ],
          [
            35.225005104871364,
            31.77906264306033
          ],
          [
            35.225074303033786,
            31.779050624774097
          ],
          [
            35.22515432234441,
            31.779042450155192
          ],
          [
            35.225245144272314,
            31.77904967269512
          ],
          [
            35.22531975361013,
            31.779058897205033
          ],
          [
            35.225432214645686,
            31.77909674897135
          ],
          [
            35.225678665440775,
            31.779236053801394
          ],
          [
            35.22580192099492,
            31.77930709757479
          ],
          [
            35.22603069891167,
            31.779429391406644
          ],
          [
            35.226173926088755,
            31.779507363908053
          ],
          [
            35.226436170307906,
            31.77966165951581
          ],
          [
            35.22655043168641,
            31.779731355852448
          ],
          [
            35.22668179531419,
            31.779805280556705
          ],
          [
            35.226986032823234,
            31.779981649328356
          ],
          [
            35.22720313823747,
            31.780120739919337
          ],
          [
            35.22753116950941,
            31.78031088600041
          ],
          [
            35.22766960965519,
            31.780394413023977
          ],
          [
            35.227813207159606,
            31.78048105121158
          ],
          [
            35.22799348005883,
            31.780635010443987
          ],
          [
            35.228076083855996,
            31.7807306797902
          ],
          [
            35.228183565294565,
            31.78089884448856
          ],
          [
            35.22825361994399,
            31.781049444572197
          ],
          [
            35.228286037572175,
            31.78116218327512
          ],
          [
            35.228314072047496,
            31.781259679844343
          ],
          [
            35.228323731259906,
            31.78132968627097
          ],
          [
            35.22834732735843,
            31.781427150291705
          ],
          [
            35.228354892343454,
            31.781515101066162
          ],
          [
            35.22835417353427,
            31.78161454737218
          ],
          [
            35.22832671639173,
            31.78178066828441
          ],
          [
            35.228305927217214,
            31.781846963000884
          ],
          [
            35.228268261093426,
            31.78194083469455
          ],
          [
            35.22822300290511,
            31.782022706070105
          ],
          [
            35.22814272582162,
            31.782147233861153
          ],
          [
            35.22789279612659,
            31.782510318436152
          ]
        ]
      }
    },
    {
      "type": "Feature",
      "properties": {
        "type": "Light Rail",
        "network": "JNET",
        "route_name": "Green Line",
        "color": "#009B4E"
      },
      "geometry": {
        "type": "LineString",
        "coordinates": [
          [
            35.18921771848931,
            31.748815592284735
          ],
          [
            35.18601822550966,
            31.748740332703953
          ],
          [
            35.185987116224304,
            31.748736713580584
          ],
          [
            35.18595575211521,
            31.748735475289045
          ],
          [
            35.18592438013694,
            31.74873665033163
          ],
          [
            35.18589325570232,
            31.748740195456996
          ],
          [
            35.18586262366165,
            31.748746110701198
          ],
          [
            35.18583273943023,
            31.74875434199115
          ],
          [
            35.18580382887678,
            31.74876481360545
          ],
          [
            35.18577612525813,
            31.74877744982384
          ],
          [
            35.18574985550564,
            31.748792142458875
          ],
          [
            35.18572523072012,
            31.74880878332089
          ],
          [
            35.18570243140061,
            31.7488272425715
          ],
          [
            35.185151955773186,
            31.749851241729083
          ],
          [
            35.18511534535993,
            31.749974075837194
          ],
          [
            35.185100195466795,
            31.750052285306992
          ],
          [
            35.18505484888446,
            31.750383642210164
          ],
          [
            35.18505218431521,
            31.75059379738521
          ],
          [
            35.185071369227934,
            31.750803317381894
          ],
          [
            35.18511226796084,
            31.75101056802336
          ],
          [
            35.18517453798867,
            31.75121388262399
          ],
          [
            35.18525769849709,
            31.75141167022254
          ],
          [
            35.18536109133614,
            31.75160237138661
          ],
          [
            35.185483901068146,
            31.75178446182487
          ],
          [
            35.185625154951516,
            31.75195651191071
          ],
          [
            35.185783733496,
            31.752117168648972
          ],
          [
            35.186103304701675,
            31.752413158016918
          ],
          [
            35.186234050104424,
            31.75251245933629
          ],
          [
            35.18637434105819,
            31.752601740559967
          ],
          [
            35.1865231348921,
            31.752680352179972
          ],
          [
            35.18667931186582,
            31.752747687969322
          ],
          [
            35.186841706821475,
            31.752803249920245
          ],
          [
            35.18700911341336,
            31.75284661577932
          ],
          [
            35.18718027460266,
            31.75287748233553
          ],
          [
            35.187353921723385,
            31.752895600493407
          ],
          [
            35.18752874386284,
            31.752900851024336
          ],
          [
            35.18859876949517,
            31.752893420896786
          ],
          [
            35.18869008049731,
            31.7528927865492
          ],
          [
            35.18904619104416,
            31.752843513705997
          ],
          [
            35.18955950303223,
            31.752731273451122
          ],
          [
            35.190416444756394,
            31.75247457123988
          ],
          [
            35.190711269116235,
            31.752386252314043
          ],
          [
            35.19169431023889,
            31.752038130384754
          ],
          [
            35.1917748267947,
            31.752011710745975
          ],
          [
            35.1918577784032,
            31.751991524862607
          ],
          [
            35.19194250541002,
            31.751977734997286
          ],
          [
            35.19202833550751,
            31.751970427657916
          ],
          [
            35.192114577391244,
            31.751969689352272
          ],
          [
            35.19333518160863,
            31.75200568318539
          ],
          [
            35.19688736451763,
            31.75211036300801
          ],
          [
            35.19709078058315,
            31.752103784329915
          ],
          [
            35.197292675891866,
            31.75208158886332
          ],
          [
            35.19749140912664,
            31.75204393885721
          ],
          [
            35.197685374849165,
            31.751991169726992
          ],
          [
            35.19867520211192,
            31.751602734937165
          ],
          [
            35.19949887133218,
            31.75335033510908
          ],
          [
            35.19952731149816,
            31.753410007803023
          ],
          [
            35.19964087441425,
            31.753622591849975
          ],
          [
            35.1996528628114,
            31.753652594035255
          ],
          [
            35.19966156595967,
            31.75371583454791
          ],
          [
            35.19966414708316,
            31.7538067615128
          ],
          [
            35.199658704408535,
            31.753901757301833
          ],
          [
            35.199636596046304,
            31.75399635473768
          ],
          [
            35.19958578227633,
            31.75419080439753
          ],
          [
            35.199457558767676,
            31.754554948706506
          ],
          [
            35.199372116044984,
            31.754758342297993
          ],
          [
            35.19928869234266,
            31.75491919401478
          ],
          [
            35.19918641741223,
            31.755083930039365
          ],
          [
            35.19911028944089,
            31.75519274089752
          ],
          [
            35.199020984059466,
            31.755313351798776
          ],
          [
            35.198932532395126,
            31.755432811014924
          ],
          [
            35.19882030534637,
            31.75554395137898
          ],
          [
            35.19872702166712,
            31.755673299877362
          ],
          [
            35.198660597029686,
            31.755760937352555
          ],
          [
            35.19845056263169,
            31.75604235403228
          ],
          [
            35.19810143049325,
            31.756512968029565
          ],
          [
            35.19762383484001,
            31.75715673579611
          ],
          [
            35.19757460665832,
            31.75722613738626
          ],
          [
            35.19753308813835,
            31.757304410838238
          ],
          [
            35.19750742333664,
            31.757393808516884
          ],
          [
            35.19749907327377,
            31.757478035959362
          ],
          [
            35.197502766121445,
            31.75752455517986
          ],
          [
            35.197511372269965,
            31.757571780815493
          ],
          [
            35.19753214374401,
            31.75763808476628
          ],
          [
            35.19757425959365,
            31.757718480318328
          ],
          [
            35.19762974207585,
            31.75778893102216
          ],
          [
            35.19768526919799,
            31.757841950826137
          ],
          [
            35.19786966122506,
            31.75799044860192
          ],
          [
            35.19819636317117,
            31.758252377496124
          ],
          [
            35.198429945229854,
            31.75843964813545
          ],
          [
            35.19865266439833,
            31.758618206913212
          ],
          [
            35.199174229789726,
            31.759036413923
          ],
          [
            35.19931886156084,
            31.759155673670037
          ],
          [
            35.199528623470584,
            31.759353078040153
          ],
          [
            35.19955867549042,
            31.75938673789749
          ],
          [
            35.19966787267971,
            31.75951956322389
          ],
          [
            35.199741986834375,
            31.759629251195978
          ],
          [
            35.19979156683628,
            31.7597127396001
          ],
          [
            35.19985538995574,
            31.759842796205703
          ],
          [
            35.19989232991721,
            31.75993290004402
          ],
          [
            35.19994047663638,
            31.76008426574156
          ],
          [
            35.199962535639465,
            31.760180243642658
          ],
          [
            35.19997489140103,
            31.760250462680414
          ],
          [
            35.1999857318346,
            31.76033422828413
          ],
          [
            35.19999165113571,
            31.76042338855106
          ],
          [
            35.199994365742405,
            31.760601590615018
          ],
          [
            35.199943031093845,
            31.761306006734895
          ],
          [
            35.19989801540619,
            31.761964658845404
          ],
          [
            35.19986182349107,
            31.7622657259504
          ],
          [
            35.19982310033389,
            31.762437030936773
          ],
          [
            35.199788858330265,
            31.76255780388192
          ],
          [
            35.19974569755294,
            31.762684021823183
          ],
          [
            35.19967608694204,
            31.76286183060233
          ],
          [
            35.19957571614752,
            31.763095409154953
          ],
          [
            35.19933743797225,
            31.763584158255046
          ],
          [
            35.199076226609876,
            31.763990605322274
          ],
          [
            35.198877157047406,
            31.764272689270943
          ],
          [
            35.19871145112947,
            31.764485260212624
          ],
          [
            35.19855237710528,
            31.764674521256627
          ],
          [
            35.198437303286944,
            31.7647998091304
          ],
          [
            35.1982886063878,
            31.764961702945758
          ],
          [
            35.19773373650678,
            31.765530750426336
          ],
          [
            35.197590850448734,
            31.76567724471815
          ],
          [
            35.19758307436688,
            31.765685217504803
          ],
          [
            35.19728215702682,
            31.766008666329864
          ],
          [
            35.19647197469118,
            31.76701221302293
          ],
          [
            35.19617414299513,
            31.767384832430555
          ],
          [
            35.19597905456503,
            31.767671335506304
          ],
          [
            35.19587514718754,
            31.76785420001405
          ],
          [
            35.19579176267667,
            31.76804891246768
          ],
          [
            35.195728086955405,
            31.768225043717877
          ],
          [
            35.19566078140201,
            31.768471455411927
          ],
          [
            35.19564491900214,
            31.768555228435613
          ],
          [
            35.19562534749371,
            31.768679108019445
          ],
          [
            35.1956042178357,
            31.768935043651105
          ],
          [
            35.19560733217515,
            31.769174929942515
          ],
          [
            35.19562668109262,
            31.769359962682408
          ],
          [
            35.19565440737349,
            31.769525328578208
          ],
          [
            35.19581062575482,
            31.77008680229209
          ],
          [
            35.19605120247278,
            31.770895890800798
          ],
          [
            35.19612174913011,
            31.771133829879098
          ],
          [
            35.19616120875403,
            31.771294345372606
          ],
          [
            35.196174220480856,
            31.771368052129773
          ],
          [
            35.196185754303315,
            31.771465376277632
          ],
          [
            35.19619084793487,
            31.771664797753868
          ],
          [
            35.19615723957147,
            31.77215040421836
          ],
          [
            35.196122277655704,
            31.772634139221786
          ],
          [
            35.19609977106684,
            31.77294553537071
          ],
          [
            35.19608253032287,
            31.773184080914632
          ],
          [
            35.19604773057766,
            31.773547839059525
          ],
          [
            35.196033439554874,
            31.773863117232832
          ],
          [
            35.19600996085784,
            31.77409681580944
          ],
          [
            35.19599526218088,
            31.774192699737565
          ],
          [
            35.19597403085563,
            31.774288718501097
          ],
          [
            35.195954194634915,
            31.774378426252333
          ],
          [
            35.19590124338199,
            31.77455997550779
          ],
          [
            35.195862989876744,
            31.774689979066935
          ],
          [
            35.19582039915373,
            31.774823340780983
          ],
          [
            35.19579158803792,
            31.774892232437175
          ],
          [
            35.19563052879962,
            31.775379328584762
          ],
          [
            35.19550721178635,
            31.77575474649505
          ],
          [
            35.19544787780527,
            31.775972557288824
          ],
          [
            35.19541806680998,
            31.776111732130634
          ],
          [
            35.19537740456736,
            31.77639611196826
          ],
          [
            35.19536339931373,
            31.776740781917283
          ],
          [
            35.1953586338596,
            31.77716880175659
          ],
          [
            35.19536388507799,
            31.777393343938076
          ],
          [
            35.195387455336686,
            31.777789463069666
          ],
          [
            35.19540143197912,
            31.778092434631006
          ],
          [
            35.1954274258527,
            31.778258166373515
          ],
          [
            35.19543241853101,
            31.77827863946742
          ],
          [
            35.19547602835463,
            31.778435336885785
          ],
          [
            35.19551124700902,
            31.77852985252297
          ],
          [
            35.195556428293294,
            31.778629000715636
          ],
          [
            35.19565772633485,
            31.778807036104745
          ],
          [
            35.1957875537626,
            31.77895492926838
          ],
          [
            35.19597844037084,
            31.77915082518733
          ],
          [
            35.196093539320444,
            31.779237138311412
          ],
          [
            35.19622079060845,
            31.77931804918203
          ],
          [
            35.19637255548912,
            31.779399269924717
          ],
          [
            35.19652075648659,
            31.77946754881738
          ],
          [
            35.19683858513503,
            31.779609432758505
          ],
          [
            35.19698863763688,
            31.779676525292878
          ],
          [
            35.197133646154924,
            31.77974136275052
          ],
          [
            35.19729000879129,
            31.779842312275377
          ],
          [
            35.197329489668476,
            31.779883780338025
          ],
          [
            35.197369120809356,
            31.779934925169364
          ],
          [
            35.19738985203928,
            31.779997824451893
          ],
          [
            35.19741297930498,
            31.780067995422083
          ],
          [
            35.197447791173126,
            31.78018686744525
          ],
          [
            35.19748040138891,
            31.780298223377955
          ],
          [
            35.197522774521765,
            31.7803783769817
          ],
          [
            35.19756996019046,
            31.780440242365223
          ],
          [
            35.197886547843645,
            31.780791054390264
          ],
          [
            35.19821217777718,
            31.781151359753977
          ],
          [
            35.19857692209065,
            31.781565148062633
          ],
          [
            35.19874860634976,
            31.781804905373836
          ],
          [
            35.198982291251475,
            31.782163996044964
          ],
          [
            35.199284783962916,
            31.78260557432243
          ],
          [
            35.19946871686819,
            31.782866869827124
          ],
          [
            35.19960960737776,
            31.783067017593954
          ],
          [
            35.20001183748546,
            31.783615151448977
          ],
          [
            35.20037509646181,
            31.78406648439835
          ],
          [
            35.2006564128426,
            31.784537882514332
          ],
          [
            35.20082192177474,
            31.785552654507025
          ],
          [
            35.2008346106712,
            31.78563044956517
          ],
          [
            35.201197089433784,
            31.786383456028087
          ],
          [
            35.20142968275436,
            31.78692451465436
          ],
          [
            35.20150657378755,
            31.78711991944923
          ],
          [
            35.2015853858665,
            31.787343896384908
          ],
          [
            35.201637171891065,
            31.787502745256997
          ],
          [
            35.20168396126331,
            31.787646268997637
          ],
          [
            35.20174013056885,
            31.787729779870403
          ],
          [
            35.20179203537424,
            31.787779042287934
          ],
          [
            35.201854179009025,
            31.787819118739517
          ],
          [
            35.20191795330158,
            31.787845547624386
          ],
          [
            35.2020131136651,
            31.787871000403708
          ],
          [
            35.20227343372646,
            31.787883411891407
          ],
          [
            35.20269014866223,
            31.787894014288515
          ],
          [
            35.202927918180514,
            31.787905315749363
          ],
          [
            35.20317505947531,
            31.78791343787361
          ],
          [
            35.203581656484346,
            31.787924935480536
          ],
          [
            35.20387085639916,
            31.787932052806607
          ],
          [
            35.20392340259015,
            31.78793424273382
          ],
          [
            35.20419254571429,
            31.787948474764647
          ],
          [
            35.20432070828086,
            31.787979126819536
          ],
          [
            35.20441939383141,
            31.788022914049183
          ],
          [
            35.20447834905232,
            31.788063417590926
          ],
          [
            35.204562936063205,
            31.78813238412104
          ],
          [
            35.20465265147286,
            31.788216675582888
          ],
          [
            35.20505482681809,
            31.788553547512887
          ],
          [
            35.20509952015486,
            31.788585915310705
          ],
          [
            35.20514701884188,
            31.788606484286106
          ],
          [
            35.20534157475624,
            31.78865172856403
          ],
          [
            35.205532472645594,
            31.788629311913677
          ],
          [
            35.205669367737464,
            31.788598933118426
          ],
          [
            35.20580930548321,
            31.788552680832183
          ],
          [
            35.20600440743144,
            31.788462825524437
          ],
          [
            35.20627421579276,
            31.788326142588037
          ],
          [
            35.20644435122964,
            31.788233159358548
          ],
          [
            35.206561172597695,
            31.78814903555737
          ],
          [
            35.20717220543041,
            31.787762393958374
          ],
          [
            35.20734996897595,
            31.787652174255516
          ],
          [
            35.207523273473534,
            31.7875476946302
          ],
          [
            35.20770801594109,
            31.787456557229017
          ],
          [
            35.207835663641426,
            31.787395798695126
          ],
          [
            35.207955486980865,
            31.787351741450745
          ],
          [
            35.20804642692825,
            31.787313082419775
          ],
          [
            35.208202024571115,
            31.78725873483415
          ],
          [
            35.20836791782736,
            31.787212541199903
          ],
          [
            35.20850741325372,
            31.787174205926142
          ],
          [
            35.20863285024088,
            31.78713864141233
          ],
          [
            35.20887623609393,
            31.787070606488992
          ],
          [
            35.20917211908602,
            31.786989176841477
          ],
          [
            35.20938267023497,
            31.78692824865783
          ],
          [
            35.2095156757934,
            31.786892221240656
          ],
          [
            35.20967625597966,
            31.7868483411357
          ],
          [
            35.209814985604176,
            31.78680486756771
          ],
          [
            35.20995410258175,
            31.786761272984947
          ],
          [
            35.21001137065806,
            31.78674006191358
          ],
          [
            35.21006445771173,
            31.786720399460965
          ],
          [
            35.21012879732436,
            31.786693149295736
          ],
          [
            35.21017907872059,
            31.78666913192476
          ],
          [
            35.21022026613016,
            31.78664349523358
          ],
          [
            35.21027141960816,
            31.786602708940315
          ],
          [
            35.21040063496661,
            31.786499682037725
          ],
          [
            35.21050050061408,
            31.786420056474928
          ],
          [
            35.21057375567908,
            31.78636634201746
          ],
          [
            35.21066630273083,
            31.786312931409807
          ],
          [
            35.21073065546349,
            31.78628348314955
          ],
          [
            35.21082473018295,
            31.786246532769173
          ],
          [
            35.21095881639441,
            31.786210042044384
          ],
          [
            35.211287325919365,
            31.78612597243862
          ],
          [
            35.2116984486276,
            31.78602647315047
          ],
          [
            35.21203117520771,
            31.785946927730137
          ],
          [
            35.21214849886195,
            31.785917363786737
          ],
          [
            35.212269068189705,
            31.785889647411622
          ],
          [
            35.21245711323569,
            31.78586654416354
          ],
          [
            35.212628505334806,
            31.78585036964915
          ],
          [
            35.212725826859476,
            31.785840665004923
          ],
          [
            35.212896029185636,
            31.785815346431892
          ],
          [
            35.21297334450294,
            31.785800562837714
          ],
          [
            35.21317663374798,
            31.785750210163588
          ],
          [
            35.213319367282764,
            31.785710483258963
          ],
          [
            35.21341506398148,
            31.785681843126863
          ],
          [
            35.213564638066124,
            31.785643246378562
          ],
          [
            35.213730548323724,
            31.78559024315207
          ],
          [
            35.21388846305308,
            31.7855094464303
          ],
          [
            35.213988373230706,
            31.7854506948568
          ],
          [
            35.21409967251729,
            31.78538319898986
          ],
          [
            35.21445332046842,
            31.785150781634727
          ],
          [
            35.215072668223144,
            31.784756641262522
          ],
          [
            35.215389693155686,
            31.784553903938548
          ],
          [
            35.21560233916727,
            31.784415338308918
          ],
          [
            35.215920227401185,
            31.78421149211632
          ],
          [
            35.216020422720284,
            31.784149413819407
          ],
          [
            35.21613215328161,
            31.78409336861734
          ],
          [
            35.21630587731842,
            31.784013918396198
          ],
          [
            35.21653726899298,
            31.78391968492109
          ],
          [
            35.216761021906876,
            31.78383653539942
          ],
          [
            35.21686914829969,
            31.783789110604225
          ],
          [
            35.21698376253542,
            31.783742301040164
          ],
          [
            35.21719208577505,
            31.7836554574209
          ],
          [
            35.21729156152264,
            31.783607418070066
          ],
          [
            35.21738382845748,
            31.783561226342613
          ],
          [
            35.217461677461976,
            31.7835156519726
          ],
          [
            35.217612328724364,
            31.783425734622558
          ],
          [
            35.217864675384234,
            31.78326746306419
          ],
          [
            35.218110657685,
            31.783121875191554
          ],
          [
            35.2184150919605,
            31.782920474472466
          ],
          [
            35.21870443062098,
            31.782741547711534
          ],
          [
            35.2188685115877,
            31.782641027113044
          ],
          [
            35.21907450909813,
            31.78251482606469
          ],
          [
            35.21925080383973,
            31.782402489438166
          ],
          [
            35.21939850652379,
            31.78230963390228
          ],
          [
            35.21949634784378,
            31.7822443633112
          ],
          [
            35.21957924003547,
            31.782190782291057
          ],
          [
            35.21967870921196,
            31.78212611469876
          ],
          [
            35.21978394586188,
            31.78206083128033
          ],
          [
            35.21997711894437,
            31.781937654175415
          ],
          [
            35.22021224073443,
            31.781783930716845
          ],
          [
            35.22028215779128,
            31.78173712367094
          ],
          [
            35.22042487374278,
            31.781642278088032
          ],
          [
            35.22048686057688,
            31.781601013741238
          ],
          [
            35.2207103030719,
            31.781448890687994
          ],
          [
            35.22083874543309,
            31.78135540101877
          ],
          [
            35.22106074052663,
            31.78118049518373
          ],
          [
            35.221211706307045,
            31.78105995684963
          ],
          [
            35.22130349370047,
            31.780990560623355
          ],
          [
            35.22132583841382,
            31.78097577918166
          ],
          [
            35.22137052570785,
            31.780946217188536
          ],
          [
            35.221385662085304,
            31.7809338996221
          ],
          [
            35.221684064225244,
            31.78078380846988
          ],
          [
            35.22213898103523,
            31.780556114041467
          ],
          [
            35.22238755612881,
            31.780432477358975
          ],
          [
            35.222693556081026,
            31.780280277863202
          ],
          [
            35.222832623021894,
            31.780213021057712
          ],
          [
            35.22295912803354,
            31.78017062611535
          ],
          [
            35.22307049143184,
            31.780139555889004
          ],
          [
            35.223193787264904,
            31.78012079126329
          ],
          [
            35.22325456604938,
            31.780110284886593
          ],
          [
            35.22331608804591,
            31.780099650309523
          ],
          [
            35.22337474940934,
            31.780080963572715
          ],
          [
            35.22345841890284,
            31.78005430982077
          ],
          [
            35.2235213668959,
            31.78002171596393
          ],
          [
            35.22358546866128,
            31.77998852398136
          ],
          [
            35.223684077219566,
            31.77993257779497
          ],
          [
            35.22404294407453,
            31.779678379484384
          ],
          [
            35.22429600515148,
            31.7795037653169
          ],
          [
            35.224447158100006,
            31.779397207063013
          ],
          [
            35.22467316221795,
            31.77923789703546
          ],
          [
            35.22481800825843,
            31.779135794438826
          ],
          [
            35.224865630557915,
            31.779110694865487
          ],
          [
            35.224915831111254,
            31.77909110331749
          ],
          [
            35.225005104871364,
            31.77906264306033
          ],
          [
            35.225074303033786,
            31.779050624774097
          ],
          [
            35.22515432234441,
            31.779042450155192
          ],
          [
            35.225245144272314,
            31.77904967269512
          ],
          [
            35.22531975361013,
            31.779058897205033
          ],
          [
            35.225432214645686,
            31.77909674897135
          ],
          [
            35.225678665440775,
            31.779236053801394
          ],
          [
            35.22580192099492,
            31.77930709757479
          ],
          [
            35.22603069891167,
            31.779429391406644
          ],
          [
            35.226173926088755,
            31.779507363908053
          ],
          [
            35.226436170307906,
            31.77966165951581
          ],
          [
            35.22655043168641,
            31.779731355852448
          ],
          [
            35.22668179531419,
            31.779805280556705
          ],
          [
            35.226986032823234,
            31.779981649328356
          ],
          [
            35.22720313823747,
            31.780120739919337
          ],
          [
            35.22753116950941,
            31.78031088600041
          ],
          [
            35.22766960965519,
            31.780394413023977
          ],
          [
            35.227813207159606,
            31.78048105121158
          ],
          [
            35.22799348005883,
            31.780635010443987
          ],
          [
            35.228076083855996,
            31.7807306797902
          ],
          [
            35.228183565294565,
            31.78089884448856
          ],
          [
            35.22825361994399,
            31.781049444572197
          ],
          [
            35.228286037572175,
            31.78116218327512
          ],
          [
            35.228314072047496,
            31.781259679844343
          ],
          [
            35.228323731259906,
            31.78132968627097
          ],
          [
            35.22834732735843,
            31.781427150291705
          ],
          [
            35.228354892343454,
            31.781515101066162
          ],
          [
            35.22835417353427,
            31.78161454737218
          ],
          [
            35.22832671639173,
            31.78178066828441
          ],
          [
            35.228305927217214,
            31.781846963000884
          ],
          [
            35.228268261093426,
            31.78194083469455
          ],
          [
            35.22822300290511,
            31.782022706070105
          ],
          [
            35.22814272582162,
            31.782147233861153
          ],
          [
            35.22789279612659,
            31.782510318436152
          ]
        ]
      }
    },
    {
      "type": "Feature",
      "properties": {
        "type": "Light Rail",
        "network": "JNET",
        "route_name": "Green Line",
        "color": "#009B4E"
      },
      "geometry": {
        "type": "LineString",
        "coordinates": [
          [
            35.1808932023385,
            31.73363456689797
          ],
          [
            35.179296249195154,
            31.734797493071618
          ],
          [
            35.17858937359928,
            31.735370018189297
          ],
          [
            35.17842179409431,
            31.735580259107806
          ],
          [
            35.178332742305905,
            31.735772626879086
          ],
          [
            35.17829080599825,
            31.73596947384908
          ],
          [
            35.178295985022956,
            31.736157380551948
          ],
          [
            35.178327348404466,
            31.73634082306899
          ],
          [
            35.178400598062865,
            31.736484004806723
          ],
          [
            35.17849478316843,
            31.73665404061941
          ],
          [
            35.17862038534793,
            31.736788282954073
          ],
          [
            35.17879310053628,
            31.736940434574983
          ],
          [
            35.17901816509982,
            31.73708811605752
          ],
          [
            35.179248474163295,
            31.737231339438946
          ],
          [
            35.17947878062578,
            31.73737902114092
          ],
          [
            35.17958484778607,
            31.737458515551065
          ],
          [
            35.17968862517188,
            31.73753410893018
          ],
          [
            35.17976621922281,
            31.737693301223622
          ],
          [
            35.17979314204994,
            31.73789338699368
          ],
          [
            35.17981155133852,
            31.73805643127557
          ],
          [
            35.17983337021801,
            31.738239686638984
          ],
          [
            35.17988466904259,
            31.738460749580504
          ],
          [
            35.180001947788256,
            31.738685522781196
          ],
          [
            35.18017989244882,
            31.738877942826413
          ],
          [
            35.18038924938925,
            31.739079305887003
          ],
          [
            35.18053385692639,
            31.739218069046053
          ],
          [
            35.18074827959287,
            31.73931260490021
          ],
          [
            35.18098074352285,
            31.739388130053957
          ],
          [
            35.18122678733905,
            31.739455283602247
          ],
          [
            35.1814774200225,
            31.739534862270773
          ],
          [
            35.1817179132686,
            31.739595282469285
          ],
          [
            35.18185203727257,
            31.739590320973747
          ],
          [
            35.181920104476504,
            31.739561601070566
          ],
          [
            35.18199050593225,
            31.739498073800373
          ],
          [
            35.18203238414801,
            31.73941544932956
          ],
          [
            35.18206806450218,
            31.739319920104204
          ],
          [
            35.182141897410226,
            31.73908109384272
          ],
          [
            35.182160103783794,
            31.73900426134693
          ],
          [
            35.18217882257715,
            31.738880808778642
          ],
          [
            35.18219452264858,
            31.738777267591004
          ],
          [
            35.182191558641264,
            31.73861765520529
          ],
          [
            35.18219748333691,
            31.73849745786209
          ],
          [
            35.182180078365214,
            31.73833991989673
          ],
          [
            35.18207055726682,
            31.737975763930393
          ],
          [
            35.18182861034259,
            31.737518233981856
          ],
          [
            35.18172244403302,
            31.737309779753918
          ],
          [
            35.18158482602175,
            31.737071071766927
          ],
          [
            35.181462958080644,
            31.736761762530183
          ],
          [
            35.18139219961471,
            31.73657013208034
          ],
          [
            35.18135293101669,
            31.736291096508843
          ],
          [
            35.181329412483656,
            31.735981804943172
          ],
          [
            35.181329151528075,
            31.735648351645537
          ],
          [
            35.18143531686399,
            31.7351770862518
          ],
          [
            35.181491921004124,
            31.73497770847875
          ],
          [
            35.18167134249126,
            31.734519507611793
          ],
          [
            35.181842393133515,
            31.734239050432635
          ],
          [
            35.18199017429464,
            31.73403081259561
          ],
          [
            35.18211255247237,
            31.73388737700554
          ],
          [
            35.18238171166776,
            31.73363274540439
          ],
          [
            35.18255271047675,
            31.733493395979306
          ],
          [
            35.18268364450243,
            31.733396884523177
          ],
          [
            35.18284607582136,
            31.73328601724108
          ],
          [
            35.182979521893664,
            31.73320251417992
          ],
          [
            35.183055008671154,
            31.73315528804311
          ],
          [
            35.18317851961165,
            31.733084921240252
          ],
          [
            35.18332214388745,
            31.733010120563993
          ],
          [
            35.18347401581354,
            31.73294341608699
          ],
          [
            35.183600649567076,
            31.73289200986999
          ],
          [
            35.18372702721203,
            31.732852767629776
          ],
          [
            35.1838095658247,
            31.73282714329049
          ],
          [
            35.184025903416824,
            31.73276581641822
          ],
          [
            35.18417792450141,
            31.73272708649303
          ],
          [
            35.18426861825496,
            31.732708151272327
          ],
          [
            35.184380566540035,
            31.732687455329035
          ],
          [
            35.18459047098104,
            31.73265501091449
          ],
          [
            35.18468848007496,
            31.7326425482098
          ],
          [
            35.1849461119908,
            31.732618984823468
          ],
          [
            35.185150077367155,
            31.732606624565832
          ],
          [
            35.185273237436064,
            31.732599165083684
          ],
          [
            35.185462283390045,
            31.73258501731301
          ],
          [
            35.185717585190176,
            31.732565909860565
          ],
          [
            35.186104611766375,
            31.7325511715144
          ],
          [
            35.1863133600852,
            31.7325390580945
          ],
          [
            35.1864610510532,
            31.732507331294617
          ],
          [
            35.18672034444135,
            31.732448917093283
          ],
          [
            35.18699733327388,
            31.732352143727585
          ],
          [
            35.187434723040965,
            31.732141843992924
          ],
          [
            35.18774642520514,
            31.731988529479498
          ],
          [
            35.188056265073214,
            31.73178680628209
          ],
          [
            35.188462474840144,
            31.73146014143225
          ],
          [
            35.18891372871733,
            31.731017241388024
          ],
          [
            35.18928081075424,
            31.73063266493001
          ],
          [
            35.189636062057644,
            31.730327817648167
          ],
          [
            35.18999370427073,
            31.730123989438965
          ],
          [
            35.19036569940353,
            31.72999133219524
          ],
          [
            35.190767177677095,
            31.729935832104385
          ],
          [
            35.19108515363607,
            31.729922351787092
          ],
          [
            35.19131314099406,
            31.729939694731097
          ],
          [
            35.191563878792714,
            31.729983517892304
          ],
          [
            35.19185910485414,
            31.7300796189068
          ],
          [
            35.19210835532949,
            31.73017993272048
          ],
          [
            35.192379422105155,
            31.730339144326678
          ],
          [
            35.192620196630756,
            31.730569982847694
          ],
          [
            35.1928450467252,
            31.730898262506138
          ],
          [
            35.19300813766905,
            31.73113983236337
          ],
          [
            35.19324581436018,
            31.731529419278644
          ],
          [
            35.19344713038279,
            31.731822789655325
          ],
          [
            35.1935692310618,
            31.73198003496655
          ],
          [
            35.193751954652804,
            31.732150154684064
          ],
          [
            35.19400518246931,
            31.732334142297745
          ],
          [
            35.194271112423756,
            31.732493823777684
          ],
          [
            35.194416019880684,
            31.732571289783593
          ],
          [
            35.19464149911878,
            31.732674323912708
          ],
          [
            35.19488639697919,
            31.732757003466293
          ],
          [
            35.19477688554842,
            31.733138751610408
          ],
          [
            35.19471772091623,
            31.733473585708
          ],
          [
            35.19465044458701,
            31.73379579955565
          ],
          [
            35.19458337195359,
            31.734152870742545
          ],
          [
            35.19453073003945,
            31.73443311176655
          ],
          [
            35.19451028407733,
            31.734626555010948
          ],
          [
            35.1945044935524,
            31.73479732330316
          ],
          [
            35.19452775756866,
            31.735110466085832
          ],
          [
            35.194579521097204,
            31.735450793706697
          ],
          [
            35.194635123314065,
            31.73581758363972
          ],
          [
            35.19466844982904,
            31.736011636165724
          ],
          [
            35.194682737884314,
            31.736102463381098
          ],
          [
            35.19470264883072,
            31.736229025889642
          ],
          [
            35.19473348079569,
            31.736425018972888
          ],
          [
            35.19485691013961,
            31.737209604435943
          ],
          [
            35.19493284084101,
            31.73769225438253
          ],
          [
            35.19500566831179,
            31.738075935141403
          ],
          [
            35.19501932250276,
            31.738241970108618
          ],
          [
            35.19505737876476,
            31.738483870390848
          ],
          [
            35.195122802334595,
            31.738899723933343
          ],
          [
            35.19514334197203,
            31.739030275239998
          ],
          [
            35.19519511949247,
            31.739359388818315
          ],
          [
            35.195232344895636,
            31.739582122861364
          ],
          [
            35.195255019537186,
            31.73968252279201
          ],
          [
            35.195288038552384,
            31.739801223775203
          ],
          [
            35.19537212603198,
            31.74002392236734
          ],
          [
            35.19543451028711,
            31.74015200012403
          ],
          [
            35.19550119177196,
            31.740270601528895
          ],
          [
            35.195565851820746,
            31.740374509841217
          ],
          [
            35.195678066664215,
            31.74054017819699
          ],
          [
            35.195894717644265,
            31.740896014585857
          ],
          [
            35.19597455157264,
            31.741014295560497
          ],
          [
            35.19629353346246,
            31.741394251680866
          ],
          [
            35.19719779049369,
            31.742387517600022
          ],
          [
            35.19730154463159,
            31.74250113833668
          ],
          [
            35.197557225304585,
            31.742799066333212
          ],
          [
            35.19774124758063,
            31.743076969889906
          ],
          [
            35.197846939766656,
            31.743277910800295
          ],
          [
            35.19794284921567,
            31.743511484479615
          ],
          [
            35.19801427715343,
            31.7437321387622
          ],
          [
            35.19809900516331,
            31.744101833944917
          ],
          [
            35.19814653968484,
            31.744462366226237
          ],
          [
            35.19815587391777,
            31.744807086275678
          ],
          [
            35.198180244880135,
            31.74521511676179
          ],
          [
            35.198192111778084,
            31.745534765529523
          ],
          [
            35.19820519337646,
            31.7458871243522
          ],
          [
            35.19822121314777,
            31.746318642064285
          ],
          [
            35.19824728259512,
            31.74677807151697
          ],
          [
            35.19832425879652,
            31.747679552918203
          ],
          [
            35.19834648384417,
            31.747939531324754
          ],
          [
            35.19835861987919,
            31.748081502514943
          ],
          [
            35.19838314566177,
            31.748392811448834
          ],
          [
            35.198429834007904,
            31.749251443438233
          ],
          [
            35.198460168776286,
            31.749814081115893
          ],
          [
            35.19843364018097,
            31.750197988003816
          ],
          [
            35.19837869772465,
            31.750384137403792
          ],
          [
            35.19833663656236,
            31.750520942845593
          ],
          [
            35.19830283596644,
            31.750595900914213
          ],
          [
            35.19831977805505,
            31.750747141465517
          ],
          [
            35.198351462474946,
            31.750896629534804
          ],
          [
            35.19839767722319,
            31.75104332617349
          ],
          [
            35.19845809208263,
            31.751186203244835
          ],
          [
            35.19867520211192,
            31.751602734937165
          ],
          [
            35.19949887133218,
            31.75335033510908
          ],
          [
            35.19952731149816,
            31.753410007803023
          ],
          [
            35.19964087441425,
            31.753622591849975
          ],
          [
            35.1996528628114,
            31.753652594035255
          ],
          [
            35.19966156595967,
            31.75371583454791
          ],
          [
            35.19966414708316,
            31.7538067615128
          ],
          [
            35.199658704408535,
            31.753901757301833
          ],
          [
            35.199636596046304,
            31.75399635473768
          ],
          [
            35.19958578227633,
            31.75419080439753
          ],
          [
            35.199457558767676,
            31.754554948706506
          ],
          [
            35.199372116044984,
            31.754758342297993
          ],
          [
            35.19928869234266,
            31.75491919401478
          ],
          [
            35.19918641741223,
            31.755083930039365
          ],
          [
            35.19911028944089,
            31.75519274089752
          ],
          [
            35.199020984059466,
            31.755313351798776
          ],
          [
            35.198932532395126,
            31.755432811014924
          ],
          [
            35.19882030534637,
            31.75554395137898
          ],
          [
            35.19872702166712,
            31.755673299877362
          ],
          [
            35.198660597029686,
            31.755760937352555
          ],
          [
            35.19845056263169,
            31.75604235403228
          ],
          [
            35.19810143049325,
            31.756512968029565
          ],
          [
            35.19762383484001,
            31.75715673579611
          ],
          [
            35.19757460665832,
            31.75722613738626
          ],
          [
            35.19753308813835,
            31.757304410838238
          ],
          [
            35.19750742333664,
            31.757393808516884
          ],
          [
            35.19749907327377,
            31.757478035959362
          ],
          [
            35.197502766121445,
            31.75752455517986
          ],
          [
            35.197511372269965,
            31.757571780815493
          ],
          [
            35.19753214374401,
            31.75763808476628
          ],
          [
            35.19757425959365,
            31.757718480318328
          ],
          [
            35.19762974207585,
            31.75778893102216
          ],
          [
            35.19768526919799,
            31.757841950826137
          ],
          [
            35.19786966122506,
            31.75799044860192
          ],
          [
            35.19819636317117,
            31.758252377496124
          ],
          [
            35.198429945229854,
            31.75843964813545
          ],
          [
            35.19865266439833,
            31.758618206913212
          ],
          [
            35.199174229789726,
            31.759036413923
          ],
          [
            35.19931886156084,
            31.759155673670037
          ],
          [
            35.199528623470584,
            31.759353078040153
          ],
          [
            35.19955867549042,
            31.75938673789749
          ],
          [
            35.19966787267971,
            31.75951956322389
          ],
          [
            35.199741986834375,
            31.759629251195978
          ],
          [
            35.19979156683628,
            31.7597127396001
          ],
          [
            35.19985538995574,
            31.759842796205703
          ],
          [
            35.19989232991721,
            31.75993290004402
          ],
          [
            35.19994047663638,
            31.76008426574156
          ],
          [
            35.199962535639465,
            31.760180243642658
          ],
          [
            35.19997489140103,
            31.760250462680414
          ],
          [
            35.1999857318346,
            31.76033422828413
          ],
          [
            35.19999165113571,
            31.76042338855106
          ],
          [
            35.199994365742405,
            31.760601590615018
          ],
          [
            35.199943031093845,
            31.761306006734895
          ],
          [
            35.19989801540619,
            31.761964658845404
          ],
          [
            35.19986182349107,
            31.7622657259504
          ],
          [
            35.19982310033389,
            31.762437030936773
          ],
          [
            35.199788858330265,
            31.76255780388192
          ],
          [
            35.19974569755294,
            31.762684021823183
          ],
          [
            35.19967608694204,
            31.76286183060233
          ],
          [
            35.19957571614752,
            31.763095409154953
          ],
          [
            35.19933743797225,
            31.763584158255046
          ],
          [
            35.199076226609876,
            31.763990605322274
          ],
          [
            35.198877157047406,
            31.764272689270943
          ],
          [
            35.19871145112947,
            31.764485260212624
          ],
          [
            35.19855237710528,
            31.764674521256627
          ],
          [
            35.198437303286944,
            31.7647998091304
          ],
          [
            35.1982886063878,
            31.764961702945758
          ],
          [
            35.19773373650678,
            31.765530750426336
          ],
          [
            35.197590850448734,
            31.76567724471815
          ],
          [
            35.19758307436688,
            31.765685217504803
          ],
          [
            35.19728215702682,
            31.766008666329864
          ],
          [
            35.19647197469118,
            31.76701221302293
          ],
          [
            35.19617414299513,
            31.767384832430555
          ],
          [
            35.19597905456503,
            31.767671335506304
          ],
          [
            35.19587514718754,
            31.76785420001405
          ],
          [
            35.19579176267667,
            31.76804891246768
          ],
          [
            35.195728086955405,
            31.768225043717877
          ],
          [
            35.19566078140201,
            31.768471455411927
          ],
          [
            35.19564491900214,
            31.768555228435613
          ],
          [
            35.19562534749371,
            31.768679108019445
          ],
          [
            35.1956042178357,
            31.768935043651105
          ],
          [
            35.19560733217515,
            31.769174929942515
          ],
          [
            35.19562668109262,
            31.769359962682408
          ],
          [
            35.19565440737349,
            31.769525328578208
          ],
          [
            35.19581062575482,
            31.77008680229209
          ],
          [
            35.19605120247278,
            31.770895890800798
          ],
          [
            35.19612174913011,
            31.771133829879098
          ],
          [
            35.19616120875403,
            31.771294345372606
          ],
          [
            35.196174220480856,
            31.771368052129773
          ],
          [
            35.196185754303315,
            31.771465376277632
          ],
          [
            35.19619084793487,
            31.771664797753868
          ],
          [
            35.19615723957147,
            31.77215040421836
          ],
          [
            35.196122277655704,
            31.772634139221786
          ],
          [
            35.19609977106684,
            31.77294553537071
          ],
          [
            35.19608253032287,
            31.773184080914632
          ],
          [
            35.19604773057766,
            31.773547839059525
          ],
          [
            35.196033439554874,
            31.773863117232832
          ],
          [
            35.19600996085784,
            31.77409681580944
          ],
          [
            35.19599526218088,
            31.774192699737565
          ],
          [
            35.19597403085563,
            31.774288718501097
          ],
          [
            35.195954194634915,
            31.774378426252333
          ],
          [
            35.19590124338199,
            31.77455997550779
          ],
          [
            35.195862989876744,
            31.774689979066935
          ],
          [
            35.19582039915373,
            31.774823340780983
          ],
          [
            35.19579158803792,
            31.774892232437175
          ],
          [
            35.19563052879962,
            31.775379328584762
          ],
          [
            35.19550721178635,
            31.77575474649505
          ],
          [
            35.19544787780527,
            31.775972557288824
          ],
          [
            35.19541806680998,
            31.776111732130634
          ],
          [
            35.19537740456736,
            31.77639611196826
          ],
          [
            35.19536339931373,
            31.776740781917283
          ],
          [
            35.1953586338596,
            31.77716880175659
          ],
          [
            35.19536388507799,
            31.777393343938076
          ],
          [
            35.195387455336686,
            31.777789463069666
          ],
          [
            35.19540143197912,
            31.778092434631006
          ],
          [
            35.1954274258527,
            31.778258166373515
          ],
          [
            35.19543241853101,
            31.77827863946742
          ],
          [
            35.19547602835463,
            31.778435336885785
          ],
          [
            35.19551124700902,
            31.77852985252297
          ],
          [
            35.195556428293294,
            31.778629000715636
          ],
          [
            35.19565772633485,
            31.778807036104745
          ],
          [
            35.1957875537626,
            31.77895492926838
          ],
          [
            35.19597844037084,
            31.77915082518733
          ],
          [
            35.196093539320444,
            31.779237138311412
          ],
          [
            35.19622079060845,
            31.77931804918203
          ],
          [
            35.19637255548912,
            31.779399269924717
          ],
          [
            35.19652075648659,
            31.77946754881738
          ],
          [
            35.19683858513503,
            31.779609432758505
          ],
          [
            35.19698863763688,
            31.779676525292878
          ],
          [
            35.197133646154924,
            31.77974136275052
          ],
          [
            35.19729000879129,
            31.779842312275377
          ],
          [
            35.197329489668476,
            31.779883780338025
          ],
          [
            35.197369120809356,
            31.779934925169364
          ],
          [
            35.19738985203928,
            31.779997824451893
          ],
          [
            35.19741297930498,
            31.780067995422083
          ],
          [
            35.197447791173126,
            31.78018686744525
          ],
          [
            35.19748040138891,
            31.780298223377955
          ],
          [
            35.197522774521765,
            31.7803783769817
          ],
          [
            35.19756996019046,
            31.780440242365223
          ],
          [
            35.197886547843645,
            31.780791054390264
          ],
          [
            35.19821217777718,
            31.781151359753977
          ],
          [
            35.19857692209065,
            31.781565148062633
          ],
          [
            35.19874860634976,
            31.781804905373836
          ],
          [
            35.198982291251475,
            31.782163996044964
          ],
          [
            35.199284783962916,
            31.78260557432243
          ],
          [
            35.19946871686819,
            31.782866869827124
          ],
          [
            35.19960960737776,
            31.783067017593954
          ],
          [
            35.20001183748546,
            31.783615151448977
          ],
          [
            35.20037509646181,
            31.78406648439835
          ],
          [
            35.2006564128426,
            31.784537882514332
          ],
          [
            35.20082192177474,
            31.785552654507025
          ],
          [
            35.2008346106712,
            31.78563044956517
          ],
          [
            35.201197089433784,
            31.786383456028087
          ],
          [
            35.20142968275436,
            31.78692451465436
          ],
          [
            35.20150657378755,
            31.78711991944923
          ],
          [
            35.2015853858665,
            31.787343896384908
          ],
          [
            35.201637171891065,
            31.787502745256997
          ],
          [
            35.20168396126331,
            31.787646268997637
          ],
          [
            35.20174013056885,
            31.787729779870403
          ],
          [
            35.20179203537424,
            31.787779042287934
          ],
          [
            35.201854179009025,
            31.787819118739517
          ],
          [
            35.20191795330158,
            31.787845547624386
          ],
          [
            35.2020131136651,
            31.787871000403708
          ],
          [
            35.20227343372646,
            31.787883411891407
          ],
          [
            35.20269014866223,
            31.787894014288515
          ],
          [
            35.202927918180514,
            31.787905315749363
          ],
          [
            35.20317505947531,
            31.78791343787361
          ],
          [
            35.203581656484346,
            31.787924935480536
          ],
          [
            35.20387085639916,
            31.787932052806607
          ],
          [
            35.20392340259015,
            31.78793424273382
          ],
          [
            35.20419254571429,
            31.787948474764647
          ],
          [
            35.20432070828086,
            31.787979126819536
          ],
          [
            35.20441939383141,
            31.788022914049183
          ],
          [
            35.20447834905232,
            31.788063417590926
          ],
          [
            35.204562936063205,
            31.78813238412104
          ],
          [
            35.20465265147286,
            31.788216675582888
          ],
          [
            35.20505482681809,
            31.788553547512887
          ],
          [
            35.20509952015486,
            31.788585915310705
          ],
          [
            35.20514701884188,
            31.788606484286106
          ],
          [
            35.20534157475624,
            31.78865172856403
          ],
          [
            35.20560580418857,
            31.788851451104208
          ],
          [
            35.205771596211825,
            31.78897771099356
          ],
          [
            35.206306943230565,
            31.789385373000204
          ],
          [
            35.20715378488063,
            31.79002017163568
          ],
          [
            35.208060659070526,
            31.7907864315292
          ],
          [
            35.20814012489201,
            31.790854300058776
          ],
          [
            35.208211900563036,
            31.79091450581676
          ],
          [
            35.208288804252994,
            31.79098894333772
          ],
          [
            35.20837596058744,
            31.791061628223634
          ],
          [
            35.20843363822315,
            31.791116361007077
          ],
          [
            35.208542168680914,
            31.791254859682294
          ],
          [
            35.208637437136744,
            31.79140754375091
          ],
          [
            35.20867589295663,
            31.791513727979748
          ],
          [
            35.20869896712872,
            31.791605680746898
          ],
          [
            35.208723324829386,
            31.791733759416285
          ],
          [
            35.20873614785525,
            31.79188044795148
          ],
          [
            35.208729744330554,
            31.79198335003139
          ],
          [
            35.208722059930466,
            31.79210814524446
          ],
          [
            35.208714373382676,
            31.79218586886296
          ],
          [
            35.20870412301374,
            31.7922614028944
          ],
          [
            35.208705407879535,
            31.792328178767306
          ],
          [
            35.20872848134025,
            31.79239933326052
          ],
          [
            35.20878103444469,
            31.792471581599894
          ],
          [
            35.20887460031019,
            31.79253397590722
          ],
          [
            35.20898444965435,
            31.792559946022127
          ],
          [
            35.20907097498365,
            31.79255698852593
          ],
          [
            35.20918157680633,
            31.792552807194866
          ],
          [
            35.209478999119455,
            31.792541562620727
          ],
          [
            35.209788409611335,
            31.792504679321013
          ],
          [
            35.210025857749784,
            31.79247394535109
          ],
          [
            35.21016414479667,
            31.79244870217519
          ],
          [
            35.21044669778842,
            31.792391786771695
          ],
          [
            35.210663731864386,
            31.792329982334884
          ],
          [
            35.21088502165058,
            31.792279085983573
          ],
          [
            35.21113185189389,
            31.79225363066154
          ],
          [
            35.211378682806874,
            31.792239072707684
          ],
          [
            35.21161699714234,
            31.792242695865205
          ],
          [
            35.21204907390382,
            31.792293956933662
          ],
          [
            35.21209229325409,
            31.79230078310979
          ],
          [
            35.21241220479731,
            31.792374743495813
          ],
          [
            35.212688886814284,
            31.792465761475448
          ],
          [
            35.21289265133586,
            31.792546069799187
          ],
          [
            35.21312067503179,
            31.792655963756765
          ],
          [
            35.213426673466735,
            31.79283463618111
          ],
          [
            35.21360413499926,
            31.79293825598304
          ],
          [
            35.21389269579059,
            31.79311489487139
          ],
          [
            35.21432446985935,
            31.79337918108094
          ],
          [
            35.21440610677429,
            31.793414379025773
          ],
          [
            35.21462228474582,
            31.793492876315483
          ],
          [
            35.21480831830074,
            31.793555451873832
          ],
          [
            35.21528191055513,
            31.79371475085047
          ],
          [
            35.21559720674032,
            31.793815358413237
          ],
          [
            35.21585183058737,
            31.793913524817015
          ],
          [
            35.21646392943686,
            31.79411216241039
          ],
          [
            35.21696215759309,
            31.794294499348084
          ],
          [
            35.21713347724379,
            31.79435143913938
          ],
          [
            35.217622084449,
            31.794579389541642
          ],
          [
            35.217883065020224,
            31.794700050337156
          ],
          [
            35.218089430356436,
            31.794803336156065
          ],
          [
            35.218526239570316,
            31.795051698137303
          ],
          [
            35.21888397517488,
            31.79524118548432
          ],
          [
            35.21933623881259,
            31.79549534446426
          ],
          [
            35.21965456221806,
            31.795667150924736
          ],
          [
            35.2199211886125,
            31.795783767506087
          ],
          [
            35.21993288701004,
            31.795788379004353
          ],
          [
            35.22080964187736,
            31.796116330534883
          ],
          [
            35.22091596675958,
            31.79616067661249
          ],
          [
            35.221005837021984,
            31.796192936463807
          ],
          [
            35.22103113138742,
            31.79620124454699
          ],
          [
            35.22111590825801,
            31.79622970642905
          ],
          [
            35.22122850349646,
            31.79625596772305
          ],
          [
            35.22131410244048,
            31.796275198126406
          ],
          [
            35.2213690482419,
            31.79628687871766
          ],
          [
            35.22162347700212,
            31.796333769348575
          ],
          [
            35.22175890699302,
            31.79636452187561
          ],
          [
            35.22182325897396,
            31.79638621863975
          ],
          [
            35.22187976312354,
            31.79640732483442
          ],
          [
            35.22194802697284,
            31.79644349914755
          ],
          [
            35.22202125007199,
            31.796482302508753
          ],
          [
            35.222162052456476,
            31.79659889103473
          ],
          [
            35.22222328117533,
            31.796664691629946
          ],
          [
            35.222271958127536,
            31.796736835687323
          ],
          [
            35.22237231052337,
            31.79691084076583
          ],
          [
            35.222533621831495,
            31.79720301339937
          ],
          [
            35.2226507429712,
            31.797448820392656
          ],
          [
            35.222739115080316,
            31.797612821852496
          ],
          [
            35.22276298518405,
            31.79765711862947
          ],
          [
            35.222977185230846,
            31.79800572564493
          ],
          [
            35.22305359513446,
            31.79812044304144
          ],
          [
            35.2231451413797,
            31.798224640014723
          ],
          [
            35.2232198999054,
            31.798301463128695
          ],
          [
            35.22330835818599,
            31.7983813621569
          ],
          [
            35.22337397939787,
            31.798430613667247
          ],
          [
            35.223445529754905,
            31.79848424359759
          ],
          [
            35.22353013742383,
            31.798538965470023
          ],
          [
            35.22360705565184,
            31.798593688438896
          ],
          [
            35.22368653612241,
            31.798645127375362
          ],
          [
            35.22391215926569,
            31.79878740266558
          ],
          [
            35.22416085067559,
            31.79891434902773
          ],
          [
            35.224416915211165,
            31.79904463236093
          ],
          [
            35.22458772890655,
            31.799122274715394
          ],
          [
            35.22478514104157,
            31.79920138892017
          ],
          [
            35.22488224179543,
            31.799224854633188
          ],
          [
            35.22493255204183,
            31.7992273104026
          ],
          [
            35.22499567929486,
            31.799223195088672
          ],
          [
            35.22504253378166,
            31.799213295260685
          ],
          [
            35.225081234420855,
            31.799205118345252
          ],
          [
            35.22516907859413,
            31.79916209898414
          ],
          [
            35.22525425345403,
            31.799106075464017
          ],
          [
            35.225328260113955,
            31.79903052977792
          ],
          [
            35.22547530976958,
            31.798878288586646
          ],
          [
            35.225541628688575,
            31.798817029185596
          ],
          [
            35.225608911284986,
            31.79876825015436
          ],
          [
            35.22567138831245,
            31.79872965185638
          ],
          [
            35.22596799573715,
            31.798583402228715
          ],
          [
            35.22653567733419,
            31.798311253528038
          ],
          [
            35.22680604181452,
            31.798170965834547
          ],
          [
            35.22697967486984,
            31.79808087034763
          ],
          [
            35.22743479018955,
            31.79782361238027
          ],
          [
            35.22764784029107,
            31.79769750831734
          ],
          [
            35.22782765436691,
            31.797633093150278
          ],
          [
            35.22803191428824,
            31.79760505615599
          ],
          [
            35.22822948592431,
            31.79759867777259
          ],
          [
            35.228460086110736,
            31.797622695713
          ],
          [
            35.228861697000625,
            31.797730437256753
          ],
          [
            35.22939909974228,
            31.797889946452905
          ],
          [
            35.22957099332481,
            31.797950877138895
          ],
          [
            35.22982440437901,
            31.79800548574858
          ],
          [
            35.22995704071217,
            31.79800351494785
          ],
          [
            35.23013436715403,
            31.797962640462675
          ],
          [
            35.23029357997778,
            31.797881499529858
          ],
          [
            35.230410992003065,
            31.797809985932577
          ],
          [
            35.23053040298387,
            31.79773168997962
          ],
          [
            35.23058333496212,
            31.79769814332444
          ],
          [
            35.230618660021086,
            31.797672506690873
          ],
          [
            35.23073605476603,
            31.79760145183184
          ],
          [
            35.2308591621974,
            31.797523509230107
          ],
          [
            35.23109649855161,
            31.79737324218171
          ],
          [
            35.23139312858754,
            31.797185433906314
          ],
          [
            35.23151769080054,
            31.797106567773444
          ],
          [
            35.2317966606044,
            31.79692976113885
          ],
          [
            35.23181875846104,
            31.796915607429803
          ],
          [
            35.23234088929115,
            31.796563757732866
          ],
          [
            35.232664972057314,
            31.79634182745589
          ],
          [
            35.23295493873389,
            31.79615316474738
          ],
          [
            35.23359527189472,
            31.795764845450066
          ],
          [
            35.23404138138598,
            31.795508583115865
          ],
          [
            35.234304207982646,
            31.795384227536378
          ],
          [
            35.234419344989746,
            31.79534352663952
          ],
          [
            35.234530369771356,
            31.795331179571814
          ],
          [
            35.23464831962866,
            31.79534913621735
          ],
          [
            35.23477662151911,
            31.79540170563797
          ],
          [
            35.23488054607063,
            31.795498608008476
          ],
          [
            35.23499655618281,
            31.795596147706803
          ],
          [
            35.2351305170859,
            31.795708778890585
          ],
          [
            35.23538426324993,
            31.795922443892906
          ],
          [
            35.23554006419781,
            31.796057885003616
          ],
          [
            35.235645436874826,
            31.79616411863074
          ],
          [
            35.23578330269046,
            31.796297218135134
          ],
          [
            35.23589603064154,
            31.796400617063664
          ],
          [
            35.236058269226454,
            31.796548852155293
          ],
          [
            35.236211192504335,
            31.796696243429498
          ],
          [
            35.23714763606694,
            31.797603255462324
          ],
          [
            35.23723520940809,
            31.797689868264886
          ],
          [
            35.237339326072195,
            31.79778700121693
          ],
          [
            35.23738175239724,
            31.7978410312401
          ],
          [
            35.237412665973814,
            31.797898908768257
          ],
          [
            35.23742871728295,
            31.797951690225133
          ],
          [
            35.23743468435009,
            31.79801084127843
          ],
          [
            35.23742739560561,
            31.798074936940047
          ],
          [
            35.23740383425468,
            31.798141313049328
          ],
          [
            35.23735822110958,
            31.798210320100146
          ],
          [
            35.237336455400026,
            31.79823354629139
          ],
          [
            35.237271335354315,
            31.798284543179456
          ],
          [
            35.23723118739273,
            31.79830770463851
          ],
          [
            35.23715889557227,
            31.798341911950647
          ],
          [
            35.236901823697565,
            31.798451229210976
          ],
          [
            35.23667695759307,
            31.798546734255833
          ],
          [
            35.23649521952432,
            31.798629039568464
          ],
          [
            35.23642490382347,
            31.798669021349554
          ],
          [
            35.2363802617864,
            31.798699782569383
          ],
          [
            35.236309877384244,
            31.7987583863984
          ],
          [
            35.236191275875434,
            31.79889922294638
          ],
          [
            35.23615761776008,
            31.798954534849766
          ],
          [
            35.23610475635125,
            31.799070654463232
          ],
          [
            35.23607808278028,
            31.799155289741385
          ],
          [
            35.23606059093695,
            31.79924641508418
          ],
          [
            35.236060159545474,
            31.79933182755081
          ],
          [
            35.23607653916222,
            31.799479057878997
          ],
          [
            35.23612445162348,
            31.799627043333775
          ],
          [
            35.23638691489667,
            31.800119734187838
          ],
          [
            35.23652524484007,
            31.80037521866093
          ],
          [
            35.23664535874068,
            31.80058508259614
          ],
          [
            35.23675564941041,
            31.80070704477569
          ],
          [
            35.23686247919905,
            31.80077852545394
          ],
          [
            35.236951389341925,
            31.80081777885635
          ],
          [
            35.237069982985496,
            31.800849618702212
          ],
          [
            35.23731398972076,
            31.800882293761433
          ],
          [
            35.23748943829878,
            31.800902595751094
          ],
          [
            35.23781037383128,
            31.80093973205512
          ],
          [
            35.23819219542554,
            31.800983912864396
          ],
          [
            35.23852400765167,
            31.80102230526319
          ],
          [
            35.23865344305997,
            31.801037281745103
          ],
          [
            35.23901624724519,
            31.801079259279813
          ],
          [
            35.239229410908344,
            31.801103922567485
          ],
          [
            35.23939468424498,
            31.801120036560967
          ],
          [
            35.23952925340352,
            31.801113365691556
          ],
          [
            35.23961586752657,
            31.80108936282717
          ],
          [
            35.23968477082767,
            31.801055122604
          ],
          [
            35.239769963461285,
            31.80098376081777
          ],
          [
            35.239822781064454,
            31.800903271417933
          ],
          [
            35.239847174682836,
            31.800823336401077
          ],
          [
            35.23984235641569,
            31.80070455282067
          ],
          [
            35.23982156362131,
            31.80063416458571
          ],
          [
            35.239754849707985,
            31.80047072731828
          ],
          [
            35.23962739819319,
            31.800165662013427
          ],
          [
            35.239574622374406,
            31.80004010167489
          ],
          [
            35.23949357997,
            31.799869038634412
          ],
          [
            35.23940167467214,
            31.799716729569223
          ],
          [
            35.23933130586886,
            31.799619559350546
          ],
          [
            35.23923769726329,
            31.799508188747314
          ],
          [
            35.23908603121916,
            31.799356619906188
          ],
          [
            35.23877632534806,
            31.799072505896135
          ],
          [
            35.23834232325505,
            31.798700971874137
          ],
          [
            35.238232216086935,
            31.79856298438247
          ],
          [
            35.23820283948374,
            31.798488250360606
          ],
          [
            35.23818890318648,
            31.798398849230843
          ],
          [
            35.23819653259308,
            31.798308787659483
          ],
          [
            35.23822293906371,
            31.798227390505595
          ],
          [
            35.23825100869187,
            31.798175244990073
          ],
          [
            35.23830352319317,
            31.798107015879793
          ],
          [
            35.23841543731421,
            31.79801243090168
          ],
          [
            35.2384818253099,
            31.79797452329781
          ],
          [
            35.23855237134133,
            31.797944515569046
          ],
          [
            35.238784755686495,
            31.79788061738342
          ],
          [
            35.23904604990389,
            31.797808769331763
          ],
          [
            35.239402384745304,
            31.797713728267823
          ],
          [
            35.23962422706312,
            31.7976545588824
          ],
          [
            35.23983843931671,
            31.797596817036297
          ],
          [
            35.239959792079546,
            31.79755084086845
          ],
          [
            35.24006710941865,
            31.797481147401932
          ],
          [
            35.24010827376954,
            31.797442946576705
          ],
          [
            35.24015853569779,
            31.797381508180617
          ],
          [
            35.240208135394184,
            31.79728687952438
          ],
          [
            35.24023102648855,
            31.797196780169028
          ],
          [
            35.24023426584707,
            31.79712188233075
          ],
          [
            35.24021812184986,
            31.79702404260288
          ],
          [
            35.240088539381325,
            31.796569815607004
          ],
          [
            35.239966515639146,
            31.796143550608463
          ],
          [
            35.23990686446077,
            31.795935171727933
          ],
          [
            35.23988169599464,
            31.795818044982106
          ],
          [
            35.239892598955024,
            31.795686140574897
          ],
          [
            35.23992547798851,
            31.79557103855704
          ],
          [
            35.24004772433909,
            31.795077370383105
          ],
          [
            35.24011708961523,
            31.794805886180125
          ],
          [
            35.240175963489726,
            31.794648771782136
          ],
          [
            35.240264897258605,
            31.79455526836101
          ],
          [
            35.240335565986925,
            31.79451486678387
          ],
          [
            35.24040973683782,
            31.794490088568715
          ],
          [
            35.24047163809776,
            31.794479521372605
          ],
          [
            35.240562103559256,
            31.794473126094587
          ],
          [
            35.240921998166506,
            31.794458478817834
          ],
          [
            35.24118325690256,
            31.794443018450647
          ],
          [
            35.24129614245377,
            31.794422946994608
          ],
          [
            35.24139724270075,
            31.79439450255691
          ],
          [
            35.24156694699887,
            31.794321323032815
          ],
          [
            35.24179584916786,
            31.794196319727888
          ],
          [
            35.242528782478445,
            31.793794389827493
          ],
          [
            35.24300463134727,
            31.79353319195119
          ],
          [
            35.24309060171397,
            31.793480900657816
          ],
          [
            35.24317060457692,
            31.793422385711015
          ],
          [
            35.24335916777978,
            31.793239142825815
          ],
          [
            35.24378664810892,
            31.792783373772266
          ]
        ]
      }
    },
    {
      "type": "Feature",
      "properties": {
        "type": "Light Rail",
        "network": "JNET",
        "route_name": "Light Blue Line",
        "color": "#ADD8E6"
      },
      "geometry": {
        "type": "LineString",
        "coordinates": [
          [
            35.18921771848931,
            31.748815592284735
          ],
          [
            35.18601822550966,
            31.748740332703953
          ],
          [
            35.185987116224304,
            31.748736713580584
          ],
          [
            35.18595575211521,
            31.748735475289045
          ],
          [
            35.18592438013694,
            31.74873665033163
          ],
          [
            35.18589325570232,
            31.748740195456996
          ],
          [
            35.18586262366165,
            31.748746110701198
          ],
          [
            35.18583273943023,
            31.74875434199115
          ],
          [
            35.18580382887678,
            31.74876481360545
          ],
          [
            35.18577612525813,
            31.74877744982384
          ],
          [
            35.18574985550564,
            31.748792142458875
          ],
          [
            35.18572523072012,
            31.74880878332089
          ],
          [
            35.18570243140061,
            31.7488272425715
          ],
          [
            35.185151955773186,
            31.749851241729083
          ],
          [
            35.18511534535993,
            31.749974075837194
          ],
          [
            35.185100195466795,
            31.750052285306992
          ],
          [
            35.18505484888446,
            31.750383642210164
          ],
          [
            35.18505218431521,
            31.75059379738521
          ],
          [
            35.185071369227934,
            31.750803317381894
          ],
          [
            35.18511226796084,
            31.75101056802336
          ],
          [
            35.18517453798867,
            31.75121388262399
          ],
          [
            35.18525769849709,
            31.75141167022254
          ],
          [
            35.18536109133614,
            31.75160237138661
          ],
          [
            35.185483901068146,
            31.75178446182487
          ],
          [
            35.185625154951516,
            31.75195651191071
          ],
          [
            35.185783733496,
            31.752117168648972
          ],
          [
            35.186103304701675,
            31.752413158016918
          ],
          [
            35.186234050104424,
            31.75251245933629
          ],
          [
            35.18637434105819,
            31.752601740559967
          ],
          [
            35.1865231348921,
            31.752680352179972
          ],
          [
            35.18667931186582,
            31.752747687969322
          ],
          [
            35.186841706821475,
            31.752803249920245
          ],
          [
            35.18700911341336,
            31.75284661577932
          ],
          [
            35.18718027460266,
            31.75287748233553
          ],
          [
            35.187353921723385,
            31.752895600493407
          ],
          [
            35.18752874386284,
            31.752900851024336
          ],
          [
            35.18859876949517,
            31.752893420896786
          ],
          [
            35.18869008049731,
            31.7528927865492
          ],
          [
            35.18904619104416,
            31.752843513705997
          ],
          [
            35.18955950303223,
            31.752731273451122
          ],
          [
            35.190416444756394,
            31.75247457123988
          ],
          [
            35.190711269116235,
            31.752386252314043
          ],
          [
            35.19169431023889,
            31.752038130384754
          ],
          [
            35.1917748267947,
            31.752011710745975
          ],
          [
            35.1918577784032,
            31.751991524862607
          ],
          [
            35.19194250541002,
            31.751977734997286
          ],
          [
            35.19202833550751,
            31.751970427657916
          ],
          [
            35.192114577391244,
            31.751969689352272
          ],
          [
            35.19333518160863,
            31.75200568318539
          ],
          [
            35.19688736451763,
            31.75211036300801
          ],
          [
            35.19709078058315,
            31.752103784329915
          ],
          [
            35.197292675891866,
            31.75208158886332
          ],
          [
            35.19749140912664,
            31.75204393885721
          ],
          [
            35.197685374849165,
            31.751991169726992
          ],
          [
            35.19867520211192,
            31.751602734937165
          ],
          [
            35.19949887133218,
            31.75335033510908
          ],
          [
            35.19952731149816,
            31.753410007803023
          ],
          [
            35.19964087441425,
            31.753622591849975
          ],
          [
            35.1996528628114,
            31.753652594035255
          ],
          [
            35.19966156595967,
            31.75371583454791
          ],
          [
            35.19966414708316,
            31.7538067615128
          ],
          [
            35.199658704408535,
            31.753901757301833
          ],
          [
            35.20009101507492,
            31.753339055112722
          ],
          [
            35.20063193949559,
            31.752701519532554
          ],
          [
            35.20082726285708,
            31.752496824189137
          ],
          [
            35.20108880398521,
            31.752225541586707
          ],
          [
            35.201406871639975,
            31.75195529875546
          ],
          [
            35.20166453096326,
            31.751783275714818
          ],
          [
            35.20194158166699,
            31.751617496928912
          ],
          [
            35.20346492571197,
            31.75105765661868
          ],
          [
            35.20373401339077,
            31.750988894536853
          ],
          [
            35.204008938114875,
            31.75093982824514
          ],
          [
            35.20428773168313,
            31.750910793189696
          ],
          [
            35.2045684058535,
            31.750902005789477
          ],
          [
            35.20484894178279,
            31.750913520148256
          ],
          [
            35.205127337514135,
            31.750945271343458
          ],
          [
            35.20540159002807,
            31.750997010492952
          ],
          [
            35.20566974484147,
            31.75106838050937
          ],
          [
            35.20592987383742,
            31.751158861988202
          ],
          [
            35.2061801248652,
            31.75126781649434
          ],
          [
            35.20641870062685,
            31.751394464916288
          ],
          [
            35.20664388611426,
            31.75153788746345
          ],
          [
            35.20685407499286,
            31.751697066050156
          ],
          [
            35.207047767488625,
            31.751870866256052
          ],
          [
            35.207223568275886,
            31.752058021090175
          ],
          [
            35.207552882383105,
            31.75244073305243
          ],
          [
            35.20772569451021,
            31.752577516408046
          ],
          [
            35.207879441505725,
            31.752740970340813
          ],
          [
            35.20796042356271,
            31.752795111441152
          ],
          [
            35.20804023122315,
            31.752827207783703
          ],
          [
            35.20819749221382,
            31.752843241778162
          ],
          [
            35.208344193734035,
            31.75281315185351
          ],
          [
            35.20857421302811,
            31.75273392653067
          ],
          [
            35.208844134451475,
            31.75259553469643
          ],
          [
            35.209041295678176,
            31.752470174772178
          ],
          [
            35.20924901326318,
            31.75231071352244
          ],
          [
            35.20945789794503,
            31.752081070174494
          ],
          [
            35.209609280118684,
            31.751864458668607
          ],
          [
            35.20976535177643,
            31.75160772903071
          ],
          [
            35.20996601989708,
            31.751317914845355
          ],
          [
            35.21015260756057,
            31.751135390968443
          ],
          [
            35.210330988168245,
            31.751014044871614
          ],
          [
            35.210472983097404,
            31.750933813623963
          ],
          [
            35.21067835370865,
            31.750851577068293
          ],
          [
            35.21084030640209,
            31.750806440716246
          ],
          [
            35.21106445567897,
            31.75077133312218
          ],
          [
            35.2113940562186,
            31.750764768351296
          ],
          [
            35.212100727944986,
            31.750829433962743
          ],
          [
            35.21279783803593,
            31.75090058957357
          ],
          [
            35.21335881180573,
            31.750946686760923
          ],
          [
            35.21350081486532,
            31.75097876453959
          ],
          [
            35.213601747623954,
            31.751025887900155
          ],
          [
            35.213706612753704,
            31.751091873925475
          ],
          [
            35.21379893272844,
            31.751237468601538
          ],
          [
            35.213838845277714,
            31.751368825087408
          ],
          [
            35.2143210908473,
            31.754092270965646
          ],
          [
            35.214488580329274,
            31.754876063463186
          ],
          [
            35.21451592675918,
            31.75501618298283
          ],
          [
            35.21456548516676,
            31.75520038118535
          ],
          [
            35.21467832016179,
            31.756038182847764
          ],
          [
            35.214746690828434,
            31.756400158566827
          ],
          [
            35.21488342621495,
            31.757075357842798
          ],
          [
            35.21498597765812,
            31.757559937445073
          ],
          [
            35.215028705333374,
            31.757746762129763
          ],
          [
            35.21505433817705,
            31.757821200176064
          ],
          [
            35.21509903963924,
            31.757912930430482
          ],
          [
            35.21513464612557,
            31.7579788298551
          ],
          [
            35.21517709024754,
            31.758072570482355
          ],
          [
            35.21520007555318,
            31.75816989846623
          ],
          [
            35.21539274825812,
            31.758924074150087
          ],
          [
            35.21540492184381,
            31.758962980538726
          ],
          [
            35.21541773557035,
            31.75901505742608
          ],
          [
            35.21543209585797,
            31.759068966729696
          ],
          [
            35.21543882631281,
            31.759100032032002
          ],
          [
            35.21546795018907,
            31.759234962783246
          ],
          [
            35.21547307937321,
            31.759274371194962
          ],
          [
            35.21546112827024,
            31.75933275680943
          ],
          [
            35.215439380826325,
            31.75940875179903
          ],
          [
            35.21540306888905,
            31.759535645492132
          ],
          [
            35.2153894165277,
            31.759650955739087
          ],
          [
            35.21540138274839,
            31.759721015496414
          ],
          [
            35.2154475175999,
            31.759819906132613
          ],
          [
            35.21548383226581,
            31.759876853659605
          ],
          [
            35.215555055507124,
            31.759988541084823
          ],
          [
            35.21567652963551,
            31.76013694271855
          ],
          [
            35.21575906094197,
            31.760237767206345
          ],
          [
            35.215984468480826,
            31.76050481604313
          ],
          [
            35.21622820940234,
            31.760759839381944
          ],
          [
            35.216489409658465,
            31.761001917318804
          ],
          [
            35.21895803529187,
            31.76315558087714
          ],
          [
            35.22064555720774,
            31.764542202319088
          ],
          [
            35.221575893289234,
            31.765352042440306
          ],
          [
            35.222901327202216,
            31.76670190786304
          ],
          [
            35.22327872960488,
            31.767099468900934
          ],
          [
            35.22353914821721,
            31.76748742544045
          ],
          [
            35.223641775658066,
            31.767640312396317
          ],
          [
            35.22407689639299,
            31.768021139429482
          ],
          [
            35.22414577414101,
            31.768214820664227
          ],
          [
            35.224186015201404,
            31.768383331295077
          ],
          [
            35.22424153113439,
            31.768615796541617
          ],
          [
            35.224298529712165,
            31.76885447252684
          ],
          [
            35.22436948650372,
            31.769188842801544
          ],
          [
            35.22431045065241,
            31.769354038289915
          ],
          [
            35.2242865320247,
            31.769423119664882
          ],
          [
            35.22425557289182,
            31.769490124276736
          ],
          [
            35.224217806423745,
            31.76955452179992
          ],
          [
            35.22410703423571,
            31.76972424702241
          ],
          [
            35.22306742987149,
            31.771317088151115
          ],
          [
            35.222988329504794,
            31.771433491626453
          ],
          [
            35.222898236243836,
            31.771543912001107
          ],
          [
            35.22279776536722,
            31.771647591614883
          ],
          [
            35.222687605015125,
            31.771743826907137
          ],
          [
            35.22256850774016,
            31.77183194677455
          ],
          [
            35.22244129262727,
            31.77191135586023
          ],
          [
            35.21982402950609,
            31.773407151752757
          ],
          [
            35.21961665818704,
            31.77355006010492
          ],
          [
            35.21944322103433,
            31.773705422212153
          ],
          [
            35.21895498600185,
            31.774182896452547
          ],
          [
            35.218617205488385,
            31.774500173991147
          ],
          [
            35.21825978305799,
            31.774813994169634
          ],
          [
            35.21805999120822,
            31.77499196551761
          ],
          [
            35.217910696555364,
            31.77516011468159
          ],
          [
            35.21774891164437,
            31.775426650667534
          ],
          [
            35.2174163431751,
            31.775928041145928
          ],
          [
            35.21627177711742,
            31.777428703587763
          ],
          [
            35.216180004560975,
            31.777559366543073
          ],
          [
            35.21610147028819,
            31.777696197734596
          ],
          [
            35.21603672847512,
            31.77783818977761
          ],
          [
            35.21598626152051,
            31.777984347014694
          ],
          [
            35.21595041035759,
            31.77813361968664
          ],
          [
            35.21592943780088,
            31.778284947214665
          ],
          [
            35.21591713967441,
            31.77842369144648
          ],
          [
            35.21578708935279,
            31.779890830905355
          ],
          [
            35.21578099042033,
            31.780092425763925
          ],
          [
            35.21579253112407,
            31.780268457225848
          ],
          [
            35.215852395339056,
            31.780507626002876
          ],
          [
            35.21595584661405,
            31.78070915153099
          ],
          [
            35.216047580451274,
            31.78090252356917
          ],
          [
            35.21615804833827,
            31.78108862136571
          ],
          [
            35.21628646047948,
            31.781266124647964
          ],
          [
            35.21794200960897,
            31.783352541047712
          ],
          [
            35.21800876690071,
            31.78343666956235
          ],
          [
            35.218447187631675,
            31.78398917026015
          ],
          [
            35.21853877451133,
            31.784104393091155
          ],
          [
            35.21861743223623,
            31.78422638200426
          ],
          [
            35.21868248278654,
            31.784354086452346
          ],
          [
            35.21873336320516,
            31.78448640266406
          ],
          [
            35.21876963299176,
            31.78462218356228
          ],
          [
            35.218826523051014,
            31.78476632310967
          ],
          [
            35.21885642522833,
            31.784961955439172
          ],
          [
            35.218910001144614,
            31.78524734451428
          ],
          [
            35.218983311139866,
            31.7856378464032
          ],
          [
            35.21904331220382,
            31.785948287829445
          ],
          [
            35.219030828726616,
            31.786256015735386
          ],
          [
            35.218843574479095,
            31.787067778421772
          ],
          [
            35.21870997342915,
            31.78762775590779
          ],
          [
            35.21853717717165,
            31.78835200616288
          ],
          [
            35.218546612551066,
            31.788745601230474
          ],
          [
            35.218621337519075,
            31.789226114848233
          ],
          [
            35.218700012712006,
            31.789481798891206
          ],
          [
            35.218844635126665,
            31.789864847034348
          ],
          [
            35.21907592040607,
            31.790200945173872
          ],
          [
            35.21965635337886,
            31.790959315141826
          ],
          [
            35.22077832746092,
            31.792379685619373
          ],
          [
            35.22121687080421,
            31.7929470509407
          ],
          [
            35.22126006782381,
            31.79298859217591
          ],
          [
            35.221382680734244,
            31.79310204831902
          ],
          [
            35.22150829305783,
            31.793246252205613
          ],
          [
            35.221607138434024,
            31.79337263467639
          ],
          [
            35.22168049712633,
            31.793490535085702
          ],
          [
            35.22187399705272,
            31.793725708033918
          ],
          [
            35.222084043901305,
            31.79394301112836
          ],
          [
            35.22218691487748,
            31.79402491830356
          ],
          [
            35.22227211110169,
            31.794079308190568
          ],
          [
            35.222463327460794,
            31.79418212278981
          ],
          [
            35.222635788113294,
            31.79425305158506
          ],
          [
            35.22279255992629,
            31.79429568173579
          ],
          [
            35.22284899492564,
            31.79430880532543
          ],
          [
            35.22298479153301,
            31.794332201093443
          ],
          [
            35.22310775552746,
            31.794344456349144
          ],
          [
            35.223423600718434,
            31.794340717705783
          ],
          [
            35.2235351755485,
            31.794326654018757
          ],
          [
            35.223576112287475,
            31.794320987043637
          ],
          [
            35.22374565047682,
            31.7942860918828
          ],
          [
            35.224006488346724,
            31.79422612851734
          ],
          [
            35.22413299102384,
            31.794199873643265
          ],
          [
            35.22421956544807,
            31.79418948550072
          ],
          [
            35.22427662688554,
            31.79418839264576
          ],
          [
            35.22435005581082,
            31.79419599276495
          ],
          [
            35.22442687188158,
            31.794217233554697
          ],
          [
            35.22450164114096,
            31.79425095970198
          ],
          [
            35.22454523348427,
            31.79427988480397
          ],
          [
            35.22463911232417,
            31.794379556766778
          ],
          [
            35.2247688348203,
            31.79461132728787
          ],
          [
            35.225102488598594,
            31.7953349386337
          ],
          [
            35.22540544180157,
            31.795991955850305
          ],
          [
            35.2255641424878,
            31.796322128667647
          ],
          [
            35.225596852890405,
            31.796436245747312
          ],
          [
            35.225600646647784,
            31.79650496535634
          ],
          [
            35.22559846305101,
            31.796565839041303
          ],
          [
            35.225589206249666,
            31.796629186742734
          ],
          [
            35.22556807649122,
            31.79671621783222
          ],
          [
            35.22551761531496,
            31.796857560779483
          ],
          [
            35.22544621615043,
            31.797057552018455
          ],
          [
            35.22541190889039,
            31.797177069528754
          ],
          [
            35.22535847312128,
            31.797325385018016
          ],
          [
            35.22533914088237,
            31.797415374703668
          ],
          [
            35.225316810369854,
            31.797508358984576
          ],
          [
            35.22529376842277,
            31.797640547272522
          ],
          [
            35.225272673050625,
            31.79787897471633
          ],
          [
            35.225268861378176,
            31.798031684836012
          ],
          [
            35.22526984243815,
            31.798117070902094
          ],
          [
            35.22528332543387,
            31.798227905758992
          ],
          [
            35.2253189128255,
            31.798310002572983
          ],
          [
            35.22536351067255,
            31.79837735642249
          ],
          [
            35.225422091803914,
            31.79843598085373
          ],
          [
            35.22548970991645,
            31.798485094767155
          ],
          [
            35.22554107413161,
            31.798513085725176
          ],
          [
            35.22561445637247,
            31.798546034939864
          ],
          [
            35.225726856332344,
            31.798564009778257
          ],
          [
            35.22581850520916,
            31.798571247075486
          ],
          [
            35.22596799573715,
            31.798583402228715
          ],
          [
            35.22653567733419,
            31.798311253528038
          ],
          [
            35.22680604181452,
            31.798170965834547
          ],
          [
            35.22697967486984,
            31.79808087034763
          ],
          [
            35.22743479018955,
            31.79782361238027
          ],
          [
            35.22764784029107,
            31.79769750831734
          ],
          [
            35.22782765436691,
            31.797633093150278
          ],
          [
            35.22803191428824,
            31.79760505615599
          ],
          [
            35.22822948592431,
            31.79759867777259
          ],
          [
            35.228460086110736,
            31.797622695713
          ],
          [
            35.228861697000625,
            31.797730437256753
          ],
          [
            35.22939909974228,
            31.797889946452905
          ],
          [
            35.22957099332481,
            31.797950877138895
          ],
          [
            35.22982440437901,
            31.79800548574858
          ],
          [
            35.22995704071217,
            31.79800351494785
          ],
          [
            35.23013436715403,
            31.797962640462675
          ],
          [
            35.23029357997778,
            31.797881499529858
          ],
          [
            35.230410992003065,
            31.797809985932577
          ],
          [
            35.23053040298387,
            31.79773168997962
          ],
          [
            35.23058333496212,
            31.79769814332444
          ],
          [
            35.230618660021086,
            31.797672506690873
          ],
          [
            35.23073605476603,
            31.79760145183184
          ],
          [
            35.2308591621974,
            31.797523509230107
          ],
          [
            35.23109649855161,
            31.79737324218171
          ],
          [
            35.23139312858754,
            31.797185433906314
          ],
          [
            35.23151769080054,
            31.797106567773444
          ],
          [
            35.2317966606044,
            31.79692976113885
          ],
          [
            35.23181875846104,
            31.796915607429803
          ],
          [
            35.23234088929115,
            31.796563757732866
          ],
          [
            35.232664972057314,
            31.79634182745589
          ],
          [
            35.23295493873389,
            31.79615316474738
          ],
          [
            35.23359527189472,
            31.795764845450066
          ],
          [
            35.23404138138598,
            31.795508583115865
          ],
          [
            35.234304207982646,
            31.795384227536378
          ],
          [
            35.234419344989746,
            31.79534352663952
          ],
          [
            35.234530369771356,
            31.795331179571814
          ],
          [
            35.23464831962866,
            31.79534913621735
          ],
          [
            35.23477662151911,
            31.79540170563797
          ],
          [
            35.23488054607063,
            31.795498608008476
          ],
          [
            35.23499655618281,
            31.795596147706803
          ],
          [
            35.2351305170859,
            31.795708778890585
          ],
          [
            35.23538426324993,
            31.795922443892906
          ],
          [
            35.23554006419781,
            31.796057885003616
          ],
          [
            35.235645436874826,
            31.79616411863074
          ],
          [
            35.23578330269046,
            31.796297218135134
          ],
          [
            35.23589603064154,
            31.796400617063664
          ],
          [
            35.236058269226454,
            31.796548852155293
          ],
          [
            35.236211192504335,
            31.796696243429498
          ],
          [
            35.23714763606694,
            31.797603255462324
          ],
          [
            35.23723520940809,
            31.797689868264886
          ],
          [
            35.237339326072195,
            31.79778700121693
          ],
          [
            35.23738175239724,
            31.7978410312401
          ],
          [
            35.237412665973814,
            31.797898908768257
          ],
          [
            35.23742871728295,
            31.797951690225133
          ],
          [
            35.23743468435009,
            31.79801084127843
          ],
          [
            35.23742739560561,
            31.798074936940047
          ],
          [
            35.23740383425468,
            31.798141313049328
          ],
          [
            35.23735822110958,
            31.798210320100146
          ],
          [
            35.237336455400026,
            31.79823354629139
          ],
          [
            35.237271335354315,
            31.798284543179456
          ],
          [
            35.23723118739273,
            31.79830770463851
          ],
          [
            35.23715889557227,
            31.798341911950647
          ],
          [
            35.236901823697565,
            31.798451229210976
          ],
          [
            35.23667695759307,
            31.798546734255833
          ],
          [
            35.23649521952432,
            31.798629039568464
          ],
          [
            35.23642490382347,
            31.798669021349554
          ],
          [
            35.2363802617864,
            31.798699782569383
          ],
          [
            35.236309877384244,
            31.7987583863984
          ],
          [
            35.236191275875434,
            31.79889922294638
          ],
          [
            35.23615761776008,
            31.798954534849766
          ],
          [
            35.23610475635125,
            31.799070654463232
          ],
          [
            35.23607808278028,
            31.799155289741385
          ],
          [
            35.23606059093695,
            31.79924641508418
          ],
          [
            35.236060159545474,
            31.79933182755081
          ],
          [
            35.23607653916222,
            31.799479057878997
          ],
          [
            35.23612445162348,
            31.799627043333775
          ],
          [
            35.23638691489667,
            31.800119734187838
          ],
          [
            35.23652524484007,
            31.80037521866093
          ],
          [
            35.23664535874068,
            31.80058508259614
          ],
          [
            35.23675564941041,
            31.80070704477569
          ],
          [
            35.23686247919905,
            31.80077852545394
          ],
          [
            35.236951389341925,
            31.80081777885635
          ],
          [
            35.237069982985496,
            31.800849618702212
          ],
          [
            35.23731398972076,
            31.800882293761433
          ],
          [
            35.23748943829878,
            31.800902595751094
          ],
          [
            35.23781037383128,
            31.80093973205512
          ],
          [
            35.23819219542554,
            31.800983912864396
          ],
          [
            35.23852400765167,
            31.80102230526319
          ],
          [
            35.23865344305997,
            31.801037281745103
          ],
          [
            35.23901624724519,
            31.801079259279813
          ],
          [
            35.239229410908344,
            31.801103922567485
          ],
          [
            35.23939468424498,
            31.801120036560967
          ],
          [
            35.23952925340352,
            31.801113365691556
          ],
          [
            35.23961586752657,
            31.80108936282717
          ],
          [
            35.23968477082767,
            31.801055122604
          ],
          [
            35.239769963461285,
            31.80098376081777
          ],
          [
            35.239822781064454,
            31.800903271417933
          ],
          [
            35.239847174682836,
            31.800823336401077
          ],
          [
            35.23984235641569,
            31.80070455282067
          ],
          [
            35.23982156362131,
            31.80063416458571
          ],
          [
            35.239754849707985,
            31.80047072731828
          ],
          [
            35.23962739819319,
            31.800165662013427
          ],
          [
            35.239574622374406,
            31.80004010167489
          ],
          [
            35.23949357997,
            31.799869038634412
          ],
          [
            35.23940167467214,
            31.799716729569223
          ],
          [
            35.23933130586886,
            31.799619559350546
          ],
          [
            35.23923769726329,
            31.799508188747314
          ],
          [
            35.23908603121916,
            31.799356619906188
          ],
          [
            35.23877632534806,
            31.799072505896135
          ],
          [
            35.23834232325505,
            31.798700971874137
          ],
          [
            35.238232216086935,
            31.79856298438247
          ],
          [
            35.23820283948374,
            31.798488250360606
          ],
          [
            35.23818890318648,
            31.798398849230843
          ],
          [
            35.23819653259308,
            31.798308787659483
          ],
          [
            35.23822293906371,
            31.798227390505595
          ],
          [
            35.23825100869187,
            31.798175244990073
          ],
          [
            35.23830352319317,
            31.798107015879793
          ],
          [
            35.23841543731421,
            31.79801243090168
          ],
          [
            35.2384818253099,
            31.79797452329781
          ],
          [
            35.23855237134133,
            31.797944515569046
          ],
          [
            35.238784755686495,
            31.79788061738342
          ],
          [
            35.23904604990389,
            31.797808769331763
          ],
          [
            35.239402384745304,
            31.797713728267823
          ],
          [
            35.23962422706312,
            31.7976545588824
          ],
          [
            35.23983843931671,
            31.797596817036297
          ],
          [
            35.239959792079546,
            31.79755084086845
          ],
          [
            35.24006710941865,
            31.797481147401932
          ],
          [
            35.24010827376954,
            31.797442946576705
          ],
          [
            35.24015853569779,
            31.797381508180617
          ],
          [
            35.240208135394184,
            31.79728687952438
          ],
          [
            35.24023102648855,
            31.797196780169028
          ],
          [
            35.24023426584707,
            31.79712188233075
          ],
          [
            35.24021812184986,
            31.79702404260288
          ],
          [
            35.240088539381325,
            31.796569815607004
          ],
          [
            35.239966515639146,
            31.796143550608463
          ],
          [
            35.23990686446077,
            31.795935171727933
          ],
          [
            35.23988169599464,
            31.795818044982106
          ],
          [
            35.239892598955024,
            31.795686140574897
          ],
          [
            35.23992547798851,
            31.79557103855704
          ],
          [
            35.24004772433909,
            31.795077370383105
          ],
          [
            35.24011708961523,
            31.794805886180125
          ],
          [
            35.240175963489726,
            31.794648771782136
          ],
          [
            35.240264897258605,
            31.79455526836101
          ],
          [
            35.240335565986925,
            31.79451486678387
          ],
          [
            35.24040973683782,
            31.794490088568715
          ],
          [
            35.24047163809776,
            31.794479521372605
          ],
          [
            35.240562103559256,
            31.794473126094587
          ],
          [
            35.240921998166506,
            31.794458478817834
          ],
          [
            35.24118325690256,
            31.794443018450647
          ],
          [
            35.24129614245377,
            31.794422946994608
          ],
          [
            35.24139724270075,
            31.79439450255691
          ],
          [
            35.24156694699887,
            31.794321323032815
          ],
          [
            35.24179584916786,
            31.794196319727888
          ],
          [
            35.242528782478445,
            31.793794389827493
          ],
          [
            35.24300463134727,
            31.79353319195119
          ],
          [
            35.24309060171397,
            31.793480900657816
          ],
          [
            35.24317060457692,
            31.793422385711015
          ],
          [
            35.24335916777978,
            31.793239142825815
          ],
          [
            35.24378664810892,
            31.792783373772266
          ]
        ]
      }
    },
    {
      "type": "Feature",
      "properties": {
        "type": "Light Rail",
        "network": "JNET",
        "route_name": "Purple Line",
        "color": "#68217A"
      },
      "geometry": {
        "type": "LineString",
        "coordinates": [
          [
            35.147627681362344,
            31.765234864357634
          ],
          [
            35.14772126664255,
            31.764717855112274
          ],
          [
            35.14777657416999,
            31.764364309723025
          ],
          [
            35.147798266523544,
            31.764284278855502
          ],
          [
            35.14782859491022,
            31.764231271998124
          ],
          [
            35.147860164085685,
            31.7641947306653
          ],
          [
            35.14789504361073,
            31.76416496906131
          ],
          [
            35.14797083951188,
            31.76412265119354
          ],
          [
            35.148109869344246,
            31.76405789543838
          ],
          [
            35.14830373133217,
            31.763967616277156
          ],
          [
            35.14845510345324,
            31.76390643148328
          ],
          [
            35.14854430619684,
            31.763880813221327
          ],
          [
            35.148645032572084,
            31.763860438767967
          ],
          [
            35.14868216231361,
            31.76385509448089
          ],
          [
            35.148756964454066,
            31.76384774834881
          ],
          [
            35.148880269159584,
            31.7638454123701
          ],
          [
            35.148989610200715,
            31.763851104722225
          ],
          [
            35.14909101426562,
            31.763858826285936
          ],
          [
            35.1491559011292,
            31.763860804288445
          ],
          [
            35.14929090605714,
            31.763868679174394
          ],
          [
            35.14941567654653,
            31.763875956978975
          ],
          [
            35.1495677379029,
            31.763884825566006
          ],
          [
            35.14966960860948,
            31.763890767530548
          ],
          [
            35.14980447007293,
            31.76389863279205
          ],
          [
            35.15000131258241,
            31.763910113791773
          ],
          [
            35.15023543665451,
            31.76392376759094
          ],
          [
            35.15036422149515,
            31.763931278852944
          ],
          [
            35.15047944973264,
            31.763938648958412
          ],
          [
            35.15056833661901,
            31.763948930686553
          ],
          [
            35.15068823597744,
            31.76397605298325
          ],
          [
            35.15075919360249,
            31.763999855575648
          ],
          [
            35.15089488915392,
            31.76405176794033
          ],
          [
            35.151009585502536,
            31.764095952452053
          ],
          [
            35.15110398987634,
            31.764132318377836
          ],
          [
            35.15123707469198,
            31.764183586267226
          ],
          [
            35.15139546571823,
            31.764244601790523
          ],
          [
            35.15148411349443,
            31.76427875010259
          ],
          [
            35.151560221733654,
            31.764308069172994
          ],
          [
            35.15172524181095,
            31.76437163745793
          ],
          [
            35.15182265567148,
            31.764408926684265
          ],
          [
            35.151932142742375,
            31.764449076060618
          ],
          [
            35.15209591006066,
            31.764501928529455
          ],
          [
            35.15220885960188,
            31.764530916057648
          ],
          [
            35.15238037949105,
            31.76456100246842
          ],
          [
            35.15256499819736,
            31.76457781703197
          ],
          [
            35.15272354376869,
            31.764583977158285
          ],
          [
            35.15308241506456,
            31.76457481822429
          ],
          [
            35.15323950559214,
            31.76457803079413
          ],
          [
            35.15348867283172,
            31.764593500082285
          ],
          [
            35.15367067568474,
            31.764595592085346
          ],
          [
            35.15380424207325,
            31.76459606017414
          ],
          [
            35.15385772438754,
            31.764595428517566
          ],
          [
            35.15396460473835,
            31.764591909589832
          ],
          [
            35.15417128921263,
            31.76457243854237
          ],
          [
            35.15435511448621,
            31.764536393977426
          ],
          [
            35.15456536499668,
            31.76447080064612
          ],
          [
            35.154702313226394,
            31.764412259610115
          ],
          [
            35.154861336713665,
            31.764325740984248
          ],
          [
            35.15499032535569,
            31.764237752202423
          ],
          [
            35.155100331966175,
            31.764146647267633
          ],
          [
            35.155219777208046,
            31.764025838217563
          ],
          [
            35.15534635634673,
            31.763871846620486
          ],
          [
            35.155506877285625,
            31.76365501928564
          ],
          [
            35.15560971802996,
            31.763514754282994
          ],
          [
            35.15579868234776,
            31.76325702438467
          ],
          [
            35.155933585597325,
            31.763073026474782
          ],
          [
            35.15610340532288,
            31.762844134316715
          ],
          [
            35.15621061118802,
            31.76273013850971
          ],
          [
            35.156315100008214,
            31.762650336841762
          ],
          [
            35.15647920440547,
            31.762564292462393
          ],
          [
            35.156652014874695,
            31.762510755442342
          ],
          [
            35.156860054082905,
            31.76248645475897
          ],
          [
            35.157041348331575,
            31.762495739305294
          ],
          [
            35.15719331355636,
            31.76251213908228
          ],
          [
            35.15742766811396,
            31.762536888678653
          ],
          [
            35.15768966561773,
            31.762538738436803
          ],
          [
            35.15789373130943,
            31.762502201076096
          ],
          [
            35.15806867415441,
            31.762440154906926
          ],
          [
            35.15821306526027,
            31.762362370119167
          ],
          [
            35.158409717874854,
            31.762198877398447
          ],
          [
            35.15852680021041,
            31.762042016698405
          ],
          [
            35.15861536484952,
            31.761828644111887
          ],
          [
            35.15863940606763,
            31.761668037747505
          ],
          [
            35.15863767019608,
            31.761570737942822
          ],
          [
            35.1586230821856,
            31.761468841311483
          ],
          [
            35.15854196183257,
            31.761162930498056
          ],
          [
            35.158487283186986,
            31.760948763077582
          ],
          [
            35.15845930747552,
            31.760771332032814
          ],
          [
            35.158452898660535,
            31.76068102252965
          ],
          [
            35.15845194103608,
            31.760579245326564
          ],
          [
            35.15845976072009,
            31.76045503338194
          ],
          [
            35.158481701401776,
            31.760309236358548
          ],
          [
            35.15853288442369,
            31.760114258726638
          ],
          [
            35.158596799905915,
            31.75993024398213
          ],
          [
            35.158679039364934,
            31.75970272174893
          ],
          [
            35.15877677563708,
            31.759423573460115
          ],
          [
            35.15885423051694,
            31.759127421634613
          ],
          [
            35.15888064501866,
            31.75898721304837
          ],
          [
            35.15890334313338,
            31.75884668386968
          ],
          [
            35.15892655694882,
            31.758691847989105
          ],
          [
            35.15895633694633,
            31.758491905030223
          ],
          [
            35.15897747228682,
            31.75835000807033
          ],
          [
            35.158999224953405,
            31.75820396193215
          ],
          [
            35.15902297373273,
            31.758044515072037
          ],
          [
            35.15906014074,
            31.757794971384886
          ],
          [
            35.15915880034634,
            31.757438390565053
          ],
          [
            35.1592379618206,
            31.757336096196344
          ],
          [
            35.159342474899944,
            31.75723849585711
          ],
          [
            35.159462041459726,
            31.757175271002378
          ],
          [
            35.159633833495015,
            31.75714311409452
          ],
          [
            35.15973683839651,
            31.75712506652553
          ],
          [
            35.15991831739537,
            31.757093269768966
          ],
          [
            35.16012908753184,
            31.757047661271706
          ],
          [
            35.16033666241708,
            31.757019972798894
          ],
          [
            35.160480926065816,
            31.756995658473148
          ],
          [
            35.160570730524725,
            31.75698904377777
          ],
          [
            35.16064498356012,
            31.756993153827548
          ],
          [
            35.16072365212008,
            31.757009883979567
          ],
          [
            35.160786353976626,
            31.757027221858966
          ],
          [
            35.16085373982248,
            31.757056471089513
          ],
          [
            35.16092976564756,
            31.75710445728486
          ],
          [
            35.16102623188942,
            31.757200643252972
          ],
          [
            35.16109510575854,
            31.757323507168454
          ],
          [
            35.161207742100466,
            31.75755456053076
          ],
          [
            35.16131224436428,
            31.75776036926563
          ],
          [
            35.16143158444628,
            31.758013730940753
          ],
          [
            35.16154935321975,
            31.758281467385142
          ],
          [
            35.161717895762386,
            31.758565543281026
          ],
          [
            35.16186809675354,
            31.75875033132196
          ],
          [
            35.16203503561123,
            31.758898209515838
          ],
          [
            35.1621977382744,
            31.759006394953506
          ],
          [
            35.162416888134956,
            31.75911250385947
          ],
          [
            35.16273894585421,
            31.759207709492113
          ],
          [
            35.16301698541806,
            31.759263828421066
          ],
          [
            35.163292185671196,
            31.759334911951566
          ],
          [
            35.16348056509047,
            31.759411896586638
          ],
          [
            35.163627497479865,
            31.759491717478998
          ],
          [
            35.16377204330863,
            31.75959144657998
          ],
          [
            35.16388580747391,
            31.759678504693184
          ],
          [
            35.16403252677172,
            31.75984225259463
          ],
          [
            35.16423124156711,
            31.76005538740409
          ],
          [
            35.164420491353646,
            31.760258557133614
          ],
          [
            35.16447988450037,
            31.760325843562022
          ],
          [
            35.16464081952378,
            31.760482537371686
          ],
          [
            35.16473578849139,
            31.760552697266004
          ],
          [
            35.164851577493245,
            31.760606748497146
          ],
          [
            35.165073608369426,
            31.76069296170325
          ],
          [
            35.1653317364019,
            31.760732691892116
          ],
          [
            35.16550725027494,
            31.760728943574286
          ],
          [
            35.16568005458527,
            31.760702421690723
          ],
          [
            35.165810002754725,
            31.760666426201105
          ],
          [
            35.165993292746144,
            31.760588442367638
          ],
          [
            35.16671109341988,
            31.76008265986865
          ],
          [
            35.166886854306604,
            31.759950473396177
          ],
          [
            35.167030658528944,
            31.759871028027767
          ],
          [
            35.16716529301707,
            31.759823485298973
          ],
          [
            35.16732421309582,
            31.759793865582758
          ],
          [
            35.16749535931206,
            31.75979051096334
          ],
          [
            35.16796852366913,
            31.759878875126972
          ],
          [
            35.168453447343595,
            31.75998940191138
          ],
          [
            35.168633638956294,
            31.76003460007783
          ],
          [
            35.16874046632145,
            31.760054984774083
          ],
          [
            35.16901764521196,
            31.760122812549074
          ],
          [
            35.169154666413164,
            31.76015918691126
          ],
          [
            35.16940675375714,
            31.760244082414115
          ],
          [
            35.16953227339632,
            31.76029390332283
          ],
          [
            35.16963356043102,
            31.760343351325556
          ],
          [
            35.16980401777374,
            31.76043477196331
          ],
          [
            35.16982091096252,
            31.760447698206626
          ],
          [
            35.169975894313026,
            31.76059379599205
          ],
          [
            35.170021380991514,
            31.76065204227892
          ],
          [
            35.17005831666581,
            31.760699355870138
          ],
          [
            35.17015325444228,
            31.760859884742715
          ],
          [
            35.170226793575665,
            31.760983295944076
          ],
          [
            35.170417259077624,
            31.7613029240827
          ],
          [
            35.1704973482218,
            31.7614330222519
          ],
          [
            35.17057745343316,
            31.76157466218852
          ],
          [
            35.170628219290414,
            31.761648655875018
          ],
          [
            35.170755794751386,
            31.761761799180825
          ],
          [
            35.170823503112196,
            31.761804680909208
          ],
          [
            35.170929302359596,
            31.761846678920698
          ],
          [
            35.17099957180641,
            31.76187440752444
          ],
          [
            35.171177010308945,
            31.76193685906865
          ],
          [
            35.17131243915791,
            31.761978808597327
          ],
          [
            35.171433814323784,
            31.762009488482516
          ],
          [
            35.17152980002474,
            31.762029382826242
          ],
          [
            35.171814778953376,
            31.762097094688624
          ],
          [
            35.17200207592047,
            31.762145321003846
          ],
          [
            35.172160076564076,
            31.762183509283616
          ],
          [
            35.172251810049055,
            31.762211758500573
          ],
          [
            35.17254291851893,
            31.762055598934285
          ],
          [
            35.17272544225084,
            31.76193187356815
          ],
          [
            35.17287203270317,
            31.761832505974674
          ],
          [
            35.17306174248396,
            31.76171900342118
          ],
          [
            35.17328014082568,
            31.761613858707744
          ],
          [
            35.1736147365807,
            31.761507392695297
          ],
          [
            35.173885268872446,
            31.761425609252882
          ],
          [
            35.17411503904661,
            31.761368939121475
          ],
          [
            35.17421436089153,
            31.761344525481153
          ],
          [
            35.17437317695699,
            31.7613177747431
          ],
          [
            35.17453110504376,
            31.76131776241056
          ],
          [
            35.1746363534078,
            31.76132348860533
          ],
          [
            35.17479986669202,
            31.76133240191099
          ],
          [
            35.17494616230033,
            31.761340377601616
          ],
          [
            35.17516835329009,
            31.761352489358188
          ],
          [
            35.17538138946627,
            31.76137856100347
          ],
          [
            35.175614281040055,
            31.761392788354488
          ],
          [
            35.175686155173985,
            31.761406053649775
          ],
          [
            35.175764640462376,
            31.76143552565549
          ],
          [
            35.17585554692927,
            31.76149747495604
          ],
          [
            35.175930456439914,
            31.761553521632532
          ],
          [
            35.17601770880564,
            31.761660343113057
          ],
          [
            35.17610093596547,
            31.761762235951743
          ],
          [
            35.17627165744707,
            31.761871907639357
          ],
          [
            35.176373854024234,
            31.76190861641975
          ],
          [
            35.176459896773274,
            31.76192711871668
          ],
          [
            35.176548068449556,
            31.76193558929616
          ],
          [
            35.176622019374506,
            31.761934868702124
          ],
          [
            35.17670268394109,
            31.761925915683843
          ],
          [
            35.17677439620843,
            31.761910470084917
          ],
          [
            35.17685038831429,
            31.761885681356254
          ],
          [
            35.1769159011859,
            31.76185636395081
          ],
          [
            35.17710319353167,
            31.761737826164698
          ],
          [
            35.17726821987682,
            31.761625974130837
          ],
          [
            35.17742831168576,
            31.761505054580894
          ],
          [
            35.17780568644528,
            31.761208119612828
          ],
          [
            35.178409239005596,
            31.76069056291535
          ],
          [
            35.17868623585487,
            31.760416158041412
          ],
          [
            35.17883128802348,
            31.760252049683807
          ],
          [
            35.179099072035136,
            31.759957451516637
          ],
          [
            35.180876178992854,
            31.758320372000934
          ],
          [
            35.180879783328976,
            31.758317098969464
          ],
          [
            35.180880720836356,
            31.758316247800977
          ],
          [
            35.18169494897868,
            31.7575771514102
          ],
          [
            35.18214924602955,
            31.75714917711882
          ],
          [
            35.18226029294063,
            31.75697978750535
          ],
          [
            35.18228776909254,
            31.756751949928717
          ],
          [
            35.18222757095739,
            31.756599294757024
          ],
          [
            35.182121451172584,
            31.7564762039238
          ],
          [
            35.18193291213225,
            31.7562871851933
          ],
          [
            35.18178440779032,
            31.756126248698724
          ],
          [
            35.18157589293057,
            31.755847863734438
          ],
          [
            35.181408805344894,
            31.75554977338339
          ],
          [
            35.18127097864829,
            31.755226376925187
          ],
          [
            35.181035628120334,
            31.75470838902961
          ],
          [
            35.18053707353024,
            31.753768679580435
          ],
          [
            35.17880544198689,
            31.751249071300613
          ],
          [
            35.17883637048589,
            31.751041710491652
          ],
          [
            35.17899572362886,
            31.750850292149792
          ],
          [
            35.17932639808505,
            31.750519693992718
          ],
          [
            35.179752773971174,
            31.75021784463418
          ],
          [
            35.18019261503019,
            31.75000953958023
          ],
          [
            35.18051906798303,
            31.74985493201668
          ],
          [
            35.180929946973066,
            31.74966033874574
          ],
          [
            35.181617558051016,
            31.749372967057294
          ],
          [
            35.182208334728905,
            31.749107908069853
          ],
          [
            35.1828329544374,
            31.74891658531287
          ],
          [
            35.183301900311164,
            31.74879422046313
          ],
          [
            35.18359252465273,
            31.74876173889006
          ],
          [
            35.183962782099854,
            31.74890479693547
          ],
          [
            35.184457805391254,
            31.749120073679233
          ],
          [
            35.18470066182644,
            31.74924081038349
          ],
          [
            35.18488448639407,
            31.74934368728239
          ],
          [
            35.18496688857615,
            31.74941765231279
          ],
          [
            35.18502165257128,
            31.749503374051034
          ],
          [
            35.1850810475904,
            31.74963557947097
          ],
          [
            35.185151955773186,
            31.749851241729083
          ],
          [
            35.18511534535993,
            31.749974075837194
          ],
          [
            35.185100195466795,
            31.750052285306992
          ],
          [
            35.18505484888446,
            31.750383642210164
          ],
          [
            35.18505218431521,
            31.75059379738521
          ],
          [
            35.185071369227934,
            31.750803317381894
          ],
          [
            35.18511226796084,
            31.75101056802336
          ],
          [
            35.18517453798867,
            31.75121388262399
          ],
          [
            35.18525769849709,
            31.75141167022254
          ],
          [
            35.18536109133614,
            31.75160237138661
          ],
          [
            35.185483901068146,
            31.75178446182487
          ],
          [
            35.185625154951516,
            31.75195651191071
          ],
          [
            35.185783733496,
            31.752117168648972
          ],
          [
            35.186103304701675,
            31.752413158016918
          ],
          [
            35.186234050104424,
            31.75251245933629
          ],
          [
            35.18637434105819,
            31.752601740559967
          ],
          [
            35.1865231348921,
            31.752680352179972
          ],
          [
            35.18667931186582,
            31.752747687969322
          ],
          [
            35.186841706821475,
            31.752803249920245
          ],
          [
            35.18700911341336,
            31.75284661577932
          ],
          [
            35.18718027460266,
            31.75287748233553
          ],
          [
            35.187353921723385,
            31.752895600493407
          ],
          [
            35.18752874386284,
            31.752900851024336
          ],
          [
            35.18859876949517,
            31.752893420896786
          ],
          [
            35.18869008049731,
            31.7528927865492
          ],
          [
            35.18904619104416,
            31.752843513705997
          ],
          [
            35.18955950303223,
            31.752731273451122
          ],
          [
            35.190416444756394,
            31.75247457123988
          ],
          [
            35.190711269116235,
            31.752386252314043
          ],
          [
            35.19169431023889,
            31.752038130384754
          ],
          [
            35.1917748267947,
            31.752011710745975
          ],
          [
            35.1918577784032,
            31.751991524862607
          ],
          [
            35.19194250541002,
            31.751977734997286
          ],
          [
            35.19202833550751,
            31.751970427657916
          ],
          [
            35.192114577391244,
            31.751969689352272
          ],
          [
            35.19333518160863,
            31.75200568318539
          ],
          [
            35.19688736451763,
            31.75211036300801
          ],
          [
            35.19709078058315,
            31.752103784329915
          ],
          [
            35.197292675891866,
            31.75208158886332
          ],
          [
            35.19749140912664,
            31.75204393885721
          ],
          [
            35.197685374849165,
            31.751991169726992
          ],
          [
            35.19867520211192,
            31.751602734937165
          ],
          [
            35.19949887133218,
            31.75335033510908
          ],
          [
            35.19952731149816,
            31.753410007803023
          ],
          [
            35.19964087441425,
            31.753622591849975
          ],
          [
            35.1996528628114,
            31.753652594035255
          ],
          [
            35.19966156595967,
            31.75371583454791
          ],
          [
            35.19966414708316,
            31.7538067615128
          ],
          [
            35.199658704408535,
            31.753901757301833
          ],
          [
            35.199636596046304,
            31.75399635473768
          ],
          [
            35.19958578227633,
            31.75419080439753
          ],
          [
            35.199457558767676,
            31.754554948706506
          ],
          [
            35.199372116044984,
            31.754758342297993
          ],
          [
            35.19928869234266,
            31.75491919401478
          ],
          [
            35.19918641741223,
            31.755083930039365
          ],
          [
            35.19911028944089,
            31.75519274089752
          ],
          [
            35.199020984059466,
            31.755313351798776
          ],
          [
            35.198932532395126,
            31.755432811014924
          ],
          [
            35.19882030534637,
            31.75554395137898
          ],
          [
            35.19872702166712,
            31.755673299877362
          ],
          [
            35.198660597029686,
            31.755760937352555
          ],
          [
            35.19866888695574,
            31.75589216086108
          ],
          [
            35.19869849204907,
            31.755977792509395
          ],
          [
            35.198753863832856,
            31.756043179773663
          ],
          [
            35.198840981249724,
            31.756094634006715
          ],
          [
            35.19918343521681,
            31.75623377750617
          ],
          [
            35.19938471898564,
            31.756315125077585
          ],
          [
            35.19956992959384,
            31.75636747284566
          ],
          [
            35.19977457171182,
            31.75640313421056
          ],
          [
            35.199923768180994,
            31.756418113928994
          ],
          [
            35.20007205579724,
            31.75641366316692
          ],
          [
            35.200269014987114,
            31.756387297200465
          ],
          [
            35.200390488856584,
            31.756361608499006
          ],
          [
            35.20049142483363,
            31.7563402632271
          ],
          [
            35.20062982389767,
            31.756274698803278
          ],
          [
            35.200941142914566,
            31.75609437026017
          ],
          [
            35.20123433513815,
            31.75593872311315
          ],
          [
            35.201644825222246,
            31.75567191732598
          ],
          [
            35.20211540075443,
            31.75542009913433
          ],
          [
            35.20231863221592,
            31.755342448430465
          ],
          [
            35.20250610131837,
            31.75529421267297
          ],
          [
            35.20263933635622,
            31.755270391535348
          ],
          [
            35.20289201500652,
            31.75524632563356
          ],
          [
            35.203255403971454,
            31.755238269949675
          ],
          [
            35.20349246507953,
            31.75526142788086
          ],
          [
            35.20371876028855,
            31.75530630627089
          ],
          [
            35.20392150686153,
            31.755377131169084
          ],
          [
            35.204111061253684,
            31.755471307206975
          ],
          [
            35.204217232377395,
            31.755543976465884
          ],
          [
            35.204414248514716,
            31.75569743763307
          ],
          [
            35.204534319747744,
            31.75582361858066
          ],
          [
            35.2049544624522,
            31.756167122913947
          ],
          [
            35.20538140485852,
            31.75654449192119
          ],
          [
            35.20585251635504,
            31.756968304991815
          ],
          [
            35.20657278308599,
            31.757664980432853
          ],
          [
            35.20720992066138,
            31.75822789444216
          ],
          [
            35.207472407721696,
            31.75844022641856
          ],
          [
            35.2078230778198,
            31.758686759893912
          ],
          [
            35.208168839335826,
            31.758847926522808
          ],
          [
            35.2084739620852,
            31.758972690475087
          ],
          [
            35.208745237765626,
            31.759060417822123
          ],
          [
            35.20930826940306,
            31.759186600377
          ],
          [
            35.21006965146823,
            31.759276320250073
          ],
          [
            35.210868191329745,
            31.75934935228531
          ],
          [
            35.21155047344057,
            31.759411747614323
          ],
          [
            35.212197552621525,
            31.759421757710758
          ],
          [
            35.21265612233391,
            31.759359951008545
          ],
          [
            35.21343703839436,
            31.75920861230989
          ],
          [
            35.213968478863926,
            31.759102402404626
          ],
          [
            35.214170782089546,
            31.75906888096251
          ],
          [
            35.21424024115284,
            31.759066415445375
          ],
          [
            35.21432568969637,
            31.759078892243807
          ],
          [
            35.21467315352927,
            31.759198721214787
          ],
          [
            35.214975965362726,
            31.759316742003097
          ],
          [
            35.21503394582229,
            31.75933299119472
          ],
          [
            35.21508530059392,
            31.759347384009445
          ],
          [
            35.215144925436675,
            31.75935303993482
          ],
          [
            35.21518068935512,
            31.75935079405621
          ],
          [
            35.21521828596721,
            31.759342096209732
          ],
          [
            35.21525664941271,
            31.75932887553143
          ],
          [
            35.215289299131726,
            31.75931401937672
          ],
          [
            35.215317912419096,
            31.759298164310884
          ],
          [
            35.21534712277662,
            31.759270292094133
          ],
          [
            35.215388915898785,
            31.759214869215384
          ],
          [
            35.21542710497292,
            31.759146515967497
          ],
          [
            35.21543882631281,
            31.759100032032002
          ],
          [
            35.21543209585797,
            31.759068966729696
          ],
          [
            35.21541773557035,
            31.75901505742608
          ],
          [
            35.21540492184381,
            31.758962980538726
          ],
          [
            35.21539274825812,
            31.758924074150087
          ],
          [
            35.21520007555318,
            31.75816989846623
          ],
          [
            35.21517709024754,
            31.758072570482355
          ],
          [
            35.21513464612557,
            31.7579788298551
          ],
          [
            35.21509903963924,
            31.757912930430482
          ],
          [
            35.21505433817705,
            31.757821200176064
          ],
          [
            35.215028705333374,
            31.757746762129763
          ],
          [
            35.21498597765812,
            31.757559937445073
          ],
          [
            35.21488342621495,
            31.757075357842798
          ],
          [
            35.214746690828434,
            31.756400158566827
          ],
          [
            35.21467832016179,
            31.756038182847764
          ],
          [
            35.21456548516676,
            31.75520038118535
          ],
          [
            35.21451592675918,
            31.75501618298283
          ],
          [
            35.214488580329274,
            31.754876063463186
          ],
          [
            35.2143210908473,
            31.754092270965646
          ],
          [
            35.213838845277714,
            31.751368825087408
          ],
          [
            35.21379893272844,
            31.751237468601538
          ],
          [
            35.213945308009194,
            31.75107208800447
          ],
          [
            35.21418614942159,
            31.750976623896513
          ],
          [
            35.214793504794315,
            31.750887096918948
          ],
          [
            35.21528217917354,
            31.750800558633095
          ],
          [
            35.215561422178055,
            31.750758777421026
          ],
          [
            35.217037914452256,
            31.75053792288034
          ],
          [
            35.21771507509169,
            31.750442408474346
          ],
          [
            35.21820723073029,
            31.75032901513063
          ],
          [
            35.21875523507652,
            31.7502185960639
          ],
          [
            35.21897966910337,
            31.750169724953018
          ],
          [
            35.21876833392192,
            31.74960584998415
          ],
          [
            35.218647157685446,
            31.74929684828612
          ],
          [
            35.21848515535318,
            31.74897562279415
          ],
          [
            35.218336398385844,
            31.748676064326265
          ],
          [
            35.21819496355828,
            31.748404577585
          ],
          [
            35.21759970759046,
            31.747262046454644
          ],
          [
            35.21739892400632,
            31.74687932016397
          ],
          [
            35.217080383066715,
            31.746259210976167
          ],
          [
            35.21648162770439,
            31.745093578258786
          ],
          [
            35.216419004743166,
            31.744985298367908
          ],
          [
            35.21634513884393,
            31.744882321451133
          ],
          [
            35.21626064857569,
            31.74478549246355
          ],
          [
            35.21618188642832,
            31.744709827457182
          ],
          [
            35.21592945198098,
            31.74446731819848
          ],
          [
            35.21564319380632,
            31.744180003980794
          ],
          [
            35.21537176694805,
            31.74388235266792
          ],
          [
            35.215115699087605,
            31.743574916240245
          ],
          [
            35.21491344592414,
            31.743307968778893
          ],
          [
            35.21439270100827,
            31.742620643299094
          ],
          [
            35.21423480982759,
            31.742397318175556
          ],
          [
            35.21409345763769,
            31.74216603730642
          ],
          [
            35.21396918476875,
            31.741927709768692
          ],
          [
            35.21367202164663,
            31.74137799727676
          ],
          [
            35.21360523158224,
            31.74125728065309
          ],
          [
            35.213535959693296,
            31.7411375814526
          ],
          [
            35.21346421126988,
            31.741018964603978
          ],
          [
            35.21251833147432,
            31.73958710241008
          ],
          [
            35.212257213024785,
            31.73916424177104
          ],
          [
            35.21119145896561,
            31.737411615080227
          ]
        ]
      }
    },
    {
      "type": "Feature",
      "properties": {
        "type": "Light Rail",
        "network": "JNET",
        "route_name": "Pink Line",
        "color": "#FFC0CB"
      },
      "geometry": {
        "type": "LineString",
        "coordinates": [
          [
            35.2346683495386,
            31.74958771135503
          ],
          [
            35.234738090857185,
            31.749372942511886
          ],
          [
            35.23487750245576,
            31.74872865055936
          ],
          [
            35.23511468878258,
            31.748215573559566
          ],
          [
            35.235617057688096,
            31.74742802475594
          ],
          [
            35.23593794792059,
            31.746735964873107
          ],
          [
            35.23609135733222,
            31.746234837068393
          ],
          [
            35.23607727039462,
            31.745864988387854
          ],
          [
            35.235797712436295,
            31.744898668994487
          ],
          [
            35.235602067755345,
            31.744349904660453
          ],
          [
            35.23490370805989,
            31.743467199258994
          ],
          [
            35.23412161487588,
            31.742644163921177
          ],
          [
            35.233870147779314,
            31.742119269877676
          ],
          [
            35.23366069027419,
            31.741988080114638
          ],
          [
            35.23303243096208,
            31.7419524305917
          ],
          [
            35.23117559336312,
            31.7418931788892
          ],
          [
            35.22738095528278,
            31.741798469967087
          ],
          [
            35.22669682788175,
            31.7416434919244
          ],
          [
            35.225677600565234,
            31.741321535882648
          ],
          [
            35.22457460874753,
            31.740975722879053
          ],
          [
            35.22334602397918,
            31.740856603003945
          ],
          [
            35.22225712627071,
            31.741131165501
          ],
          [
            35.22133579022113,
            31.741608519633598
          ],
          [
            35.22049825717501,
            31.742348332262804
          ],
          [
            35.219842188627254,
            31.742980740886086
          ],
          [
            35.219283828619,
            31.743541550609184
          ],
          [
            35.21859977949808,
            31.743899549816813
          ],
          [
            35.21788777936382,
            31.744102449383245
          ],
          [
            35.217161814911144,
            31.744305345450268
          ],
          [
            35.21660338121697,
            31.74448436050848
          ],
          [
            35.21618188642832,
            31.744709827457182
          ],
          [
            35.21626064857569,
            31.74478549246355
          ],
          [
            35.21634513884393,
            31.744882321451133
          ],
          [
            35.216419004743166,
            31.744985298367908
          ],
          [
            35.21648162770439,
            31.745093578258786
          ],
          [
            35.217080383066715,
            31.746259210976167
          ],
          [
            35.21739892400632,
            31.74687932016397
          ],
          [
            35.21759970759046,
            31.747262046454644
          ],
          [
            35.21819496355828,
            31.748404577585
          ],
          [
            35.218336398385844,
            31.748676064326265
          ],
          [
            35.21848515535318,
            31.74897562279415
          ],
          [
            35.218647157685446,
            31.74929684828612
          ],
          [
            35.21876833392192,
            31.74960584998415
          ],
          [
            35.21897966910337,
            31.750169724953018
          ],
          [
            35.21875523507652,
            31.7502185960639
          ],
          [
            35.21820723073029,
            31.75032901513063
          ],
          [
            35.21771507509169,
            31.750442408474346
          ],
          [
            35.217037914452256,
            31.75053792288034
          ],
          [
            35.215561422178055,
            31.750758777421026
          ],
          [
            35.21528217917354,
            31.750800558633095
          ],
          [
            35.214793504794315,
            31.750887096918948
          ],
          [
            35.21418614942159,
            31.750976623896513
          ],
          [
            35.21335881180573,
            31.750946686760923
          ],
          [
            35.21279783803593,
            31.75090058957357
          ],
          [
            35.212100727944986,
            31.750829433962743
          ],
          [
            35.2113940562186,
            31.750764768351296
          ],
          [
            35.21106445567897,
            31.75077133312218
          ],
          [
            35.21084030640209,
            31.750806440716246
          ],
          [
            35.21067835370865,
            31.750851577068293
          ],
          [
            35.210472983097404,
            31.750933813623963
          ],
          [
            35.210330988168245,
            31.751014044871614
          ],
          [
            35.21015260756057,
            31.751135390968443
          ],
          [
            35.20996601989708,
            31.751317914845355
          ],
          [
            35.20976535177643,
            31.75160772903071
          ],
          [
            35.209609280118684,
            31.751864458668607
          ],
          [
            35.20945789794503,
            31.752081070174494
          ],
          [
            35.20924901326318,
            31.75231071352244
          ],
          [
            35.209041295678176,
            31.752470174772178
          ],
          [
            35.208844134451475,
            31.75259553469643
          ],
          [
            35.20857421302811,
            31.75273392653067
          ],
          [
            35.208344193734035,
            31.75281315185351
          ],
          [
            35.20819749221382,
            31.752843241778162
          ],
          [
            35.20804023122315,
            31.752827207783703
          ],
          [
            35.20796042356271,
            31.752795111441152
          ],
          [
            35.207879441505725,
            31.752740970340813
          ],
          [
            35.20772569451021,
            31.752577516408046
          ],
          [
            35.207552882383105,
            31.75244073305243
          ],
          [
            35.207223568275886,
            31.752058021090175
          ],
          [
            35.207047767488625,
            31.751870866256052
          ],
          [
            35.20685407499286,
            31.751697066050156
          ],
          [
            35.20664388611426,
            31.75153788746345
          ],
          [
            35.20641870062685,
            31.751394464916288
          ],
          [
            35.2061801248652,
            31.75126781649434
          ],
          [
            35.20592987383742,
            31.751158861988202
          ],
          [
            35.20566974484147,
            31.75106838050937
          ],
          [
            35.20540159002807,
            31.750997010492952
          ],
          [
            35.205127337514135,
            31.750945271343458
          ],
          [
            35.20484894178279,
            31.750913520148256
          ],
          [
            35.2045684058535,
            31.750902005789477
          ],
          [
            35.20428773168313,
            31.750910793189696
          ],
          [
            35.204008938114875,
            31.75093982824514
          ],
          [
            35.20373401339077,
            31.750988894536853
          ],
          [
            35.20346492571197,
            31.75105765661868
          ],
          [
            35.20194158166699,
            31.751617496928912
          ],
          [
            35.20166453096326,
            31.751783275714818
          ],
          [
            35.201406871639975,
            31.75195529875546
          ],
          [
            35.20108880398521,
            31.752225541586707
          ],
          [
            35.20082726285708,
            31.752496824189137
          ],
          [
            35.20063193949559,
            31.752701519532554
          ],
          [
            35.20009101507492,
            31.753339055112722
          ],
          [
            35.199658704408535,
            31.753901757301833
          ],
          [
            35.199636596046304,
            31.75399635473768
          ],
          [
            35.19958578227633,
            31.75419080439753
          ],
          [
            35.199457558767676,
            31.754554948706506
          ],
          [
            35.199372116044984,
            31.754758342297993
          ],
          [
            35.19928869234266,
            31.75491919401478
          ],
          [
            35.19918641741223,
            31.755083930039365
          ],
          [
            35.19911028944089,
            31.75519274089752
          ],
          [
            35.199020984059466,
            31.755313351798776
          ],
          [
            35.198932532395126,
            31.755432811014924
          ],
          [
            35.19882030534637,
            31.75554395137898
          ],
          [
            35.19872702166712,
            31.755673299877362
          ],
          [
            35.198660597029686,
            31.755760937352555
          ],
          [
            35.19845056263169,
            31.75604235403228
          ],
          [
            35.19810143049325,
            31.756512968029565
          ],
          [
            35.19762383484001,
            31.75715673579611
          ],
          [
            35.19757460665832,
            31.75722613738626
          ],
          [
            35.19753308813835,
            31.757304410838238
          ],
          [
            35.19750742333664,
            31.757393808516884
          ],
          [
            35.19749907327377,
            31.757478035959362
          ],
          [
            35.197502766121445,
            31.75752455517986
          ],
          [
            35.197511372269965,
            31.757571780815493
          ],
          [
            35.19753214374401,
            31.75763808476628
          ],
          [
            35.19757425959365,
            31.757718480318328
          ],
          [
            35.19762974207585,
            31.75778893102216
          ],
          [
            35.19768526919799,
            31.757841950826137
          ],
          [
            35.19786966122506,
            31.75799044860192
          ],
          [
            35.19819636317117,
            31.758252377496124
          ],
          [
            35.198429945229854,
            31.75843964813545
          ],
          [
            35.19865266439833,
            31.758618206913212
          ],
          [
            35.199174229789726,
            31.759036413923
          ],
          [
            35.19931886156084,
            31.759155673670037
          ],
          [
            35.199528623470584,
            31.759353078040153
          ],
          [
            35.19955867549042,
            31.75938673789749
          ],
          [
            35.19966787267971,
            31.75951956322389
          ],
          [
            35.199741986834375,
            31.759629251195978
          ],
          [
            35.19979156683628,
            31.7597127396001
          ],
          [
            35.19985538995574,
            31.759842796205703
          ],
          [
            35.19989232991721,
            31.75993290004402
          ],
          [
            35.19994047663638,
            31.76008426574156
          ],
          [
            35.199962535639465,
            31.760180243642658
          ],
          [
            35.19997489140103,
            31.760250462680414
          ],
          [
            35.1999857318346,
            31.76033422828413
          ],
          [
            35.19999165113571,
            31.76042338855106
          ],
          [
            35.199994365742405,
            31.760601590615018
          ],
          [
            35.199943031093845,
            31.761306006734895
          ],
          [
            35.19989801540619,
            31.761964658845404
          ],
          [
            35.19986182349107,
            31.7622657259504
          ],
          [
            35.19982310033389,
            31.762437030936773
          ],
          [
            35.199788858330265,
            31.76255780388192
          ],
          [
            35.19974569755294,
            31.762684021823183
          ],
          [
            35.19967608694204,
            31.76286183060233
          ],
          [
            35.19957571614752,
            31.763095409154953
          ],
          [
            35.19933743797225,
            31.763584158255046
          ],
          [
            35.199076226609876,
            31.763990605322274
          ],
          [
            35.198877157047406,
            31.764272689270943
          ],
          [
            35.19871145112947,
            31.764485260212624
          ],
          [
            35.19855237710528,
            31.764674521256627
          ],
          [
            35.198437303286944,
            31.7647998091304
          ],
          [
            35.1982886063878,
            31.764961702945758
          ],
          [
            35.19773373650678,
            31.765530750426336
          ],
          [
            35.197590850448734,
            31.76567724471815
          ],
          [
            35.19758307436688,
            31.765685217504803
          ],
          [
            35.19728215702682,
            31.766008666329864
          ],
          [
            35.19647197469118,
            31.76701221302293
          ],
          [
            35.19617414299513,
            31.767384832430555
          ],
          [
            35.19597905456503,
            31.767671335506304
          ],
          [
            35.19587514718754,
            31.76785420001405
          ],
          [
            35.19579176267667,
            31.76804891246768
          ],
          [
            35.195728086955405,
            31.768225043717877
          ],
          [
            35.19566078140201,
            31.768471455411927
          ],
          [
            35.19564491900214,
            31.768555228435613
          ],
          [
            35.19562534749371,
            31.768679108019445
          ],
          [
            35.1956042178357,
            31.768935043651105
          ],
          [
            35.19560733217515,
            31.769174929942515
          ],
          [
            35.19562668109262,
            31.769359962682408
          ],
          [
            35.19565440737349,
            31.769525328578208
          ],
          [
            35.19581062575482,
            31.77008680229209
          ],
          [
            35.19605120247278,
            31.770895890800798
          ],
          [
            35.19612174913011,
            31.771133829879098
          ],
          [
            35.19616120875403,
            31.771294345372606
          ],
          [
            35.196174220480856,
            31.771368052129773
          ],
          [
            35.196185754303315,
            31.771465376277632
          ],
          [
            35.19619084793487,
            31.771664797753868
          ],
          [
            35.19615723957147,
            31.77215040421836
          ],
          [
            35.196122277655704,
            31.772634139221786
          ],
          [
            35.19609977106684,
            31.77294553537071
          ],
          [
            35.19608253032287,
            31.773184080914632
          ],
          [
            35.19604773057766,
            31.773547839059525
          ],
          [
            35.196033439554874,
            31.773863117232832
          ],
          [
            35.19600996085784,
            31.77409681580944
          ],
          [
            35.19599526218088,
            31.774192699737565
          ],
          [
            35.19597403085563,
            31.774288718501097
          ],
          [
            35.195954194634915,
            31.774378426252333
          ],
          [
            35.19590124338199,
            31.77455997550779
          ],
          [
            35.195862989876744,
            31.774689979066935
          ],
          [
            35.19582039915373,
            31.774823340780983
          ],
          [
            35.19579158803792,
            31.774892232437175
          ],
          [
            35.19563052879962,
            31.775379328584762
          ],
          [
            35.19550721178635,
            31.77575474649505
          ],
          [
            35.19544787780527,
            31.775972557288824
          ],
          [
            35.19541806680998,
            31.776111732130634
          ],
          [
            35.19537740456736,
            31.77639611196826
          ],
          [
            35.19536339931373,
            31.776740781917283
          ],
          [
            35.1953586338596,
            31.77716880175659
          ],
          [
            35.19536388507799,
            31.777393343938076
          ],
          [
            35.195387455336686,
            31.777789463069666
          ],
          [
            35.19540143197912,
            31.778092434631006
          ],
          [
            35.1954274258527,
            31.778258166373515
          ],
          [
            35.19543241853101,
            31.77827863946742
          ],
          [
            35.19547602835463,
            31.778435336885785
          ],
          [
            35.19551124700902,
            31.77852985252297
          ],
          [
            35.195556428293294,
            31.778629000715636
          ],
          [
            35.19565772633485,
            31.778807036104745
          ],
          [
            35.1957875537626,
            31.77895492926838
          ],
          [
            35.19597844037084,
            31.77915082518733
          ],
          [
            35.196093539320444,
            31.779237138311412
          ],
          [
            35.19622079060845,
            31.77931804918203
          ],
          [
            35.19637255548912,
            31.779399269924717
          ],
          [
            35.19652075648659,
            31.77946754881738
          ],
          [
            35.19683858513503,
            31.779609432758505
          ],
          [
            35.19698863763688,
            31.779676525292878
          ],
          [
            35.197133646154924,
            31.77974136275052
          ],
          [
            35.19729000879129,
            31.779842312275377
          ],
          [
            35.197329489668476,
            31.779883780338025
          ],
          [
            35.197369120809356,
            31.779934925169364
          ],
          [
            35.19738985203928,
            31.779997824451893
          ],
          [
            35.19741297930498,
            31.780067995422083
          ],
          [
            35.197447791173126,
            31.78018686744525
          ],
          [
            35.19748040138891,
            31.780298223377955
          ],
          [
            35.197522774521765,
            31.7803783769817
          ],
          [
            35.19756996019046,
            31.780440242365223
          ],
          [
            35.197886547843645,
            31.780791054390264
          ],
          [
            35.19821217777718,
            31.781151359753977
          ],
          [
            35.19857692209065,
            31.781565148062633
          ],
          [
            35.19874860634976,
            31.781804905373836
          ],
          [
            35.198982291251475,
            31.782163996044964
          ],
          [
            35.199284783962916,
            31.78260557432243
          ],
          [
            35.19946871686819,
            31.782866869827124
          ],
          [
            35.19960960737776,
            31.783067017593954
          ],
          [
            35.20001183748546,
            31.783615151448977
          ],
          [
            35.20037509646181,
            31.78406648439835
          ],
          [
            35.2006564128426,
            31.784537882514332
          ],
          [
            35.20082192177474,
            31.785552654507025
          ],
          [
            35.2008346106712,
            31.78563044956517
          ],
          [
            35.20044843540452,
            31.785805307669925
          ],
          [
            35.199753081168126,
            31.786207846839016
          ],
          [
            35.19925323656068,
            31.78652966745773
          ],
          [
            35.19900459414347,
            31.786691671916515
          ],
          [
            35.19888283649965,
            31.78676720124887
          ],
          [
            35.19876050476289,
            31.786852062696592
          ],
          [
            35.198564708664115,
            31.786958597281593
          ],
          [
            35.19840687600346,
            31.787044475803892
          ],
          [
            35.198240399361524,
            31.787108309986074
          ],
          [
            35.19792651730834,
            31.787216249092726
          ],
          [
            35.19723946498299,
            31.787440948831314
          ],
          [
            35.19699639496518,
            31.78750740404769
          ],
          [
            35.19677603527012,
            31.7875539583399
          ],
          [
            35.19658153656244,
            31.787582235337695
          ],
          [
            35.196208098486636,
            31.787629601494963
          ],
          [
            35.19619347292148,
            31.78763023904374
          ],
          [
            35.195765105945405,
            31.78764897584521
          ],
          [
            35.19537891038474,
            31.787676112188283
          ],
          [
            35.195263961171335,
            31.78767368334472
          ],
          [
            35.19518401137186,
            31.787677998233658
          ],
          [
            35.1950979767711,
            31.78768210970809
          ],
          [
            35.19499685118051,
            31.78768465169448
          ],
          [
            35.19394621347751,
            31.78767915776498
          ],
          [
            35.19293686612846,
            31.787661223434185
          ],
          [
            35.19259919058705,
            31.787657805864033
          ],
          [
            35.19215270444501,
            31.78765332352902
          ],
          [
            35.19156996436224,
            31.787647416269937
          ],
          [
            35.19090654299096,
            31.787629331000716
          ],
          [
            35.19040302334463,
            31.78762728492256
          ],
          [
            35.18894305703797,
            31.787635095135812
          ],
          [
            35.18802496175746,
            31.78766116722163
          ],
          [
            35.18668219971596,
            31.78766208017652
          ],
          [
            35.18551278252771,
            31.787662864272708
          ],
          [
            35.18447958788692,
            31.787687955652828
          ],
          [
            35.18367739620878,
            31.787613705438876
          ],
          [
            35.18299234593382,
            31.787530477762083
          ],
          [
            35.18227759263435,
            31.787435440617188
          ],
          [
            35.18153671398035,
            31.787366490438234
          ],
          [
            35.18110223418613,
            31.78733875180712
          ],
          [
            35.18080355155402,
            31.78736323745329
          ],
          [
            35.180542283894354,
            31.78739825213685
          ],
          [
            35.18037058327627,
            31.78743966833794
          ],
          [
            35.18022878729272,
            31.78749222595515
          ]
        ]
      }
    },
    {
      "type": "Feature",
      "properties": {
        "type": "Light Rail",
        "network": "JNET",
        "route_name": "Brown Line",
        "color": "#783F04"
      },
      "geometry": {
        "type": "LineString",
        "coordinates": [
          [
            35.23401813027893,
            31.783394305119344
          ],
          [
            35.233936803777894,
            31.783348110832083
          ],
          [
            35.233844012819404,
            31.783329639057577
          ],
          [
            35.23376050268935,
            31.78331909047404
          ],
          [
            35.233711013353066,
            31.783308534943195
          ],
          [
            35.23360275228385,
            31.78327421485729
          ],
          [
            35.23345427726194,
            31.78321612765426
          ],
          [
            35.233045954469134,
            31.782999586447836
          ],
          [
            35.23259639983268,
            31.782915701397656
          ],
          [
            35.23225105279444,
            31.78286238440251
          ],
          [
            35.23169259101488,
            31.782760437891802
          ],
          [
            35.231320327675284,
            31.782695586843065
          ],
          [
            35.23094861408597,
            31.782624097933496
          ],
          [
            35.23066122568869,
            31.782482291141978
          ],
          [
            35.22963607755225,
            31.781871676904178
          ],
          [
            35.2292880166587,
            31.78176383151309
          ],
          [
            35.22902445902212,
            31.781701887146728
          ],
          [
            35.22885106296952,
            31.78170174724223
          ],
          [
            35.22867412571486,
            31.781753872249876
          ],
          [
            35.22847673618086,
            31.78189757935416
          ],
          [
            35.22814272582162,
            31.782147233861153
          ],
          [
            35.22789279612659,
            31.782510318436152
          ],
          [
            35.22787127446421,
            31.78254158474994
          ],
          [
            35.22784374968024,
            31.782581570269617
          ],
          [
            35.22777330385691,
            31.782683910694608
          ],
          [
            35.22765687642107,
            31.782858834300583
          ],
          [
            35.22753856503328,
            31.783042333754285
          ],
          [
            35.227419748355985,
            31.783216639803804
          ],
          [
            35.22737196407197,
            31.783352973568263
          ],
          [
            35.22734792516076,
            31.783470712481616
          ],
          [
            35.22733814770984,
            31.783712477387216
          ],
          [
            35.22733543554579,
            31.783738992935348
          ],
          [
            35.2273134358902,
            31.78395407901814
          ],
          [
            35.22739779047128,
            31.7843675359586
          ],
          [
            35.2274754683689,
            31.78481741581233
          ],
          [
            35.227467755626336,
            31.785047993856193
          ],
          [
            35.22742893123381,
            31.785330207043064
          ],
          [
            35.22732349905874,
            31.78578358821825
          ],
          [
            35.22725526897567,
            31.78608625494484
          ],
          [
            35.227022885517165,
            31.787180630717533
          ],
          [
            35.22699834851304,
            31.78731408778106
          ],
          [
            35.226957466118265,
            31.787487382966365
          ],
          [
            35.22692686223499,
            31.787617111963502
          ],
          [
            35.226797865718275,
            31.788153246061274
          ],
          [
            35.226702507079885,
            31.788649134862194
          ],
          [
            35.22662066727056,
            31.789067829894233
          ],
          [
            35.226600464784745,
            31.789655332561455
          ],
          [
            35.2266239613242,
            31.789901044173234
          ],
          [
            35.2266188206726,
            31.7901333413467
          ],
          [
            35.226495582923214,
            31.791887796345012
          ],
          [
            35.22646184996547,
            31.792265731261764
          ],
          [
            35.226373199725025,
            31.792545954807746
          ],
          [
            35.226370810891815,
            31.792840479326312
          ],
          [
            35.22638450614042,
            31.79299392520168
          ],
          [
            35.22641911695708,
            31.79333174973735
          ],
          [
            35.226441477568244,
            31.793482558925035
          ],
          [
            35.22645737234808,
            31.79359071305212
          ],
          [
            35.226538173855516,
            31.793818745776004
          ],
          [
            35.22675009728309,
            31.794202250987972
          ],
          [
            35.22688574467075,
            31.794396202339723
          ],
          [
            35.22714006816636,
            31.794714388113128
          ],
          [
            35.22767771334169,
            31.795186913639107
          ],
          [
            35.22838798943803,
            31.795739865916232
          ],
          [
            35.228991985795076,
            31.79632693594549
          ],
          [
            35.22943030558114,
            31.796670387181695
          ],
          [
            35.23058513808844,
            31.797643890954483
          ],
          [
            35.230618660021086,
            31.797672506690873
          ],
          [
            35.230757593190376,
            31.79779622954516
          ],
          [
            35.230900790323986,
            31.79792982290416
          ],
          [
            35.231071260685034,
            31.798080113395116
          ],
          [
            35.23126129276751,
            31.798243284136213
          ],
          [
            35.23137489585027,
            31.79835135567937
          ],
          [
            35.23142956031279,
            31.79840388624193
          ],
          [
            35.231520110585855,
            31.79849955049849
          ],
          [
            35.23159529171443,
            31.79858519671202
          ],
          [
            35.23163470082692,
            31.798633865141607
          ],
          [
            35.23167105015018,
            31.79867654328779
          ],
          [
            35.231738570360875,
            31.798758051602135
          ],
          [
            35.23180071707313,
            31.798833071390366
          ],
          [
            35.23189723207161,
            31.798949579223706
          ],
          [
            35.23197372318185,
            31.799041914774826
          ],
          [
            35.23205289877529,
            31.799134422851335
          ],
          [
            35.23210715248421,
            31.799201947196508
          ],
          [
            35.23217736956804,
            31.79928769964738
          ],
          [
            35.23225444678105,
            31.799381828657086
          ],
          [
            35.23236282050506,
            31.79951253481628
          ],
          [
            35.23243023616305,
            31.79959698908654
          ],
          [
            35.23254259850212,
            31.799747648323144
          ],
          [
            35.23259962157048,
            31.7998356832884
          ],
          [
            35.23262253206459,
            31.799873931575117
          ],
          [
            35.23267271889034,
            31.799972497897024
          ],
          [
            35.23278272911793,
            31.800177908129257
          ],
          [
            35.232830534842854,
            31.800272387774704
          ],
          [
            35.23304338986688,
            31.800671825527072
          ],
          [
            35.233070786088454,
            31.800722166393896
          ],
          [
            35.23312881487699,
            31.80082169392836
          ],
          [
            35.233206067653526,
            31.80094020804518
          ],
          [
            35.23324496113931,
            31.801002417197207
          ],
          [
            35.233291500909395,
            31.801067332833423
          ],
          [
            35.23337924129255,
            31.80118959341722
          ],
          [
            35.233479340227035,
            31.801332149734574
          ],
          [
            35.23354642498881,
            31.801424835456395
          ],
          [
            35.23365401289545,
            31.80157530356588
          ],
          [
            35.233774993507225,
            31.801759762445865
          ],
          [
            35.23389573580384,
            31.801960468802186
          ],
          [
            35.23395152696144,
            31.802051568767265
          ],
          [
            35.234024491061994,
            31.802176107643398
          ],
          [
            35.2340886529653,
            31.802298858368655
          ],
          [
            35.23417878456477,
            31.80248489500957
          ],
          [
            35.23422607677961,
            31.80259341765985
          ],
          [
            35.234264763313575,
            31.802677781120483
          ],
          [
            35.23433012963897,
            31.802852848041205
          ],
          [
            35.234400397314054,
            31.803061139340976
          ],
          [
            35.23446053957246,
            31.803280588730264
          ],
          [
            35.23449367228512,
            31.803415075846864
          ],
          [
            35.23451440145711,
            31.803514833336237
          ],
          [
            35.234553582154746,
            31.80371454273294
          ],
          [
            35.23460535972031,
            31.803983982956154
          ],
          [
            35.234635805725034,
            31.80416860209675
          ],
          [
            35.234647029106796,
            31.804314749706347
          ],
          [
            35.23464740817535,
            31.804405719943897
          ],
          [
            35.23464430671807,
            31.80451344537278
          ],
          [
            35.23463559891626,
            31.8046086031934
          ],
          [
            35.23460708422559,
            31.804775817234628
          ],
          [
            35.234579757950414,
            31.804879273661626
          ],
          [
            35.2345560323807,
            31.80495235438713
          ],
          [
            35.23452741767341,
            31.805023277257177
          ],
          [
            35.23449938327981,
            31.805092762451753
          ],
          [
            35.23443948960476,
            31.805232410098554
          ],
          [
            35.23439103255767,
            31.80534538945256
          ],
          [
            35.234359009001885,
            31.80542054811668
          ],
          [
            35.23427494784356,
            31.80561783336725
          ],
          [
            35.23422331748445,
            31.805739004796468
          ],
          [
            35.23415083020303,
            31.80590038684655
          ],
          [
            35.23411538584422,
            31.80599912932924
          ],
          [
            35.2341111159665,
            31.806021476088716
          ],
          [
            35.234111213219286,
            31.806054906335945
          ],
          [
            35.23411296837885,
            31.806084732448944
          ],
          [
            35.23411961277999,
            31.806110381910415
          ],
          [
            35.23414198962276,
            31.806183749422754
          ],
          [
            35.23419512239294,
            31.80632135677147
          ],
          [
            35.2342328139007,
            31.806423344160375
          ],
          [
            35.23428006913816,
            31.806554997997793
          ],
          [
            35.23428566295072,
            31.806571102631153
          ],
          [
            35.2342961505156,
            31.806600329679483
          ],
          [
            35.23431363864259,
            31.806678769339577
          ],
          [
            35.23431785338145,
            31.806751187820453
          ],
          [
            35.234317699660345,
            31.80677566015667
          ],
          [
            35.23431019611275,
            31.806834107385875
          ],
          [
            35.234285073234915,
            31.806912258503854
          ],
          [
            35.23422191305394,
            31.807092544533145
          ],
          [
            35.23409717213407,
            31.80745737910763
          ],
          [
            35.23398246151355,
            31.807781234370772
          ],
          [
            35.233916959738416,
            31.807994357616295
          ],
          [
            35.2338401531281,
            31.808223216001604
          ],
          [
            35.23380405873398,
            31.808330766770013
          ],
          [
            35.23375775438279,
            31.80848280126012
          ],
          [
            35.233711027885064,
            31.80863622465809
          ],
          [
            35.233663333804046,
            31.80879282543423
          ],
          [
            35.23360580576254,
            31.808960964755485
          ],
          [
            35.233566673707514,
            31.8091130128533
          ],
          [
            35.23355234467505,
            31.80925121927353
          ],
          [
            35.233544489567215,
            31.809400024423052
          ],
          [
            35.23354648696827,
            31.809978562372137
          ],
          [
            35.233545306615405,
            31.81022624174222
          ],
          [
            35.233545739497245,
            31.810269764364826
          ],
          [
            35.23353613490414,
            31.810383226842816
          ],
          [
            35.233503069848055,
            31.810533201981304
          ],
          [
            35.233408403196364,
            31.81072370709355
          ],
          [
            35.23336991184853,
            31.810782926921622
          ],
          [
            35.233318648436835,
            31.81085061879172
          ],
          [
            35.23326930328241,
            31.810902697582343
          ],
          [
            35.23321650661517,
            31.810951028189855
          ],
          [
            35.23314092335268,
            31.81100968273498
          ],
          [
            35.233057845047284,
            31.811072573948046
          ],
          [
            35.232797403220154,
            31.811265183567286
          ],
          [
            35.232292953224615,
            31.81163122993656
          ],
          [
            35.232221971411434,
            31.811697094926064
          ],
          [
            35.23210178803683,
            31.8118190829194
          ],
          [
            35.232038941344534,
            31.811903206461146
          ],
          [
            35.23189274676782,
            31.81211262947601
          ],
          [
            35.23172798210089,
            31.812359290477573
          ],
          [
            35.231580480887004,
            31.812583722689716
          ],
          [
            35.23142815036419,
            31.812815500313405
          ],
          [
            35.231291059994206,
            31.813021313330886
          ],
          [
            35.2311506748728,
            31.81323424960013
          ],
          [
            35.23076121688222,
            31.813795190730346
          ],
          [
            35.23070116028491,
            31.81387633153485
          ],
          [
            35.230630625783476,
            31.81395807057495
          ],
          [
            35.230469383883914,
            31.814086807542118
          ],
          [
            35.22999791994808,
            31.814355510691883
          ],
          [
            35.22919660652291,
            31.81479435676177
          ],
          [
            35.22908436158417,
            31.81487622115525
          ],
          [
            35.2289690358166,
            31.814974740278345
          ],
          [
            35.22877671180181,
            31.815193598987406
          ],
          [
            35.22863704949013,
            31.815418516797603
          ],
          [
            35.22858607820232,
            31.815519936289743
          ],
          [
            35.228540004201236,
            31.81564986913858
          ],
          [
            35.22850860465009,
            31.81579721819681
          ],
          [
            35.228471631469866,
            31.81600123796452
          ],
          [
            35.22843328104089,
            31.816287817595725
          ],
          [
            35.228401506757145,
            31.81654005579943
          ],
          [
            35.228331240612704,
            31.817016562019674
          ],
          [
            35.228297298756154,
            31.817249090015377
          ],
          [
            35.22826732082751,
            31.8174949851896
          ],
          [
            35.22826036273587,
            31.81760653745922
          ],
          [
            35.22826458983304,
            31.81774373859999
          ],
          [
            35.22828630569986,
            31.8179733982468
          ],
          [
            35.22831712565766,
            31.8182881210794
          ],
          [
            35.228331332834216,
            31.81843360731911
          ],
          [
            35.22834365825429,
            31.818559829760943
          ],
          [
            35.228367546014795,
            31.818748274095313
          ],
          [
            35.22838549004525,
            31.819008266787115
          ],
          [
            35.22840608494772,
            31.819193277522526
          ],
          [
            35.22842003318374,
            31.819369816737904
          ],
          [
            35.228452831121515,
            31.819638891710913
          ],
          [
            35.22843592677392,
            31.81989784477718
          ],
          [
            35.228454678863734,
            31.820111415199804
          ],
          [
            35.22843344284353,
            31.820435690015245
          ],
          [
            35.22839569995786,
            31.82075528647331
          ],
          [
            35.2283339324419,
            31.82112596563954
          ],
          [
            35.2282481684415,
            31.82143216879976
          ],
          [
            35.228148897253384,
            31.821810563725435
          ],
          [
            35.227938775853346,
            31.82242001964484
          ],
          [
            35.22767906038576,
            31.823195999304268
          ],
          [
            35.22750549664318,
            31.823658862310648
          ],
          [
            35.22737244110395,
            31.824046196189848
          ],
          [
            35.22725645132991,
            31.82439406971177
          ],
          [
            35.2271651170686,
            31.824794001736855
          ],
          [
            35.22712053582099,
            31.825108061541073
          ],
          [
            35.22705868687915,
            31.825563369067027
          ],
          [
            35.22702767345878,
            31.826198034570304
          ],
          [
            35.22701534010638,
            31.826597756677486
          ],
          [
            35.22703640070893,
            31.826803942442424
          ],
          [
            35.2270931806217,
            31.827004771272033
          ],
          [
            35.22717075833547,
            31.827159004814984
          ],
          [
            35.22732126742828,
            31.827379621129783
          ],
          [
            35.22756070202415,
            31.827636444329794
          ],
          [
            35.227718412524325,
            31.827818949972905
          ],
          [
            35.227841785919985,
            31.82794455316245
          ],
          [
            35.22799133830514,
            31.82813414657955
          ],
          [
            35.228051592158415,
            31.8282310620645
          ],
          [
            35.228118479064065,
            31.82836689050629
          ],
          [
            35.22823653797581,
            31.82868497761478
          ],
          [
            35.22833923894563,
            31.82896200418595
          ],
          [
            35.22847109397181,
            31.82931761925816
          ],
          [
            35.22862852239251,
            31.829742126868965
          ],
          [
            35.22879432070318,
            31.830167561550265
          ],
          [
            35.22889923507127,
            31.830441520038782
          ],
          [
            35.228972824210054,
            31.830670074329387
          ],
          [
            35.22904920824766,
            31.83086470729212
          ],
          [
            35.22909839133696,
            31.831120680191788
          ],
          [
            35.22910898001143,
            31.83129584164354
          ],
          [
            35.229093660752106,
            31.831462321617497
          ],
          [
            35.229073022976,
            31.831597704622236
          ],
          [
            35.22904068931196,
            31.831753053804867
          ],
          [
            35.228985366288676,
            31.831888296470158
          ],
          [
            35.22881268087451,
            31.832200645953577
          ],
          [
            35.22863390082733,
            31.83245039003726
          ],
          [
            35.22847483362984,
            31.832667964392844
          ],
          [
            35.22826119623028,
            31.832967158509845
          ],
          [
            35.22793324812221,
            31.833569365596613
          ],
          [
            35.227639761941504,
            31.834408771579046
          ],
          [
            35.227582173766386,
            31.834582927267455
          ],
          [
            35.227563693115655,
            31.834678981450352
          ],
          [
            35.227542226413696,
            31.834789271633998
          ],
          [
            35.22752133535945,
            31.83494629208801
          ],
          [
            35.22757159767039,
            31.835353344203074
          ],
          [
            35.22769478520509,
            31.835638509052913
          ],
          [
            35.22787882711273,
            31.835920462901743
          ],
          [
            35.227899305289405,
            31.835937419044853
          ],
          [
            35.227974690054104,
            31.836002970360312
          ],
          [
            35.228195062223975,
            31.83619109285216
          ],
          [
            35.22850254620955,
            31.836409905134495
          ],
          [
            35.228683558368196,
            31.836534701939094
          ],
          [
            35.229028397269374,
            31.83679114029932
          ],
          [
            35.22959964059939,
            31.8372213799379
          ],
          [
            35.22967596764186,
            31.837480976886532
          ],
          [
            35.229785601838806,
            31.838202600419
          ],
          [
            35.23004328263993,
            31.84029672365149
          ],
          [
            35.230109224836326,
            31.840691849925037
          ],
          [
            35.23000471687772,
            31.84105610184306
          ],
          [
            35.22973776200228,
            31.841239501508607
          ],
          [
            35.228158401682755,
            31.84145915427189
          ],
          [
            35.22790693919845,
            31.84161766380311
          ],
          [
            35.22755423711236,
            31.842254270496767
          ],
          [
            35.22638493260888,
            31.842495348567123
          ],
          [
            35.22488232671522,
            31.842203874556976
          ],
          [
            35.22470929653126,
            31.842205350482597
          ],
          [
            35.22455016900745,
            31.8422833193383
          ],
          [
            35.22408767615688,
            31.843014771345437
          ],
          [
            35.223556268978335,
            31.844089556384358
          ],
          [
            35.222949761334085,
            31.848942503490616
          ],
          [
            35.22273498519771,
            31.84929842204802
          ],
          [
            35.22249399556902,
            31.849365793489035
          ],
          [
            35.21828344543949,
            31.849501058086435
          ],
          [
            35.217951634966994,
            31.849782811715176
          ],
          [
            35.21791211668019,
            31.850512366133
          ],
          [
            35.21787964434879,
            31.851493439926085
          ],
          [
            35.217768383796816,
            31.852189875508472
          ],
          [
            35.217762677214715,
            31.85233760257529
          ],
          [
            35.21774156546322,
            31.85239489097357
          ],
          [
            35.217636058294424,
            31.852899234546197
          ],
          [
            35.21727225483161,
            31.853993234721205
          ],
          [
            35.21649002654137,
            31.855666212033903
          ],
          [
            35.21580106872159,
            31.85705284877816
          ],
          [
            35.21564913981275,
            31.857412331409325
          ],
          [
            35.215310638806145,
            31.85809752180875
          ],
          [
            35.21526379569114,
            31.85831605220633
          ],
          [
            35.21540309745203,
            31.859403641985168
          ],
          [
            35.21547076267293,
            31.859823756153304
          ],
          [
            35.215617867224765,
            31.860063339256502
          ],
          [
            35.2160931675904,
            31.86020319257098
          ],
          [
            35.22087417719574,
            31.860847458882738
          ],
          [
            35.221184629854974,
            31.86087447170952
          ],
          [
            35.22287401895832,
            31.861091130400716
          ],
          [
            35.22450672135234,
            31.861515731517756
          ],
          [
            35.226197458985574,
            31.861975217054603
          ]
        ]
      }
    },
    {
      "type": "Feature",
      "properties": {
        "type": "Light Rail",
        "network": "JNET",
        "route_name": "Brown Line",
        "color": "#783F04"
      },
      "geometry": {
        "type": "LineString",
        "coordinates": [
          [
            35.234034246695266,
            31.783403459592602
          ],
          [
            35.234244459995296,
            31.783458538506714
          ],
          [
            35.23511979633608,
            31.783577688180074
          ],
          [
            35.235510204074146,
            31.783631996493177
          ],
          [
            35.23682323385694,
            31.78387606578981
          ],
          [
            35.237180776498285,
            31.783965484221223
          ],
          [
            35.2372486066494,
            31.784023374989616
          ],
          [
            35.23747106096327,
            31.78377161799125
          ],
          [
            35.23754255810291,
            31.78366065124106
          ],
          [
            35.237665162172675,
            31.783515051238965
          ],
          [
            35.23794141123887,
            31.78313208208494
          ],
          [
            35.23803110082199,
            31.783003968056192
          ],
          [
            35.23813877795216,
            31.782876834026045
          ],
          [
            35.23819468634315,
            31.782816366962347
          ],
          [
            35.23836783578743,
            31.782646803564774
          ],
          [
            35.238520868746754,
            31.782505999640936
          ],
          [
            35.2388849956562,
            31.78218672546269
          ],
          [
            35.238993673216086,
            31.78208115888668
          ],
          [
            35.23904329913403,
            31.782016180324597
          ],
          [
            35.239070668344276,
            31.78196304717014
          ],
          [
            35.23909210449932,
            31.781865685661266
          ],
          [
            35.23911183466386,
            31.781774494114728
          ],
          [
            35.23911066800992,
            31.781717710825102
          ],
          [
            35.239094803760814,
            31.781649092138732
          ],
          [
            35.23906210598738,
            31.781562578247893
          ],
          [
            35.238977270472674,
            31.781431556306714
          ],
          [
            35.23896573151991,
            31.781404742240632
          ],
          [
            35.23885511963424,
            31.78124784069735
          ],
          [
            35.23881170171134,
            31.781140616107677
          ],
          [
            35.238675516987115,
            31.78091871286761
          ],
          [
            35.23857372007551,
            31.780771537780517
          ],
          [
            35.23853053223286,
            31.780653956265013
          ],
          [
            35.23851815663133,
            31.78053286014623
          ],
          [
            35.23854867392332,
            31.780439208266266
          ],
          [
            35.238615111818284,
            31.780373110683538
          ],
          [
            35.23864363238411,
            31.780353828863845
          ],
          [
            35.2387461421708,
            31.780313413234012
          ],
          [
            35.23883036429442,
            31.780276541280394
          ],
          [
            35.23892075878969,
            31.780246680332052
          ],
          [
            35.239007045364446,
            31.780225586342482
          ],
          [
            35.23914469238677,
            31.78019045288344
          ],
          [
            35.239243293663726,
            31.780139529644625
          ],
          [
            35.23934804963973,
            31.780071051180457
          ],
          [
            35.239389113411804,
            31.77999557735629
          ],
          [
            35.23939158579382,
            31.779944420555296
          ],
          [
            35.23941167070982,
            31.779869201373828
          ],
          [
            35.23941984267659,
            31.77975512324781
          ],
          [
            35.23941773690503,
            31.779612954633343
          ],
          [
            35.23942178669087,
            31.779449734417174
          ],
          [
            35.239419710847265,
            31.77940410895745
          ],
          [
            35.23942791282764,
            31.779353199489275
          ],
          [
            35.239442268619754,
            31.77927948614012
          ],
          [
            35.23947920636891,
            31.77916540010826
          ],
          [
            35.23951615433478,
            31.779075880258883
          ],
          [
            35.23965166813848,
            31.77883189085696
          ],
          [
            35.239725587610046,
            31.778719536898844
          ],
          [
            35.23974816802166,
            31.7786756469812
          ],
          [
            35.23980360556741,
            31.77857735601307
          ],
          [
            35.239861096014906,
            31.778480817632204
          ],
          [
            35.239918571946326,
            31.77832985481246
          ],
          [
            35.23994729375924,
            31.778231571199655
          ],
          [
            35.23997395687739,
            31.778094664022667
          ],
          [
            35.24003295947599,
            31.777773728568274
          ],
          [
            35.24011143740957,
            31.777418991061598
          ],
          [
            35.24032081862391,
            31.776515577785663
          ],
          [
            35.240425013899774,
            31.77593201982595
          ],
          [
            35.2404786788879,
            31.77523125170247
          ],
          [
            35.24052535294475,
            31.7748019899283
          ],
          [
            35.24052734062017,
            31.774635252947963
          ],
          [
            35.24053961738555,
            31.77449660728092
          ],
          [
            35.24054567333107,
            31.774222805891082
          ],
          [
            35.24049612053444,
            31.774073225705912
          ],
          [
            35.2407061825426,
            31.77364038500921
          ],
          [
            35.240970043269314,
            31.773374980169713
          ],
          [
            35.24121324183668,
            31.771989020062307
          ],
          [
            35.241417751894886,
            31.77151465154696
          ],
          [
            35.24231787774819,
            31.77107921004729
          ],
          [
            35.24274789567071,
            31.770989060550033
          ],
          [
            35.243150581129164,
            31.770782598059597
          ],
          [
            35.24366298123637,
            31.77070118187142
          ],
          [
            35.244405782903094,
            31.769987434085042
          ],
          [
            35.24468375976163,
            31.76904267582401
          ],
          [
            35.24473376808334,
            31.768774184627933
          ],
          [
            35.24475819442753,
            31.768733186289293
          ],
          [
            35.24478457108727,
            31.768686253194037
          ],
          [
            35.2448112014083,
            31.76864740685019
          ],
          [
            35.24482809600353,
            31.76860930579969
          ],
          [
            35.24486004502018,
            31.76855215122511
          ],
          [
            35.244887827297326,
            31.768523813691
          ],
          [
            35.24490381120358,
            31.768476838770606
          ],
          [
            35.24491752039173,
            31.768447248519816
          ],
          [
            35.244945920318756,
            31.768419277827338
          ],
          [
            35.244952861416344,
            31.76841772264834
          ],
          [
            35.244965451877874,
            31.768415414438948
          ],
          [
            35.245120364523885,
            31.768376834759692
          ],
          [
            35.245205201946916,
            31.768353269553675
          ],
          [
            35.24546792561058,
            31.768280125154966
          ],
          [
            35.24572022879116,
            31.768166389768258
          ],
          [
            35.245995585694395,
            31.767945355757572
          ],
          [
            35.246209723921645,
            31.767679234547103
          ],
          [
            35.24637656989614,
            31.76750064710518
          ],
          [
            35.24653896702265,
            31.767364397092848
          ],
          [
            35.24664350351714,
            31.7672931312848
          ],
          [
            35.24682172158507,
            31.767138846000577
          ],
          [
            35.24694421456225,
            31.76699359387283
          ],
          [
            35.24705282178365,
            31.766806919132296
          ],
          [
            35.24711180235131,
            31.766642739372205
          ],
          [
            35.24716347901834,
            31.766411831841587
          ],
          [
            35.24719819097288,
            31.76620171928844
          ],
          [
            35.247245407908125,
            31.7655839326688
          ],
          [
            35.24725590718038,
            31.765467612826196
          ],
          [
            35.24727910879939,
            31.76523528623446
          ],
          [
            35.247350601027115,
            31.76460396365938
          ],
          [
            35.24740955534997,
            31.764238297143947
          ],
          [
            35.24742319164443,
            31.764124725030065
          ],
          [
            35.247462090844614,
            31.763716132887566
          ],
          [
            35.24746087611168,
            31.763581765613647
          ],
          [
            35.24745669600213,
            31.76345818900977
          ],
          [
            35.24742693185592,
            31.763295022812915
          ],
          [
            35.247372856838616,
            31.76317011022915
          ],
          [
            35.24730542789536,
            31.76304255068134
          ],
          [
            35.24725376397384,
            31.76295414031255
          ],
          [
            35.24713325950915,
            31.762722446178294
          ],
          [
            35.247087243018335,
            31.762606058612988
          ],
          [
            35.24701175419763,
            31.76246363196858
          ],
          [
            35.24691138346349,
            31.762268856938412
          ],
          [
            35.2467898883903,
            31.762029901125622
          ],
          [
            35.24665242950159,
            31.761505960157177
          ],
          [
            35.246665086251326,
            31.76141218209945
          ],
          [
            35.246791637958594,
            31.761169561822435
          ],
          [
            35.246916077318325,
            31.76099274074969
          ],
          [
            35.247079622308966,
            31.760840288783275
          ],
          [
            35.24774333041684,
            31.760230399797024
          ],
          [
            35.24794788852766,
            31.759978737892748
          ],
          [
            35.24835210481258,
            31.759596231395495
          ],
          [
            35.248507078496786,
            31.759466323045807
          ],
          [
            35.24875092630318,
            31.75931827822826
          ],
          [
            35.248898662130614,
            31.759234387678525
          ],
          [
            35.24918455064077,
            31.759039467477344
          ],
          [
            35.24930801331737,
            31.758916765914886
          ],
          [
            35.24951800417002,
            31.758662414737117
          ],
          [
            35.24958442595792,
            31.75856768664288
          ],
          [
            35.24972252026352,
            31.758341270847158
          ],
          [
            35.249783655054294,
            31.758225830928072
          ],
          [
            35.249846921192486,
            31.75808962251592
          ],
          [
            35.24987541445251,
            31.758020145903785
          ],
          [
            35.24992183377792,
            31.75783707271877
          ],
          [
            35.24995553535372,
            31.757630552449957
          ],
          [
            35.24998810434756,
            31.757450178883875
          ],
          [
            35.250022822901954,
            31.75727338666838
          ],
          [
            35.25011023047413,
            31.756941440066512
          ],
          [
            35.25015352858732,
            31.756788107154367
          ],
          [
            35.25019141032034,
            31.75668529396731
          ],
          [
            35.25023784817816,
            31.756555422319064
          ],
          [
            35.25031049443781,
            31.756371441298416
          ],
          [
            35.25037373592605,
            31.7562171812456
          ],
          [
            35.250398124841674,
            31.75616123276198
          ],
          [
            35.2504940082928,
            31.755950177052842
          ],
          [
            35.25056155540482,
            31.755821218437784
          ],
          [
            35.25061313094234,
            31.75572016417167
          ],
          [
            35.250785450135865,
            31.755515811932053
          ],
          [
            35.25108589549516,
            31.755117090098807
          ],
          [
            35.25128270642209,
            31.754806995768554
          ],
          [
            35.25131893371015,
            31.75470511352798
          ],
          [
            35.25136031212949,
            31.754505786701174
          ],
          [
            35.25142244925048,
            31.754346321033797
          ],
          [
            35.25152591240781,
            31.753991965538912
          ],
          [
            35.25170697421997,
            31.753234543372677
          ],
          [
            35.25185700623283,
            31.752672006090243
          ],
          [
            35.25193033945572,
            31.75239436882484
          ],
          [
            35.25202934001176,
            31.75216334379697
          ],
          [
            35.25215537216483,
            31.751924614025633
          ],
          [
            35.252270754380895,
            31.75175995497191
          ],
          [
            35.25260567458598,
            31.75145476405829
          ],
          [
            35.25284884803812,
            31.751223683869355
          ],
          [
            35.253119029589705,
            31.750954087662496
          ],
          [
            35.253344182125495,
            31.750730718762647
          ],
          [
            35.25351529123331,
            31.75053815929965
          ],
          [
            35.25357826264462,
            31.750345641282873
          ],
          [
            35.253614163991216,
            31.75007614480146
          ],
          [
            35.25362126616804,
            31.749832729989453
          ],
          [
            35.25360648354408,
            31.749639689946747
          ],
          [
            35.25355147074549,
            31.749442217474535
          ],
          [
            35.25343524616735,
            31.749193342466185
          ],
          [
            35.25325255771746,
            31.748937305959835
          ],
          [
            35.253036087603334,
            31.74872904025968
          ],
          [
            35.252861910270425,
            31.748650689055662
          ],
          [
            35.25271627329004,
            31.748602910257834
          ],
          [
            35.25246393660648,
            31.748544381786967
          ],
          [
            35.25151399405254,
            31.748379719305067
          ],
          [
            35.251268090148855,
            31.748316684069884
          ],
          [
            35.25114553417269,
            31.74827163301134
          ],
          [
            35.25065996498928,
            31.748064392139174
          ],
          [
            35.250491049941274,
            31.747979693989514
          ],
          [
            35.25023042018488,
            31.747805691567248
          ],
          [
            35.24998329994186,
            31.747620049958144
          ],
          [
            35.24969626885214,
            31.74737497585702
          ],
          [
            35.249643248171935,
            31.747235053200825
          ],
          [
            35.24954971723931,
            31.747159137219548
          ],
          [
            35.24936342866207,
            31.74696192562312
          ],
          [
            35.24926096788039,
            31.746833870461863
          ],
          [
            35.249174495602645,
            31.746697703809478
          ],
          [
            35.24912581148806,
            31.746599433928804
          ],
          [
            35.249043407936306,
            31.746365898706234
          ],
          [
            35.24901598419016,
            31.746271214308017
          ],
          [
            35.24893474261458,
            31.746027678912608
          ],
          [
            35.24886590297931,
            31.745868108355037
          ],
          [
            35.2487942299,
            31.74560645321117
          ],
          [
            35.24879020185781,
            31.745560460387672
          ],
          [
            35.2487439838597,
            31.74471562292461
          ],
          [
            35.24872385308491,
            31.744578080107004
          ],
          [
            35.24887230546133,
            31.74374158280886
          ],
          [
            35.248904895817724,
            31.74361171620355
          ],
          [
            35.24897579990973,
            31.743401741318976
          ],
          [
            35.24900186466279,
            31.74328251515551
          ],
          [
            35.24908503374639,
            31.74305786104922
          ],
          [
            35.24919473762839,
            31.742824259366746
          ],
          [
            35.24924745054283,
            31.74271693901213
          ],
          [
            35.24938452876098,
            31.74247881379424
          ],
          [
            35.249519442096094,
            31.74219109115322
          ],
          [
            35.24961334749557,
            31.742028725319212
          ],
          [
            35.24971881181857,
            31.74188439588081
          ],
          [
            35.24983268801364,
            31.741742736438873
          ],
          [
            35.25002683137979,
            31.741540671329588
          ],
          [
            35.25019131187271,
            31.741363832225783
          ],
          [
            35.25033156822533,
            31.74123661047712
          ],
          [
            35.25057203512766,
            31.741027331113205
          ],
          [
            35.250821079315095,
            31.74079634970617
          ],
          [
            35.251074247471024,
            31.74057171981896
          ],
          [
            35.251314719091454,
            31.740365967062424
          ],
          [
            35.25149305223318,
            31.740189121161222
          ],
          [
            35.25160260995437,
            31.74002315507971
          ],
          [
            35.25168692270942,
            31.739772352356834
          ],
          [
            35.25165039094446,
            31.73943786310802
          ]
        ]
      }
    },
    {
      "type": "Feature",
      "properties": {
        "type": "Light Rail",
        "network": "JNET",
        "route_name": "Red Line",
        "color": "#E3000F"
      },
      "geometry": {
        "type": "LineString",
        "coordinates": [
          [
            35.18155443970358,
            31.770816329186403
          ],
          [
            35.1816939099717,
            31.77112195401089
          ],
          [
            35.18203949797909,
            31.77188233752771
          ],
          [
            35.18209916775332,
            31.772059360151726
          ],
          [
            35.18214583355077,
            31.772194635912854
          ],
          [
            35.18219797738599,
            31.772378087306286
          ],
          [
            35.1822418560673,
            31.772484415155425
          ],
          [
            35.182326884348285,
            31.772703472516564
          ],
          [
            35.18239994852544,
            31.772862737301292
          ],
          [
            35.18249979102256,
            31.77304950478815
          ],
          [
            35.182638955100984,
            31.773293026562765
          ],
          [
            35.18270532483697,
            31.773408653400907
          ],
          [
            35.182773556062735,
            31.773510057544147
          ],
          [
            35.18283114252111,
            31.773622563336122
          ],
          [
            35.18292321212328,
            31.773757039351768
          ],
          [
            35.18299521420216,
            31.773883594624113
          ],
          [
            35.183224006409795,
            31.774243074552626
          ],
          [
            35.18372184480581,
            31.77506011065931
          ],
          [
            35.184120230394946,
            31.775834759329395
          ],
          [
            35.18424000361613,
            31.77604717788166
          ],
          [
            35.18434368321573,
            31.77622969405504
          ],
          [
            35.18462232224013,
            31.77659044270968
          ],
          [
            35.184824428931734,
            31.77678726622345
          ],
          [
            35.18544965084247,
            31.777391762198434
          ],
          [
            35.18580222232619,
            31.7777502610395
          ],
          [
            35.18590305840984,
            31.777843768080494
          ],
          [
            35.18659038155402,
            31.778523326905777
          ],
          [
            35.18739958972599,
            31.779427733219034
          ],
          [
            35.1876846183466,
            31.779765962253556
          ],
          [
            35.187793313274774,
            31.779906599109633
          ],
          [
            35.187894762862236,
            31.78004737561194
          ],
          [
            35.18795566544966,
            31.780128516924375
          ],
          [
            35.188055844733135,
            31.780249494975667
          ],
          [
            35.18815827184901,
            31.78037125693599
          ],
          [
            35.18839765111735,
            31.78071340327317
          ],
          [
            35.18851351199604,
            31.780906859518673
          ],
          [
            35.18882826673691,
            31.78138406358503
          ],
          [
            35.18911395738547,
            31.781821347778635
          ],
          [
            35.18945370206439,
            31.782358565452686
          ],
          [
            35.189618246047345,
            31.782552891259616
          ],
          [
            35.189678957197486,
            31.782609584551455
          ],
          [
            35.18975885493191,
            31.782674569773608
          ],
          [
            35.189894399661185,
            31.78276889196504
          ],
          [
            35.190040452000325,
            31.78282162043367
          ],
          [
            35.19015079405729,
            31.782850716442084
          ],
          [
            35.19032097395967,
            31.782872918141422
          ],
          [
            35.190908139587734,
            31.782877804389805
          ],
          [
            35.19098637287955,
            31.78287410074268
          ],
          [
            35.19134839050004,
            31.782867180075158
          ],
          [
            35.19185543652024,
            31.782842451573554
          ],
          [
            35.19216062405727,
            31.7828361397945
          ],
          [
            35.19228376096932,
            31.782840039524526
          ],
          [
            35.19249115921514,
            31.78284348898416
          ],
          [
            35.19264351511208,
            31.782830326461422
          ],
          [
            35.192826461462765,
            31.782832775655322
          ],
          [
            35.19320020762327,
            31.782894329491878
          ],
          [
            35.19340803291756,
            31.782947797279018
          ],
          [
            35.19374323438751,
            31.783052815854095
          ],
          [
            35.19395636613468,
            31.783111669898044
          ],
          [
            35.1942255871238,
            31.78316947117057
          ],
          [
            35.19438395152049,
            31.783207382889923
          ],
          [
            35.194542111168396,
            31.78324580303513
          ],
          [
            35.194654161193554,
            31.78327588639846
          ],
          [
            35.194836778730334,
            31.78331198131607
          ],
          [
            35.194901272572594,
            31.78332466971168
          ],
          [
            35.195279277681955,
            31.783421155133034
          ],
          [
            35.19546351333557,
            31.783488600912516
          ],
          [
            35.195655252278875,
            31.783594606113745
          ],
          [
            35.1959222260112,
            31.783787355308224
          ],
          [
            35.1961885992229,
            31.784072359646732
          ],
          [
            35.19640695160923,
            31.784360612409145
          ],
          [
            35.19693655066863,
            31.78492377146576
          ],
          [
            35.19738794494446,
            31.785383842477284
          ],
          [
            35.19757581649544,
            31.7855848662155
          ],
          [
            35.19771659668152,
            31.78573497638383
          ],
          [
            35.197851749997646,
            31.78591171388278
          ],
          [
            35.19811196746352,
            31.78620661780909
          ],
          [
            35.19879429248505,
            31.78688568848805
          ],
          [
            35.19914125538776,
            31.787223315279345
          ],
          [
            35.1992891839377,
            31.787381380019863
          ],
          [
            35.199400375858126,
            31.787505467130487
          ],
          [
            35.19947166932738,
            31.787621757949573
          ],
          [
            35.19949715054502,
            31.787688605264115
          ],
          [
            35.19951380056353,
            31.787739014358486
          ],
          [
            35.19953919168531,
            31.787833251492184
          ],
          [
            35.19957270718952,
            31.787974510957106
          ],
          [
            35.19961891859554,
            31.788170111364085
          ],
          [
            35.1996576115867,
            31.788363930324525
          ],
          [
            35.19976125880069,
            31.788760249400372
          ],
          [
            35.1998148914366,
            31.788853787686588
          ],
          [
            35.199886405185616,
            31.78892441892491
          ],
          [
            35.199933335424475,
            31.7889759608632
          ],
          [
            35.199983180090506,
            31.789023192085374
          ],
          [
            35.2000336429503,
            31.789060755568983
          ],
          [
            35.200094242183276,
            31.7890962280145
          ],
          [
            35.200172462906615,
            31.78912677246989
          ],
          [
            35.20022162901513,
            31.789147772614136
          ],
          [
            35.2002976152649,
            31.789163046035814
          ],
          [
            35.20037360145451,
            31.789180228610437
          ],
          [
            35.20047417114756,
            31.78919932112085
          ],
          [
            35.20066596630057,
            31.789212118784533
          ],
          [
            35.20094895837613,
            31.78913687557441
          ],
          [
            35.201190603332805,
            31.789041906486517
          ],
          [
            35.201327934058035,
            31.788991006459973
          ],
          [
            35.20154052413199,
            31.788900591176223
          ],
          [
            35.20184843403029,
            31.788779599731548
          ],
          [
            35.20218590592478,
            31.78865934579095
          ],
          [
            35.20251667293515,
            31.78855818012831
          ],
          [
            35.20287202173468,
            31.78844555963527
          ],
          [
            35.20305024586609,
            31.788391966271092
          ],
          [
            35.20311152446785,
            31.788374725555247
          ],
          [
            35.20319846342787,
            31.78835194506542
          ],
          [
            35.20329665226485,
            31.788340574723925
          ],
          [
            35.20341503284682,
            31.78835317633363
          ],
          [
            35.204135061178555,
            31.78849543881867
          ],
          [
            35.2043917458197,
            31.788542923992292
          ],
          [
            35.204588827886745,
            31.78858854819665
          ],
          [
            35.20476304457597,
            31.78862144445248
          ],
          [
            35.20488686335363,
            31.78863391301389
          ],
          [
            35.20534157475624,
            31.78865172856403
          ],
          [
            35.205532472645594,
            31.788629311913677
          ],
          [
            35.205669367737464,
            31.788598933118426
          ],
          [
            35.20580930548321,
            31.788552680832183
          ],
          [
            35.20600440743144,
            31.788462825524437
          ],
          [
            35.20627421579276,
            31.788326142588037
          ],
          [
            35.20644435122964,
            31.788233159358548
          ],
          [
            35.206561172597695,
            31.78814903555737
          ],
          [
            35.20717220543041,
            31.787762393958374
          ],
          [
            35.20734996897595,
            31.787652174255516
          ],
          [
            35.207523273473534,
            31.7875476946302
          ],
          [
            35.20770801594109,
            31.787456557229017
          ],
          [
            35.207835663641426,
            31.787395798695126
          ],
          [
            35.207955486980865,
            31.787351741450745
          ],
          [
            35.20804642692825,
            31.787313082419775
          ],
          [
            35.208202024571115,
            31.78725873483415
          ],
          [
            35.20836791782736,
            31.787212541199903
          ],
          [
            35.20850741325372,
            31.787174205926142
          ],
          [
            35.20863285024088,
            31.78713864141233
          ],
          [
            35.20887623609393,
            31.787070606488992
          ],
          [
            35.20917211908602,
            31.786989176841477
          ],
          [
            35.20938267023497,
            31.78692824865783
          ],
          [
            35.2095156757934,
            31.786892221240656
          ],
          [
            35.20967625597966,
            31.7868483411357
          ],
          [
            35.20995410258175,
            31.786761272984947
          ],
          [
            35.21006445771173,
            31.786720399460965
          ],
          [
            35.21012879732436,
            31.786693149295736
          ],
          [
            35.21017907872059,
            31.78666913192476
          ],
          [
            35.21022026613016,
            31.78664349523358
          ],
          [
            35.21050050061408,
            31.786420056474928
          ],
          [
            35.21057375567908,
            31.78636634201746
          ],
          [
            35.21066630273083,
            31.786312931409807
          ],
          [
            35.21073065546349,
            31.78628348314955
          ],
          [
            35.21082473018295,
            31.786246532769173
          ],
          [
            35.21095881639441,
            31.786210042044384
          ],
          [
            35.211287325919365,
            31.78612597243862
          ],
          [
            35.2116984486276,
            31.78602647315047
          ],
          [
            35.21203117520771,
            31.785946927730137
          ],
          [
            35.21214849886195,
            31.785917363786737
          ],
          [
            35.212269068189705,
            31.785889647411622
          ],
          [
            35.21245711323569,
            31.78586654416354
          ],
          [
            35.212628505334806,
            31.78585036964915
          ],
          [
            35.212725826859476,
            31.785840665004923
          ],
          [
            35.212896029185636,
            31.785815346431892
          ],
          [
            35.21297334450294,
            31.785800562837714
          ],
          [
            35.21317663374798,
            31.785750210163588
          ],
          [
            35.213319367282764,
            31.785710483258963
          ],
          [
            35.21341506398148,
            31.785681843126863
          ],
          [
            35.213564638066124,
            31.785643246378562
          ],
          [
            35.213730548323724,
            31.78559024315207
          ],
          [
            35.21388846305308,
            31.7855094464303
          ],
          [
            35.213988373230706,
            31.7854506948568
          ],
          [
            35.21409967251729,
            31.78538319898986
          ],
          [
            35.21445332046842,
            31.785150781634727
          ],
          [
            35.215072668223144,
            31.784756641262522
          ],
          [
            35.215389693155686,
            31.784553903938548
          ],
          [
            35.21560233916727,
            31.784415338308918
          ],
          [
            35.215920227401185,
            31.78421149211632
          ],
          [
            35.216020422720284,
            31.784149413819407
          ],
          [
            35.21613215328161,
            31.78409336861734
          ],
          [
            35.21630587731842,
            31.784013918396198
          ],
          [
            35.21653726899298,
            31.78391968492109
          ],
          [
            35.216761021906876,
            31.78383653539942
          ],
          [
            35.21686914829969,
            31.783789110604225
          ],
          [
            35.21698376253542,
            31.783742301040164
          ],
          [
            35.21719208577505,
            31.7836554574209
          ],
          [
            35.21729156152264,
            31.783607418070066
          ],
          [
            35.21738382845748,
            31.783561226342613
          ],
          [
            35.217461677461976,
            31.7835156519726
          ],
          [
            35.217612328724364,
            31.783425734622558
          ],
          [
            35.217864675384234,
            31.78326746306419
          ],
          [
            35.218110657685,
            31.783121875191554
          ],
          [
            35.2184150919605,
            31.782920474472466
          ],
          [
            35.21870443062098,
            31.782741547711534
          ],
          [
            35.21907450909813,
            31.78251482606469
          ],
          [
            35.21925080383973,
            31.782402489438166
          ],
          [
            35.21939850652379,
            31.78230963390228
          ],
          [
            35.21949634784378,
            31.7822443633112
          ],
          [
            35.21957924003547,
            31.782190782291057
          ],
          [
            35.21967870921196,
            31.78212611469876
          ],
          [
            35.21978394586188,
            31.78206083128033
          ],
          [
            35.21997711894437,
            31.781937654175415
          ],
          [
            35.22021224073443,
            31.781783930716845
          ],
          [
            35.22028215779128,
            31.78173712367094
          ],
          [
            35.22042487374278,
            31.781642278088032
          ],
          [
            35.22048686057688,
            31.781601013741238
          ],
          [
            35.2207103030719,
            31.781448890687994
          ],
          [
            35.22083874543309,
            31.78135540101877
          ],
          [
            35.22106074052663,
            31.78118049518373
          ],
          [
            35.221211706307045,
            31.78105995684963
          ],
          [
            35.22130349370047,
            31.780990560623355
          ],
          [
            35.22137052570785,
            31.780946217188536
          ],
          [
            35.221385662085304,
            31.7809338996221
          ],
          [
            35.221684064225244,
            31.78078380846988
          ],
          [
            35.22213898103523,
            31.780556114041467
          ],
          [
            35.222693556081026,
            31.780280277863202
          ],
          [
            35.222832623021894,
            31.780213021057712
          ],
          [
            35.22295912803354,
            31.78017062611535
          ],
          [
            35.22307049143184,
            31.780139555889004
          ],
          [
            35.223193787264904,
            31.78012079126329
          ],
          [
            35.22331608804591,
            31.780099650309523
          ],
          [
            35.22345841890284,
            31.78005430982077
          ],
          [
            35.22358546866128,
            31.77998852398136
          ],
          [
            35.223684077219566,
            31.77993257779497
          ],
          [
            35.22404294407453,
            31.779678379484384
          ],
          [
            35.22429600515148,
            31.7795037653169
          ],
          [
            35.22481800825843,
            31.779135794438826
          ],
          [
            35.224865630557915,
            31.779110694865487
          ],
          [
            35.224915831111254,
            31.77909110331749
          ],
          [
            35.225005104871364,
            31.77906264306033
          ],
          [
            35.225074303033786,
            31.779050624774097
          ],
          [
            35.22515432234441,
            31.779042450155192
          ],
          [
            35.225245144272314,
            31.77904967269512
          ],
          [
            35.22531975361013,
            31.779058897205033
          ],
          [
            35.225432214645686,
            31.77909674897135
          ],
          [
            35.225678665440775,
            31.779236053801394
          ],
          [
            35.22580192099492,
            31.77930709757479
          ],
          [
            35.22603069891167,
            31.779429391406644
          ],
          [
            35.226173926088755,
            31.779507363908053
          ],
          [
            35.226436170307906,
            31.77966165951581
          ],
          [
            35.22655043168641,
            31.779731355852448
          ],
          [
            35.22668179531419,
            31.779805280556705
          ],
          [
            35.226986032823234,
            31.779981649328356
          ],
          [
            35.22720313823747,
            31.780120739919337
          ],
          [
            35.22753116950941,
            31.78031088600041
          ],
          [
            35.227813207159606,
            31.78048105121158
          ],
          [
            35.22799348005883,
            31.780635010443987
          ],
          [
            35.228076083855996,
            31.7807306797902
          ],
          [
            35.228183565294565,
            31.78089884448856
          ],
          [
            35.22825361994399,
            31.781049444572197
          ],
          [
            35.228314072047496,
            31.781259679844343
          ],
          [
            35.228323731259906,
            31.78132968627097
          ],
          [
            35.22834732735843,
            31.781427150291705
          ],
          [
            35.228354892343454,
            31.781515101066162
          ],
          [
            35.22835417353427,
            31.78161454737218
          ],
          [
            35.22832671639173,
            31.78178066828441
          ],
          [
            35.228305927217214,
            31.781846963000884
          ],
          [
            35.228268261093426,
            31.78194083469455
          ],
          [
            35.22822300290511,
            31.782022706070105
          ],
          [
            35.22814272582162,
            31.782147233861153
          ],
          [
            35.22777330385691,
            31.782683910694608
          ],
          [
            35.22765687642107,
            31.782858834300583
          ],
          [
            35.22753856503328,
            31.783042333754285
          ],
          [
            35.227419748355985,
            31.783216639803804
          ],
          [
            35.22737196407197,
            31.783352973568263
          ],
          [
            35.22734792516076,
            31.783470712481616
          ],
          [
            35.22733814770984,
            31.783712477387216
          ],
          [
            35.2273134358902,
            31.78395407901814
          ],
          [
            35.22739779047128,
            31.7843675359586
          ],
          [
            35.2274754683689,
            31.78481741581233
          ],
          [
            35.227467755626336,
            31.785047993856193
          ],
          [
            35.22742893123381,
            31.785330207043064
          ],
          [
            35.22732349905874,
            31.78578358821825
          ],
          [
            35.22725526897567,
            31.78608625494484
          ],
          [
            35.227022885517165,
            31.787180630717533
          ],
          [
            35.22699834851304,
            31.78731408778106
          ],
          [
            35.22692686223499,
            31.787617111963502
          ],
          [
            35.226797865718275,
            31.788153246061274
          ],
          [
            35.226702507079885,
            31.788649134862194
          ],
          [
            35.22662066727056,
            31.789067829894233
          ],
          [
            35.226600464784745,
            31.789655332561455
          ],
          [
            35.2266239613242,
            31.789901044173234
          ],
          [
            35.2266188206726,
            31.7901333413467
          ],
          [
            35.226495582923214,
            31.791887796345012
          ],
          [
            35.22646184996547,
            31.792265731261764
          ],
          [
            35.226373199725025,
            31.792545954807746
          ],
          [
            35.226370810891815,
            31.792840479326312
          ],
          [
            35.22638450614042,
            31.79299392520168
          ],
          [
            35.22641911695708,
            31.79333174973735
          ],
          [
            35.226441477568244,
            31.793482558925035
          ],
          [
            35.22645737234808,
            31.79359071305212
          ],
          [
            35.226538173855516,
            31.793818745776004
          ],
          [
            35.22675009728309,
            31.794202250987972
          ],
          [
            35.22688574467075,
            31.794396202339723
          ],
          [
            35.22714006816636,
            31.794714388113128
          ],
          [
            35.22767771334169,
            31.795186913639107
          ],
          [
            35.22838798943803,
            31.795739865916232
          ],
          [
            35.228991985795076,
            31.79632693594549
          ],
          [
            35.22943030558114,
            31.796670387181695
          ],
          [
            35.23058513808844,
            31.797643890954483
          ],
          [
            35.230618660021086,
            31.797672506690873
          ],
          [
            35.230757593190376,
            31.79779622954516
          ],
          [
            35.230900790323986,
            31.79792982290416
          ],
          [
            35.231071260685034,
            31.798080113395116
          ],
          [
            35.23126129276751,
            31.798243284136213
          ],
          [
            35.23137489585027,
            31.79835135567937
          ],
          [
            35.23142956031279,
            31.79840388624193
          ],
          [
            35.231520110585855,
            31.79849955049849
          ],
          [
            35.23159529171443,
            31.79858519671202
          ],
          [
            35.23163470082692,
            31.798633865141607
          ],
          [
            35.23167105015018,
            31.79867654328779
          ],
          [
            35.23197372318185,
            31.799041914774826
          ],
          [
            35.23205289877529,
            31.799134422851335
          ],
          [
            35.23210715248421,
            31.799201947196508
          ],
          [
            35.23225444678105,
            31.799381828657086
          ],
          [
            35.23236282050506,
            31.79951253481628
          ],
          [
            35.23243023616305,
            31.79959698908654
          ],
          [
            35.23254259850212,
            31.799747648323144
          ],
          [
            35.23259962157048,
            31.7998356832884
          ],
          [
            35.23262253206459,
            31.799873931575117
          ],
          [
            35.23267271889034,
            31.799972497897024
          ],
          [
            35.23278272911793,
            31.800177908129257
          ],
          [
            35.232830534842854,
            31.800272387774704
          ],
          [
            35.23304338986688,
            31.800671825527072
          ],
          [
            35.233070786088454,
            31.800722166393896
          ],
          [
            35.23312881487699,
            31.80082169392836
          ],
          [
            35.233206067653526,
            31.80094020804518
          ],
          [
            35.23324496113931,
            31.801002417197207
          ],
          [
            35.233291500909395,
            31.801067332833423
          ],
          [
            35.23337924129255,
            31.80118959341722
          ],
          [
            35.233479340227035,
            31.801332149734574
          ],
          [
            35.23354642498881,
            31.801424835456395
          ],
          [
            35.23365401289545,
            31.80157530356588
          ],
          [
            35.233774993507225,
            31.801759762445865
          ],
          [
            35.23389573580384,
            31.801960468802186
          ],
          [
            35.23395152696144,
            31.802051568767265
          ],
          [
            35.234024491061994,
            31.802176107643398
          ],
          [
            35.2340886529653,
            31.802298858368655
          ],
          [
            35.23417878456477,
            31.80248489500957
          ],
          [
            35.23422607677961,
            31.80259341765985
          ],
          [
            35.234264763313575,
            31.802677781120483
          ],
          [
            35.23433012963897,
            31.802852848041205
          ],
          [
            35.234400397314054,
            31.803061139340976
          ],
          [
            35.23446053957246,
            31.803280588730264
          ],
          [
            35.23449367228512,
            31.803415075846864
          ],
          [
            35.23451440145711,
            31.803514833336237
          ],
          [
            35.234553582154746,
            31.80371454273294
          ],
          [
            35.23460535972031,
            31.803983982956154
          ],
          [
            35.234635805725034,
            31.80416860209675
          ],
          [
            35.234647029106796,
            31.804314749706347
          ],
          [
            35.23464740817535,
            31.804405719943897
          ],
          [
            35.23464430671807,
            31.80451344537278
          ],
          [
            35.23463559891626,
            31.8046086031934
          ],
          [
            35.23460708422559,
            31.804775817234628
          ],
          [
            35.234579757950414,
            31.804879273661626
          ],
          [
            35.2345560323807,
            31.80495235438713
          ],
          [
            35.23449938327981,
            31.805092762451753
          ],
          [
            35.23439103255767,
            31.80534538945256
          ],
          [
            35.23422331748445,
            31.805739004796468
          ],
          [
            35.23415083020303,
            31.80590038684655
          ],
          [
            35.23411538584422,
            31.80599912932924
          ],
          [
            35.2341111159665,
            31.806021476088716
          ],
          [
            35.234111213219286,
            31.806054906335945
          ],
          [
            35.23411296837885,
            31.806084732448944
          ],
          [
            35.23411961277999,
            31.806110381910415
          ],
          [
            35.23414198962276,
            31.806183749422754
          ],
          [
            35.23419512239294,
            31.80632135677147
          ],
          [
            35.2342328139007,
            31.806423344160375
          ],
          [
            35.23428006913816,
            31.806554997997793
          ],
          [
            35.23428566295072,
            31.806571102631153
          ],
          [
            35.2342961505156,
            31.806600329679483
          ],
          [
            35.23431363864259,
            31.806678769339577
          ],
          [
            35.23431785338145,
            31.806751187820453
          ],
          [
            35.234317699660345,
            31.80677566015667
          ],
          [
            35.23431019611275,
            31.806834107385875
          ],
          [
            35.234285073234915,
            31.806912258503854
          ],
          [
            35.23422191305394,
            31.807092544533145
          ],
          [
            35.23409717213407,
            31.80745737910763
          ],
          [
            35.23398246151355,
            31.807781234370772
          ],
          [
            35.233916959738416,
            31.807994357616295
          ],
          [
            35.23380405873398,
            31.808330766770013
          ],
          [
            35.233663333804046,
            31.80879282543423
          ],
          [
            35.23360580576254,
            31.808960964755485
          ],
          [
            35.233566673707514,
            31.8091130128533
          ],
          [
            35.23355234467505,
            31.80925121927353
          ],
          [
            35.233544489567215,
            31.809400024423052
          ],
          [
            35.23354648696827,
            31.809978562372137
          ],
          [
            35.233545306615405,
            31.81022624174222
          ],
          [
            35.233545739497245,
            31.810269764364826
          ],
          [
            35.23353613490414,
            31.810383226842816
          ],
          [
            35.233503069848055,
            31.810533201981304
          ],
          [
            35.233408403196364,
            31.81072370709355
          ],
          [
            35.23336991184853,
            31.810782926921622
          ],
          [
            35.233318648436835,
            31.81085061879172
          ],
          [
            35.23326930328241,
            31.810902697582343
          ],
          [
            35.23321650661517,
            31.810951028189855
          ],
          [
            35.23314092335268,
            31.81100968273498
          ],
          [
            35.233057845047284,
            31.811072573948046
          ],
          [
            35.232797403220154,
            31.811265183567286
          ],
          [
            35.232292953224615,
            31.81163122993656
          ],
          [
            35.232221971411434,
            31.811697094926064
          ],
          [
            35.23210178803683,
            31.8118190829194
          ],
          [
            35.232038941344534,
            31.811903206461146
          ],
          [
            35.23189274676782,
            31.81211262947601
          ],
          [
            35.23172798210089,
            31.812359290477573
          ],
          [
            35.23142815036419,
            31.812815500313405
          ],
          [
            35.231291059994206,
            31.813021313330886
          ],
          [
            35.2311506748728,
            31.81323424960013
          ],
          [
            35.23076121688222,
            31.813795190730346
          ],
          [
            35.23070116028491,
            31.81387633153485
          ],
          [
            35.230630625783476,
            31.81395807057495
          ],
          [
            35.230469383883914,
            31.814086807542118
          ],
          [
            35.22999791994808,
            31.814355510691883
          ],
          [
            35.22919660652291,
            31.81479435676177
          ],
          [
            35.22908436158417,
            31.81487622115525
          ],
          [
            35.2289690358166,
            31.814974740278345
          ],
          [
            35.22877671180181,
            31.815193598987406
          ],
          [
            35.22863704949013,
            31.815418516797603
          ],
          [
            35.22858607820232,
            31.815519936289743
          ],
          [
            35.228540004201236,
            31.81564986913858
          ],
          [
            35.22850860465009,
            31.81579721819681
          ],
          [
            35.228471631469866,
            31.81600123796452
          ],
          [
            35.22843328104089,
            31.816287817595725
          ],
          [
            35.228401506757145,
            31.81654005579943
          ],
          [
            35.228331240612704,
            31.817016562019674
          ],
          [
            35.228297298756154,
            31.817249090015377
          ],
          [
            35.22826732082751,
            31.8174949851896
          ],
          [
            35.22826036273587,
            31.81760653745922
          ],
          [
            35.22826458983304,
            31.81774373859999
          ],
          [
            35.22828630569986,
            31.8179733982468
          ],
          [
            35.22831712565766,
            31.8182881210794
          ],
          [
            35.22834365825429,
            31.818559829760943
          ],
          [
            35.228367546014795,
            31.818748274095313
          ],
          [
            35.22838549004525,
            31.819008266787115
          ],
          [
            35.22840608494772,
            31.819193277522526
          ],
          [
            35.22842003318374,
            31.819369816737904
          ],
          [
            35.228452831121515,
            31.819638891710913
          ],
          [
            35.22848171019725,
            31.819701475573495
          ],
          [
            35.22851016034796,
            31.81973899385026
          ],
          [
            35.22852910389041,
            31.819757200171733
          ],
          [
            35.22855774146435,
            31.81977602782901
          ],
          [
            35.22857926258992,
            31.81978771517771
          ],
          [
            35.22860832988137,
            31.819801788257262
          ],
          [
            35.22864577973707,
            31.819813711565324
          ],
          [
            35.22867877871148,
            31.819821446674254
          ],
          [
            35.2287285424379,
            31.819827539046695
          ],
          [
            35.22876847699688,
            31.81982916827774
          ],
          [
            35.22957251498694,
            31.819818708139053
          ],
          [
            35.22966333757253,
            31.81981630396588
          ],
          [
            35.22978629476017,
            31.819804349210134
          ],
          [
            35.22984707335862,
            31.819793599856226
          ],
          [
            35.22989737128299,
            31.819779273172482
          ],
          [
            35.23003129160407,
            31.81972814560218
          ],
          [
            35.2304195385044,
            31.819547917104522
          ],
          [
            35.23059948474335,
            31.819468040716217
          ],
          [
            35.230788173006424,
            31.819396153447066
          ],
          [
            35.23088809103392,
            31.81936729383584
          ],
          [
            35.2309920104292,
            31.819347725843436
          ],
          [
            35.2311018619255,
            31.819329965612436
          ],
          [
            35.23124987628863,
            31.81932039587773
          ],
          [
            35.231397033788475,
            31.81932453497792
          ],
          [
            35.23152862458015,
            31.81933446971255
          ],
          [
            35.23177870459393,
            31.8193633256819
          ],
          [
            35.232095963756436,
            31.81940034808645
          ],
          [
            35.23230310262543,
            31.81942743931101
          ],
          [
            35.23243425979316,
            31.819438147881744
          ],
          [
            35.23255330382959,
            31.819446776644398
          ],
          [
            35.23276708663962,
            31.819446729371528
          ],
          [
            35.23292979465409,
            31.819432884222273
          ],
          [
            35.23310290813955,
            31.819408148648993
          ],
          [
            35.23337033268734,
            31.81936549634057
          ],
          [
            35.233654989954324,
            31.819309341729852
          ],
          [
            35.23383061277971,
            31.819265277320604
          ],
          [
            35.23403138354288,
            31.819211185625324
          ],
          [
            35.2347857857907,
            31.819009692241956
          ],
          [
            35.23503350234183,
            31.81895236642822
          ],
          [
            35.23517140251898,
            31.818923341929764
          ],
          [
            35.23534906215694,
            31.818894585422125
          ],
          [
            35.23550834264488,
            31.81887164007263
          ],
          [
            35.23566385320577,
            31.818857285445453
          ],
          [
            35.235971103671844,
            31.81883824064014
          ],
          [
            35.23632907764961,
            31.818824909090914
          ],
          [
            35.23656565982506,
            31.81881773875121
          ],
          [
            35.23688759008726,
            31.818820043540363
          ],
          [
            35.237245296045835,
            31.818840949534245
          ],
          [
            35.23757161259233,
            31.818881255785108
          ],
          [
            35.23784223969828,
            31.81893433047567
          ],
          [
            35.23823798068492,
            31.819032772690093
          ],
          [
            35.239332354475785,
            31.819389029252147
          ],
          [
            35.23983312528453,
            31.81955573113894
          ],
          [
            35.23994330630034,
            31.81959705515756
          ],
          [
            35.2400061956097,
            31.81962948934105
          ],
          [
            35.24006657233253,
            31.819667649958472
          ],
          [
            35.24014959743077,
            31.81973634672284
          ],
          [
            35.24020131174992,
            31.819794961560564
          ],
          [
            35.24024502902573,
            31.819852114038614
          ],
          [
            35.24028800367637,
            31.819933496364573
          ],
          [
            35.2403064659578,
            31.81998216782611
          ],
          [
            35.2403207361159,
            31.820027978033412
          ],
          [
            35.240329412497296,
            31.82006257366636
          ],
          [
            35.2403338967944,
            31.820094451439854
          ],
          [
            35.24033894783791,
            31.82014980747724
          ],
          [
            35.240332565835715,
            31.82026649074311
          ],
          [
            35.24032280950553,
            31.820331920857083
          ],
          [
            35.2402776309653,
            31.820572834944834
          ],
          [
            35.24025586808519,
            31.82066446858919
          ],
          [
            35.240221815371854,
            31.820770755115298
          ],
          [
            35.24018049474978,
            31.820874324629216
          ],
          [
            35.24012520656944,
            31.82098887339125
          ],
          [
            35.24006365610724,
            31.821101166578927
          ],
          [
            35.23996134608802,
            31.821247239470775
          ],
          [
            35.2398696720819,
            31.821363215931026
          ],
          [
            35.23978387626777,
            31.82145000545247
          ],
          [
            35.239630085371466,
            31.821588919116035
          ],
          [
            35.23955703800091,
            31.821645483512118
          ],
          [
            35.23950604020237,
            31.821682012011394
          ],
          [
            35.23945365413154,
            31.821714811776197
          ],
          [
            35.239330020437656,
            31.82179072439545
          ],
          [
            35.239149858501925,
            31.821887372889897
          ],
          [
            35.23884430009967,
            31.822046074323193
          ],
          [
            35.23869712572627,
            31.82212055514376
          ],
          [
            35.23847016395001,
            31.82224037439806
          ],
          [
            35.23829244236281,
            31.822343103008066
          ],
          [
            35.23819229479917,
            31.822411348981383
          ],
          [
            35.23806152845821,
            31.82251639608084
          ],
          [
            35.237966637834475,
            31.822606253905892
          ],
          [
            35.23787119473897,
            31.822705274463825
          ],
          [
            35.23776820687326,
            31.822837166158802
          ],
          [
            35.237655499231096,
            31.82299288952708
          ],
          [
            35.23761870377742,
            31.82306050167427
          ],
          [
            35.23759057756487,
            31.82314487850272
          ],
          [
            35.23757217103911,
            31.823250468504316
          ],
          [
            35.23757221286686,
            31.823367865064093
          ],
          [
            35.237595733188655,
            31.82349470496421
          ],
          [
            35.23766711685338,
            31.823832416937748
          ],
          [
            35.23773471769024,
            31.824138131782796
          ],
          [
            35.23775805242027,
            31.824205710212247
          ],
          [
            35.23777940439651,
            31.824255076568882
          ],
          [
            35.23779555276878,
            31.824279493174917
          ],
          [
            35.23781590103839,
            31.824310372141348
          ],
          [
            35.23787187539201,
            31.82437226043427
          ],
          [
            35.23790207374413,
            31.824398437335052
          ],
          [
            35.23794729920195,
            31.824435469293746
          ],
          [
            35.23804380037678,
            31.824497542555804
          ],
          [
            35.23818719822098,
            31.824581830003677
          ],
          [
            35.23842032657449,
            31.824720282055175
          ],
          [
            35.23872180132346,
            31.824899159977473
          ],
          [
            35.23904746009357,
            31.82510258401468
          ],
          [
            35.2395886441999,
            31.825438877755644
          ],
          [
            35.23974966062277,
            31.825546136457163
          ],
          [
            35.23979673976383,
            31.82558511520429
          ],
          [
            35.239847369196546,
            31.825632725324215
          ],
          [
            35.23994383141221,
            31.82574937987647
          ],
          [
            35.24012222602124,
            31.82598439188026
          ],
          [
            35.24025387792888,
            31.826161679408287
          ],
          [
            35.240435957755366,
            31.82640313804936
          ],
          [
            35.24053117078886,
            31.8265358983844
          ],
          [
            35.24056556858703,
            31.826592797205805
          ],
          [
            35.24059451650023,
            31.82665098628625
          ],
          [
            35.24062641051118,
            31.826736519995894
          ],
          [
            35.24064908083584,
            31.826821411502827
          ],
          [
            35.240657906239285,
            31.82687867558381
          ],
          [
            35.24066043469897,
            31.826910457370378
          ],
          [
            35.24066212402543,
            31.82694381490257
          ],
          [
            35.24065687183411,
            31.827056846205064
          ],
          [
            35.24064666753272,
            31.827120530446884
          ],
          [
            35.24062088669467,
            31.827229172023024
          ],
          [
            35.24057835704796,
            31.8273917075463
          ],
          [
            35.24055759450266,
            31.827470426570486
          ],
          [
            35.24053951058544,
            31.82753800625665
          ],
          [
            35.240515900410905,
            31.827625430598502
          ],
          [
            35.24049329668702,
            31.82771245333324
          ],
          [
            35.2404670102645,
            31.827817516526416
          ],
          [
            35.240439044730294,
            31.827915593663985
          ],
          [
            35.2404152957439,
            31.827991464602096
          ],
          [
            35.24035875082131,
            31.82811961427982
          ],
          [
            35.240304937901065,
            31.82820814641574
          ],
          [
            35.240239758370876,
            31.8282921644235
          ],
          [
            35.24018207048826,
            31.82835538847291
          ],
          [
            35.240115298865035,
            31.828420070600004
          ],
          [
            35.240073951094644,
            31.82845372875173
          ],
          [
            35.23993256855032,
            31.82855250296373
          ],
          [
            35.239629403106356,
            31.828741627084128
          ],
          [
            35.23951811502332,
            31.828806956963998
          ],
          [
            35.239421929745646,
            31.828855024173652
          ],
          [
            35.23931015029942,
            31.828889653713425
          ],
          [
            35.23914037832427,
            31.828927281317746
          ],
          [
            35.23895802600736,
            31.82895477095824
          ],
          [
            35.23864921261438,
            31.82899541783377
          ],
          [
            35.23782771318921,
            31.82910802139495
          ]
        ]
      }
    },
    {
      "type": "Feature",
      "properties": {
        "type": "Light Rail",
        "network": "JNET",
        "route_name": "Green Line",
        "color": "#009B4E",
        "is_station": true,
        "station_name": "Hebrew University Mount Scopus Station"
      },
      "geometry": {
        "type": "Point",
        "coordinates": [
          35.243574585501676,
          31.793001834182157
        ]
      }
    },
    {
      "type": "Feature",
      "properties": {
        "type": "Light Rail",
        "network": "JNET",
        "route_name": "Light Blue Line",
        "color": "#ADD8E6",
        "is_station": true,
        "station_name": "Hebrew University Mount Scopus Station"
      },
      "geometry": {
        "type": "Point",
        "coordinates": [
          35.243574585501676,
          31.793001834182157
        ]
      }
    },
    {
      "type": "Feature",
      "properties": {
        "type": "Light Rail",
        "network": "JNET",
        "route_name": "Green Line",
        "color": "#009B4E",
        "is_station": true,
        "station_name": "Kiryat HaMemshala Begin Station"
      },
      "geometry": {
        "type": "Point",
        "coordinates": [
          35.233236641337115,
          31.795946783876843
        ]
      }
    },
    {
      "type": "Feature",
      "properties": {
        "type": "Light Rail",
        "network": "JNET",
        "route_name": "Light Blue Line",
        "color": "#ADD8E6",
        "is_station": true,
        "station_name": "Kiryat HaMemshala Begin Station"
      },
      "geometry": {
        "type": "Point",
        "coordinates": [
          35.233236641337115,
          31.795946783876843
        ]
      }
    },
    {
      "type": "Feature",
      "properties": {
        "type": "Light Rail",
        "network": "JNET",
        "route_name": "Green Line",
        "color": "#009B4E",
        "is_station": true,
        "station_name": "Hadassah Mount Scopus Station"
      },
      "geometry": {
        "type": "Point",
        "coordinates": [
          35.24010213636555,
          31.79665148246623
        ]
      }
    },
    {
      "type": "Feature",
      "properties": {
        "type": "Light Rail",
        "network": "JNET",
        "route_name": "Light Blue Line",
        "color": "#ADD8E6",
        "is_station": true,
        "station_name": "Hadassah Mount Scopus Station"
      },
      "geometry": {
        "type": "Point",
        "coordinates": [
          35.24010213636555,
          31.79665148246623
        ]
      }
    },
    {
      "type": "Feature",
      "properties": {
        "type": "Light Rail",
        "network": "JNET",
        "route_name": "Green Line",
        "color": "#009B4E",
        "is_station": true,
        "station_name": "Aharon Katzir Station"
      },
      "geometry": {
        "type": "Point",
        "coordinates": [
          35.23683118457856,
          31.797281669609962
        ]
      }
    },
    {
      "type": "Feature",
      "properties": {
        "type": "Light Rail",
        "network": "JNET",
        "route_name": "Light Blue Line",
        "color": "#ADD8E6",
        "is_station": true,
        "station_name": "Aharon Katzir Station"
      },
      "geometry": {
        "type": "Point",
        "coordinates": [
          35.23683118457856,
          31.797281669609962
        ]
      }
    },
    {
      "type": "Feature",
      "properties": {
        "type": "Light Rail",
        "network": "JNET",
        "route_name": "Green Line",
        "color": "#009B4E",
        "is_station": true,
        "station_name": "Leshem Station"
      },
      "geometry": {
        "type": "Point",
        "coordinates": [
          35.18879834429181,
          31.731120751437487
        ]
      }
    },
    {
      "type": "Feature",
      "properties": {
        "type": "Light Rail",
        "network": "JNET",
        "route_name": "Blue Line",
        "color": "#005C9E",
        "is_station": true,
        "station_name": "Leshem Station"
      },
      "geometry": {
        "type": "Point",
        "coordinates": [
          35.18879834429181,
          31.731120751437487
        ]
      }
    },
    {
      "type": "Feature",
      "properties": {
        "type": "Light Rail",
        "network": "JNET",
        "route_name": "Green Line",
        "color": "#009B4E",
        "is_station": true,
        "station_name": "HaGananet Station"
      },
      "geometry": {
        "type": "Point",
        "coordinates": [
          35.193058749981645,
          31.731228386836026
        ]
      }
    },
    {
      "type": "Feature",
      "properties": {
        "type": "Light Rail",
        "network": "JNET",
        "route_name": "Blue Line",
        "color": "#005C9E",
        "is_station": true,
        "station_name": "HaGananet Station"
      },
      "geometry": {
        "type": "Point",
        "coordinates": [
          35.193058749981645,
          31.731228386836026
        ]
      }
    },
    {
      "type": "Feature",
      "properties": {
        "type": "Light Rail",
        "network": "JNET",
        "route_name": "Green Line",
        "color": "#009B4E",
        "is_station": true,
        "station_name": "Tzviya VeYitzhak Station"
      },
      "geometry": {
        "type": "Point",
        "coordinates": [
          35.18574385574599,
          31.732571640476493
        ]
      }
    },
    {
      "type": "Feature",
      "properties": {
        "type": "Light Rail",
        "network": "JNET",
        "route_name": "Blue Line",
        "color": "#005C9E",
        "is_station": true,
        "station_name": "Tzviya VeYitzhak Station"
      },
      "geometry": {
        "type": "Point",
        "coordinates": [
          35.18574385574599,
          31.732571640476493
        ]
      }
    },
    {
      "type": "Feature",
      "properties": {
        "type": "Light Rail",
        "network": "JNET",
        "route_name": "Green Line",
        "color": "#009B4E",
        "is_station": true,
        "station_name": "HaRozmarin Station"
      },
      "geometry": {
        "type": "Point",
        "coordinates": [
          35.194712169474,
          31.733592845836924
        ]
      }
    },
    {
      "type": "Feature",
      "properties": {
        "type": "Light Rail",
        "network": "JNET",
        "route_name": "Green Line",
        "color": "#009B4E",
        "is_station": true,
        "station_name": "HaChasida Station"
      },
      "geometry": {
        "type": "Point",
        "coordinates": [
          35.18198582966496,
          31.734101557390694
        ]
      }
    },
    {
      "type": "Feature",
      "properties": {
        "type": "Light Rail",
        "network": "JNET",
        "route_name": "Blue Line",
        "color": "#005C9E",
        "is_station": true,
        "station_name": "HaChasida Station"
      },
      "geometry": {
        "type": "Point",
        "coordinates": [
          35.18198582966496,
          31.734101557390694
        ]
      }
    },
    {
      "type": "Feature",
      "properties": {
        "type": "Light Rail",
        "network": "JNET",
        "route_name": "Green Line",
        "color": "#009B4E",
        "is_station": true,
        "station_name": "Odem Station"
      },
      "geometry": {
        "type": "Point",
        "coordinates": [
          35.18183367241064,
          31.737466562557106
        ]
      }
    },
    {
      "type": "Feature",
      "properties": {
        "type": "Light Rail",
        "network": "JNET",
        "route_name": "Blue Line",
        "color": "#005C9E",
        "is_station": true,
        "station_name": "Odem Station"
      },
      "geometry": {
        "type": "Point",
        "coordinates": [
          35.18183367241064,
          31.737466562557106
        ]
      }
    },
    {
      "type": "Feature",
      "properties": {
        "type": "Light Rail",
        "network": "JNET",
        "route_name": "Green Line",
        "color": "#009B4E",
        "is_station": true,
        "station_name": "Shabtai HaNegbi Station"
      },
      "geometry": {
        "type": "Point",
        "coordinates": [
          35.19500566831179,
          31.738075935141403
        ]
      }
    },
    {
      "type": "Feature",
      "properties": {
        "type": "Light Rail",
        "network": "JNET",
        "route_name": "Green Line",
        "color": "#009B4E",
        "is_station": true,
        "station_name": "Gilo Forest Station"
      },
      "geometry": {
        "type": "Point",
        "coordinates": [
          35.18115333519045,
          31.739465758655985
        ]
      }
    },
    {
      "type": "Feature",
      "properties": {
        "type": "Light Rail",
        "network": "JNET",
        "route_name": "Blue Line",
        "color": "#005C9E",
        "is_station": true,
        "station_name": "Gilo Forest Station"
      },
      "geometry": {
        "type": "Point",
        "coordinates": [
          35.18115333519045,
          31.739465758655985
        ]
      }
    },
    {
      "type": "Feature",
      "properties": {
        "type": "Light Rail",
        "network": "JNET",
        "route_name": "Green Line",
        "color": "#009B4E",
        "is_station": true,
        "station_name": "Dov Yosef Center Station"
      },
      "geometry": {
        "type": "Point",
        "coordinates": [
          35.19698272192432,
          31.742182047837666
        ]
      }
    },
    {
      "type": "Feature",
      "properties": {
        "type": "Light Rail",
        "network": "JNET",
        "route_name": "Green Line",
        "color": "#009B4E",
        "is_station": true,
        "station_name": "Beit Safafa Station"
      },
      "geometry": {
        "type": "Point",
        "coordinates": [
          35.19829237929481,
          31.74756039839268
        ]
      }
    },
    {
      "type": "Feature",
      "properties": {
        "type": "Light Rail",
        "network": "JNET",
        "route_name": "Light Blue Line",
        "color": "#ADD8E6",
        "is_station": true,
        "station_name": "HaParsa Station"
      },
      "geometry": {
        "type": "Point",
        "coordinates": [
          35.210689241368804,
          31.750961633424513
        ]
      }
    },
    {
      "type": "Feature",
      "properties": {
        "type": "Light Rail",
        "network": "JNET",
        "route_name": "Pink Line",
        "color": "#FFC0CB",
        "is_station": true,
        "station_name": "HaParsa Station"
      },
      "geometry": {
        "type": "Point",
        "coordinates": [
          35.210689241368804,
          31.750961633424513
        ]
      }
    },
    {
      "type": "Feature",
      "properties": {
        "type": "Light Rail",
        "network": "JNET",
        "route_name": "Green Line",
        "color": "#009B4E",
        "is_station": true,
        "station_name": "Gonenim Station"
      },
      "geometry": {
        "type": "Point",
        "coordinates": [
          35.199064437087,
          31.75246438014512
        ]
      }
    },
    {
      "type": "Feature",
      "properties": {
        "type": "Light Rail",
        "network": "JNET",
        "route_name": "Light Blue Line",
        "color": "#ADD8E6",
        "is_station": true,
        "station_name": "Gonenim Station"
      },
      "geometry": {
        "type": "Point",
        "coordinates": [
          35.199064437087,
          31.75246438014512
        ]
      }
    },
    {
      "type": "Feature",
      "properties": {
        "type": "Light Rail",
        "network": "JNET",
        "route_name": "Purple Line",
        "color": "#68217A",
        "is_station": true,
        "station_name": "Gonenim Station"
      },
      "geometry": {
        "type": "Point",
        "coordinates": [
          35.199064437087,
          31.75246438014512
        ]
      }
    },
    {
      "type": "Feature",
      "properties": {
        "type": "Light Rail",
        "network": "JNET",
        "route_name": "Green Line",
        "color": "#009B4E",
        "is_station": true,
        "station_name": "Gonenim Station"
      },
      "geometry": {
        "type": "Point",
        "coordinates": [
          35.199064437087,
          31.75246438014512
        ]
      }
    },
    {
      "type": "Feature",
      "properties": {
        "type": "Light Rail",
        "network": "JNET",
        "route_name": "Light Blue Line",
        "color": "#ADD8E6",
        "is_station": true,
        "station_name": "Pierre Koenig Station"
      },
      "geometry": {
        "type": "Point",
        "coordinates": [
          35.214113470508174,
          31.75278520364851
        ]
      }
    },
    {
      "type": "Feature",
      "properties": {
        "type": "Light Rail",
        "network": "JNET",
        "route_name": "Purple Line",
        "color": "#68217A",
        "is_station": true,
        "station_name": "Pierre Koenig Station"
      },
      "geometry": {
        "type": "Point",
        "coordinates": [
          35.214113470508174,
          31.75278520364851
        ]
      }
    },
    {
      "type": "Feature",
      "properties": {
        "type": "Light Rail",
        "network": "JNET",
        "route_name": "Green Line",
        "color": "#009B4E",
        "is_station": true,
        "station_name": "Pat Junction Station"
      },
      "geometry": {
        "type": "Point",
        "coordinates": [
          35.19820097432965,
          31.756407814142072
        ]
      }
    },
    {
      "type": "Feature",
      "properties": {
        "type": "Light Rail",
        "network": "JNET",
        "route_name": "Pink Line",
        "color": "#FFC0CB",
        "is_station": true,
        "station_name": "Pat Junction Station"
      },
      "geometry": {
        "type": "Point",
        "coordinates": [
          35.19820097432965,
          31.756407814142072
        ]
      }
    },
    {
      "type": "Feature",
      "properties": {
        "type": "Light Rail",
        "network": "JNET",
        "route_name": "Green Line",
        "color": "#009B4E",
        "is_station": true,
        "station_name": "Pat Junction Station"
      },
      "geometry": {
        "type": "Point",
        "coordinates": [
          35.19820097432965,
          31.756407814142072
        ]
      }
    },
    {
      "type": "Feature",
      "properties": {
        "type": "Light Rail",
        "network": "JNET",
        "route_name": "Light Blue Line",
        "color": "#ADD8E6",
        "is_station": true,
        "station_name": "Oranim Station"
      },
      "geometry": {
        "type": "Point",
        "coordinates": [
          35.21528720869625,
          31.758516623790204
        ]
      }
    },
    {
      "type": "Feature",
      "properties": {
        "type": "Light Rail",
        "network": "JNET",
        "route_name": "Purple Line",
        "color": "#68217A",
        "is_station": true,
        "station_name": "Oranim Station"
      },
      "geometry": {
        "type": "Point",
        "coordinates": [
          35.21528720869625,
          31.758516623790204
        ]
      }
    },
    {
      "type": "Feature",
      "properties": {
        "type": "Light Rail",
        "network": "JNET",
        "route_name": "Green Line",
        "color": "#009B4E",
        "is_station": true,
        "station_name": "Givat Mordechai Station"
      },
      "geometry": {
        "type": "Point",
        "coordinates": [
          35.199975167342835,
          31.761257148606227
        ]
      }
    },
    {
      "type": "Feature",
      "properties": {
        "type": "Light Rail",
        "network": "JNET",
        "route_name": "Pink Line",
        "color": "#FFC0CB",
        "is_station": true,
        "station_name": "Givat Mordechai Station"
      },
      "geometry": {
        "type": "Point",
        "coordinates": [
          35.199975167342835,
          31.761257148606227
        ]
      }
    },
    {
      "type": "Feature",
      "properties": {
        "type": "Light Rail",
        "network": "JNET",
        "route_name": "Green Line",
        "color": "#009B4E",
        "is_station": true,
        "station_name": "Givat Mordechai Station"
      },
      "geometry": {
        "type": "Point",
        "coordinates": [
          35.199975167342835,
          31.761257148606227
        ]
      }
    },
    {
      "type": "Feature",
      "properties": {
        "type": "Light Rail",
        "network": "JNET",
        "route_name": "Green Line",
        "color": "#009B4E",
        "is_station": true,
        "station_name": "Bezalel Bazak Station"
      },
      "geometry": {
        "type": "Point",
        "coordinates": [
          35.196602540454336,
          31.766877188010234
        ]
      }
    },
    {
      "type": "Feature",
      "properties": {
        "type": "Light Rail",
        "network": "JNET",
        "route_name": "Pink Line",
        "color": "#FFC0CB",
        "is_station": true,
        "station_name": "Bezalel Bazak Station"
      },
      "geometry": {
        "type": "Point",
        "coordinates": [
          35.196602540454336,
          31.766877188010234
        ]
      }
    },
    {
      "type": "Feature",
      "properties": {
        "type": "Light Rail",
        "network": "JNET",
        "route_name": "Green Line",
        "color": "#009B4E",
        "is_station": true,
        "station_name": "Bezalel Bazak Station"
      },
      "geometry": {
        "type": "Point",
        "coordinates": [
          35.196602540454336,
          31.766877188010234
        ]
      }
    },
    {
      "type": "Feature",
      "properties": {
        "type": "Light Rail",
        "network": "JNET",
        "route_name": "Green Line",
        "color": "#009B4E",
        "is_station": true,
        "station_name": "Hebrew Park Station"
      },
      "geometry": {
        "type": "Point",
        "coordinates": [
          35.19618661646042,
          31.77228175068101
        ]
      }
    },
    {
      "type": "Feature",
      "properties": {
        "type": "Light Rail",
        "network": "JNET",
        "route_name": "Pink Line",
        "color": "#FFC0CB",
        "is_station": true,
        "station_name": "Hebrew Park Station"
      },
      "geometry": {
        "type": "Point",
        "coordinates": [
          35.19618661646042,
          31.77228175068101
        ]
      }
    },
    {
      "type": "Feature",
      "properties": {
        "type": "Light Rail",
        "network": "JNET",
        "route_name": "Green Line",
        "color": "#009B4E",
        "is_station": true,
        "station_name": "Hebrew Park Station"
      },
      "geometry": {
        "type": "Point",
        "coordinates": [
          35.19618661646042,
          31.77228175068101
        ]
      }
    },
    {
      "type": "Feature",
      "properties": {
        "type": "Light Rail",
        "network": "JNET",
        "route_name": "Green Line",
        "color": "#009B4E",
        "is_station": true,
        "station_name": "Safra University Campus Station"
      },
      "geometry": {
        "type": "Point",
        "coordinates": [
          35.19539482434873,
          31.777348219731934
        ]
      }
    },
    {
      "type": "Feature",
      "properties": {
        "type": "Light Rail",
        "network": "JNET",
        "route_name": "Pink Line",
        "color": "#FFC0CB",
        "is_station": true,
        "station_name": "Safra University Campus Station"
      },
      "geometry": {
        "type": "Point",
        "coordinates": [
          35.19539482434873,
          31.777348219731934
        ]
      }
    },
    {
      "type": "Feature",
      "properties": {
        "type": "Light Rail",
        "network": "JNET",
        "route_name": "Green Line",
        "color": "#009B4E",
        "is_station": true,
        "station_name": "Safra University Campus Station"
      },
      "geometry": {
        "type": "Point",
        "coordinates": [
          35.19539482434873,
          31.777348219731934
        ]
      }
    },
    {
      "type": "Feature",
      "properties": {
        "type": "Light Rail",
        "network": "JNET",
        "route_name": "Green Line",
        "color": "#009B4E",
        "is_station": true,
        "station_name": "Givat Ram Station"
      },
      "geometry": {
        "type": "Point",
        "coordinates": [
          35.19788208432008,
          31.78075807377264
        ]
      }
    },
    {
      "type": "Feature",
      "properties": {
        "type": "Light Rail",
        "network": "JNET",
        "route_name": "Pink Line",
        "color": "#FFC0CB",
        "is_station": true,
        "station_name": "Givat Ram Station"
      },
      "geometry": {
        "type": "Point",
        "coordinates": [
          35.19788208432008,
          31.78075807377264
        ]
      }
    },
    {
      "type": "Feature",
      "properties": {
        "type": "Light Rail",
        "network": "JNET",
        "route_name": "Green Line",
        "color": "#009B4E",
        "is_station": true,
        "station_name": "Givat Ram Station"
      },
      "geometry": {
        "type": "Point",
        "coordinates": [
          35.19788208432008,
          31.78075807377264
        ]
      }
    },
    {
      "type": "Feature",
      "properties": {
        "type": "Light Rail",
        "network": "JNET",
        "route_name": "Green Line",
        "color": "#009B4E",
        "is_station": true,
        "station_name": "Kiryat HaMemshala Station"
      },
      "geometry": {
        "type": "Point",
        "coordinates": [
          35.20072626840224,
          31.784893256385445
        ]
      }
    },
    {
      "type": "Feature",
      "properties": {
        "type": "Light Rail",
        "network": "JNET",
        "route_name": "Pink Line",
        "color": "#FFC0CB",
        "is_station": true,
        "station_name": "Kiryat HaMemshala Station"
      },
      "geometry": {
        "type": "Point",
        "coordinates": [
          35.20072626840224,
          31.784893256385445
        ]
      }
    },
    {
      "type": "Feature",
      "properties": {
        "type": "Light Rail",
        "network": "JNET",
        "route_name": "Yellow Line",
        "color": "#FFD100",
        "is_station": true,
        "station_name": "Kiryat HaMemshala Station"
      },
      "geometry": {
        "type": "Point",
        "coordinates": [
          35.20072626840224,
          31.784893256385445
        ]
      }
    },
    {
      "type": "Feature",
      "properties": {
        "type": "Light Rail",
        "network": "JNET",
        "route_name": "Green Line",
        "color": "#009B4E",
        "is_station": true,
        "station_name": "Kiryat HaMemshala Station"
      },
      "geometry": {
        "type": "Point",
        "coordinates": [
          35.20072626840224,
          31.784893256385445
        ]
      }
    },
    {
      "type": "Feature",
      "properties": {
        "type": "Light Rail",
        "network": "JNET",
        "route_name": "Green Line",
        "color": "#009B4E",
        "is_station": true,
        "station_name": "Binyanei HaUma Station"
      },
      "geometry": {
        "type": "Point",
        "coordinates": [
          35.20357763717624,
          31.787896157684685
        ]
      }
    },
    {
      "type": "Feature",
      "properties": {
        "type": "Light Rail",
        "network": "JNET",
        "route_name": "Light Green Line",
        "color": "#90EE90",
        "is_station": true,
        "station_name": "Binyanei HaUma Station"
      },
      "geometry": {
        "type": "Point",
        "coordinates": [
          35.20357763717624,
          31.787896157684685
        ]
      }
    },
    {
      "type": "Feature",
      "properties": {
        "type": "Light Rail",
        "network": "JNET",
        "route_name": "Green Line",
        "color": "#009B4E",
        "is_station": true,
        "station_name": "Binyanei HaUma Station"
      },
      "geometry": {
        "type": "Point",
        "coordinates": [
          35.20357763717624,
          31.787896157684685
        ]
      }
    },
    {
      "type": "Feature",
      "properties": {
        "type": "Light Rail",
        "network": "JNET",
        "route_name": "Green Line",
        "color": "#009B4E",
        "is_station": true,
        "station_name": "Sarei Yisrael Station"
      },
      "geometry": {
        "type": "Point",
        "coordinates": [
          35.207100837554734,
          31.79002858960618
        ]
      }
    },
    {
      "type": "Feature",
      "properties": {
        "type": "Light Rail",
        "network": "JNET",
        "route_name": "Light Green Line",
        "color": "#90EE90",
        "is_station": true,
        "station_name": "Sarei Yisrael Station"
      },
      "geometry": {
        "type": "Point",
        "coordinates": [
          35.207100837554734,
          31.79002858960618
        ]
      }
    },
    {
      "type": "Feature",
      "properties": {
        "type": "Light Rail",
        "network": "JNET",
        "route_name": "Green Line",
        "color": "#009B4E",
        "is_station": true,
        "station_name": "Shamgar Station"
      },
      "geometry": {
        "type": "Point",
        "coordinates": [
          35.209596745147465,
          31.792499591710083
        ]
      }
    },
    {
      "type": "Feature",
      "properties": {
        "type": "Light Rail",
        "network": "JNET",
        "route_name": "Light Green Line",
        "color": "#90EE90",
        "is_station": true,
        "station_name": "Shamgar Station"
      },
      "geometry": {
        "type": "Point",
        "coordinates": [
          35.209596745147465,
          31.792499591710083
        ]
      }
    },
    {
      "type": "Feature",
      "properties": {
        "type": "Light Rail",
        "network": "JNET",
        "route_name": "Green Line",
        "color": "#009B4E",
        "is_station": true,
        "station_name": "Yirmiyahu Station"
      },
      "geometry": {
        "type": "Point",
        "coordinates": [
          35.213749678342396,
          31.793044779076432
        ]
      }
    },
    {
      "type": "Feature",
      "properties": {
        "type": "Light Rail",
        "network": "JNET",
        "route_name": "Light Green Line",
        "color": "#90EE90",
        "is_station": true,
        "station_name": "Yirmiyahu Station"
      },
      "geometry": {
        "type": "Point",
        "coordinates": [
          35.213749678342396,
          31.793044779076432
        ]
      }
    },
    {
      "type": "Feature",
      "properties": {
        "type": "Light Rail",
        "network": "JNET",
        "route_name": "Green Line",
        "color": "#009B4E",
        "is_station": true,
        "station_name": "Maran HaRav Ovadia Yosef Junction Station"
      },
      "geometry": {
        "type": "Point",
        "coordinates": [
          35.21916785223501,
          31.795398196043916
        ]
      }
    },
    {
      "type": "Feature",
      "properties": {
        "type": "Light Rail",
        "network": "JNET",
        "route_name": "Light Green Line",
        "color": "#90EE90",
        "is_station": true,
        "station_name": "Maran HaRav Ovadia Yosef Junction Station"
      },
      "geometry": {
        "type": "Point",
        "coordinates": [
          35.21916785223501,
          31.795398196043916
        ]
      }
    },
    {
      "type": "Feature",
      "properties": {
        "type": "Light Rail",
        "network": "JNET",
        "route_name": "Green Line",
        "color": "#009B4E",
        "is_station": true,
        "station_name": "Sderot Eshkol Station"
      },
      "geometry": {
        "type": "Point",
        "coordinates": [
          35.2226996522184,
          31.7975170926442
        ]
      }
    },
    {
      "type": "Feature",
      "properties": {
        "type": "Light Rail",
        "network": "JNET",
        "route_name": "Light Green Line",
        "color": "#90EE90",
        "is_station": true,
        "station_name": "Sderot Eshkol Station"
      },
      "geometry": {
        "type": "Point",
        "coordinates": [
          35.2226996522184,
          31.7975170926442
        ]
      }
    },
    {
      "type": "Feature",
      "properties": {
        "type": "Light Rail",
        "network": "JNET",
        "route_name": "Green Line",
        "color": "#009B4E",
        "is_station": true,
        "station_name": "Zalman Shragai Station"
      },
      "geometry": {
        "type": "Point",
        "coordinates": [
          35.22910901710189,
          31.79779213421536
        ]
      }
    },
    {
      "type": "Feature",
      "properties": {
        "type": "Light Rail",
        "network": "JNET",
        "route_name": "Light Green Line",
        "color": "#90EE90",
        "is_station": true,
        "station_name": "Zalman Shragai Station"
      },
      "geometry": {
        "type": "Point",
        "coordinates": [
          35.22910901710189,
          31.79779213421536
        ]
      }
    },
    {
      "type": "Feature",
      "properties": {
        "type": "Light Rail",
        "network": "JNET",
        "route_name": "Light Blue Line",
        "color": "#ADD8E6",
        "is_station": true,
        "station_name": "Zalman Shragai Station"
      },
      "geometry": {
        "type": "Point",
        "coordinates": [
          35.22910901710189,
          31.79779213421536
        ]
      }
    },
    {
      "type": "Feature",
      "properties": {
        "type": "Light Rail",
        "network": "JNET",
        "route_name": "Light Blue Line",
        "color": "#ADD8E6",
        "is_station": true,
        "station_name": "Karl Netter Station"
      },
      "geometry": {
        "type": "Point",
        "coordinates": [
          35.22532027143379,
          31.79578617611315
        ]
      }
    },
    {
      "type": "Feature",
      "properties": {
        "type": "Light Rail",
        "network": "JNET",
        "route_name": "Green Line",
        "color": "#009B4E",
        "is_station": true,
        "station_name": "French Hill Station"
      },
      "geometry": {
        "type": "Point",
        "coordinates": [
          35.23856236082802,
          31.801018083421408
        ]
      }
    },
    {
      "type": "Feature",
      "properties": {
        "type": "Light Rail",
        "network": "JNET",
        "route_name": "Light Blue Line",
        "color": "#ADD8E6",
        "is_station": true,
        "station_name": "French Hill Station"
      },
      "geometry": {
        "type": "Point",
        "coordinates": [
          35.23856236082802,
          31.801018083421408
        ]
      }
    },
    {
      "type": "Feature",
      "properties": {
        "type": "Light Rail",
        "network": "JNET",
        "route_name": "Blue Line",
        "color": "#005C9E",
        "is_station": true,
        "station_name": "Beit Safafa Station"
      },
      "geometry": {
        "type": "Point",
        "coordinates": [
          35.20396467782639,
          31.73191230514208
        ]
      }
    },
    {
      "type": "Feature",
      "properties": {
        "type": "Light Rail",
        "network": "JNET",
        "route_name": "Blue Line",
        "color": "#005C9E",
        "is_station": true,
        "station_name": "HaMor Station"
      },
      "geometry": {
        "type": "Point",
        "coordinates": [
          35.20044254998832,
          31.732393397787217
        ]
      }
    },
    {
      "type": "Feature",
      "properties": {
        "type": "Light Rail",
        "network": "JNET",
        "route_name": "Blue Line",
        "color": "#005C9E",
        "is_station": true,
        "station_name": "Dov Yosef Station"
      },
      "geometry": {
        "type": "Point",
        "coordinates": [
          35.19596195313998,
          31.732885943654658
        ]
      }
    },
    {
      "type": "Feature",
      "properties": {
        "type": "Light Rail",
        "network": "JNET",
        "route_name": "Blue Line",
        "color": "#005C9E",
        "is_station": true,
        "station_name": "Shmuel Meir Station"
      },
      "geometry": {
        "type": "Point",
        "coordinates": [
          35.21124178013651,
          31.737507267025887
        ]
      }
    },
    {
      "type": "Feature",
      "properties": {
        "type": "Light Rail",
        "network": "JNET",
        "route_name": "Purple Line",
        "color": "#68217A",
        "is_station": true,
        "station_name": "Shmuel Meir Station"
      },
      "geometry": {
        "type": "Point",
        "coordinates": [
          35.21124178013651,
          31.737507267025887
        ]
      }
    },
    {
      "type": "Feature",
      "properties": {
        "type": "Light Rail",
        "network": "JNET",
        "route_name": "Blue Line",
        "color": "#005C9E",
        "is_station": true,
        "station_name": "Givat HaMatos Station"
      },
      "geometry": {
        "type": "Point",
        "coordinates": [
          35.21318827473845,
          31.74061185237811
        ]
      }
    },
    {
      "type": "Feature",
      "properties": {
        "type": "Light Rail",
        "network": "JNET",
        "route_name": "Purple Line",
        "color": "#68217A",
        "is_station": true,
        "station_name": "Givat HaMatos Station"
      },
      "geometry": {
        "type": "Point",
        "coordinates": [
          35.21318827473845,
          31.74061185237811
        ]
      }
    },
    {
      "type": "Feature",
      "properties": {
        "type": "Light Rail",
        "network": "JNET",
        "route_name": "Blue Line",
        "color": "#005C9E",
        "is_station": true,
        "station_name": "Baram Station"
      },
      "geometry": {
        "type": "Point",
        "coordinates": [
          35.21668552428288,
          31.74546759125252
        ]
      }
    },
    {
      "type": "Feature",
      "properties": {
        "type": "Light Rail",
        "network": "JNET",
        "route_name": "Purple Line",
        "color": "#68217A",
        "is_station": true,
        "station_name": "Baram Station"
      },
      "geometry": {
        "type": "Point",
        "coordinates": [
          35.21668552428288,
          31.74546759125252
        ]
      }
    },
    {
      "type": "Feature",
      "properties": {
        "type": "Light Rail",
        "network": "JNET",
        "route_name": "Pink Line",
        "color": "#FFC0CB",
        "is_station": true,
        "station_name": "Baram Station"
      },
      "geometry": {
        "type": "Point",
        "coordinates": [
          35.21668552428288,
          31.74546759125252
        ]
      }
    },
    {
      "type": "Feature",
      "properties": {
        "type": "Light Rail",
        "network": "JNET",
        "route_name": "Light Blue Line",
        "color": "#ADD8E6",
        "is_station": true,
        "station_name": "Yitzhak Modai Station"
      },
      "geometry": {
        "type": "Point",
        "coordinates": [
          35.18782193668655,
          31.748799473304423
        ]
      }
    },
    {
      "type": "Feature",
      "properties": {
        "type": "Light Rail",
        "network": "JNET",
        "route_name": "Green Line",
        "color": "#009B4E",
        "is_station": true,
        "station_name": "Yitzhak Modai Station"
      },
      "geometry": {
        "type": "Point",
        "coordinates": [
          35.18782193668655,
          31.748799473304423
        ]
      }
    },
    {
      "type": "Feature",
      "properties": {
        "type": "Light Rail",
        "network": "JNET",
        "route_name": "Light Blue Line",
        "color": "#ADD8E6",
        "is_station": true,
        "station_name": "Malha Station"
      },
      "geometry": {
        "type": "Point",
        "coordinates": [
          35.185445813748835,
          31.749348431470946
        ]
      }
    },
    {
      "type": "Feature",
      "properties": {
        "type": "Light Rail",
        "network": "JNET",
        "route_name": "Green Line",
        "color": "#009B4E",
        "is_station": true,
        "station_name": "Malha Station"
      },
      "geometry": {
        "type": "Point",
        "coordinates": [
          35.185445813748835,
          31.749348431470946
        ]
      }
    },
    {
      "type": "Feature",
      "properties": {
        "type": "Light Rail",
        "network": "JNET",
        "route_name": "Blue Line",
        "color": "#005C9E",
        "is_station": true,
        "station_name": "HaTnufa Station"
      },
      "geometry": {
        "type": "Point",
        "coordinates": [
          35.21914495846883,
          31.750610738997832
        ]
      }
    },
    {
      "type": "Feature",
      "properties": {
        "type": "Light Rail",
        "network": "JNET",
        "route_name": "Light Blue Line",
        "color": "#ADD8E6",
        "is_station": true,
        "station_name": "Pat Station"
      },
      "geometry": {
        "type": "Point",
        "coordinates": [
          35.20264112876404,
          31.75133397572998
        ]
      }
    },
    {
      "type": "Feature",
      "properties": {
        "type": "Light Rail",
        "network": "JNET",
        "route_name": "Pink Line",
        "color": "#FFC0CB",
        "is_station": true,
        "station_name": "Pat Station"
      },
      "geometry": {
        "type": "Point",
        "coordinates": [
          35.20264112876404,
          31.75133397572998
        ]
      }
    },
    {
      "type": "Feature",
      "properties": {
        "type": "Light Rail",
        "network": "JNET",
        "route_name": "Light Blue Line",
        "color": "#ADD8E6",
        "is_station": true,
        "station_name": "Malha Sports Complex Station"
      },
      "geometry": {
        "type": "Point",
        "coordinates": [
          35.19272838752598,
          31.75198451175089
        ]
      }
    },
    {
      "type": "Feature",
      "properties": {
        "type": "Light Rail",
        "network": "JNET",
        "route_name": "Purple Line",
        "color": "#68217A",
        "is_station": true,
        "station_name": "Malha Sports Complex Station"
      },
      "geometry": {
        "type": "Point",
        "coordinates": [
          35.19272838752598,
          31.75198451175089
        ]
      }
    },
    {
      "type": "Feature",
      "properties": {
        "type": "Light Rail",
        "network": "JNET",
        "route_name": "Green Line",
        "color": "#009B4E",
        "is_station": true,
        "station_name": "Malha Sports Complex Station"
      },
      "geometry": {
        "type": "Point",
        "coordinates": [
          35.19272838752598,
          31.75198451175089
        ]
      }
    },
    {
      "type": "Feature",
      "properties": {
        "type": "Light Rail",
        "network": "JNET",
        "route_name": "Light Blue Line",
        "color": "#ADD8E6",
        "is_station": true,
        "station_name": "Talpiot Station"
      },
      "geometry": {
        "type": "Point",
        "coordinates": [
          35.20754410473587,
          31.75242238158362
        ]
      }
    },
    {
      "type": "Feature",
      "properties": {
        "type": "Light Rail",
        "network": "JNET",
        "route_name": "Pink Line",
        "color": "#FFC0CB",
        "is_station": true,
        "station_name": "Talpiot Station"
      },
      "geometry": {
        "type": "Point",
        "coordinates": [
          35.20754410473587,
          31.75242238158362
        ]
      }
    },
    {
      "type": "Feature",
      "properties": {
        "type": "Light Rail",
        "network": "JNET",
        "route_name": "Light Blue Line",
        "color": "#ADD8E6",
        "is_station": true,
        "station_name": "HaAyal Station"
      },
      "geometry": {
        "type": "Point",
        "coordinates": [
          35.18811505963629,
          31.752910281798954
        ]
      }
    },
    {
      "type": "Feature",
      "properties": {
        "type": "Light Rail",
        "network": "JNET",
        "route_name": "Purple Line",
        "color": "#68217A",
        "is_station": true,
        "station_name": "HaAyal Station"
      },
      "geometry": {
        "type": "Point",
        "coordinates": [
          35.18811505963629,
          31.752910281798954
        ]
      }
    },
    {
      "type": "Feature",
      "properties": {
        "type": "Light Rail",
        "network": "JNET",
        "route_name": "Green Line",
        "color": "#009B4E",
        "is_station": true,
        "station_name": "HaAyal Station"
      },
      "geometry": {
        "type": "Point",
        "coordinates": [
          35.18811505963629,
          31.752910281798954
        ]
      }
    },
    {
      "type": "Feature",
      "properties": {
        "type": "Light Rail",
        "network": "JNET",
        "route_name": "Blue Line",
        "color": "#005C9E",
        "is_station": true,
        "station_name": "Ein Gedi Station"
      },
      "geometry": {
        "type": "Point",
        "coordinates": [
          35.220923470598045,
          31.754553205554533
        ]
      }
    },
    {
      "type": "Feature",
      "properties": {
        "type": "Light Rail",
        "network": "JNET",
        "route_name": "Blue Line",
        "color": "#005C9E",
        "is_station": true,
        "station_name": "Esther HaMalka Station"
      },
      "geometry": {
        "type": "Point",
        "coordinates": [
          35.22308016158045,
          31.758306696865628
        ]
      }
    },
    {
      "type": "Feature",
      "properties": {
        "type": "Light Rail",
        "network": "JNET",
        "route_name": "Blue Line",
        "color": "#005C9E",
        "is_station": true,
        "station_name": "Hebron Road Station"
      },
      "geometry": {
        "type": "Point",
        "coordinates": [
          35.224664058891165,
          31.76147436379001
        ]
      }
    },
    {
      "type": "Feature",
      "properties": {
        "type": "Light Rail",
        "network": "JNET",
        "route_name": "Light Blue Line",
        "color": "#ADD8E6",
        "is_station": true,
        "station_name": "Rachel Imenu Station"
      },
      "geometry": {
        "type": "Point",
        "coordinates": [
          35.21979811525347,
          31.76382159557304
        ]
      }
    },
    {
      "type": "Feature",
      "properties": {
        "type": "Light Rail",
        "network": "JNET",
        "route_name": "Blue Line",
        "color": "#005C9E",
        "is_station": true,
        "station_name": "The Khan Station"
      },
      "geometry": {
        "type": "Point",
        "coordinates": [
          35.22423401684734,
          31.768634060954593
        ]
      }
    },
    {
      "type": "Feature",
      "properties": {
        "type": "Light Rail",
        "network": "JNET",
        "route_name": "Light Blue Line",
        "color": "#ADD8E6",
        "is_station": true,
        "station_name": "The Khan Station"
      },
      "geometry": {
        "type": "Point",
        "coordinates": [
          35.22423401684734,
          31.768634060954593
        ]
      }
    },
    {
      "type": "Feature",
      "properties": {
        "type": "Light Rail",
        "network": "JNET",
        "route_name": "Blue Line",
        "color": "#005C9E",
        "is_station": true,
        "station_name": "Plumer Square Station"
      },
      "geometry": {
        "type": "Point",
        "coordinates": [
          35.2210813369144,
          31.772688599273053
        ]
      }
    },
    {
      "type": "Feature",
      "properties": {
        "type": "Light Rail",
        "network": "JNET",
        "route_name": "Light Blue Line",
        "color": "#ADD8E6",
        "is_station": true,
        "station_name": "Plumer Square Station"
      },
      "geometry": {
        "type": "Point",
        "coordinates": [
          35.2210813369144,
          31.772688599273053
        ]
      }
    },
    {
      "type": "Feature",
      "properties": {
        "type": "Light Rail",
        "network": "JNET",
        "route_name": "Blue Line",
        "color": "#005C9E",
        "is_station": true,
        "station_name": "Paris Square Station"
      },
      "geometry": {
        "type": "Point",
        "coordinates": [
          35.2174163431751,
          31.775928041145928
        ]
      }
    },
    {
      "type": "Feature",
      "properties": {
        "type": "Light Rail",
        "network": "JNET",
        "route_name": "Light Blue Line",
        "color": "#ADD8E6",
        "is_station": true,
        "station_name": "Paris Square Station"
      },
      "geometry": {
        "type": "Point",
        "coordinates": [
          35.2174163431751,
          31.775928041145928
        ]
      }
    },
    {
      "type": "Feature",
      "properties": {
        "type": "Light Rail",
        "network": "JNET",
        "route_name": "Blue Line",
        "color": "#005C9E",
        "is_station": true,
        "station_name": "Shmuel HaNagid Station"
      },
      "geometry": {
        "type": "Point",
        "coordinates": [
          35.215888958462024,
          31.778825580429373
        ]
      }
    },
    {
      "type": "Feature",
      "properties": {
        "type": "Light Rail",
        "network": "JNET",
        "route_name": "Light Blue Line",
        "color": "#ADD8E6",
        "is_station": true,
        "station_name": "Shmuel HaNagid Station"
      },
      "geometry": {
        "type": "Point",
        "coordinates": [
          35.215888958462024,
          31.778825580429373
        ]
      }
    },
    {
      "type": "Feature",
      "properties": {
        "type": "Light Rail",
        "network": "JNET",
        "route_name": "Blue Line",
        "color": "#005C9E",
        "is_station": true,
        "station_name": "Jaffa Center Station"
      },
      "geometry": {
        "type": "Point",
        "coordinates": [
          35.21723051498234,
          31.782469697802107
        ]
      }
    },
    {
      "type": "Feature",
      "properties": {
        "type": "Light Rail",
        "network": "JNET",
        "route_name": "Light Blue Line",
        "color": "#ADD8E6",
        "is_station": true,
        "station_name": "Jaffa Center Station"
      },
      "geometry": {
        "type": "Point",
        "coordinates": [
          35.21723051498234,
          31.782469697802107
        ]
      }
    },
    {
      "type": "Feature",
      "properties": {
        "type": "Light Rail",
        "network": "JNET",
        "route_name": "Blue Line",
        "color": "#005C9E",
        "is_station": true,
        "station_name": "Har Hotzvim Station"
      },
      "geometry": {
        "type": "Point",
        "coordinates": [
          35.20842804853947,
          31.800297230221165
        ]
      }
    },
    {
      "type": "Feature",
      "properties": {
        "type": "Light Rail",
        "network": "JNET",
        "route_name": "Blue Line",
        "color": "#005C9E",
        "is_station": true,
        "station_name": "Hartom Station"
      },
      "geometry": {
        "type": "Point",
        "coordinates": [
          35.21292756006401,
          31.799970501355073
        ]
      }
    },
    {
      "type": "Feature",
      "properties": {
        "type": "Light Rail",
        "network": "JNET",
        "route_name": "Blue Line",
        "color": "#005C9E",
        "is_station": true,
        "station_name": "Yigael Yadin Station"
      },
      "geometry": {
        "type": "Point",
        "coordinates": [
          35.204039880277655,
          31.80785276133489
        ]
      }
    },
    {
      "type": "Feature",
      "properties": {
        "type": "Light Rail",
        "network": "JNET",
        "route_name": "Blue Line",
        "color": "#005C9E",
        "is_station": true,
        "station_name": "Truman Station"
      },
      "geometry": {
        "type": "Point",
        "coordinates": [
          35.199459980320064,
          31.81265125851467
        ]
      }
    },
    {
      "type": "Feature",
      "properties": {
        "type": "Light Rail",
        "network": "JNET",
        "route_name": "Blue Line",
        "color": "#005C9E",
        "is_station": true,
        "station_name": "Ramot Center Station"
      },
      "geometry": {
        "type": "Point",
        "coordinates": [
          35.19467958044952,
          31.818441640800625
        ]
      }
    },
    {
      "type": "Feature",
      "properties": {
        "type": "Light Rail",
        "network": "JNET",
        "route_name": "Blue Line",
        "color": "#005C9E",
        "is_station": true,
        "station_name": "Ramot Intermodal Station"
      },
      "geometry": {
        "type": "Point",
        "coordinates": [
          35.18905535367774,
          31.824162100453226
        ]
      }
    },
    {
      "type": "Feature",
      "properties": {
        "type": "Light Rail",
        "network": "JNET",
        "route_name": "Blue Line",
        "color": "#005C9E",
        "is_station": true,
        "station_name": "Mea Shearim Station"
      },
      "geometry": {
        "type": "Point",
        "coordinates": [
          35.21876927599804,
          31.787340063594247
        ]
      }
    },
    {
      "type": "Feature",
      "properties": {
        "type": "Light Rail",
        "network": "JNET",
        "route_name": "Light Blue Line",
        "color": "#ADD8E6",
        "is_station": true,
        "station_name": "Mea Shearim Station"
      },
      "geometry": {
        "type": "Point",
        "coordinates": [
          35.21876927599804,
          31.787340063594247
        ]
      }
    },
    {
      "type": "Feature",
      "properties": {
        "type": "Light Rail",
        "network": "JNET",
        "route_name": "Blue Line",
        "color": "#005C9E",
        "is_station": true,
        "station_name": "Tzfanya Station"
      },
      "geometry": {
        "type": "Point",
        "coordinates": [
          35.22091297571579,
          31.792502389969204
        ]
      }
    },
    {
      "type": "Feature",
      "properties": {
        "type": "Light Rail",
        "network": "JNET",
        "route_name": "Light Blue Line",
        "color": "#ADD8E6",
        "is_station": true,
        "station_name": "Tzfanya Station"
      },
      "geometry": {
        "type": "Point",
        "coordinates": [
          35.22091297571579,
          31.792502389969204
        ]
      }
    },
    {
      "type": "Feature",
      "properties": {
        "type": "Light Rail",
        "network": "JNET",
        "route_name": "Blue Line",
        "color": "#005C9E",
        "is_station": true,
        "station_name": "Bar Ilan Station"
      },
      "geometry": {
        "type": "Point",
        "coordinates": [
          35.219808257117556,
          31.795902854725526
        ]
      }
    },
    {
      "type": "Feature",
      "properties": {
        "type": "Light Rail",
        "network": "JNET",
        "route_name": "Light Green Line",
        "color": "#90EE90",
        "is_station": true,
        "station_name": "Har Nof Station"
      },
      "geometry": {
        "type": "Point",
        "coordinates": [
          35.181410342718024,
          31.787345825316663
        ]
      }
    },
    {
      "type": "Feature",
      "properties": {
        "type": "Light Rail",
        "network": "JNET",
        "route_name": "Pink Line",
        "color": "#FFC0CB",
        "is_station": true,
        "station_name": "Har Nof Station"
      },
      "geometry": {
        "type": "Point",
        "coordinates": [
          35.181410342718024,
          31.787345825316663
        ]
      }
    },
    {
      "type": "Feature",
      "properties": {
        "type": "Light Rail",
        "network": "JNET",
        "route_name": "Light Green Line",
        "color": "#90EE90",
        "is_station": true,
        "station_name": "Kanfei Nesharim Center Station"
      },
      "geometry": {
        "type": "Point",
        "coordinates": [
          35.18512460769595,
          31.787698636821144
        ]
      }
    },
    {
      "type": "Feature",
      "properties": {
        "type": "Light Rail",
        "network": "JNET",
        "route_name": "Pink Line",
        "color": "#FFC0CB",
        "is_station": true,
        "station_name": "Kanfei Nesharim Center Station"
      },
      "geometry": {
        "type": "Point",
        "coordinates": [
          35.18512460769595,
          31.787698636821144
        ]
      }
    },
    {
      "type": "Feature",
      "properties": {
        "type": "Light Rail",
        "network": "JNET",
        "route_name": "Light Green Line",
        "color": "#90EE90",
        "is_station": true,
        "station_name": "Givat Shaul Station"
      },
      "geometry": {
        "type": "Point",
        "coordinates": [
          35.188993171547665,
          31.787666239141487
        ]
      }
    },
    {
      "type": "Feature",
      "properties": {
        "type": "Light Rail",
        "network": "JNET",
        "route_name": "Pink Line",
        "color": "#FFC0CB",
        "is_station": true,
        "station_name": "Givat Shaul Station"
      },
      "geometry": {
        "type": "Point",
        "coordinates": [
          35.188993171547665,
          31.787666239141487
        ]
      }
    },
    {
      "type": "Feature",
      "properties": {
        "type": "Light Rail",
        "network": "JNET",
        "route_name": "Light Green Line",
        "color": "#90EE90",
        "is_station": true,
        "station_name": "HaRav Tzvi Yehuda Station"
      },
      "geometry": {
        "type": "Point",
        "coordinates": [
          35.19581913171919,
          31.78765495785511
        ]
      }
    },
    {
      "type": "Feature",
      "properties": {
        "type": "Light Rail",
        "network": "JNET",
        "route_name": "Pink Line",
        "color": "#FFC0CB",
        "is_station": true,
        "station_name": "HaRav Tzvi Yehuda Station"
      },
      "geometry": {
        "type": "Point",
        "coordinates": [
          35.19581913171919,
          31.78765495785511
        ]
      }
    },
    {
      "type": "Feature",
      "properties": {
        "type": "Light Rail",
        "network": "JNET",
        "route_name": "Yellow Line",
        "color": "#FFD100",
        "is_station": true,
        "station_name": "Israel Museum Station"
      },
      "geometry": {
        "type": "Point",
        "coordinates": [
          35.20467875945602,
          31.774294700029344
        ]
      }
    },
    {
      "type": "Feature",
      "properties": {
        "type": "Light Rail",
        "network": "JNET",
        "route_name": "Yellow Line",
        "color": "#FFD100",
        "is_station": true,
        "station_name": "The Knesset Station"
      },
      "geometry": {
        "type": "Point",
        "coordinates": [
          35.20366424824978,
          31.777289770431867
        ]
      }
    },
    {
      "type": "Feature",
      "properties": {
        "type": "Light Rail",
        "network": "JNET",
        "route_name": "Yellow Line",
        "color": "#FFD100",
        "is_station": true,
        "station_name": "Supreme Court Station"
      },
      "geometry": {
        "type": "Point",
        "coordinates": [
          35.20195018793223,
          31.781166731987973
        ]
      }
    },
    {
      "type": "Feature",
      "properties": {
        "type": "Light Rail",
        "network": "JNET",
        "route_name": "Red Line",
        "color": "#E3000F",
        "is_station": true,
        "station_name": "Mount Herzl Station"
      },
      "geometry": {
        "type": "Point",
        "coordinates": [
          35.18159013957903,
          31.770915152468998
        ]
      }
    },
    {
      "type": "Feature",
      "properties": {
        "type": "Light Rail",
        "network": "JNET",
        "route_name": "Red Line",
        "color": "#E3000F",
        "is_station": true,
        "station_name": "Mount Herzl Station"
      },
      "geometry": {
        "type": "Point",
        "coordinates": [
          35.18159013957903,
          31.770915152468998
        ]
      }
    },
    {
      "type": "Feature",
      "properties": {
        "type": "Light Rail",
        "network": "JNET",
        "route_name": "Red Line",
        "color": "#E3000F",
        "is_station": true,
        "station_name": "Yefe Nof Station"
      },
      "geometry": {
        "type": "Point",
        "coordinates": [
          35.18500010806049,
          31.776971778812143
        ]
      }
    },
    {
      "type": "Feature",
      "properties": {
        "type": "Light Rail",
        "network": "JNET",
        "route_name": "Red Line",
        "color": "#E3000F",
        "is_station": true,
        "station_name": "Yefe Nof Station"
      },
      "geometry": {
        "type": "Point",
        "coordinates": [
          35.18500010806049,
          31.776971778812143
        ]
      }
    },
    {
      "type": "Feature",
      "properties": {
        "type": "Light Rail",
        "network": "JNET",
        "route_name": "Red Line",
        "color": "#E3000F",
        "is_station": true,
        "station_name": "Denia Square Station"
      },
      "geometry": {
        "type": "Point",
        "coordinates": [
          35.18835940591225,
          31.78066606882357
        ]
      }
    },
    {
      "type": "Feature",
      "properties": {
        "type": "Light Rail",
        "network": "JNET",
        "route_name": "Red Line",
        "color": "#E3000F",
        "is_station": true,
        "station_name": "Denia Square Station"
      },
      "geometry": {
        "type": "Point",
        "coordinates": [
          35.18835940591225,
          31.78066606882357
        ]
      }
    },
    {
      "type": "Feature",
      "properties": {
        "type": "Light Rail",
        "network": "JNET",
        "route_name": "Red Line",
        "color": "#E3000F",
        "is_station": true,
        "station_name": "HaHalutz Station"
      },
      "geometry": {
        "type": "Point",
        "coordinates": [
          35.19151390993369,
          31.78285552724287
        ]
      }
    },
    {
      "type": "Feature",
      "properties": {
        "type": "Light Rail",
        "network": "JNET",
        "route_name": "Red Line",
        "color": "#E3000F",
        "is_station": true,
        "station_name": "HaHalutz Station"
      },
      "geometry": {
        "type": "Point",
        "coordinates": [
          35.19151390993369,
          31.78285552724287
        ]
      }
    },
    {
      "type": "Feature",
      "properties": {
        "type": "Light Rail",
        "network": "JNET",
        "route_name": "Red Line",
        "color": "#E3000F",
        "is_station": true,
        "station_name": "HaDavidka Station"
      },
      "geometry": {
        "type": "Point",
        "coordinates": [
          35.2152545038265,
          31.784647742157897
        ]
      }
    },
    {
      "type": "Feature",
      "properties": {
        "type": "Light Rail",
        "network": "JNET",
        "route_name": "Yellow Line",
        "color": "#FFD100",
        "is_station": true,
        "station_name": "HaDavidka Station"
      },
      "geometry": {
        "type": "Point",
        "coordinates": [
          35.2152545038265,
          31.784647742157897
        ]
      }
    },
    {
      "type": "Feature",
      "properties": {
        "type": "Light Rail",
        "network": "JNET",
        "route_name": "Green Line",
        "color": "#009B4E",
        "is_station": true,
        "station_name": "HaDavidka Station"
      },
      "geometry": {
        "type": "Point",
        "coordinates": [
          35.2152545038265,
          31.784647742157897
        ]
      }
    },
    {
      "type": "Feature",
      "properties": {
        "type": "Light Rail",
        "network": "JNET",
        "route_name": "Red Line",
        "color": "#E3000F",
        "is_station": true,
        "station_name": "Jaffa Center Station"
      },
      "geometry": {
        "type": "Point",
        "coordinates": [
          35.21833845842203,
          31.78297545731652
        ]
      }
    },
    {
      "type": "Feature",
      "properties": {
        "type": "Light Rail",
        "network": "JNET",
        "route_name": "Yellow Line",
        "color": "#FFD100",
        "is_station": true,
        "station_name": "Jaffa Center Station"
      },
      "geometry": {
        "type": "Point",
        "coordinates": [
          35.21833845842203,
          31.78297545731652
        ]
      }
    },
    {
      "type": "Feature",
      "properties": {
        "type": "Light Rail",
        "network": "JNET",
        "route_name": "Green Line",
        "color": "#009B4E",
        "is_station": true,
        "station_name": "Jaffa Center Station"
      },
      "geometry": {
        "type": "Point",
        "coordinates": [
          35.21833845842203,
          31.78297545731652
        ]
      }
    },
    {
      "type": "Feature",
      "properties": {
        "type": "Light Rail",
        "network": "JNET",
        "route_name": "Red Line",
        "color": "#E3000F",
        "is_station": true,
        "station_name": "City Hall Station"
      },
      "geometry": {
        "type": "Point",
        "coordinates": [
          35.22404256440473,
          31.77968028513636
        ]
      }
    },
    {
      "type": "Feature",
      "properties": {
        "type": "Light Rail",
        "network": "JNET",
        "route_name": "Green Line",
        "color": "#009B4E",
        "is_station": true,
        "station_name": "City Hall Station"
      },
      "geometry": {
        "type": "Point",
        "coordinates": [
          35.22404256440473,
          31.77968028513636
        ]
      }
    },
    {
      "type": "Feature",
      "properties": {
        "type": "Light Rail",
        "network": "JNET",
        "route_name": "Red Line",
        "color": "#E3000F",
        "is_station": true,
        "station_name": "Damascus Gate Station"
      },
      "geometry": {
        "type": "Point",
        "coordinates": [
          35.22791743655336,
          31.7824874287593
        ]
      }
    },
    {
      "type": "Feature",
      "properties": {
        "type": "Light Rail",
        "network": "JNET",
        "route_name": "Brown Line",
        "color": "#783F04",
        "is_station": true,
        "station_name": "Damascus Gate Station"
      },
      "geometry": {
        "type": "Point",
        "coordinates": [
          35.22791743655336,
          31.7824874287593
        ]
      }
    },
    {
      "type": "Feature",
      "properties": {
        "type": "Light Rail",
        "network": "JNET",
        "route_name": "Green Line",
        "color": "#009B4E",
        "is_station": true,
        "station_name": "Damascus Gate Station"
      },
      "geometry": {
        "type": "Point",
        "coordinates": [
          35.22791743655336,
          31.7824874287593
        ]
      }
    },
    {
      "type": "Feature",
      "properties": {
        "type": "Light Rail",
        "network": "JNET",
        "route_name": "Red Line",
        "color": "#E3000F",
        "is_station": true,
        "station_name": "Kiryat Moshe Station"
      },
      "geometry": {
        "type": "Point",
        "coordinates": [
          35.19819538041478,
          31.786289633814707
        ]
      }
    },
    {
      "type": "Feature",
      "properties": {
        "type": "Light Rail",
        "network": "JNET",
        "route_name": "Red Line",
        "color": "#E3000F",
        "is_station": true,
        "station_name": "Kiryat Moshe Station"
      },
      "geometry": {
        "type": "Point",
        "coordinates": [
          35.19819538041478,
          31.786289633814707
        ]
      }
    },
    {
      "type": "Feature",
      "properties": {
        "type": "Light Rail",
        "network": "JNET",
        "route_name": "Red Line",
        "color": "#E3000F",
        "is_station": true,
        "station_name": "Central Station"
      },
      "geometry": {
        "type": "Point",
        "coordinates": [
          35.202620824749076,
          31.788532937373482
        ]
      }
    },
    {
      "type": "Feature",
      "properties": {
        "type": "Light Rail",
        "network": "JNET",
        "route_name": "Yellow Line",
        "color": "#FFD100",
        "is_station": true,
        "station_name": "Central Station"
      },
      "geometry": {
        "type": "Point",
        "coordinates": [
          35.202620824749076,
          31.788532937373482
        ]
      }
    },
    {
      "type": "Feature",
      "properties": {
        "type": "Light Rail",
        "network": "JNET",
        "route_name": "Red Line",
        "color": "#E3000F",
        "is_station": true,
        "station_name": "Central Station"
      },
      "geometry": {
        "type": "Point",
        "coordinates": [
          35.202620824749076,
          31.788532937373482
        ]
      }
    },
    {
      "type": "Feature",
      "properties": {
        "type": "Light Rail",
        "network": "JNET",
        "route_name": "Red Line",
        "color": "#E3000F",
        "is_station": true,
        "station_name": "HaTurim Station"
      },
      "geometry": {
        "type": "Point",
        "coordinates": [
          35.20696642213393,
          31.787897261285003
        ]
      }
    },
    {
      "type": "Feature",
      "properties": {
        "type": "Light Rail",
        "network": "JNET",
        "route_name": "Yellow Line",
        "color": "#FFD100",
        "is_station": true,
        "station_name": "HaTurim Station"
      },
      "geometry": {
        "type": "Point",
        "coordinates": [
          35.20696642213393,
          31.787897261285003
        ]
      }
    },
    {
      "type": "Feature",
      "properties": {
        "type": "Light Rail",
        "network": "JNET",
        "route_name": "Red Line",
        "color": "#E3000F",
        "is_station": true,
        "station_name": "HaTurim Station"
      },
      "geometry": {
        "type": "Point",
        "coordinates": [
          35.20696642213393,
          31.787897261285003
        ]
      }
    },
    {
      "type": "Feature",
      "properties": {
        "type": "Light Rail",
        "network": "JNET",
        "route_name": "Green Line",
        "color": "#009B4E",
        "is_station": true,
        "station_name": "HaTurim Station"
      },
      "geometry": {
        "type": "Point",
        "coordinates": [
          35.20696642213393,
          31.787897261285003
        ]
      }
    },
    {
      "type": "Feature",
      "properties": {
        "type": "Light Rail",
        "network": "JNET",
        "route_name": "Red Line",
        "color": "#E3000F",
        "is_station": true,
        "station_name": "Mahane Yehuda Station"
      },
      "geometry": {
        "type": "Point",
        "coordinates": [
          35.21146643205343,
          31.786089066635498
        ]
      }
    },
    {
      "type": "Feature",
      "properties": {
        "type": "Light Rail",
        "network": "JNET",
        "route_name": "Yellow Line",
        "color": "#FFD100",
        "is_station": true,
        "station_name": "Mahane Yehuda Station"
      },
      "geometry": {
        "type": "Point",
        "coordinates": [
          35.21146643205343,
          31.786089066635498
        ]
      }
    },
    {
      "type": "Feature",
      "properties": {
        "type": "Light Rail",
        "network": "JNET",
        "route_name": "Green Line",
        "color": "#009B4E",
        "is_station": true,
        "station_name": "Mahane Yehuda Station"
      },
      "geometry": {
        "type": "Point",
        "coordinates": [
          35.21146643205343,
          31.786089066635498
        ]
      }
    },
    {
      "type": "Feature",
      "properties": {
        "type": "Light Rail",
        "network": "JNET",
        "route_name": "Red Line",
        "color": "#E3000F",
        "is_station": true,
        "station_name": "Shivtei Israel Station"
      },
      "geometry": {
        "type": "Point",
        "coordinates": [
          35.22719844548739,
          31.786353856881668
        ]
      }
    },
    {
      "type": "Feature",
      "properties": {
        "type": "Light Rail",
        "network": "JNET",
        "route_name": "Brown Line",
        "color": "#783F04",
        "is_station": true,
        "station_name": "Shivtei Israel Station"
      },
      "geometry": {
        "type": "Point",
        "coordinates": [
          35.22719844548739,
          31.786353856881668
        ]
      }
    },
    {
      "type": "Feature",
      "properties": {
        "type": "Light Rail",
        "network": "JNET",
        "route_name": "Red Line",
        "color": "#E3000F",
        "is_station": true,
        "station_name": "Shimon HaTzadik Station"
      },
      "geometry": {
        "type": "Point",
        "coordinates": [
          35.22638704076414,
          31.793081082275233
        ]
      }
    },
    {
      "type": "Feature",
      "properties": {
        "type": "Light Rail",
        "network": "JNET",
        "route_name": "Brown Line",
        "color": "#783F04",
        "is_station": true,
        "station_name": "Shimon HaTzadik Station"
      },
      "geometry": {
        "type": "Point",
        "coordinates": [
          35.22638704076414,
          31.793081082275233
        ]
      }
    },
    {
      "type": "Feature",
      "properties": {
        "type": "Light Rail",
        "network": "JNET",
        "route_name": "Red Line",
        "color": "#E3000F",
        "is_station": true,
        "station_name": "Ammunition Hill Station"
      },
      "geometry": {
        "type": "Point",
        "coordinates": [
          35.23209170801429,
          31.799166999734087
        ]
      }
    },
    {
      "type": "Feature",
      "properties": {
        "type": "Light Rail",
        "network": "JNET",
        "route_name": "Light Green Line",
        "color": "#90EE90",
        "is_station": true,
        "station_name": "Ammunition Hill Station"
      },
      "geometry": {
        "type": "Point",
        "coordinates": [
          35.23209170801429,
          31.799166999734087
        ]
      }
    },
    {
      "type": "Feature",
      "properties": {
        "type": "Light Rail",
        "network": "JNET",
        "route_name": "Brown Line",
        "color": "#783F04",
        "is_station": true,
        "station_name": "Ammunition Hill Station"
      },
      "geometry": {
        "type": "Point",
        "coordinates": [
          35.23209170801429,
          31.799166999734087
        ]
      }
    },
    {
      "type": "Feature",
      "properties": {
        "type": "Light Rail",
        "network": "JNET",
        "route_name": "Red Line",
        "color": "#E3000F",
        "is_station": true,
        "station_name": "Shuafat Station"
      },
      "geometry": {
        "type": "Point",
        "coordinates": [
          35.22983761104061,
          31.814429579059585
        ]
      }
    },
    {
      "type": "Feature",
      "properties": {
        "type": "Light Rail",
        "network": "JNET",
        "route_name": "Light Green Line",
        "color": "#90EE90",
        "is_station": true,
        "station_name": "Shuafat Station"
      },
      "geometry": {
        "type": "Point",
        "coordinates": [
          35.22983761104061,
          31.814429579059585
        ]
      }
    },
    {
      "type": "Feature",
      "properties": {
        "type": "Light Rail",
        "network": "JNET",
        "route_name": "Brown Line",
        "color": "#783F04",
        "is_station": true,
        "station_name": "Shuafat Station"
      },
      "geometry": {
        "type": "Point",
        "coordinates": [
          35.22983761104061,
          31.814429579059585
        ]
      }
    },
    {
      "type": "Feature",
      "properties": {
        "type": "Light Rail",
        "network": "JNET",
        "route_name": "Red Line",
        "color": "#E3000F",
        "is_station": true,
        "station_name": "A-Sahl Station"
      },
      "geometry": {
        "type": "Point",
        "coordinates": [
          35.232819201850845,
          31.811232280564372
        ]
      }
    },
    {
      "type": "Feature",
      "properties": {
        "type": "Light Rail",
        "network": "JNET",
        "route_name": "Light Green Line",
        "color": "#90EE90",
        "is_station": true,
        "station_name": "A-Sahl Station"
      },
      "geometry": {
        "type": "Point",
        "coordinates": [
          35.232819201850845,
          31.811232280564372
        ]
      }
    },
    {
      "type": "Feature",
      "properties": {
        "type": "Light Rail",
        "network": "JNET",
        "route_name": "Brown Line",
        "color": "#783F04",
        "is_station": true,
        "station_name": "A-Sahl Station"
      },
      "geometry": {
        "type": "Point",
        "coordinates": [
          35.232819201850845,
          31.811232280564372
        ]
      }
    },
    {
      "type": "Feature",
      "properties": {
        "type": "Light Rail",
        "network": "JNET",
        "route_name": "Red Line",
        "color": "#E3000F",
        "is_station": true,
        "station_name": "Givat HaMivtar Station"
      },
      "geometry": {
        "type": "Point",
        "coordinates": [
          35.23430461938403,
          31.805548197237542
        ]
      }
    },
    {
      "type": "Feature",
      "properties": {
        "type": "Light Rail",
        "network": "JNET",
        "route_name": "Light Green Line",
        "color": "#90EE90",
        "is_station": true,
        "station_name": "Givat HaMivtar Station"
      },
      "geometry": {
        "type": "Point",
        "coordinates": [
          35.23430461938403,
          31.805548197237542
        ]
      }
    },
    {
      "type": "Feature",
      "properties": {
        "type": "Light Rail",
        "network": "JNET",
        "route_name": "Brown Line",
        "color": "#783F04",
        "is_station": true,
        "station_name": "Givat HaMivtar Station"
      },
      "geometry": {
        "type": "Point",
        "coordinates": [
          35.23430461938403,
          31.805548197237542
        ]
      }
    },
    {
      "type": "Feature",
      "properties": {
        "type": "Light Rail",
        "network": "JNET",
        "route_name": "Red Line",
        "color": "#E3000F",
        "is_station": true,
        "station_name": "Beit Hanina Station"
      },
      "geometry": {
        "type": "Point",
        "coordinates": [
          35.229160055793265,
          31.819843283466422
        ]
      }
    },
    {
      "type": "Feature",
      "properties": {
        "type": "Light Rail",
        "network": "JNET",
        "route_name": "Light Green Line",
        "color": "#90EE90",
        "is_station": true,
        "station_name": "Beit Hanina Station"
      },
      "geometry": {
        "type": "Point",
        "coordinates": [
          35.229160055793265,
          31.819843283466422
        ]
      }
    },
    {
      "type": "Feature",
      "properties": {
        "type": "Light Rail",
        "network": "JNET",
        "route_name": "Red Line",
        "color": "#E3000F",
        "is_station": true,
        "station_name": "Pisgat Zeev Center Station"
      },
      "geometry": {
        "type": "Point",
        "coordinates": [
          35.23766783705211,
          31.82376987890067
        ]
      }
    },
    {
      "type": "Feature",
      "properties": {
        "type": "Light Rail",
        "network": "JNET",
        "route_name": "Light Green Line",
        "color": "#90EE90",
        "is_station": true,
        "station_name": "Pisgat Zeev Center Station"
      },
      "geometry": {
        "type": "Point",
        "coordinates": [
          35.23766783705211,
          31.82376987890067
        ]
      }
    },
    {
      "type": "Feature",
      "properties": {
        "type": "Light Rail",
        "network": "JNET",
        "route_name": "Red Line",
        "color": "#E3000F",
        "is_station": true,
        "station_name": "Yekutiel Adam Station"
      },
      "geometry": {
        "type": "Point",
        "coordinates": [
          35.23934342907098,
          31.819401129777663
        ]
      }
    },
    {
      "type": "Feature",
      "properties": {
        "type": "Light Rail",
        "network": "JNET",
        "route_name": "Light Green Line",
        "color": "#90EE90",
        "is_station": true,
        "station_name": "Yekutiel Adam Station"
      },
      "geometry": {
        "type": "Point",
        "coordinates": [
          35.23934342907098,
          31.819401129777663
        ]
      }
    },
    {
      "type": "Feature",
      "properties": {
        "type": "Light Rail",
        "network": "JNET",
        "route_name": "Red Line",
        "color": "#E3000F",
        "is_station": true,
        "station_name": "Sayeret Duchifat Station"
      },
      "geometry": {
        "type": "Point",
        "coordinates": [
          35.24025387792888,
          31.826161679408287
        ]
      }
    },
    {
      "type": "Feature",
      "properties": {
        "type": "Light Rail",
        "network": "JNET",
        "route_name": "Light Green Line",
        "color": "#90EE90",
        "is_station": true,
        "station_name": "Sayeret Duchifat Station"
      },
      "geometry": {
        "type": "Point",
        "coordinates": [
          35.24025387792888,
          31.826161679408287
        ]
      }
    },
    {
      "type": "Feature",
      "properties": {
        "type": "Light Rail",
        "network": "JNET",
        "route_name": "Red Line",
        "color": "#E3000F",
        "is_station": true,
        "station_name": "Heil HaAvir Station"
      },
      "geometry": {
        "type": "Point",
        "coordinates": [
          35.238432021592544,
          31.82901656082392
        ]
      }
    },
    {
      "type": "Feature",
      "properties": {
        "type": "Light Rail",
        "network": "JNET",
        "route_name": "Light Green Line",
        "color": "#90EE90",
        "is_station": true,
        "station_name": "Heil HaAvir Station"
      },
      "geometry": {
        "type": "Point",
        "coordinates": [
          35.238432021592544,
          31.82901656082392
        ]
      }
    },
    {
      "type": "Feature",
      "properties": {
        "type": "Light Rail",
        "network": "JNET",
        "route_name": "Red Line",
        "color": "#E3000F",
        "is_station": true,
        "station_name": "Mazal Keshet Station"
      },
      "geometry": {
        "type": "Point",
        "coordinates": [
          35.23426675822678,
          31.837392611143432
        ]
      }
    },
    {
      "type": "Feature",
      "properties": {
        "type": "Light Rail",
        "network": "JNET",
        "route_name": "Light Green Line",
        "color": "#90EE90",
        "is_station": true,
        "station_name": "Mazal Keshet Station"
      },
      "geometry": {
        "type": "Point",
        "coordinates": [
          35.23426675822678,
          31.837392611143432
        ]
      }
    },
    {
      "type": "Feature",
      "properties": {
        "type": "Light Rail",
        "network": "JNET",
        "route_name": "Red Line",
        "color": "#E3000F",
        "is_station": true,
        "station_name": "Moshe Dayan North Station"
      },
      "geometry": {
        "type": "Point",
        "coordinates": [
          35.23477228905864,
          31.833516699882903
        ]
      }
    },
    {
      "type": "Feature",
      "properties": {
        "type": "Light Rail",
        "network": "JNET",
        "route_name": "Light Green Line",
        "color": "#90EE90",
        "is_station": true,
        "station_name": "Moshe Dayan North Station"
      },
      "geometry": {
        "type": "Point",
        "coordinates": [
          35.23477228905864,
          31.833516699882903
        ]
      }
    },
    {
      "type": "Feature",
      "properties": {
        "type": "Light Rail",
        "network": "JNET",
        "route_name": "Red Line",
        "color": "#E3000F",
        "is_station": true,
        "station_name": "Yitzhak Tabenkin Station"
      },
      "geometry": {
        "type": "Point",
        "coordinates": [
          35.23761276255981,
          31.838170239283734
        ]
      }
    },
    {
      "type": "Feature",
      "properties": {
        "type": "Light Rail",
        "network": "JNET",
        "route_name": "Light Green Line",
        "color": "#90EE90",
        "is_station": true,
        "station_name": "Yitzhak Tabenkin Station"
      },
      "geometry": {
        "type": "Point",
        "coordinates": [
          35.23761276255981,
          31.838170239283734
        ]
      }
    },
    {
      "type": "Feature",
      "properties": {
        "type": "Light Rail",
        "network": "JNET",
        "route_name": "Red Line",
        "color": "#E3000F",
        "is_station": true,
        "station_name": "Neve Yaakov North Station"
      },
      "geometry": {
        "type": "Point",
        "coordinates": [
          35.24030828532003,
          31.841074915452484
        ]
      }
    },
    {
      "type": "Feature",
      "properties": {
        "type": "Light Rail",
        "network": "JNET",
        "route_name": "Light Green Line",
        "color": "#90EE90",
        "is_station": true,
        "station_name": "Neve Yaakov North Station"
      },
      "geometry": {
        "type": "Point",
        "coordinates": [
          35.24030828532003,
          31.841074915452484
        ]
      }
    },
    {
      "type": "Feature",
      "properties": {
        "type": "Light Rail",
        "network": "JNET",
        "route_name": "Red Line",
        "color": "#E3000F",
        "is_station": true,
        "station_name": "Kiryat HaYovel West Station"
      },
      "geometry": {
        "type": "Point",
        "coordinates": [
          35.17447911965449,
          31.76707872117535
        ]
      }
    },
    {
      "type": "Feature",
      "properties": {
        "type": "Light Rail",
        "network": "JNET",
        "route_name": "Red Line",
        "color": "#E3000F",
        "is_station": true,
        "station_name": "Kiryat HaYovel West Station"
      },
      "geometry": {
        "type": "Point",
        "coordinates": [
          35.17447911965449,
          31.76707872117535
        ]
      }
    },
    {
      "type": "Feature",
      "properties": {
        "type": "Light Rail",
        "network": "JNET",
        "route_name": "Red Line",
        "color": "#E3000F",
        "is_station": true,
        "station_name": "Henrietta Szold East Station"
      },
      "geometry": {
        "type": "Point",
        "coordinates": [
          35.16811214390831,
          31.75995131730642
        ]
      }
    },
    {
      "type": "Feature",
      "properties": {
        "type": "Light Rail",
        "network": "JNET",
        "route_name": "Purple Line",
        "color": "#68217A",
        "is_station": true,
        "station_name": "Henrietta Szold East Station"
      },
      "geometry": {
        "type": "Point",
        "coordinates": [
          35.16811214390831,
          31.75995131730642
        ]
      }
    },
    {
      "type": "Feature",
      "properties": {
        "type": "Light Rail",
        "network": "JNET",
        "route_name": "Red Line",
        "color": "#E3000F",
        "is_station": true,
        "station_name": "Henrietta Szold East Station"
      },
      "geometry": {
        "type": "Point",
        "coordinates": [
          35.16811214390831,
          31.75995131730642
        ]
      }
    },
    {
      "type": "Feature",
      "properties": {
        "type": "Light Rail",
        "network": "JNET",
        "route_name": "Red Line",
        "color": "#E3000F",
        "is_station": true,
        "station_name": "Kiryat Menachem Station"
      },
      "geometry": {
        "type": "Point",
        "coordinates": [
          35.16418290207801,
          31.76008828766581
        ]
      }
    },
    {
      "type": "Feature",
      "properties": {
        "type": "Light Rail",
        "network": "JNET",
        "route_name": "Purple Line",
        "color": "#68217A",
        "is_station": true,
        "station_name": "Kiryat Menachem Station"
      },
      "geometry": {
        "type": "Point",
        "coordinates": [
          35.16418290207801,
          31.76008828766581
        ]
      }
    },
    {
      "type": "Feature",
      "properties": {
        "type": "Light Rail",
        "network": "JNET",
        "route_name": "Red Line",
        "color": "#E3000F",
        "is_station": true,
        "station_name": "Kiryat Menachem Station"
      },
      "geometry": {
        "type": "Point",
        "coordinates": [
          35.16418290207801,
          31.76008828766581
        ]
      }
    },
    {
      "type": "Feature",
      "properties": {
        "type": "Light Rail",
        "network": "JNET",
        "route_name": "Red Line",
        "color": "#E3000F",
        "is_station": true,
        "station_name": "Ora Junction Station"
      },
      "geometry": {
        "type": "Point",
        "coordinates": [
          35.159994644122335,
          31.757107053220587
        ]
      }
    },
    {
      "type": "Feature",
      "properties": {
        "type": "Light Rail",
        "network": "JNET",
        "route_name": "Purple Line",
        "color": "#68217A",
        "is_station": true,
        "station_name": "Ora Junction Station"
      },
      "geometry": {
        "type": "Point",
        "coordinates": [
          35.159994644122335,
          31.757107053220587
        ]
      }
    },
    {
      "type": "Feature",
      "properties": {
        "type": "Light Rail",
        "network": "JNET",
        "route_name": "Red Line",
        "color": "#E3000F",
        "is_station": true,
        "station_name": "Ora Junction Station"
      },
      "geometry": {
        "type": "Point",
        "coordinates": [
          35.159994644122335,
          31.757107053220587
        ]
      }
    },
    {
      "type": "Feature",
      "properties": {
        "type": "Light Rail",
        "network": "JNET",
        "route_name": "Red Line",
        "color": "#E3000F",
        "is_station": true,
        "station_name": "Hadassah Ein Kerem Station"
      },
      "geometry": {
        "type": "Point",
        "coordinates": [
          35.147741367885644,
          31.7648823812892
        ]
      }
    },
    {
      "type": "Feature",
      "properties": {
        "type": "Light Rail",
        "network": "JNET",
        "route_name": "Purple Line",
        "color": "#68217A",
        "is_station": true,
        "station_name": "Hadassah Ein Kerem Station"
      },
      "geometry": {
        "type": "Point",
        "coordinates": [
          35.147741367885644,
          31.7648823812892
        ]
      }
    },
    {
      "type": "Feature",
      "properties": {
        "type": "Light Rail",
        "network": "JNET",
        "route_name": "Red Line",
        "color": "#E3000F",
        "is_station": true,
        "station_name": "Shmaryahu Levin Station"
      },
      "geometry": {
        "type": "Point",
        "coordinates": [
          35.177662581320796,
          31.768862524551054
        ]
      }
    },
    {
      "type": "Feature",
      "properties": {
        "type": "Light Rail",
        "network": "JNET",
        "route_name": "Red Line",
        "color": "#E3000F",
        "is_station": true,
        "station_name": "Shmaryahu Levin Station"
      },
      "geometry": {
        "type": "Point",
        "coordinates": [
          35.177662581320796,
          31.768862524551054
        ]
      }
    },
    {
      "type": "Feature",
      "properties": {
        "type": "Light Rail",
        "network": "JNET",
        "route_name": "Red Line",
        "color": "#E3000F",
        "is_station": true,
        "station_name": "Monster Park Station"
      },
      "geometry": {
        "type": "Point",
        "coordinates": [
          35.17155912921644,
          31.762039227744793
        ]
      }
    },
    {
      "type": "Feature",
      "properties": {
        "type": "Light Rail",
        "network": "JNET",
        "route_name": "Purple Line",
        "color": "#68217A",
        "is_station": true,
        "station_name": "Monster Park Station"
      },
      "geometry": {
        "type": "Point",
        "coordinates": [
          35.17155912921644,
          31.762039227744793
        ]
      }
    },
    {
      "type": "Feature",
      "properties": {
        "type": "Light Rail",
        "network": "JNET",
        "route_name": "Red Line",
        "color": "#E3000F",
        "is_station": true,
        "station_name": "Monster Park Station"
      },
      "geometry": {
        "type": "Point",
        "coordinates": [
          35.17155912921644,
          31.762039227744793
        ]
      }
    },
    {
      "type": "Feature",
      "properties": {
        "type": "Light Rail",
        "network": "JNET",
        "route_name": "Red Line",
        "color": "#E3000F",
        "is_station": true,
        "station_name": "Medical School Station"
      },
      "geometry": {
        "type": "Point",
        "coordinates": [
          35.15126474353324,
          31.76420364314086
        ]
      }
    },
    {
      "type": "Feature",
      "properties": {
        "type": "Light Rail",
        "network": "JNET",
        "route_name": "Purple Line",
        "color": "#68217A",
        "is_station": true,
        "station_name": "Medical School Station"
      },
      "geometry": {
        "type": "Point",
        "coordinates": [
          35.15126474353324,
          31.76420364314086
        ]
      }
    },
    {
      "type": "Feature",
      "properties": {
        "type": "Light Rail",
        "network": "JNET",
        "route_name": "Purple Line",
        "color": "#68217A",
        "is_station": true,
        "station_name": "Hannah Szenes Station"
      },
      "geometry": {
        "type": "Point",
        "coordinates": [
          35.175106550063745,
          31.761403073138514
        ]
      }
    },
    {
      "type": "Feature",
      "properties": {
        "type": "Light Rail",
        "network": "JNET",
        "route_name": "Purple Line",
        "color": "#68217A",
        "is_station": true,
        "station_name": "Bolivia Station"
      },
      "geometry": {
        "type": "Point",
        "coordinates": [
          35.18157171798922,
          31.757651343077182
        ]
      }
    },
    {
      "type": "Feature",
      "properties": {
        "type": "Light Rail",
        "network": "JNET",
        "route_name": "Brown Line",
        "color": "#783F04",
        "is_station": true,
        "station_name": "Atarot South Station"
      },
      "geometry": {
        "type": "Point",
        "coordinates": [
          35.21641474444801,
          31.86024653286589
        ]
      }
    },
    {
      "type": "Feature",
      "properties": {
        "type": "Light Rail",
        "network": "JNET",
        "route_name": "Brown Line",
        "color": "#783F04",
        "is_station": true,
        "station_name": "Ramallah Road Station"
      },
      "geometry": {
        "type": "Point",
        "coordinates": [
          35.22570220990322,
          31.86184211178809
        ]
      }
    },
    {
      "type": "Feature",
      "properties": {
        "type": "Light Rail",
        "network": "JNET",
        "route_name": "Brown Line",
        "color": "#783F04",
        "is_station": true,
        "station_name": "Mifalot Station"
      },
      "geometry": {
        "type": "Point",
        "coordinates": [
          35.216380337986486,
          31.855870563009354
        ]
      }
    },
    {
      "type": "Feature",
      "properties": {
        "type": "Light Rail",
        "network": "JNET",
        "route_name": "Brown Line",
        "color": "#783F04",
        "is_station": true,
        "station_name": "Marj Ibn Amar Station"
      },
      "geometry": {
        "type": "Point",
        "coordinates": [
          35.221833932387185,
          31.849387007787
        ]
      }
    },
    {
      "type": "Feature",
      "properties": {
        "type": "Light Rail",
        "network": "JNET",
        "route_name": "Brown Line",
        "color": "#783F04",
        "is_station": true,
        "station_name": "El Banias Station"
      },
      "geometry": {
        "type": "Point",
        "coordinates": [
          35.22326099127078,
          31.846455878658407
        ]
      }
    },
    {
      "type": "Feature",
      "properties": {
        "type": "Light Rail",
        "network": "JNET",
        "route_name": "Brown Line",
        "color": "#783F04",
        "is_station": true,
        "station_name": "Abd al-Hamid Shuman Station"
      },
      "geometry": {
        "type": "Point",
        "coordinates": [
          35.228593478744294,
          31.829647631949392
        ]
      }
    },
    {
      "type": "Feature",
      "properties": {
        "type": "Light Rail",
        "network": "JNET",
        "route_name": "Brown Line",
        "color": "#783F04",
        "is_station": true,
        "station_name": "El Salah Station"
      },
      "geometry": {
        "type": "Point",
        "coordinates": [
          35.22797181816713,
          31.82232417988267
        ]
      }
    },
    {
      "type": "Feature",
      "properties": {
        "type": "Light Rail",
        "network": "JNET",
        "route_name": "Brown Line",
        "color": "#783F04",
        "is_station": true,
        "station_name": "Herods Gate Station"
      },
      "geometry": {
        "type": "Point",
        "coordinates": [
          35.232799841534714,
          31.78295366271847
        ]
      }
    },
    {
      "type": "Feature",
      "properties": {
        "type": "Light Rail",
        "network": "JNET",
        "route_name": "Brown Line",
        "color": "#783F04",
        "is_station": true,
        "station_name": "HaOphel Station"
      },
      "geometry": {
        "type": "Point",
        "coordinates": [
          35.23902627298277,
          31.780203320050155
        ]
      }
    },
    {
      "type": "Feature",
      "properties": {
        "type": "Light Rail",
        "network": "JNET",
        "route_name": "Brown Line",
        "color": "#783F04",
        "is_station": true,
        "station_name": "Jericho Station"
      },
      "geometry": {
        "type": "Point",
        "coordinates": [
          35.24045363351199,
          31.775755640973742
        ]
      }
    },
    {
      "type": "Feature",
      "properties": {
        "type": "Light Rail",
        "network": "JNET",
        "route_name": "Brown Line",
        "color": "#783F04",
        "is_station": true,
        "station_name": "Ras al-Amud Station"
      },
      "geometry": {
        "type": "Point",
        "coordinates": [
          35.24120237012616,
          31.77199044900895
        ]
      }
    },
    {
      "type": "Feature",
      "properties": {
        "type": "Light Rail",
        "network": "JNET",
        "route_name": "Brown Line",
        "color": "#783F04",
        "is_station": true,
        "station_name": "Asalhin Station"
      },
      "geometry": {
        "type": "Point",
        "coordinates": [
          35.24440074464861,
          31.76994634133376
        ]
      }
    },
    {
      "type": "Feature",
      "properties": {
        "type": "Light Rail",
        "network": "JNET",
        "route_name": "Brown Line",
        "color": "#783F04",
        "is_station": true,
        "station_name": "Wadi Qadum Station"
      },
      "geometry": {
        "type": "Point",
        "coordinates": [
          35.24722860898479,
          31.765723551072096
        ]
      }
    },
    {
      "type": "Feature",
      "properties": {
        "type": "Light Rail",
        "network": "JNET",
        "route_name": "Brown Line",
        "color": "#783F04",
        "is_station": true,
        "station_name": "Ein al-Luza Station"
      },
      "geometry": {
        "type": "Point",
        "coordinates": [
          35.24686707857374,
          31.761086329812727
        ]
      }
    },
    {
      "type": "Feature",
      "properties": {
        "type": "Light Rail",
        "network": "JNET",
        "route_name": "Brown Line",
        "color": "#783F04",
        "is_station": true,
        "station_name": "Asla Station"
      },
      "geometry": {
        "type": "Point",
        "coordinates": [
          35.25018769046155,
          31.756822234290404
        ]
      }
    },
    {
      "type": "Feature",
      "properties": {
        "type": "Light Rail",
        "network": "JNET",
        "route_name": "Brown Line",
        "color": "#783F04",
        "is_station": true,
        "station_name": "Bashir Station"
      },
      "geometry": {
        "type": "Point",
        "coordinates": [
          35.251944514698465,
          31.752269402791747
        ]
      }
    },
    {
      "type": "Feature",
      "properties": {
        "type": "Light Rail",
        "network": "JNET",
        "route_name": "Brown Line",
        "color": "#783F04",
        "is_station": true,
        "station_name": "Qumbar Station"
      },
      "geometry": {
        "type": "Point",
        "coordinates": [
          35.24984655337899,
          31.7474941214401
        ]
      }
    },
    {
      "type": "Feature",
      "properties": {
        "type": "Light Rail",
        "network": "JNET",
        "route_name": "Brown Line",
        "color": "#783F04",
        "is_station": true,
        "station_name": "American Road Station"
      },
      "geometry": {
        "type": "Point",
        "coordinates": [
          35.249184228000864,
          31.742800957497312
        ]
      }
    },
    {
      "type": "Feature",
      "properties": {
        "type": "Light Rail",
        "network": "JNET",
        "route_name": "Brown Line",
        "color": "#783F04",
        "is_station": true,
        "station_name": "A-Sheikh Saad Station"
      },
      "geometry": {
        "type": "Point",
        "coordinates": [
          35.25182000125892,
          31.73951537275577
        ]
      }
    },
    {
      "type": "Feature",
      "properties": {
        "type": "Light Rail",
        "network": "JNET",
        "route_name": "Yellow Line",
        "color": "#FFD100",
        "is_station": true,
        "station_name": "Shlomtzion HaMalka Station"
      },
      "geometry": {
        "type": "Point",
        "coordinates": [
          35.221620057175556,
          31.78047783630318
        ]
      }
    },
    {
      "type": "Feature",
      "properties": {
        "type": "Light Rail",
        "network": "JNET",
        "route_name": "Yellow Line",
        "color": "#FFD100",
        "is_station": true,
        "station_name": "Mamilla Station"
      },
      "geometry": {
        "type": "Point",
        "coordinates": [
          35.226126774174894,
          31.77660569208097
        ]
      }
    },
    {
      "type": "Feature",
      "properties": {
        "type": "Light Rail",
        "network": "JNET",
        "route_name": "Yellow Line",
        "color": "#FFD100",
        "is_station": true,
        "station_name": "Dung Gate Station"
      },
      "geometry": {
        "type": "Point",
        "coordinates": [
          35.23368020067924,
          31.774320794059765
        ]
      }
    },
    {
      "type": "Feature",
      "properties": {
        "type": "Light Rail",
        "network": "JNET",
        "route_name": "Purple Line",
        "color": "#68217A",
        "is_station": true,
        "station_name": "Yosi Ben Yoezer Station"
      },
      "geometry": {
        "type": "Point",
        "coordinates": [
          35.210182501796204,
          31.7592685314516
        ]
      }
    },
    {
      "type": "Feature",
      "properties": {
        "type": "Light Rail",
        "network": "JNET",
        "route_name": "Purple Line",
        "color": "#68217A",
        "is_station": true,
        "station_name": "Bnei Batyra Station"
      },
      "geometry": {
        "type": "Point",
        "coordinates": [
          35.204886190386325,
          31.75611185890089
        ]
      }
    },
    {
      "type": "Feature",
      "properties": {
        "type": "Light Rail",
        "network": "JNET",
        "route_name": "Purple Line",
        "color": "#68217A",
        "is_station": true,
        "station_name": "Alexandrion Station"
      },
      "geometry": {
        "type": "Point",
        "coordinates": [
          35.20122191010654,
          31.755906359140987
        ]
      }
    },
    {
      "type": "Feature",
      "properties": {
        "type": "Light Rail",
        "network": "JNET",
        "route_name": "Purple Line",
        "color": "#68217A",
        "is_station": true,
        "station_name": "Kolitz Station"
      },
      "geometry": {
        "type": "Point",
        "coordinates": [
          35.17917210992042,
          31.75188181730495
        ]
      }
    },
    {
      "type": "Feature",
      "properties": {
        "type": "Light Rail",
        "network": "JNET",
        "route_name": "Green Line",
        "color": "#009B4E",
        "is_station": true,
        "station_name": "HaMargalit Station"
      },
      "geometry": {
        "type": "Point",
        "coordinates": [
          35.1791407389298,
          31.737164341332733
        ]
      }
    },
    {
      "type": "Feature",
      "properties": {
        "type": "Light Rail",
        "network": "JNET",
        "route_name": "Blue Line",
        "color": "#005C9E",
        "is_station": true,
        "station_name": "HaMargalit Station"
      },
      "geometry": {
        "type": "Point",
        "coordinates": [
          35.1791407389298,
          31.737164341332733
        ]
      }
    },
    {
      "type": "Feature",
      "properties": {
        "type": "Light Rail",
        "network": "JNET",
        "route_name": "Purple Line",
        "color": "#68217A",
        "is_station": true,
        "station_name": "HaTnufa Station"
      },
      "geometry": {
        "type": "Point",
        "coordinates": [
          35.216833675780244,
          31.750568473911123
        ]
      }
    },
    {
      "type": "Feature",
      "properties": {
        "type": "Light Rail",
        "network": "JNET",
        "route_name": "Pink Line",
        "color": "#FFC0CB",
        "is_station": true,
        "station_name": "HaTnufa Station"
      },
      "geometry": {
        "type": "Point",
        "coordinates": [
          35.216833675780244,
          31.750568473911123
        ]
      }
    },
    {
      "type": "Feature",
      "properties": {
        "type": "Light Rail",
        "network": "JNET",
        "route_name": "Green Line",
        "color": "#009B4E",
        "is_station": true,
        "station_name": "Gilo West Station"
      },
      "geometry": {
        "type": "Point",
        "coordinates": [
          35.1808932023385,
          31.73363456689797
        ]
      }
    },
    {
      "type": "Feature",
      "properties": {
        "type": "Light Rail",
        "network": "JNET",
        "route_name": "Blue Line",
        "color": "#005C9E",
        "is_station": true,
        "station_name": "Gilo West Station"
      },
      "geometry": {
        "type": "Point",
        "coordinates": [
          35.1808932023385,
          31.73363456689797
        ]
      }
    },
    {
      "type": "Feature",
      "properties": {
        "type": "Light Rail",
        "network": "JNET",
        "route_name": "Pink Line",
        "color": "#FFC0CB",
        "is_station": true,
        "station_name": "Arnona-Ramat Rachel Station"
      },
      "geometry": {
        "type": "Point",
        "coordinates": [
          35.21991804343192,
          31.74290760629925
        ]
      }
    },
    {
      "type": "Feature",
      "properties": {
        "type": "Light Rail",
        "network": "JNET",
        "route_name": "Pink Line",
        "color": "#FFC0CB",
        "is_station": true,
        "station_name": "Mordot Arnona Station"
      },
      "geometry": {
        "type": "Point",
        "coordinates": [
          35.2261916813559,
          31.7414839264593
        ]
      }
    },
    {
      "type": "Feature",
      "properties": {
        "type": "Light Rail",
        "network": "JNET",
        "route_name": "Pink Line",
        "color": "#FFC0CB",
        "is_station": true,
        "station_name": "Tzur Baher Station"
      },
      "geometry": {
        "type": "Point",
        "coordinates": [
          35.23346932839218,
          31.74197721678098
        ]
      }
    },
    {
      "type": "Feature",
      "properties": {
        "type": "Light Rail",
        "network": "JNET",
        "route_name": "Pink Line",
        "color": "#FFC0CB",
        "is_station": true,
        "station_name": "East Talpiot Station"
      },
      "geometry": {
        "type": "Point",
        "coordinates": [
          35.2336924293649,
          31.750282997402522
        ]
      }
    },
    {
      "type": "Feature",
      "properties": {
        "type": "Light Rail",
        "network": "JNET",
        "route_name": "Green Line",
        "color": "#009B4E",
        "is_station": true,
        "station_name": "Maalot Dafna Station"
      },
      "geometry": {
        "type": "Point",
        "coordinates": [
          35.22655415253566,
          31.79827156395517
        ]
      }
    },
    {
      "type": "Feature",
      "properties": {
        "type": "Light Rail",
        "network": "JNET",
        "route_name": "Light Green Line",
        "color": "#90EE90",
        "is_station": true,
        "station_name": "Maalot Dafna Station"
      },
      "geometry": {
        "type": "Point",
        "coordinates": [
          35.22655415253566,
          31.79827156395517
        ]
      }
    },
    {
      "type": "Feature",
      "properties": {
        "type": "Light Rail",
        "network": "JNET",
        "route_name": "Light Blue Line",
        "color": "#ADD8E6",
        "is_station": true,
        "station_name": "Maalot Dafna Station"
      },
      "geometry": {
        "type": "Point",
        "coordinates": [
          35.22655415253566,
          31.79827156395517
        ]
      }
    },
    {
      "type": "Feature",
      "properties": {
        "type": "Light Rail",
        "network": "JNET",
        "route_name": "Purple Line",
        "color": "#68217A",
        "is_station": true,
        "station_name": "Gati West Station"
      },
      "geometry": {
        "type": "Point",
        "coordinates": [
          35.18409766261482,
          31.749105676207108
        ]
      }
    },
    {
      "type": "Feature",
      "properties": {
        "type": "Light Rail",
        "network": "JNET",
        "route_name": "Brown Line",
        "color": "#783F04",
        "is_station": true,
        "station_name": "HaVatikan Station"
      },
      "geometry": {
        "type": "Point",
        "coordinates": [
          35.22696236452323,
          31.842376299725274
        ]
      }
    },
    {
      "type": "Feature",
      "properties": {
        "type": "Light Rail",
        "network": "JNET",
        "route_name": "Brown Line",
        "color": "#783F04",
        "is_station": true,
        "station_name": "Moshe Sneh Station"
      },
      "geometry": {
        "type": "Point",
        "coordinates": [
          35.23003254632514,
          31.840209476056295
        ]
      }
    },
    {
      "type": "Feature",
      "properties": {
        "type": "Light Rail",
        "network": "JNET",
        "route_name": "Brown Line",
        "color": "#783F04",
        "is_station": true,
        "station_name": "Omar Khayyam Station"
      },
      "geometry": {
        "type": "Point",
        "coordinates": [
          35.229028397269374,
          31.83679114029932
        ]
      }
    },
    {
      "type": "Feature",
      "properties": {
        "type": "Light Rail",
        "network": "JNET",
        "route_name": "Pink Line",
        "color": "#FFC0CB",
        "is_station": true,
        "station_name": "East Talpiot Station"
      },
      "geometry": {
        "type": "Point",
        "coordinates": [
          35.235451558351315,
          31.747687475099795
        ]
      }
    },
    {
      "type": "Feature",
      "properties": {
        "type": "Light Rail",
        "network": "JNET",
        "route_name": "Pink Line",
        "color": "#FFC0CB",
        "is_station": true,
        "station_name": "East Talpiot Station"
      },
      "geometry": {
        "type": "Point",
        "coordinates": [
          35.23577577942117,
          31.744837149426342
        ]
      }
    },
    {
      "type": "Feature",
      "properties": {
        "type": "Commuter Rail",
        "network": "Israel Railways",
        "route_name": "Israel Railways",
        "color": "#000080"
      },
      "geometry": {
        "type": "MultiLineString",
        "coordinates": [
          [
            [
              35.0056477,
              31.9013756
            ],
            [
              35.0057373,
              31.9010496
            ],
            [
              35.0059048,
              31.9004399
            ],
            [
              35.0059466,
              31.9002418
            ],
            [
              35.0059758,
              31.900106
            ],
            [
              35.0060222,
              31.8998484
            ],
            [
              35.0060553,
              31.8995979
            ],
            [
              35.0060772,
              31.8993381
            ],
            [
              35.0060818,
              31.8990819
            ],
            [
              35.0060967,
              31.8988552
            ],
            [
              35.0060827,
              31.8986665
            ],
            [
              35.0060684,
              31.8985198
            ],
            [
              35.0060553,
              31.8984447
            ],
            [
              35.0060458,
              31.8983903
            ],
            [
              35.0060027,
              31.8982177
            ],
            [
              35.0059652,
              31.8981164
            ],
            [
              35.0059129,
              31.8979933
            ],
            [
              35.0058408,
              31.8978557
            ],
            [
              35.0057499,
              31.8977087
            ],
            [
              35.0056776,
              31.8976007
            ],
            [
              35.0055615,
              31.897455
            ],
            [
              35.0054522,
              31.8973456
            ],
            [
              35.0052834,
              31.8971955
            ],
            [
              35.0050681,
              31.8970128
            ],
            [
              35.0048607,
              31.8968793
            ],
            [
              35.0046622,
              31.8967654
            ],
            [
              35.0044154,
              31.8966424
            ],
            [
              35.004188,
              31.8965352
            ],
            [
              35.0014726,
              31.8954667
            ],
            [
              35.0010431,
              31.8952977
            ],
            [
              35.0003325,
              31.8950195
            ],
            [
              35.00011,
              31.8949266
            ],
            [
              34.9996759,
              31.8947453
            ],
            [
              34.9993816,
              31.8946527
            ],
            [
              34.9989665,
              31.8945507
            ],
            [
              34.9985715,
              31.8945228
            ],
            [
              34.9981368,
              31.894532
            ],
            [
              34.9977547,
              31.894569
            ],
            [
              34.9971814,
              31.8946977
            ],
            [
              34.9968802,
              31.8947706
            ],
            [
              34.9964195,
              31.8948923
            ],
            [
              34.9958292,
              31.8949979
            ],
            [
              34.9953754,
              31.8950152
            ],
            [
              34.9948263,
              31.8950121
            ],
            [
              34.9940915,
              31.894966
            ],
            [
              34.9935555,
              31.8948574
            ],
            [
              34.9928263,
              31.8946936
            ],
            [
              34.9921366,
              31.8945471
            ],
            [
              34.9913592,
              31.8944463
            ],
            [
              34.9906647,
              31.8944044
            ],
            [
              34.9902511,
              31.8944044
            ],
            [
              34.9898599,
              31.8944505
            ],
            [
              34.9893141,
              31.894534
            ],
            [
              34.9890236,
              31.8945812
            ],
            [
              34.9886076,
              31.8946372
            ],
            [
              34.9881938,
              31.8946923
            ],
            [
              34.9879296,
              31.8947167
            ],
            [
              34.9876275,
              31.894732
            ],
            [
              34.9873706,
              31.8947393
            ],
            [
              34.9871712,
              31.8947366
            ],
            [
              34.9869845,
              31.8947258
            ],
            [
              34.9867634,
              31.8947051
            ],
            [
              34.9865549,
              31.8946763
            ],
            [
              34.9863763,
              31.8946466
            ],
            [
              34.9861804,
              31.8946061
            ],
            [
              34.9859841,
              31.8945566
            ],
            [
              34.9857533,
              31.8944914
            ],
            [
              34.9854812,
              31.8944092
            ],
            [
              34.9831925,
              31.8936345
            ],
            [
              34.9811092,
              31.8929518
            ],
            [
              34.9806735,
              31.8928376
            ],
            [
              34.9805001,
              31.8927962
            ],
            [
              34.980314,
              31.8927524
            ],
            [
              34.9801229,
              31.8927193
            ],
            [
              34.9799409,
              31.8926912
            ],
            [
              34.9797246,
              31.892666
            ],
            [
              34.979557,
              31.8926443
            ],
            [
              34.9793356,
              31.8926283
            ],
            [
              34.9790433,
              31.8926128
            ],
            [
              34.9774863,
              31.8925759
            ],
            [
              34.9771647,
              31.8925737
            ],
            [
              34.9769065,
              31.8925782
            ],
            [
              34.9766745,
              31.8925487
            ],
            [
              34.9762826,
              31.892523
            ],
            [
              34.9747825,
              31.8923317
            ],
            [
              34.9732828,
              31.8921647
            ],
            [
              34.9726167,
              31.8920953
            ],
            [
              34.9718599,
              31.8920355
            ],
            [
              34.9709813,
              31.8919858
            ],
            [
              34.9702001,
              31.8919554
            ],
            [
              34.9695986,
              31.8919249
            ],
            [
              34.9691162,
              31.8919192
            ],
            [
              34.9686788,
              31.8919396
            ],
            [
              34.9681233,
              31.8919736
            ],
            [
              34.9673422,
              31.892019
            ],
            [
              34.966599,
              31.8920959
            ],
            [
              34.9660345,
              31.8921696
            ],
            [
              34.965419,
              31.8922507
            ],
            [
              34.9636302,
              31.892559
            ],
            [
              34.9631035,
              31.8926498
            ],
            [
              34.9627335,
              31.8927136
            ],
            [
              34.9621312,
              31.8928174
            ],
            [
              34.9613949,
              31.8929443
            ],
            [
              34.957943,
              31.8935127
            ],
            [
              34.9575107,
              31.8935838
            ],
            [
              34.9571347,
              31.8936457
            ],
            [
              34.9560846,
              31.8938185
            ],
            [
              34.9548166,
              31.8940271
            ],
            [
              34.9520181,
              31.8944875
            ],
            [
              34.9506705,
              31.8947344
            ],
            [
              34.9503576,
              31.8947888
            ],
            [
              34.9485772,
              31.8951844
            ],
            [
              34.9481955,
              31.8952914
            ],
            [
              34.9471798,
              31.8955906
            ],
            [
              34.9464585,
              31.89586
            ],
            [
              34.9460921,
              31.8959969
            ],
            [
              34.9452139,
              31.896335
            ],
            [
              34.9445814,
              31.8966204
            ],
            [
              34.9435991,
              31.8970832
            ],
            [
              34.9433079,
              31.8972343
            ],
            [
              34.9431611,
              31.8973127
            ],
            [
              34.9430098,
              31.8974045
            ],
            [
              34.9428848,
              31.8974783
            ],
            [
              34.9427703,
              31.8975571
            ],
            [
              34.9426231,
              31.8976589
            ],
            [
              34.9423467,
              31.8978889
            ],
            [
              34.9422008,
              31.8980177
            ],
            [
              34.9420573,
              31.8981671
            ],
            [
              34.9419052,
              31.8983423
            ],
            [
              34.9417591,
              31.8985307
            ],
            [
              34.9416292,
              31.8987052
            ],
            [
              34.9415332,
              31.8988487
            ],
            [
              34.9414795,
              31.8989287
            ],
            [
              34.9413702,
              31.8990948
            ],
            [
              34.9411635,
              31.899398
            ],
            [
              34.9408631,
              31.8998762
            ],
            [
              34.940375,
              31.9006413
            ],
            [
              34.9402618,
              31.9007955
            ],
            [
              34.940122,
              31.900974
            ],
            [
              34.9399726,
              31.9011605
            ],
            [
              34.9397044,
              31.9014929
            ],
            [
              34.9395877,
              31.9016469
            ],
            [
              34.9394791,
              31.9018163
            ],
            [
              34.9383539,
              31.9033683
            ],
            [
              34.9382145,
              31.9035641
            ],
            [
              34.9381058,
              31.9037108
            ],
            [
              34.9377585,
              31.9042518
            ],
            [
              34.9373387,
              31.904913
            ],
            [
              34.9370826,
              31.9053265
            ],
            [
              34.9368786,
              31.905633
            ],
            [
              34.9367615,
              31.9058089
            ],
            [
              34.9366979,
              31.9059044
            ],
            [
              34.9365469,
              31.9061318
            ],
            [
              34.9365178,
              31.9061759
            ],
            [
              34.9348336,
              31.9085359
            ],
            [
              34.9346095,
              31.9088569
            ],
            [
              34.9343244,
              31.9092877
            ],
            [
              34.9342089,
              31.9094623
            ],
            [
              34.9335615,
              31.9105169
            ],
            [
              34.9330736,
              31.9112396
            ],
            [
              34.9320949,
              31.9125826
            ],
            [
              34.9317418,
              31.9131193
            ],
            [
              34.9314018,
              31.9136375
            ],
            [
              34.9311489,
              31.9141072
            ]
          ]
        ]
      }
    },
    {
      "type": "Feature",
      "properties": {
        "type": "Commuter Rail",
        "network": "Israel Railways",
        "route_name": "Israel Railways",
        "color": "#000080"
      },
      "geometry": {
        "type": "MultiLineString",
        "coordinates": [
          [
            [
              35.1989534,
              31.7895534
            ],
            [
              35.1986557,
              31.7898397
            ],
            [
              35.1983688,
              31.7901181
            ]
          ],
          [
            [
              35.1990275,
              31.7896288
            ],
            [
              35.1986557,
              31.7898397
            ],
            [
              35.19829,
              31.7900471
            ]
          ],
          [
            [
              35.1993817,
              31.7894135
            ],
            [
              35.1996216,
              31.7893085
            ],
            [
              35.1999454,
              31.7891707
            ],
            [
              35.2003074,
              31.7890247
            ],
            [
              35.2007974,
              31.7888419
            ],
            [
              35.2010265,
              31.788758
            ],
            [
              35.2011703,
              31.7887094
            ],
            [
              35.2014259,
              31.7886262
            ],
            [
              35.2015644,
              31.788585
            ],
            [
              35.2016459,
              31.7885622
            ],
            [
              35.2017116,
              31.788546
            ],
            [
              35.2018029,
              31.7885269
            ],
            [
              35.2018755,
              31.7885135
            ],
            [
              35.2057048,
              31.7879524
            ]
          ],
          [
            [
              35.1993084,
              31.7893155
            ],
            [
              35.1999474,
              31.7888287
            ],
            [
              35.2000286,
              31.7887729
            ],
            [
              35.2001709,
              31.7886806
            ],
            [
              35.200331,
              31.7885871
            ],
            [
              35.2004302,
              31.7885323
            ],
            [
              35.2005334,
              31.7884786
            ],
            [
              35.2006466,
              31.7884237
            ],
            [
              35.2007422,
              31.7883805
            ],
            [
              35.2008567,
              31.7883322
            ],
            [
              35.2009615,
              31.7882911
            ],
            [
              35.2010698,
              31.7882504
            ],
            [
              35.2011862,
              31.788209
            ],
            [
              35.2013772,
              31.7881459
            ],
            [
              35.2014751,
              31.7881158
            ],
            [
              35.20158,
              31.7880857
            ],
            [
              35.2017243,
              31.7880466
            ],
            [
              35.2018819,
              31.788008
            ],
            [
              35.2020118,
              31.7879813
            ],
            [
              35.2020318,
              31.7879776
            ],
            [
              35.2022131,
              31.7879447
            ],
            [
              35.2056025,
              31.7874481
            ],
            [
              35.2056292,
              31.7874442
            ]
          ],
          [
            [
              34.9366061,
              31.9061623
            ],
            [
              34.9370638,
              31.9054869
            ],
            [
              34.9372466,
              31.9052283
            ],
            [
              34.9398159,
              31.9015731
            ],
            [
              34.9401359,
              31.9010883
            ],
            [
              34.940347,
              31.9007917
            ],
            [
              34.9404278,
              31.9006695
            ],
            [
              34.9405215,
              31.9005075
            ],
            [
              34.9406636,
              31.9001824
            ],
            [
              34.9408258,
              31.8997743
            ],
            [
              34.9410334,
              31.8992787
            ],
            [
              34.9418717,
              31.8969205
            ],
            [
              34.9421068,
              31.8962109
            ],
            [
              34.9422661,
              31.8957147
            ],
            [
              34.9427979,
              31.8942588
            ],
            [
              34.9432136,
              31.8931187
            ],
            [
              34.9437009,
              31.8917807
            ],
            [
              34.9442309,
              31.8904537
            ],
            [
              34.9445724,
              31.889719
            ],
            [
              34.9448918,
              31.8891139
            ],
            [
              34.9452656,
              31.8884291
            ],
            [
              34.9455222,
              31.8880353
            ],
            [
              34.9457299,
              31.887709
            ],
            [
              34.946056,
              31.8872581
            ],
            [
              34.9465089,
              31.8866357
            ],
            [
              34.9474606,
              31.8855672
            ],
            [
              34.9486969,
              31.8841013
            ],
            [
              34.9509962,
              31.8815451
            ],
            [
              34.9516555,
              31.88085
            ],
            [
              34.9522696,
              31.8801479
            ],
            [
              34.9528498,
              31.879501
            ],
            [
              34.9535268,
              31.8788157
            ],
            [
              34.9538822,
              31.8784617
            ],
            [
              34.9543473,
              31.8780117
            ],
            [
              34.9550838,
              31.8773473
            ],
            [
              34.9556964,
              31.8767972
            ],
            [
              34.956111,
              31.8763949
            ],
            [
              34.9563264,
              31.8762114
            ],
            [
              34.9566665,
              31.8759438
            ],
            [
              34.9570702,
              31.8756386
            ],
            [
              34.9575123,
              31.8753105
            ],
            [
              34.9578048,
              31.87509
            ],
            [
              34.958982,
              31.8742899
            ],
            [
              34.9602259,
              31.8735275
            ],
            [
              34.9611732,
              31.8729704
            ],
            [
              34.963187,
              31.8718978
            ],
            [
              34.9634001,
              31.871785
            ],
            [
              34.9636128,
              31.8716723
            ],
            [
              34.9638416,
              31.8715512
            ],
            [
              34.9653201,
              31.8707683
            ],
            [
              34.9669804,
              31.8698694
            ],
            [
              34.968285,
              31.8691883
            ],
            [
              34.9696342,
              31.868485
            ],
            [
              34.971063,
              31.8677288
            ],
            [
              34.9711349,
              31.8676901
            ],
            [
              34.9712431,
              31.867632
            ],
            [
              34.9720233,
              31.8672125
            ],
            [
              34.9726383,
              31.8668819
            ],
            [
              34.9729151,
              31.8667331
            ],
            [
              34.9741382,
              31.8661386
            ],
            [
              34.9745724,
              31.8659388
            ],
            [
              34.9750316,
              31.8657436
            ],
            [
              34.9754632,
              31.8655638
            ],
            [
              34.9759042,
              31.865396
            ],
            [
              34.9762866,
              31.8652534
            ],
            [
              34.9766874,
              31.8651142
            ],
            [
              34.9771149,
              31.8649871
            ],
            [
              34.9775738,
              31.8648595
            ],
            [
              34.9781125,
              31.8647191
            ],
            [
              34.9794177,
              31.8644049
            ],
            [
              34.9814302,
              31.8639425
            ],
            [
              34.981568,
              31.8639116
            ],
            [
              34.9818288,
              31.8638532
            ],
            [
              34.9823569,
              31.8637236
            ],
            [
              34.9829138,
              31.863578
            ],
            [
              34.9831355,
              31.8635168
            ],
            [
              34.9833445,
              31.8634591
            ],
            [
              34.9842636,
              31.8632172
            ],
            [
              34.9850637,
              31.8629392
            ],
            [
              34.9861819,
              31.8625356
            ],
            [
              34.9885525,
              31.8616551
            ],
            [
              34.9904153,
              31.8609077
            ],
            [
              34.9911773,
              31.8605643
            ],
            [
              34.991617,
              31.8603533
            ],
            [
              34.9919238,
              31.8601854
            ],
            [
              34.9928014,
              31.85968
            ],
            [
              34.9932105,
              31.8594477
            ],
            [
              34.9936866,
              31.8591415
            ],
            [
              34.9942279,
              31.858804
            ],
            [
              34.9946477,
              31.858516
            ],
            [
              34.9949526,
              31.8583089
            ],
            [
              34.9953006,
              31.8580377
            ],
            [
              34.9957749,
              31.8576719
            ],
            [
              34.9961628,
              31.857362
            ],
            [
              34.9966546,
              31.8569251
            ],
            [
              34.9970528,
              31.8565461
            ],
            [
              34.997364,
              31.8562676
            ],
            [
              34.997743,
              31.8558941
            ],
            [
              34.9980556,
              31.8555464
            ],
            [
              34.9984218,
              31.8551446
            ],
            [
              34.9987605,
              31.854751
            ],
            [
              34.999106,
              31.8543698
            ],
            [
              34.9993691,
              31.8540704
            ],
            [
              35.0000276,
              31.8533284
            ],
            [
              35.0007142,
              31.8525433
            ],
            [
              35.0014721,
              31.8516768
            ],
            [
              35.0026358,
              31.8503608
            ],
            [
              35.0034613,
              31.8493637
            ],
            [
              35.0076363,
              31.8445102
            ],
            [
              35.0117564,
              31.8396806
            ],
            [
              35.0141689,
              31.8373755
            ],
            [
              35.0170281,
              31.8354188
            ],
            [
              35.0202417,
              31.8339157
            ],
            [
              35.020817,
              31.8337085
            ],
            [
              35.029689,
              31.8306453
            ],
            [
              35.030295,
              31.830436
            ],
            [
              35.0305165,
              31.8303601
            ],
            [
              35.0321583,
              31.8297978
            ],
            [
              35.0324794,
              31.8296879
            ],
            [
              35.0331684,
              31.829468
            ],
            [
              35.0338618,
              31.8292583
            ],
            [
              35.0345594,
              31.8290591
            ],
            [
              35.0352609,
              31.8288702
            ],
            [
              35.0359663,
              31.8286919
            ],
            [
              35.0366751,
              31.828524
            ],
            [
              35.0373873,
              31.8283668
            ],
            [
              35.0381025,
              31.8282202
            ],
            [
              35.0381466,
              31.8282115
            ],
            [
              35.0442125,
              31.8270215
            ],
            [
              35.0444469,
              31.8269755
            ],
            [
              35.0463015,
              31.8266115
            ],
            [
              35.04744,
              31.8263881
            ],
            [
              35.0479209,
              31.8262938
            ],
            [
              35.0590746,
              31.8241044
            ],
            [
              35.0921197,
              31.8176116
            ],
            [
              35.0924779,
              31.817544
            ],
            [
              35.0928374,
              31.8174817
            ],
            [
              35.0931981,
              31.8174248
            ],
            [
              35.09356,
              31.8173733
            ],
            [
              35.0939228,
              31.8173272
            ],
            [
              35.0941544,
              31.8173006
            ],
            [
              35.0948064,
              31.817229
            ],
            [
              35.1167033,
              31.8148207
            ],
            [
              35.1171548,
              31.814771
            ],
            [
              35.1216667,
              31.8142748
            ],
            [
              35.1232899,
              31.8141501
            ],
            [
              35.1504656,
              31.8122312
            ],
            [
              35.1680418,
              31.8109963
            ],
            [
              35.1707365,
              31.8107878
            ],
            [
              35.1708748,
              31.8107712
            ],
            [
              35.1713731,
              31.8106906
            ],
            [
              35.1720303,
              31.8105929
            ],
            [
              35.1728823,
              31.8104262
            ],
            [
              35.1733571,
              31.8103165
            ],
            [
              35.1738009,
              31.8102035
            ],
            [
              35.1742397,
              31.8100738
            ],
            [
              35.1748088,
              31.8098936
            ],
            [
              35.1753144,
              31.8097133
            ],
            [
              35.1758592,
              31.8094942
            ],
            [
              35.1763272,
              31.8092947
            ],
            [
              35.1769794,
              31.8089912
            ],
            [
              35.1775304,
              31.8087059
            ],
            [
              35.1780759,
              31.80839
            ],
            [
              35.1787373,
              31.8079722
            ],
            [
              35.1794098,
              31.8075006
            ],
            [
              35.1797886,
              31.807203
            ],
            [
              35.1801794,
              31.8068699
            ],
            [
              35.1806136,
              31.8064961
            ],
            [
              35.1810058,
              31.8061042
            ],
            [
              35.1815564,
              31.8054794
            ],
            [
              35.1823274,
              31.8045589
            ],
            [
              35.1830552,
              31.8035831
            ],
            [
              35.1854647,
              31.8004174
            ],
            [
              35.1862813,
              31.7993266
            ],
            [
              35.1864234,
              31.7991323
            ],
            [
              35.1872323,
              31.7981257
            ],
            [
              35.1873409,
              31.7979845
            ],
            [
              35.1874334,
              31.7978641
            ],
            [
              35.1876374,
              31.7976149
            ],
            [
              35.1878559,
              31.7973839
            ],
            [
              35.1881282,
              31.7971135
            ],
            [
              35.1886855,
              31.7966141
            ],
            [
              35.1892211,
              31.7961663
            ],
            [
              35.1897313,
              31.7957839
            ],
            [
              35.1900633,
              31.7955585
            ],
            [
              35.1901024,
              31.7955319
            ],
            [
              35.1903183,
              31.7953853
            ],
            [
              35.1908669,
              31.7950392
            ],
            [
              35.1913574,
              31.7947691
            ],
            [
              35.1920883,
              31.7943871
            ],
            [
              35.1926818,
              31.794118
            ],
            [
              35.1931403,
              31.7938901
            ],
            [
              35.1933799,
              31.793771
            ],
            [
              35.1940056,
              31.7934508
            ],
            [
              35.1943503,
              31.7932366
            ],
            [
              35.194575,
              31.7930846
            ],
            [
              35.1949541,
              31.792831
            ],
            [
              35.195335,
              31.7925449
            ],
            [
              35.195396,
              31.792499
            ],
            [
              35.1959666,
              31.792025
            ],
            [
              35.197111,
              31.7911084
            ],
            [
              35.1980793,
              31.7903369
            ],
            [
              35.1982433,
              31.7902129
            ],
            [
              35.1983688,
              31.7901181
            ],
            [
              35.1988422,
              31.7897602
            ],
            [
              35.1990275,
              31.7896288
            ],
            [
              35.1991112,
              31.789574
            ],
            [
              35.1993817,
              31.7894135
            ],
            [
              35.1996776,
              31.7892607
            ],
            [
              35.2001396,
              31.7890471
            ],
            [
              35.2004266,
              31.7889184
            ],
            [
              35.200719,
              31.7887943
            ],
            [
              35.2010372,
              31.7886714
            ],
            [
              35.2012374,
              31.7886014
            ],
            [
              35.2014151,
              31.788546
            ],
            [
              35.2015566,
              31.7885061
            ],
            [
              35.2017335,
              31.7884644
            ],
            [
              35.2019053,
              31.7884305
            ],
            [
              35.2044952,
              31.788051
            ],
            [
              35.2056926,
              31.7878756
            ]
          ],
          [
            [
              35.2056411,
              31.7875145
            ],
            [
              35.2056167,
              31.787518
            ],
            [
              35.2020451,
              31.7880413
            ],
            [
              35.2018587,
              31.7880775
            ],
            [
              35.2016772,
              31.7881246
            ],
            [
              35.2014876,
              31.7881837
            ],
            [
              35.2012518,
              31.7882653
            ],
            [
              35.2009986,
              31.7883642
            ],
            [
              35.200747,
              31.7884715
            ],
            [
              35.2005936,
              31.7885425
            ],
            [
              35.2002968,
              31.788703
            ],
            [
              35.1996588,
              31.7890859
            ],
            [
              35.1993084,
              31.7893155
            ],
            [
              35.1990505,
              31.7894845
            ],
            [
              35.1989534,
              31.7895534
            ],
            [
              35.1987893,
              31.7896697
            ],
            [
              35.19829,
              31.7900471
            ],
            [
              35.1981548,
              31.7901493
            ],
            [
              35.198022,
              31.7902497
            ],
            [
              35.1970516,
              31.7910229
            ],
            [
              35.1959056,
              31.7919407
            ],
            [
              35.1953374,
              31.7924128
            ],
            [
              35.1951774,
              31.7925331
            ],
            [
              35.1949037,
              31.7927387
            ],
            [
              35.1945287,
              31.7929895
            ],
            [
              35.1943068,
              31.7931395
            ],
            [
              35.1939729,
              31.7933471
            ],
            [
              35.1933562,
              31.7936627
            ],
            [
              35.1926626,
              31.7940074
            ],
            [
              35.1920671,
              31.7942775
            ],
            [
              35.1913289,
              31.7946633
            ],
            [
              35.1908309,
              31.7949375
            ],
            [
              35.1902741,
              31.7952887
            ],
            [
              35.1896804,
              31.795692
            ],
            [
              35.1891623,
              31.7960803
            ],
            [
              35.1886202,
              31.7965335
            ],
            [
              35.1880569,
              31.7970383
            ],
            [
              35.1877791,
              31.7973141
            ],
            [
              35.1875542,
              31.7975519
            ],
            [
              35.1873445,
              31.797808
            ],
            [
              35.1871398,
              31.7980744
            ],
            [
              35.1863691,
              31.7990748
            ],
            [
              35.1853896,
              31.8003755
            ],
            [
              35.1829493,
              31.8035839
            ],
            [
              35.182226,
              31.8045382
            ],
            [
              35.1816114,
              31.805244
            ],
            [
              35.1814368,
              31.805446
            ],
            [
              35.1808993,
              31.8060458
            ],
            [
              35.1804951,
              31.8064332
            ],
            [
              35.1800909,
              31.8067742
            ],
            [
              35.1796971,
              31.8070843
            ],
            [
              35.1792888,
              31.8074057
            ],
            [
              35.1786683,
              31.8078415
            ],
            [
              35.1780112,
              31.8082617
            ],
            [
              35.177471,
              31.8085643
            ],
            [
              35.1769234,
              31.8088576
            ],
            [
              35.1762945,
              31.8091547
            ],
            [
              35.1758187,
              31.809353
            ],
            [
              35.1752879,
              31.8095709
            ],
            [
              35.1747828,
              31.809757
            ],
            [
              35.1737568,
              31.8100666
            ],
            [
              35.1733206,
              31.8101819
            ],
            [
              35.1728521,
              31.8102882
            ],
            [
              35.1719966,
              31.8104571
            ],
            [
              35.1713395,
              31.8105434
            ],
            [
              35.1708828,
              31.8105879
            ],
            [
              35.1707742,
              31.8105914
            ],
            [
              35.1679516,
              31.8108007
            ],
            [
              35.1504449,
              31.812094
            ],
            [
              35.1232708,
              31.8139729
            ],
            [
              35.1216406,
              31.8140958
            ],
            [
              35.0947794,
              31.8170501
            ],
            [
              35.0941274,
              31.8171217
            ],
            [
              35.0938935,
              31.8171485
            ],
            [
              35.093527,
              31.8171951
            ],
            [
              35.0931616,
              31.8172472
            ],
            [
              35.0927972,
              31.8173046
            ],
            [
              35.0924341,
              31.8173676
            ],
            [
              35.0920723,
              31.8174359
            ],
            [
              35.0590272,
              31.8239286
            ],
            [
              35.0478736,
              31.826118
            ],
            [
              35.047395,
              31.8262119
            ],
            [
              35.046264,
              31.8264338
            ],
            [
              35.0443976,
              31.8268001
            ],
            [
              35.0441652,
              31.8268457
            ],
            [
              35.038055,
              31.8280444
            ],
            [
              35.0373361,
              31.8281918
            ],
            [
              35.0366204,
              31.8283498
            ],
            [
              35.035908,
              31.8285185
            ],
            [
              35.0351992,
              31.8286977
            ],
            [
              35.0344941,
              31.8288875
            ],
            [
              35.033793,
              31.8290878
            ],
            [
              35.0330961,
              31.8292985
            ],
            [
              35.0324037,
              31.8295195
            ],
            [
              35.0320967,
              31.8296248
            ],
            [
              35.0304558,
              31.830188
            ],
            [
              35.0302158,
              31.8302703
            ],
            [
              35.0296097,
              31.8304796
            ],
            [
              35.0207363,
              31.8335434
            ],
            [
              35.0201496,
              31.8337546
            ],
            [
              35.0169104,
              31.8352697
            ],
            [
              35.0140225,
              31.837246
            ],
            [
              35.0115865,
              31.8396144
            ],
            [
              35.0074664,
              31.8444047
            ],
            [
              35.0032913,
              31.8492583
            ],
            [
              35.0024365,
              31.8502266
            ],
            [
              35.0012583,
              31.8515677
            ],
            [
              35.0007482,
              31.8521454
            ],
            [
              35.0003764,
              31.8525769
            ],
            [
              35.0000354,
              31.8529825
            ],
            [
              34.9996979,
              31.8533944
            ],
            [
              34.999397,
              31.8537396
            ],
            [
              34.9991302,
              31.8540538
            ],
            [
              34.9987773,
              31.854465
            ],
            [
              34.998441,
              31.8548418
            ],
            [
              34.9980837,
              31.8552563
            ],
            [
              34.9977318,
              31.8556474
            ],
            [
              34.9974201,
              31.8559717
            ],
            [
              34.9971177,
              31.8562725
            ],
            [
              34.9967147,
              31.85665
            ],
            [
              34.99631,
              31.8570156
            ],
            [
              34.995868,
              31.8573853
            ],
            [
              34.9954745,
              31.8577156
            ],
            [
              34.9950891,
              31.8579997
            ],
            [
              34.9946832,
              31.8582906
            ],
            [
              34.9942253,
              31.8585985
            ],
            [
              34.9938168,
              31.8588825
            ],
            [
              34.9933922,
              31.8591506
            ],
            [
              34.9927845,
              31.8595393
            ],
            [
              34.9921014,
              31.8599413
            ],
            [
              34.9915952,
              31.8602312
            ],
            [
              34.9910836,
              31.8604928
            ],
            [
              34.9903441,
              31.8608141
            ],
            [
              34.9885533,
              31.8615749
            ],
            [
              34.9861629,
              31.8624634
            ],
            [
              34.9850332,
              31.8628732
            ],
            [
              34.9841006,
              31.8631926
            ],
            [
              34.9833325,
              31.8634183
            ],
            [
              34.9831205,
              31.8634773
            ],
            [
              34.9828907,
              31.8635413
            ],
            [
              34.982422,
              31.8636612
            ],
            [
              34.9819641,
              31.863775
            ],
            [
              34.9815546,
              31.8638674
            ],
            [
              34.9814357,
              31.8638942
            ],
            [
              34.9793925,
              31.8643238
            ],
            [
              34.9780845,
              31.8646386
            ],
            [
              34.977544,
              31.8647795
            ],
            [
              34.9770832,
              31.8649076
            ],
            [
              34.9766523,
              31.8650357
            ],
            [
              34.9762481,
              31.8651761
            ],
            [
              34.9758641,
              31.8653193
            ],
            [
              34.9754212,
              31.8654879
            ],
            [
              34.9749878,
              31.8656684
            ],
            [
              34.9745268,
              31.8658644
            ],
            [
              34.9740901,
              31.8660653
            ],
            [
              34.9728641,
              31.8666612
            ],
            [
              34.9719452,
              31.8671552
            ],
            [
              34.9717788,
              31.8672447
            ],
            [
              34.9715622,
              31.8673611
            ],
            [
              34.9714339,
              31.8674301
            ],
            [
              34.9710098,
              31.8676581
            ],
            [
              34.9695876,
              31.8684115
            ],
            [
              34.9682524,
              31.8691173
            ],
            [
              34.9669446,
              31.869804
            ],
            [
              34.9652887,
              31.8706882
            ],
            [
              34.964169,
              31.87128
            ],
            [
              34.9631355,
              31.8718262
            ],
            [
              34.962773,
              31.8720192
            ],
            [
              34.9611175,
              31.872901
            ],
            [
              34.9601782,
              31.8734633
            ],
            [
              34.9588914,
              31.8742547
            ],
            [
              34.9578299,
              31.8750144
            ],
            [
              34.9574647,
              31.8752853
            ],
            [
              34.9570327,
              31.875599
            ],
            [
              34.9566276,
              31.8759053
            ],
            [
              34.9562868,
              31.8761734
            ],
            [
              34.9561064,
              31.8763314
            ],
            [
              34.9556282,
              31.8767411
            ],
            [
              34.9550147,
              31.8772919
            ],
            [
              34.954277,
              31.8779574
            ],
            [
              34.9538104,
              31.878409
            ],
            [
              34.9534543,
              31.8787636
            ],
            [
              34.9527756,
              31.8794507
            ],
            [
              34.9521938,
              31.8800994
            ],
            [
              34.9517205,
              31.8806405
            ],
            [
              34.9513142,
              31.8810954
            ],
            [
              34.9509549,
              31.8815044
            ],
            [
              34.9498205,
              31.8827927
            ],
            [
              34.9486591,
              31.884068
            ],
            [
              34.9465215,
              31.8865405
            ],
            [
              34.9459768,
              31.8872135
            ],
            [
              34.9456476,
              31.8876687
            ],
            [
              34.945439,
              31.8879967
            ],
            [
              34.9451809,
              31.8883926
            ],
            [
              34.9448054,
              31.8890805
            ],
            [
              34.9444849,
              31.8896877
            ],
            [
              34.944119,
              31.8904202
            ],
            [
              34.9436106,
              31.8917559
            ],
            [
              34.9431124,
              31.8931803
            ],
            [
              34.9427414,
              31.8942444
            ],
            [
              34.9422283,
              31.8957209
            ],
            [
              34.9420573,
              31.8962065
            ],
            [
              34.9418305,
              31.8969073
            ],
            [
              34.9409896,
              31.8992677
            ],
            [
              34.9407714,
              31.8997494
            ],
            [
              34.9405988,
              31.9001791
            ],
            [
              34.940462,
              31.9004684
            ],
            [
              34.9403824,
              31.900612
            ],
            [
              34.9402692,
              31.9007952
            ],
            [
              34.9400924,
              31.9010562
            ],
            [
              34.9397792,
              31.9015532
            ],
            [
              34.937213,
              31.9052117
            ],
            [
              34.9371272,
              31.9053409
            ],
            [
              34.9370414,
              31.905461
            ],
            [
              34.9365469,
              31.9061318
            ]
          ]
        ]
      }
    },
    {
      "type": "Feature",
      "properties": {
        "type": "Commuter Rail",
        "network": "Israel Railways",
        "route_name": "Israel Railways",
        "color": "#000080"
      },
      "geometry": {
        "type": "LineString",
        "coordinates": [
          [
            34.9560773,
            31.8936402
          ],
          [
            34.9547641,
            31.8938586
          ]
        ]
      }
    },
    {
      "type": "Feature",
      "properties": {
        "type": "Commuter Rail",
        "network": "Israel Railways",
        "route_name": "Israel Railways",
        "color": "#000080"
      },
      "geometry": {
        "type": "LineString",
        "coordinates": [
          [
            34.9560773,
            31.8936402
          ],
          [
            34.9569484,
            31.8934953
          ],
          [
            34.9593705,
            31.8931197
          ],
          [
            34.9603589,
            31.8929591
          ],
          [
            34.9618662,
            31.8926914
          ],
          [
            34.9628781,
            31.8925937
          ],
          [
            34.9636302,
            31.892559
          ]
        ]
      }
    },
    {
      "type": "Feature",
      "properties": {
        "type": "Commuter Rail",
        "network": "Israel Railways",
        "route_name": "Israel Railways",
        "color": "#000080"
      },
      "geometry": {
        "type": "LineString",
        "coordinates": [
          [
            34.9547641,
            31.8938586
          ],
          [
            34.9538573,
            31.8940095
          ],
          [
            34.9536434,
            31.894045
          ],
          [
            34.9514792,
            31.894405
          ]
        ]
      }
    },
    {
      "type": "Feature",
      "properties": {
        "type": "Commuter Rail",
        "network": "Israel Railways",
        "route_name": "Israel Railways",
        "color": "#000080"
      },
      "geometry": {
        "type": "LineString",
        "coordinates": [
          [
            34.9516555,
            31.88085
          ],
          [
            34.9510694,
            31.8815873
          ],
          [
            34.9494402,
            31.8833774
          ]
        ]
      }
    },
    {
      "type": "Feature",
      "properties": {
        "type": "Commuter Rail",
        "network": "Israel Railways",
        "route_name": "Israel Railways",
        "color": "#000080"
      },
      "geometry": {
        "type": "LineString",
        "coordinates": [
          [
            34.9514792,
            31.894405
          ],
          [
            34.9503653,
            31.8945851
          ],
          [
            34.9501918,
            31.8946048
          ],
          [
            34.9499906,
            31.8946179
          ],
          [
            34.9497678,
            31.8946228
          ],
          [
            34.9495301,
            31.8946185
          ],
          [
            34.9492842,
            31.8946037
          ],
          [
            34.9490367,
            31.8945773
          ],
          [
            34.9487942,
            31.8945382
          ],
          [
            34.9485623,
            31.894485
          ],
          [
            34.9484425,
            31.8944527
          ],
          [
            34.9483387,
            31.8944239
          ],
          [
            34.9482471,
            31.8943976
          ],
          [
            34.9481634,
            31.894372
          ],
          [
            34.9480827,
            31.8943457
          ],
          [
            34.9480004,
            31.8943171
          ],
          [
            34.9479117,
            31.8942845
          ],
          [
            34.9478128,
            31.8942469
          ],
          [
            34.9477206,
            31.8942072
          ],
          [
            34.9476213,
            31.894162
          ],
          [
            34.9475184,
            31.8941129
          ],
          [
            34.9474151,
            31.8940607
          ],
          [
            34.9473143,
            31.8940068
          ],
          [
            34.9472192,
            31.8939524
          ],
          [
            34.9471327,
            31.8938987
          ],
          [
            34.9470566,
            31.8938462
          ]
        ]
      }
    },
    {
      "type": "Feature",
      "properties": {
        "type": "Commuter Rail",
        "network": "Israel Railways",
        "route_name": "Israel Railways",
        "color": "#000080"
      },
      "geometry": {
        "type": "LineString",
        "coordinates": [
          [
            34.9455607,
            31.8917844
          ],
          [
            34.9456035,
            31.8919491
          ],
          [
            34.9456598,
            31.8921156
          ],
          [
            34.9457275,
            31.892282
          ],
          [
            34.9458037,
            31.8924451
          ],
          [
            34.9458859,
            31.8926014
          ],
          [
            34.9459713,
            31.8927477
          ],
          [
            34.9460571,
            31.8928806
          ],
          [
            34.9461409,
            31.892997
          ],
          [
            34.9462182,
            31.8930942
          ],
          [
            34.9463064,
            31.8931952
          ],
          [
            34.9464042,
            31.8932987
          ],
          [
            34.9465105,
            31.893403
          ],
          [
            34.9466237,
            31.8935068
          ],
          [
            34.9467428,
            31.8936087
          ],
          [
            34.9468663,
            31.8937071
          ],
          [
            34.9470566,
            31.8938462
          ]
        ]
      }
    },
    {
      "type": "Feature",
      "properties": {
        "type": "Commuter Rail",
        "network": "Israel Railways",
        "route_name": "Israel Railways",
        "color": "#000080"
      },
      "geometry": {
        "type": "LineString",
        "coordinates": [
          [
            34.9494402,
            31.8833774
          ],
          [
            34.9477584,
            31.8852701
          ],
          [
            34.9476539,
            31.8853944
          ],
          [
            34.9475371,
            31.8855327
          ],
          [
            34.9474121,
            31.885681
          ],
          [
            34.9472831,
            31.8858349
          ],
          [
            34.9471542,
            31.8859903
          ],
          [
            34.9470297,
            31.886143
          ],
          [
            34.9469136,
            31.8862889
          ],
          [
            34.9468102,
            31.8864239
          ],
          [
            34.9466209,
            31.8866755
          ],
          [
            34.9464516,
            31.8869008
          ],
          [
            34.9463025,
            31.8871052
          ],
          [
            34.946174,
            31.8872942
          ],
          [
            34.9460663,
            31.8874732
          ],
          [
            34.9459795,
            31.8876477
          ],
          [
            34.945914,
            31.8878232
          ],
          [
            34.94587,
            31.888005
          ],
          [
            34.9458447,
            31.8881383
          ],
          [
            34.9457489,
            31.8886929
          ],
          [
            34.9455224,
            31.89043
          ],
          [
            34.9455034,
            31.8906111
          ],
          [
            34.9454907,
            31.8907881
          ],
          [
            34.9454845,
            31.8909614
          ],
          [
            34.9454852,
            31.8911313
          ],
          [
            34.9454929,
            31.8912984
          ],
          [
            34.945508,
            31.8914629
          ],
          [
            34.9455306,
            31.8916253
          ],
          [
            34.9455607,
            31.8917844
          ]
        ]
      }
    },
    {
      "type": "Feature",
      "properties": {
        "type": "Commuter Rail",
        "network": "Israel Railways",
        "route_name": "Israel Railways",
        "color": "#000080",
        "is_station": true,
        "station_name": "Modi'in Center Station"
      },
      "geometry": {
        "type": "Point",
        "coordinates": [
          35.0057522,
          31.9010673
        ]
      }
    },
    {
      "type": "Feature",
      "properties": {
        "type": "Commuter Rail",
        "network": "Israel Railways",
        "route_name": "Israel Railways",
        "color": "#000080",
        "is_station": true,
        "station_name": "Paatei Modi'in Station"
      },
      "geometry": {
        "type": "Point",
        "coordinates": [
          34.9606982,
          31.8931196
        ]
      }
    },
    {
      "type": "Feature",
      "properties": {
        "type": "Commuter Rail",
        "network": "Israel Railways",
        "route_name": "Israel Railways",
        "color": "#000080",
        "is_station": true,
        "station_name": "Jerusalem–Yitzhak Navon Station"
      },
      "geometry": {
        "type": "Point",
        "coordinates": [
          35.2027658,
          31.7881125
        ]
      }
    }
  ]
}