{"type":"FeatureCollection","features":[{"type":"Feature","properties":{"route_name":"Ligne M1","type":"Metro","network":"RTM Metro","color":"#009FE3"},"geometry":{"type":"MultiLineString","coordinates":[[[5.42970276,43.33310318],[5.42923355,43.33249283],[5.42889309,43.33209229],[5.42874002,43.33192825],[5.4285388,43.33174133],[5.42805862,43.33125305],[5.42774248,43.33092117],[5.42762709,43.33077621],[5.42750645,43.33057785],[5.42747927,43.33051682],[5.42745256,43.33039856],[5.42741251,43.33019257],[5.42740679,43.3300972],[5.42743397,43.32962036],[5.42747116,43.32936096],[5.42749548,43.32913589],[5.42750645,43.32899094],[5.42751169,43.32862854],[5.42746067,43.3283577],[5.42737198,43.32817459],[5.42726469,43.32798004],[5.4271493,43.32780838],[5.42708254,43.32775497],[5.4269805,43.32769394],[5.42617321,43.32721329],[5.42495537,43.32645798],[5.42441082,43.32610321],[5.42323875,43.32549667],[5.42285776,43.32531738],[5.42241812,43.32509232],[5.42193794,43.32484436],[5.42173147,43.32474136],[5.42162943,43.32468796],[5.4215169,43.32462692],[5.42088938,43.3242836],[5.42020798,43.32386398],[5.41987276,43.32365036],[5.41954565,43.32344437],[5.41899014,43.32304764],[5.418612,43.32277679],[5.41823912,43.32248688],[5.41687918,43.32134247],[5.41645288,43.32096863],[5.41528368,43.31993484],[5.41446781,43.31922531],[5.4138031,43.31867981],[5.41315889,43.31819153],[5.41235447,43.31765747],[5.41172695,43.31727219],[5.41094351,43.31682587],[5.41012812,43.31644821],[5.40955973,43.31616974],[5.4093771,43.31611633],[5.40918922,43.3160553],[5.40872526,43.31594849],[5.40754271,43.31568527],[5.40683699,43.31553268],[5.40639973,43.31545258],[5.40639305,43.31548691],[5.40639877,43.31545258],[5.40614939,43.31539917],[5.40568638,43.31529999],[5.40554428,43.31526566],[5.4054184,43.31521988],[5.40530586,43.31519318],[5.40521955,43.31515884],[5.40516615,43.31513214],[5.40479612,43.31492615],[5.40471029,43.31483841],[5.40460825,43.31475067],[5.40454102,43.31468201],[5.40448999,43.31461716],[5.40446615,43.31457901],[5.40443373,43.31453323],[5.40429163,43.31435776],[5.40414143,43.31416321],[5.40399933,43.31396866],[5.40384674,43.31375885],[5.40372324,43.31358337],[5.40143633,43.3091507],[5.40139723,43.30915833],[5.40143633,43.3091507],[5.4013896,43.30906296],[5.40073776,43.30789948],[5.40019846,43.30685425],[5.40002155,43.30644989],[5.39988756,43.30618286],[5.39973211,43.30591965],[5.39961958,43.30573273],[5.39948511,43.30550385],[5.39934587,43.3053093],[5.39922523,43.30516434],[5.3991313,43.30505753],[5.39905357,43.30497742],[5.39889002,43.30488205],[5.39873409,43.30478287],[5.39856243,43.30470276],[5.39839077,43.30462646],[5.39824343,43.30456924],[5.39806366,43.30451202],[5.39773369,43.30440521],[5.39743853,43.30432129],[5.39723206,43.30428314],[5.39686489,43.30421448],[5.39647055,43.304142],[5.39611912,43.30408096],[5.39611769,43.30408096],[5.39532804,43.30395889],[5.39450169,43.30383682],[5.39310694,43.30357742],[5.38672304,43.30068207],[5.38656759,43.30057907],[5.38619471,43.30037308],[5.38619423,43.30037308],[5.3857255,43.30015945],[5.38517809,43.29998779],[5.38470602,43.29989243],[5.38429308,43.29987717],[5.38399792,43.29990005],[5.38361216,43.2999382],[5.38336515,43.30001068],[5.38301086,43.30016708],[5.38252831,43.30036545],[5.38228703,43.30049515],[5.3821044,43.30059052],[5.38186312,43.30075073],[5.38145018,43.30105972],[5.38117647,43.30128479],[5.38093758,43.3015213],[5.38048697,43.30196381],[5.38013363,43.30236053],[5.38013506,43.30236053],[5.3798542,43.30262375],[5.37906837,43.30340576],[5.3788805,43.30352402],[5.37868214,43.30361176],[5.37855339,43.30364609],[5.37844038,43.30368805],[5.37826347,43.3037262],[5.37809181,43.30374908],[5.37790966,43.30375671],[5.3777647,43.30377197],[5.37759304,43.30376053],[5.37743235,43.30373383],[5.37715864,43.3036499],[5.37684727,43.30352783],[5.37663269,43.30341721],[5.37650919,43.30333328],[5.3762517,43.3031311],[5.37570477,43.30274963],[5.37529707,43.30232239],[5.37495375,43.30190277],[5.37477112,43.30152512],[5.37438917,43.30046463],[5.37437725,43.30041504],[5.3743639,43.30031967],[5.37433815,43.30031967],[5.3743639,43.30031967],[5.37418127,43.29961014],[5.37413311,43.29937744],[5.37410069,43.29909134],[5.37405777,43.29808426],[5.37404156,43.29730225],[5.37403631,43.2971344],[5.37404728,43.29695892],[5.37406874,43.29660797],[5.37414932,43.29600143],[5.37418127,43.29581451],[5.37421465,43.29564667],[5.37418127,43.29563904],[5.37421322,43.29564667],[5.37452459,43.29430771],[5.37456751,43.29374695],[5.37464285,43.29323578],[5.37465334,43.29316711],[5.37466431,43.29310989],[5.3747015,43.29301071],[5.37478733,43.29290771],[5.37486792,43.29283905],[5.37502337,43.29273224],[5.37524891,43.29262543],[5.37558413,43.29249573],[5.37590885,43.2923317],[5.37627316,43.29211426],[5.37663841,43.29184341],[5.37693834,43.29159164],[5.37712622,43.29138947],[5.37726593,43.2912674],[5.37744808,43.29108047],[5.37753391,43.29097366],[5.37774849,43.29066467],[5.37799835,43.29032516],[5.37860155,43.28944397],[5.3788538,43.28881454],[5.37957239,43.28709793],[5.37979221,43.28668594],[5.38006592,43.28641891],[5.38018417,43.28630447],[5.38025904,43.28623962],[5.38061857,43.28604889],[5.38131618,43.28583145],[5.38206148,43.28577805],[5.38279104,43.28574753],[5.38335991,43.28583908],[5.38385868,43.28594208],[5.38453436,43.2861557],[5.39198589,43.28814316],[5.39198446,43.28813934],[5.39767742,43.28960037],[5.39922237,43.29003906],[5.39945841,43.29018021],[5.39965677,43.29037094],[5.40002966,43.29075241],[5.40026045,43.29099274],[5.40043211,43.29115677],[5.40043068,43.29115677],[5.40057945,43.29130554],[5.40079403,43.29154587],[5.40141106,43.29212189],[5.40167379,43.29236603],[5.40251064,43.29288483],[5.40310621,43.29324341],[5.40428114,43.29418182],[5.40545034,43.29513931],[5.40615845,43.29549789],[5.40614128,43.29550552],[5.40630054,43.29559326],[5.40790606,43.2965126],[5.4090538,43.29717255],[5.41107512,43.29836655],[5.41208887,43.29896545],[5.4124589,43.29919052],[5.41302252,43.29956818],[5.41358566,43.29998016],[5.41358137,43.29998779],[5.41466093,43.3014183],[5.41495609,43.30173874],[5.41521883,43.30199432],[5.41557837,43.30223083],[5.41599131,43.3024292],[5.41664076,43.3027153],[5.41860962,43.30328369],[5.41861343,43.30328369],[5.42080879,43.30349731],[5.42271328,43.30370331],[5.4237752,43.30380249],[5.42421532,43.30384064]],[[5.42421055,43.30387878],[5.42421103,43.30381393],[5.42368126,43.30380249],[5.42315435,43.30378342],[5.42304039,43.30379868],[5.42172766,43.30367661],[5.42041969,43.30354691],[5.41914701,43.30338287],[5.41859722,43.30330276],[5.41859722,43.30329895],[5.41818571,43.3032341],[5.41665649,43.30276489],[5.41455412,43.30200195],[5.41402817,43.30104446],[5.41358423,43.29999161],[5.41359091,43.29998779],[5.41303062,43.29962921],[5.41080427,43.29835892],[5.40899086,43.29720306],[5.40758038,43.29631424],[5.4068346,43.2959137],[5.40615034,43.29547501],[5.40614939,43.29547882],[5.40571308,43.29525375],[5.4054451,43.29510498],[5.40523052,43.29492569],[5.40292358,43.29312897],[5.40226412,43.29272079],[5.40177059,43.2924118],[5.40122843,43.29195023],[5.40039778,43.2911644],[5.40039587,43.2911644],[5.40016651,43.29086685],[5.39937782,43.29011154],[5.39922237,43.29000854],[5.39907742,43.28994751],[5.3983345,43.2897644],[5.39784908,43.28964233],[5.39209318,43.28817749],[5.39198303,43.28815079],[5.39198446,43.28815079],[5.38476515,43.28624725],[5.38451719,43.28617859],[5.38333845,43.28582001],[5.38297892,43.28577042],[5.38261414,43.28574753],[5.38187933,43.28578186],[5.38124084,43.28586197],[5.38060236,43.28606796],[5.38044405,43.28614426],[5.38023758,43.28625488],[5.37982988,43.28665161],[5.37951326,43.28720093],[5.37929106,43.28773117],[5.37906837,43.28827667],[5.37889147,43.28872299],[5.37874889,43.28908157],[5.37860441,43.2894516],[5.37800884,43.29032135],[5.37802696,43.29032898],[5.37800884,43.29032135],[5.37771654,43.29094315],[5.37760401,43.29113007],[5.37742662,43.29130554],[5.37726593,43.29145432],[5.37690115,43.29172897],[5.37593031,43.29221725],[5.3749485,43.29281616],[5.37472296,43.29296875],[5.37454605,43.29313278],[5.37437439,43.2934494],[5.37424564,43.29381943],[5.37434244,43.29424667],[5.37442255,43.29444504],[5.37446022,43.29473877],[5.37422037,43.29565048],[5.3742466,43.2956543],[5.37422037,43.29565048],[5.37406874,43.2965126],[5.37404728,43.29712296],[5.37405252,43.29789734],[5.3741169,43.2991066],[5.37437296,43.30030441],[5.37437439,43.30030441],[5.37451363,43.3008728],[5.37469101,43.30130005],[5.37491083,43.30186081],[5.37529707,43.30231857],[5.37615013,43.30299377],[5.37672949,43.30339813],[5.37683153,43.30345154],[5.37716389,43.30356598],[5.37744808,43.30365753],[5.37759829,43.30367661],[5.37774849,43.30368805],[5.37789345,43.30366898],[5.37833881,43.30361938],[5.37865543,43.30351639],[5.37899828,43.30334854],[5.38012791,43.30235291],[5.38013029,43.30235291],[5.38129425,43.30116653],[5.38193798,43.30068207],[5.38263559,43.30030441],[5.3830862,43.30010223],[5.3835125,43.29995728],[5.38384247,43.29989243],[5.38403845,43.29987335],[5.38437366,43.29986572],[5.38461781,43.2998848],[5.38484287,43.29994583],[5.38507366,43.30001831],[5.38618803,43.30041885],[5.38618898,43.30041885],[5.3931284,43.30359268],[5.39610577,43.30408096],[5.39610624,43.30408096],[5.39726973,43.30426407],[5.39828873,43.30457687],[5.39879322,43.30487442],[5.39931917,43.30532074],[5.39979649,43.30600357],[5.40017176,43.30677414],[5.4014163,43.30914307],[5.40148211,43.30910492],[5.40141392,43.30914307],[5.40161514,43.30981445],[5.40181875,43.31041718],[5.40223694,43.31142044],[5.40255928,43.31211853],[5.40381956,43.31372452],[5.40432405,43.31439209],[5.40454388,43.31468582],[5.40479088,43.31489944],[5.4051609,43.31513214],[5.40574026,43.31530762],[5.4064188,43.31545639],[5.40643644,43.31541061],[5.40642452,43.31544113],[5.4075346,43.3156662],[5.40877104,43.31592941],[5.40934229,43.316082],[5.40994024,43.31631851],[5.41056299,43.31661224],[5.41094112,43.31681442],[5.41206741,43.31745911],[5.41307878,43.3181076],[5.41393948,43.3187561],[5.41524029,43.31983566],[5.41647053,43.32092667],[5.41642189,43.320961],[5.41769743,43.32203674],[5.4183197,43.32255554],[5.41888809,43.32297516],[5.41984844,43.32364655],[5.42125416,43.32449722],[5.42287397,43.32531357],[5.42323351,43.32549667],[5.42363024,43.32569122],[5.42440271,43.32609177],[5.42492867,43.32644653],[5.42714405,43.32778549],[5.42732143,43.32805252],[5.42746067,43.32832336],[5.4275198,43.32862091],[5.42752504,43.32888794],[5.42740679,43.3299942],[5.42742825,43.33019638],[5.42747688,43.33039093],[5.42751455,43.33055115],[5.42760038,43.33072662],[5.4277072,43.33088303],[5.42827892,43.33147049],[5.42899752,43.33220291],[5.42935991,43.33265686],[5.4296279,43.33299637],[5.42972565,43.33310699]]]}},{"type":"Feature","properties":{"route_name":"Ligne M2","type":"Metro","network":"RTM Metro","color":"#E30613"},"geometry":{"type":"MultiLineString","coordinates":[[[5.36728287,43.32793045],[5.36743832,43.32736969],[5.36758232,43.32713318],[5.36773729,43.32691956],[5.36800671,43.32663345],[5.36855555,43.32605743],[5.36909294,43.3254776],[5.36942291,43.32497787],[5.36977577,43.32440186],[5.37034178,43.32351685],[5.37079906,43.32291412],[5.37097311,43.32270813],[5.37110758,43.32249451],[5.37119341,43.32226944],[5.371243,43.32204056],[5.37139606,43.32085037],[5.37139702,43.320858],[5.37140512,43.32072449],[5.3714242,43.32058334],[5.37151527,43.31981277],[5.37157154,43.31934357],[5.37162256,43.31899261],[5.37165737,43.31882858],[5.37173796,43.31855392],[5.37176991,43.31845474],[5.37183428,43.31830597],[5.37195492,43.31807327],[5.3720274,43.31794357],[5.3721509,43.31776047],[5.37230921,43.31755066],[5.37242985,43.3174057],[5.37275171,43.31704712],[5.37289667,43.31689072],[5.37296343,43.31679916],[5.37301159,43.3167038],[5.37308168,43.31655884],[5.37311363,43.31641006],[5.37314844,43.31624985],[5.37317801,43.3159256],[5.3730092,43.3151207],[5.37296629,43.31485748],[5.37293959,43.31465149],[5.37292337,43.31454468],[5.37291813,43.31430435],[5.37293148,43.31413651],[5.3729744,43.31383133],[5.37301731,43.31358337],[5.37307644,43.31326675],[5.37315655,43.31299591],[5.37329626,43.31258774],[5.37340879,43.31224442],[5.37356424,43.31175613],[5.37364483,43.31150055],[5.37378407,43.31107712],[5.37381124,43.31070709],[5.37377357,43.31050873],[5.37366104,43.31021881],[5.37352657,43.31002808],[5.37343025,43.30991364],[5.37333918,43.30983734],[5.37308693,43.30971146],[5.37233734,43.30938339],[5.37233448,43.30938339],[5.37087154,43.30878067],[5.36809826,43.30762863],[5.3679533,43.30754471],[5.36781645,43.3074379],[5.36763668,43.30728531],[5.36753988,43.30716705],[5.36745977,43.30703354],[5.36741686,43.3069725],[5.36728239,43.30659866],[5.36715126,43.3061142],[5.36708403,43.30586624],[5.36700344,43.30556107],[5.36700106,43.3053894],[5.36701155,43.30527878],[5.36704636,43.30516052],[5.36706829,43.30506897],[5.36709213,43.30499649],[5.3671298,43.30492401],[5.36789131,43.30390167],[5.36786699,43.30387878],[5.36788893,43.30389786],[5.36889744,43.3026886],[5.36916018,43.30251312],[5.36940145,43.3024025],[5.36967516,43.30234146],[5.37048531,43.3021698],[5.37169218,43.30189896],[5.37236834,43.30177689],[5.37284565,43.30176544],[5.37319946,43.30176926],[5.37356949,43.30184174],[5.37401485,43.30197525],[5.37402487,43.30195618],[5.37401581,43.30197525],[5.3747282,43.30212784],[5.37508774,43.30224991],[5.37536669,43.3024025],[5.37579584,43.30269241],[5.3762145,43.3029747],[5.37650919,43.3031044],[5.37682581,43.30323029],[5.37729549,43.30332565],[5.3777914,43.30335236],[5.37825012,43.30327606],[5.37877321,43.30315781],[5.37886715,43.30313492],[5.37911367,43.30304337],[5.37992334,43.30236053],[5.38001776,43.30229187],[5.38001728,43.30229187],[5.38082266,43.30160904],[5.38105869,43.30129623],[5.38124084,43.30089951],[5.38129425,43.30050659],[5.38131618,43.30028915],[5.38131046,43.30013657],[5.38127279,43.29970551],[5.38118172,43.29918671],[5.38109589,43.2987709],[5.38104248,43.29837418],[5.38104248,43.2981987],[5.38126516,43.29679871],[5.38126564,43.29679871],[5.38133192,43.29650497],[5.38147688,43.29605865],[5.38164854,43.29578018],[5.38187933,43.29541016],[5.38212061,43.29504395],[5.38230324,43.2949028],[5.38281822,43.29442596],[5.38303232,43.29417419],[5.38325787,43.29377365],[5.38344002,43.29328537],[5.3836627,43.29282379],[5.38389111,43.29191971],[5.38401937,43.29143524],[5.38406801,43.2908783],[5.3840251,43.29014206],[5.38398218,43.28927994],[5.38389111,43.28829575],[5.3837676,43.28745651],[5.38375139,43.28702164],[5.38372993,43.28673553],[5.38371897,43.28650665],[5.38377285,43.28627014],[5.38381052,43.28608322],[5.38386393,43.285923],[5.38396597,43.28574753],[5.38421154,43.28534698],[5.38435602,43.28515625],[5.38433123,43.28514481],[5.38435507,43.28515625],[5.38541985,43.28331375],[5.38627005,43.28180313],[5.38673115,43.28098679],[5.38712025,43.28029633],[5.38760996,43.27939224],[5.387609,43.27939224],[5.38860083,43.27769089],[5.39040327,43.27458191],[5.39103603,43.2734642],[5.39208794,43.27212906],[5.39230251,43.2718544],[5.39248991,43.27157211],[5.39254904,43.27145386],[5.39256239,43.27141953],[5.39256001,43.27141953],[5.39272881,43.2712059],[5.39287376,43.27096939],[5.39314175,43.2705574],[5.39335632,43.27020645],[5.39354944,43.26992035],[5.39367819,43.26977539],[5.39387417,43.26957321],[5.39490271,43.26885986],[5.39523125,43.26874161],[5.39554787,43.2686615],[5.39585876,43.26862717],[5.39597559,43.26861954],[5.39616585,43.26862335],[5.39647436,43.26865768],[5.39672375,43.26872253],[5.39695168,43.26879883],[5.39717054,43.26889801],[5.39733124,43.26899338],[5.39748955,43.26909637],[5.39804888,43.26945877],[5.39814663,43.26951218],[5.39831066,43.26957321],[5.39857864,43.26966858],[5.39887905,43.26973343],[5.3991046,43.26974106],[5.39942074,43.2697525],[5.39983416,43.26976776],[5.40009403,43.26979065],[5.40049124,43.2698555],[5.40084267,43.26996994],[5.40217972,43.27056503]],[[5.40215921,43.27058029],[5.40120697,43.27016068],[5.40090942,43.27003098],[5.40063047,43.26992798],[5.40032768,43.26985931],[5.40001345,43.26981735],[5.39953089,43.26979065],[5.39904785,43.26977539],[5.39877462,43.26973724],[5.39845514,43.26966858],[5.39832115,43.26961517],[5.39817381,43.26955414],[5.39810133,43.26952362],[5.39803123,43.26948547],[5.39787054,43.26938248],[5.39775229,43.26930618],[5.39746284,43.26912689],[5.39724016,43.26897812],[5.39701223,43.26885605],[5.39680862,43.26877975],[5.39647579,43.26869202],[5.396245,43.26865768],[5.39600372,43.2686615],[5.3957839,43.2686615],[5.39555311,43.26869583],[5.3951292,43.26880264],[5.39447498,43.26916122],[5.39391184,43.26957703],[5.39361143,43.26993179],[5.39304256,43.27079391],[5.39257574,43.2714119],[5.39260483,43.27141953],[5.39257574,43.2714119],[5.39236116,43.27183151],[5.39209318,43.27220154],[5.39131546,43.27306747],[5.39105797,43.27344894],[5.39090776,43.2736969],[5.39056158,43.27429581],[5.3900733,43.27514648],[5.38967896,43.27588654],[5.38949108,43.2762146],[5.3880806,43.27868271],[5.38764858,43.27939224],[5.38439226,43.28516388],[5.38439274,43.28516388],[5.38397121,43.28590012],[5.38388014,43.28606033],[5.38385582,43.28623581],[5.38385057,43.2864418],[5.38387489,43.28677368],[5.38389874,43.28715134],[5.38396597,43.28769302],[5.3840518,43.28835678],[5.38412142,43.28926086],[5.38418055,43.29003906],[5.38422346,43.2908783],[5.38366842,43.29281998],[5.38331127,43.29363632],[5.38305378,43.29428482],[5.38289833,43.29449081],[5.38269997,43.29469299],[5.38223314,43.29510117],[5.38182545,43.29566574],[5.38152504,43.29624557],[5.38142586,43.2964592],[5.38125563,43.29677582],[5.38114977,43.29801559],[5.38118696,43.29848099],[5.3812623,43.29892349],[5.38133192,43.29930878],[5.38141251,43.29969788],[5.38143396,43.30033112],[5.38141251,43.30087662],[5.38136435,43.30118561],[5.38129425,43.30138397],[5.38116598,43.30152512],[5.38090563,43.30180359],[5.38023233,43.30237198],[5.37942219,43.30303192],[5.379004,43.30332947],[5.37854242,43.30343246],[5.37845135,43.30344772],[5.3781724,43.30346298],[5.37768412,43.30346298],[5.37717485,43.30339813],[5.37671852,43.30328369],[5.37629461,43.30311584],[5.37587643,43.30288315],[5.37546349,43.30263519],[5.37502861,43.30236816],[5.37452459,43.30217361],[5.3739934,43.30198288],[5.37334967,43.30189896],[5.37280273,43.30184555],[5.37213755,43.30188751],[5.37080717,43.3021431],[5.3690958,43.30256271],[5.36793709,43.30389404],[5.36734438,43.30462265],[5.36722612,43.30475998],[5.36713266,43.30490112],[5.36707592,43.30514908],[5.36706018,43.30527878],[5.36705732,43.30553055],[5.36711645,43.30576324],[5.36721277,43.30615997],[5.36731768,43.30654526],[5.36746216,43.3069725],[5.36758852,43.30715561],[5.36772537,43.30731964],[5.36789703,43.30745316],[5.36810589,43.30759048],[5.36824799,43.30766296],[5.36852169,43.30777359],[5.37044239,43.30856323],[5.37236023,43.30934143],[5.37236071,43.30934143],[5.37274075,43.30949402],[5.37344646,43.30986023],[5.3737092,43.31019592],[5.37382746,43.31048965],[5.37387562,43.31070328],[5.37383795,43.31106567],[5.37349987,43.3121376],[5.3731246,43.31321716],[5.37297964,43.31408691],[5.37295818,43.31449127],[5.37297964,43.3147049],[5.37304401,43.31513977],[5.37304401,43.31514359],[5.37320757,43.31604385],[5.37319946,43.31624603],[5.37316751,43.31641769],[5.37315416,43.31651306],[5.3730979,43.31664658],[5.37294722,43.31690598],[5.37255049,43.31733322],[5.37211609,43.31788635],[5.37179947,43.31848145],[5.37167597,43.31893921],[5.37160635,43.31941986],[5.37155819,43.3198967],[5.37142944,43.32084274],[5.37146235,43.32084274],[5.37142801,43.32083893],[5.37128448,43.32204437],[5.37124538,43.32223892],[5.37117338,43.32244492],[5.37106848,43.32263565],[5.37077618,43.32301712],[5.37052536,43.32333374],[5.37039804,43.32350159],[5.37002516,43.32408142],[5.36975288,43.32450485],[5.36958122,43.32479095],[5.36924982,43.32531357],[5.36912537,43.32548523],[5.36875105,43.32590103],[5.36837578,43.3263092],[5.36779642,43.32692719],[5.36762619,43.32714081],[5.36749029,43.32739258],[5.36731482,43.32794189],[5.36735773,43.32794952]]]}},{"type":"Feature","properties":{"route_name":"Ligne T1","type":"Tram","network":"RTM Tram","color":"#F28C00"},"geometry":{"type":"MultiLineString","coordinates":[[[5.38112831,43.29716873],[5.38134813,43.29690552],[5.38160563,43.29626465],[5.38219023,43.2958107],[5.38388014,43.29504013],[5.3859992,43.29536438],[5.38663197,43.29518509],[5.38723803,43.29503632],[5.38911057,43.29513931],[5.38929844,43.29513168],[5.38970995,43.29515457],[5.38971186,43.29515457],[5.39316654,43.29536438],[5.3931675,43.29536438],[5.39743328,43.29562378],[5.39743853,43.29562378],[5.40175962,43.29586792],[5.40176105,43.29586792],[5.40265846,43.29592514],[5.40448475,43.29603195],[5.40572119,43.2960968],[5.40580702,43.2960968],[5.40590382,43.29607773],[5.40597057,43.29603958],[5.40603256,43.2959938],[5.40616512,43.29584122],[5.40625906,43.29571152],[5.40638924,43.29554367],[5.40642405,43.29551315],[5.40646982,43.29548645],[5.40657711,43.29545593],[5.40685606,43.29539871],[5.40713501,43.29533768],[5.40720749,43.29531479],[5.4072876,43.29528809],[5.40863943,43.29466248],[5.40884352,43.29458237],[5.40904713,43.29452133],[5.40932608,43.29444885],[5.40939856,43.29441833],[5.40945482,43.294384],[5.40950346,43.29433823],[5.40953827,43.29423904],[5.40956116,43.29414368],[5.40956068,43.29413986],[5.4096694,43.29357147],[5.40976095,43.29301453],[5.4097743,43.29295731],[5.40981722,43.29289246],[5.40988398,43.29283905],[5.40994835,43.29280853],[5.41005325,43.29278183],[5.41016579,43.29278564],[5.41136217,43.29288101],[5.41152859,43.29287338],[5.41167593,43.29282379],[5.41174841,43.29277802],[5.41180992,43.2927475],[5.41315365,43.29206848],[5.41327429,43.291996],[5.41341639,43.29194641],[5.41363668,43.29184341],[5.41371965,43.29181671],[5.41383505,43.29180908],[5.41417313,43.29182053],[5.41421747,43.29182053],[5.41421843,43.29182434],[5.41456175,43.29183578],[5.41470957,43.2918396],[5.41493225,43.2918129],[5.41578245,43.29166412],[5.41669703,43.29151154],[5.41681767,43.29150009],[5.4169302,43.29152679],[5.41703749,43.29157639],[5.41710997,43.29165649],[5.41776991,43.29342651],[5.41791201,43.29376984],[5.41807556,43.29411697],[5.41842175,43.29478836],[5.41844559,43.29483414],[5.41847801,43.29487991],[5.41854239,43.29493713],[5.41863108,43.2949791],[5.41872215,43.29500198],[5.41881037,43.2950058],[5.41900349,43.29500198],[5.41918993,43.29499054],[5.41924381,43.29498672],[5.41924429,43.29498672],[5.41959906,43.29497528],[5.42064238,43.2949295],[5.42105293,43.29489899],[5.42146301,43.29486084],[5.42173672,43.29485703],[5.42201853,43.29487991],[5.42241287,43.29492569],[5.42251205,43.29493713],[5.42255878,43.29494095],[5.42255974,43.29494095],[5.42309141,43.29500198],[5.42320919,43.29501724],[5.4233408,43.29504776],[5.42350197,43.29510117],[5.42385292,43.29525375],[5.42401409,43.29529953],[5.42413759,43.2953186],[5.42427444,43.29533768],[5.42498779,43.29537582],[5.42523193,43.29537964],[5.42558336,43.29537201],[5.42592621,43.29533386],[5.42612743,43.29529572],[5.42632866,43.29525375],[5.42676067,43.2951355],[5.42691612,43.29508209],[5.42721128,43.29494858],[5.42750359,43.29480362],[5.42812586,43.29449844],[5.42823315,43.29444504],[5.42838335,43.29439926],[5.42851734,43.29436874],[5.42895746,43.29429626],[5.42901516,43.29428864],[5.42905807,43.29428101],[5.42965746,43.29419327],[5.42989349,43.29417038],[5.43013763,43.29416656],[5.43093681,43.2942009],[5.43116188,43.29422379],[5.43134451,43.29425812],[5.43157005,43.29430771],[5.43178463,43.29438019],[5.43229151,43.29459763],[5.43230724,43.29460526],[5.4323082,43.29460526],[5.43272066,43.29477692],[5.43279839,43.29479218],[5.43287611,43.2947998],[5.43295383,43.2947998],[5.43303299,43.29479599],[5.43314314,43.29476166],[5.43321276,43.29472733],[5.43328094,43.29468536],[5.43334293,43.29462433],[5.43339491,43.29455185],[5.43357229,43.29431152],[5.43386841,43.2939415],[5.43427467,43.29342651],[5.43447876,43.29317093],[5.43467569,43.29291153],[5.43486071,43.29266357],[5.43504477,43.29240799],[5.4350996,43.29233932],[5.43515205,43.29229355],[5.43520546,43.29225922],[5.43531275,43.29222107],[5.4354105,43.29220581],[5.43552494,43.29220963],[5.43560123,43.29222107],[5.43567753,43.29224396],[5.43596458,43.29236603],[5.4362731,43.29250717],[5.43637085,43.29253769],[5.43647003,43.29256439],[5.43667412,43.29261398],[5.43684578,43.2926445],[5.4368639,43.29264832],[5.4368639,43.29265213],[5.43718386,43.29272079],[5.43858099,43.29302216],[5.43887472,43.29307938],[5.43919516,43.29314423],[5.43972635,43.29327774],[5.44000006,43.29335785],[5.44026804,43.29345322],[5.44040775,43.29353333],[5.44071627,43.29370117],[5.44099236,43.2938385],[5.44113445,43.29389191],[5.4420681,43.29418182],[5.44297743,43.294487],[5.44311142,43.29451752],[5.44332314,43.2945137],[5.44344139,43.29452515],[5.44356728,43.29455566],[5.44410372,43.29474258]],[[5.44400167,43.29473495],[5.44351625,43.29457474],[5.44341993,43.29455185],[5.4432373,43.29454803],[5.44315147,43.29454422],[5.44306564,43.29453659],[5.44295835,43.29451752],[5.44244862,43.29433823],[5.44171381,43.2940979],[5.44107008,43.29389954],[5.44094133,43.29384613],[5.44080448,43.29377747],[5.44043446,43.2935791],[5.44030571,43.29350662],[5.44016886,43.29344559],[5.44002676,43.293396],[5.43974257,43.29331207],[5.43928909,43.29319382],[5.43909073,43.29315186],[5.43880367,43.29309082],[5.43682146,43.2926712],[5.43681335,43.29266739],[5.43640041,43.29257202],[5.43627167,43.29253387],[5.43562794,43.29226303],[5.43555021,43.29224014],[5.43546724,43.29223251],[5.43532515,43.29225159],[5.43523359,43.29228592],[5.43515873,43.29233551],[5.43510246,43.29239655],[5.43471622,43.29292297],[5.43431091,43.2934494],[5.43351984,43.29444504],[5.43336153,43.2946701],[5.4332943,43.2947197],[5.43322468,43.29476547],[5.43313885,43.2947998],[5.43304491,43.29482269],[5.4329567,43.29483032],[5.43287325,43.29483414],[5.43278742,43.29481888],[5.43270159,43.2947998],[5.4323101,43.29463196],[5.43230724,43.29463196],[5.43203402,43.2945137],[5.43174171,43.29439545],[5.4316206,43.29435349],[5.43140078,43.29429245],[5.43118095,43.2942543],[5.43096876,43.2942276],[5.43071413,43.29421234],[5.43018055,43.29419327],[5.4299202,43.29419708],[5.42966795,43.29421616],[5.42904854,43.29431534],[5.42904854,43.29431152],[5.42854452,43.29438782],[5.42836189,43.29443359],[5.42818213,43.29449844],[5.42750072,43.29483414],[5.42710924,43.29502869],[5.42683315,43.29513931],[5.42640924,43.2952652],[5.42595339,43.29536057],[5.42565536,43.29539108],[5.42536592,43.29541016],[5.42501736,43.29540253],[5.42412663,43.29535294],[5.42400599,43.29533005],[5.4238987,43.29529572],[5.42379951,43.2952652],[5.42370033,43.29521942],[5.42350197,43.29513168],[5.42335939,43.29508209],[5.42321205,43.29504395],[5.4230566,43.29502106],[5.42253876,43.29496765],[5.42253637,43.29496384],[5.42192745,43.29489899],[5.42171526,43.29488373],[5.42150068,43.29488754],[5.42088938,43.29493713],[5.42006302,43.2949791],[5.41924095,43.29501343],[5.41923714,43.29501724],[5.41871119,43.29503632],[5.41863108,43.29502106],[5.41855049,43.29499435],[5.41844559,43.29491806],[5.41841078,43.29486465],[5.41838932,43.29480743],[5.41809988,43.29424286],[5.41786909,43.29377747],[5.41771364,43.29338074],[5.4174881,43.29277039],[5.41709661,43.29171753],[5.41706705,43.29166412],[5.417027,43.29161835],[5.41697836,43.29158401],[5.41692495,43.29155731],[5.41680717,43.29153061],[5.41668081,43.29154205],[5.41479015,43.29186249],[5.41468525,43.2918663],[5.41457796,43.2918663],[5.41421032,43.29185486],[5.41420794,43.29185486],[5.4138298,43.2918396],[5.41374397,43.29185104],[5.41367674,43.29187012],[5.41342211,43.291996],[5.41169453,43.2928772],[5.41161966,43.29290009],[5.41153622,43.29291534],[5.4114399,43.29292297],[5.41134596,43.29291534],[5.41016865,43.29281235],[5.4100771,43.29281616],[5.41000748,43.29282761],[5.40994024,43.29285431],[5.40987873,43.29288864],[5.40983343,43.29294586],[5.40979815,43.29302597],[5.40966702,43.29380035],[5.40960503,43.29408646],[5.4096055,43.29408646],[5.40956211,43.29431152],[5.40951157,43.29439545],[5.40939617,43.2944603],[5.40902567,43.29455566],[5.40882492,43.29462051],[5.40862894,43.29469681],[5.40746593,43.29523849],[5.40727186,43.29533005],[5.40710258,43.29537582],[5.40660095,43.29547501],[5.40648842,43.29551697],[5.40644836,43.29554367],[5.40640783,43.29558182],[5.40626526,43.29576492],[5.40626574,43.29576492],[5.40607548,43.29600906],[5.40599489,43.29606628],[5.4059062,43.29610825],[5.40579128,43.29613113],[5.40566492,43.29612732],[5.4036746,43.29601669],[5.4016633,43.29589844],[5.40165758,43.29590225],[5.39945841,43.29576874],[5.39729404,43.29563904],[5.39729404,43.29563522],[5.39520979,43.29551315],[5.39313126,43.2953949],[5.3931284,43.2953949],[5.39135551,43.2952919],[5.38959885,43.2951889],[5.38959599,43.2951889],[5.38926601,43.29516983],[5.38909435,43.29513931],[5.38723278,43.29504013],[5.38595629,43.29532623],[5.38394976,43.29501724],[5.38225746,43.29577637],[5.38190317,43.29601669],[5.38158703,43.2963028],[5.38132954,43.29692078],[5.38110924,43.29715729]]]}},{"type":"Feature","properties":{"route_name":"Ligne T2","type":"Tram","network":"RTM Tram","color":"#F4E718"},"geometry":{"type":"MultiLineString","coordinates":[[[5.36809349,43.31332016],[5.36812496,43.31327057],[5.36863995,43.31237793],[5.36886787,43.31193924],[5.36892414,43.31174088],[5.36894846,43.31150818],[5.36893749,43.31135559],[5.36891365,43.31119919],[5.36887312,43.31104279],[5.36879015,43.3107338],[5.36855125,43.310009],[5.36834764,43.3093338],[5.36815453,43.30870438],[5.3681531,43.30870438],[5.36791039,43.30789566],[5.36767149,43.30708694],[5.36726093,43.30572891],[5.36718225,43.30546951],[5.36717558,43.30543518],[5.36708164,43.30510712],[5.36706018,43.30504608],[5.36706543,43.30495453],[5.36709738,43.30488586],[5.36713505,43.30483246],[5.36787796,43.30391693],[5.36911726,43.3024025],[5.3692565,43.30223083],[5.3692975,43.30217361],[5.36929846,43.30217361],[5.37055206,43.30065536],[5.37099457,43.30011368],[5.37116671,43.29989624],[5.37119818,43.29985809],[5.37150717,43.29949188],[5.37155819,43.29943466],[5.37165737,43.29937363],[5.37175655,43.29935837],[5.37186384,43.29935455],[5.37444687,43.29917145],[5.37602663,43.29906464],[5.37616873,43.29904938],[5.37627077,43.29901505],[5.37634039,43.29896927],[5.37639141,43.29891205],[5.37657404,43.29858398],[5.3766222,43.29849625],[5.37662268,43.29849243],[5.37727928,43.29733276],[5.37766027,43.29666138],[5.37769508,43.2966156],[5.37773228,43.29658127],[5.37782907,43.29652405],[5.37790442,43.29650879],[5.37797928,43.29650116],[5.3781991,43.29653168],[5.378438,43.29659653],[5.37895298,43.296772],[5.37895203,43.296772],[5.38028049,43.29726028],[5.38106632,43.29754257],[5.3816061,43.29773712],[5.38160706,43.29773712],[5.38176107,43.2977829],[5.38342428,43.29834747],[5.38523722,43.29896545],[5.38532591,43.29901505],[5.38538504,43.29907608],[5.38539553,43.29916],[5.38537693,43.29925919],[5.38510609,43.29956436],[5.38505507,43.29964066],[5.38505745,43.29970169],[5.38506842,43.2997551],[5.38512754,43.29983902],[5.385221,43.29989243],[5.38551617,43.30002975],[5.38553619,43.30003738],[5.38553715,43.30003738],[5.38567209,43.30009842],[5.38621902,43.30035019],[5.38639069,43.30043793],[5.38655853,43.30054092],[5.38672304,43.30064011],[5.38689756,43.30072784],[5.38861942,43.3015213],[5.38865042,43.30154037],[5.38865471,43.30154037],[5.38907003,43.30172348],[5.39054823,43.30241776],[5.39239883,43.30327606],[5.3924017,43.30327606],[5.39290047,43.30350876],[5.39297295,43.30353928],[5.39304781,43.30355453],[5.3931551,43.30356216],[5.39331102,43.30353928],[5.39618063,43.30286026],[5.39630938,43.30281448],[5.39642763,43.30275345],[5.39698792,43.30236816],[5.39708948,43.30229187],[5.39709425,43.30229187],[5.39722967,43.30221558],[5.39778185,43.30184937],[5.39818954,43.30160141],[5.39859724,43.30132294],[5.39942884,43.30075073],[5.39999199,43.30036545],[5.40009212,43.30029678],[5.40009403,43.30029678],[5.40014219,43.30026627],[5.4017086,43.29920578],[5.40300703,43.29831696],[5.4032402,43.29815674],[5.40329981,43.29811096],[5.40327692,43.2980957],[5.4033637,43.29806519],[5.40505362,43.29689789],[5.40539169,43.29666138],[5.40550709,43.29662704]],[[5.40549994,43.29668045],[5.40489531,43.29706955],[5.40461349,43.29726028],[5.40438843,43.29741287],[5.40329123,43.29815292],[5.40329123,43.29815674],[5.4031868,43.2982254],[5.40251637,43.29868698],[5.40171432,43.29923248],[5.40092039,43.29977417],[5.40017986,43.30027771],[5.40012789,43.30031586],[5.40012836,43.30031586],[5.39863491,43.30133438],[5.3982029,43.30162811],[5.39777374,43.30187988],[5.39729929,43.30220032],[5.39711094,43.3023262],[5.39639521,43.30280685],[5.39626646,43.30286407],[5.39612198,43.30289841],[5.39428186,43.30333328],[5.39329481,43.30356598],[5.39321423,43.30358505],[5.3931284,43.30359268],[5.39300251,43.30357742],[5.39293528,43.30355835],[5.3924365,43.30332947],[5.39243364,43.30332947],[5.39237452,43.30330658],[5.39147615,43.30287933],[5.39049721,43.30242538],[5.38856888,43.30153275],[5.38857412,43.30152893],[5.38677692,43.30070114],[5.38624859,43.30039978],[5.38551378,43.30006027],[5.38550806,43.30006027],[5.38518095,43.29990387],[5.38508701,43.29985046],[5.3850255,43.29975891],[5.38502026,43.29964447],[5.38505507,43.29956818],[5.38522387,43.29937744],[5.38526964,43.29928207],[5.38526154,43.29920578],[5.38522387,43.29913712],[5.38513803,43.29907227],[5.3833251,43.29845047],[5.38191652,43.29796982],[5.38153315,43.29784012],[5.38153315,43.29784393],[5.38087606,43.29761505],[5.38021374,43.29737091],[5.37889147,43.29688644],[5.3786149,43.29678345],[5.37846994,43.29672623],[5.37838697,43.29668808],[5.37806511,43.29655457],[5.37798452,43.29654312],[5.37791491,43.29654694],[5.37784243,43.29656219],[5.3777647,43.29659653],[5.37769222,43.29667282],[5.37719059,43.29756165],[5.3766675,43.29850006],[5.37667036,43.29850006],[5.37641573,43.29893875],[5.3763566,43.29899979],[5.37626791,43.29904938],[5.3761797,43.29908371],[5.37606668,43.29909134],[5.37384605,43.29924393],[5.37188244,43.29938126],[5.37171364,43.29940414],[5.37163591,43.29943085],[5.37156868,43.29946899],[5.37122536,43.29987717],[5.37122965,43.29987717],[5.37080431,43.30038834],[5.37030411,43.3010025],[5.36983347,43.30157852],[5.36935616,43.30217743],[5.36934805,43.30217361],[5.36892128,43.30269623],[5.3678565,43.30399704],[5.36718225,43.30482101],[5.36713934,43.30488205],[5.36710835,43.3049469],[5.36709881,43.30501556],[5.36710978,43.30509186],[5.36720085,43.30540085],[5.36720085,43.30539703],[5.36735392,43.30590439],[5.36813688,43.30851746],[5.36818171,43.30867004],[5.36818504,43.30868149],[5.36819601,43.30867767],[5.36818504,43.30868149],[5.36856747,43.30995941],[5.36878204,43.31058502],[5.36887312,43.31089401],[5.36895609,43.31121826],[5.36898851,43.31136703],[5.36897755,43.31154251],[5.36895895,43.31173325],[5.36889458,43.31197357],[5.36877918,43.31220627],[5.36846542,43.31275558],[5.36815691,43.31330109]]]}},{"type":"Feature","properties":{"route_name":"Ligne T3","type":"Tram","network":"RTM Tram","color":"#95C11F"},"geometry":{"type":"MultiLineString","coordinates":[[[5.36621284,43.32701874],[5.36622572,43.32702255],[5.36686754,43.32516479],[5.36716795,43.32429886],[5.36765862,43.32282257],[5.36761713,43.32218552],[5.36756086,43.32154846],[5.36752844,43.32155228],[5.36756086,43.32154846],[5.36747122,43.32073593],[5.36742258,43.32019424],[5.36736298,43.31952286],[5.36737776,43.31941605],[5.36740875,43.31932831],[5.36748123,43.31915665],[5.36774015,43.31882858],[5.36795855,43.3184967],[5.3687458,43.31727982],[5.36878777,43.31721115],[5.3689847,43.31690598],[5.36900616,43.31684113],[5.36900616,43.31679153],[5.36900187,43.31674576],[5.36898661,43.3167038],[5.36896372,43.31666183],[5.36892462,43.31661987],[5.36887121,43.31659317],[5.36830711,43.31642151],[5.36759233,43.31620789],[5.36690187,43.31599808],[5.36680269,43.31594467],[5.366745,43.31586456],[5.36673403,43.31581116],[5.36673403,43.31576538],[5.36676073,43.31567764],[5.36743689,43.31448746],[5.36809349,43.31332016],[5.36812496,43.31327057],[5.36863995,43.31237793],[5.36886787,43.31193924],[5.36892414,43.31174088],[5.36894846,43.31150818],[5.36893749,43.31135559],[5.36891365,43.31119919],[5.36887312,43.31104279],[5.36879015,43.3107338],[5.36855125,43.310009],[5.36834764,43.3093338],[5.36815453,43.30870438],[5.3681531,43.30870438],[5.36791039,43.30789566],[5.36767149,43.30708694],[5.36726093,43.30572891],[5.36718225,43.30546951],[5.36717558,43.30543518],[5.36708164,43.30510712],[5.36706018,43.30504608],[5.36706543,43.30495453],[5.36709738,43.30488586],[5.36713505,43.30483246],[5.36787796,43.30391693],[5.36911726,43.3024025],[5.3692565,43.30223083],[5.3692975,43.30217361],[5.36929846,43.30217361],[5.37055206,43.30065536],[5.37099457,43.30011368],[5.37116671,43.29989624],[5.37119818,43.29985809],[5.37150717,43.29949188],[5.37155819,43.29943466],[5.37165737,43.29937363],[5.37175655,43.29935837],[5.37186384,43.29935455],[5.37444687,43.29917145],[5.37602663,43.29906464],[5.37616873,43.29904938],[5.37627077,43.29901505],[5.37634039,43.29896927],[5.37639141,43.29891205],[5.37657404,43.29858398],[5.3766222,43.29849625],[5.3766489,43.29844666],[5.37735415,43.29719162],[5.37808657,43.29589844],[5.37808371,43.29590225],[5.37874079,43.2947464],[5.37938738,43.29358673],[5.37939024,43.29358292],[5.38000154,43.29251099],[5.38062763,43.29143524],[5.38062096,43.29143143],[5.38062763,43.29143524],[5.38193893,43.28910446],[5.38193798,43.28910446],[5.38329792,43.28672409],[5.38338947,43.28656006],[5.38466263,43.28542328],[5.38682795,43.28421783],[5.38838482,43.28334808],[5.38943434,43.28282928],[5.38975143,43.28266144],[5.39031029,43.28236008],[5.39124393,43.28184891],[5.39415169,43.28025818],[5.39486933,43.27986526],[5.39485025,43.27985001],[5.39486885,43.27986526],[5.39589787,43.27929688],[5.39775229,43.27828217],[5.39891005,43.27764893],[5.39901829,43.277565],[5.39908838,43.27749252],[5.39912605,43.27741241],[5.39915419,43.27730942],[5.39924574,43.27696609],[5.39922905,43.27696609],[5.39924574,43.27696609],[5.39958572,43.27568054],[5.39976835,43.27500916],[5.39981508,43.27485275],[5.39987421,43.27470779],[5.39992523,43.27458572],[5.39998388,43.27446747],[5.40011835,43.27425385],[5.40075254,43.27325821],[5.40140438,43.27223206],[5.40201998,43.27126312],[5.40205812,43.2712059],[5.40249205,43.27060699],[5.40270376,43.27032089],[5.40282726,43.27005768],[5.40294504,43.26979065],[5.40298796,43.26955795],[5.40301895,43.26932526],[5.40301752,43.26916122],[5.40300179,43.26899719],[5.40295649,43.26884079],[5.40289164,43.26868439],[5.40242815,43.26794052],[5.40234709,43.26781082],[5.40231943,43.2677269],[5.40231514,43.2676239],[5.40233231,43.26753998],[5.40236044,43.26746368],[5.40273476,43.26671982],[5.40310764,43.26602173],[5.40416431,43.26397324],[5.40420055,43.26389694],[5.40443802,43.26322937],[5.40450764,43.26295471],[5.4043684,43.26229858],[5.40436554,43.26224136],[5.40437889,43.26219177],[5.40443945,43.26210022],[5.4044795,43.2620697],[5.4045186,43.262043],[5.4048562,43.26184464],[5.40540504,43.26151657],[5.40658236,43.26078415],[5.407444,43.26023483],[5.40804148,43.25987625],[5.40835381,43.25967789],[5.40873671,43.25942993],[5.40902185,43.25924301],[5.40911055,43.25918198],[5.40919876,43.2591095],[5.40926313,43.25904846],[5.40935564,43.25893021],[5.4099164,43.25818253],[5.41070747,43.25714111],[5.41090488,43.2569313],[5.41119719,43.25654221]],[[5.41119814,43.25654221],[5.41061497,43.25731277],[5.40995646,43.25818253],[5.40952396,43.25876236],[5.40930367,43.25905228],[5.40920877,43.25914383],[5.409132,43.25920486],[5.4090519,43.25925827],[5.4087553,43.25944901],[5.40532589,43.26159668],[5.4051013,43.26173782],[5.40488529,43.26186371],[5.40489244,43.26187134],[5.40488529,43.26186752],[5.40450239,43.26209259],[5.4044528,43.26213837],[5.40441799,43.26219559],[5.40439892,43.26225281],[5.40440178,43.2623291],[5.40455723,43.26295471],[5.40423155,43.26390839],[5.40367889,43.26496887],[5.40340137,43.2654953],[5.4031539,43.26596832],[5.40312576,43.26602173],[5.40315151,43.26602936],[5.40312529,43.26602173],[5.4029541,43.26635361],[5.40277576,43.26668549],[5.40261555,43.26702118],[5.4023881,43.26750946],[5.40236187,43.26757813],[5.40235662,43.26764679],[5.40236044,43.26771545],[5.40238047,43.26778412],[5.40277624,43.2684021],[5.40288782,43.26857376],[5.40296412,43.26872253],[5.40301657,43.26887131],[5.40304852,43.26902008],[5.40305996,43.26909256],[5.40306044,43.26932526],[5.40303707,43.26951218],[5.40298223,43.26976776],[5.40275812,43.27027893],[5.40209723,43.27120972],[5.40114832,43.27269745],[5.40027905,43.27405548],[5.40003777,43.27443314],[5.39998007,43.27453995],[5.39993048,43.27465057],[5.39985275,43.2748642],[5.39957237,43.27592087],[5.39929676,43.27697372],[5.39929628,43.27697372],[5.39926052,43.27713394],[5.39917564,43.27746201],[5.39912701,43.27752686],[5.39908028,43.27758026],[5.39898634,43.27765274],[5.39886141,43.27772522],[5.39625978,43.27914429],[5.39488983,43.27989197],[5.39260006,43.28114319],[5.39031935,43.28237915],[5.38948345,43.28283691],[5.38921499,43.28296661],[5.38860083,43.28325653],[5.38800812,43.28358078],[5.38733816,43.28395462],[5.38600588,43.28469467],[5.38468266,43.28544617],[5.38345098,43.28653336],[5.38272429,43.28781891],[5.38198376,43.28911972],[5.38198328,43.28911972],[5.38131046,43.29030228],[5.38068819,43.29139709],[5.38068914,43.29139709],[5.38006449,43.29249191],[5.37965298,43.29321671],[5.37943459,43.2936058],[5.37877607,43.29476547],[5.37842989,43.29537201],[5.37811089,43.29592514],[5.37811089,43.29592133],[5.37739992,43.29720306],[5.37688494,43.29811859],[5.37667084,43.29850006],[5.37667036,43.29850006],[5.37641573,43.29893875],[5.3763566,43.29899979],[5.37626791,43.29904938],[5.3761797,43.29908371],[5.37606668,43.29909134],[5.37384605,43.29924393],[5.37188244,43.29938126],[5.37171364,43.29940414],[5.37163591,43.29943085],[5.37156868,43.29946899],[5.37122536,43.29987717],[5.37122965,43.29987717],[5.37080431,43.30038834],[5.37030411,43.3010025],[5.36983347,43.30157852],[5.36935616,43.30217743],[5.36934805,43.30217361],[5.36892128,43.30269623],[5.3678565,43.30399704],[5.36718225,43.30482101],[5.36713934,43.30488205],[5.36710835,43.3049469],[5.36709881,43.30501556],[5.36710978,43.30509186],[5.36720085,43.30540085],[5.36720085,43.30539703],[5.36735392,43.30590439],[5.36813688,43.30851746],[5.36818171,43.30867004],[5.36818504,43.30868149],[5.36819601,43.30867767],[5.36818504,43.30868149],[5.36856747,43.30995941],[5.36878204,43.31058502],[5.36887312,43.31089401],[5.36895609,43.31121826],[5.36898851,43.31136703],[5.36897755,43.31154251],[5.36895895,43.31173325],[5.36889458,43.31197357],[5.36877918,43.31220627],[5.36846542,43.31275558],[5.36815691,43.31330109],[5.36815691,43.31329727],[5.36783934,43.31387329],[5.3674655,43.31451416],[5.36706018,43.31523514],[5.36681604,43.3156662],[5.36678505,43.31573486],[5.36678219,43.31579971],[5.36680651,43.31587601],[5.36683893,43.31591034],[5.36688709,43.31594849],[5.36699581,43.31599426],[5.36886644,43.31655502],[5.36896706,43.31660843],[5.36904907,43.31668472],[5.36910391,43.31676865],[5.36914682,43.31685638],[5.36929083,43.31723785],[5.3694458,43.31769562],[5.36945772,43.31774139],[5.36945534,43.31778336],[5.36944962,43.31785583],[5.36942148,43.31790543],[5.36906099,43.31844711],[5.36842394,43.3194313],[5.36765671,43.32063675],[5.36762619,43.32070541],[5.36758041,43.32088852],[5.36758327,43.32121277],[5.36761475,43.32154083],[5.36761522,43.32154083],[5.36769056,43.32212067],[5.36775208,43.32282257],[5.36775064,43.32287216],[5.367311,43.32414627],[5.36681175,43.32558823],[5.3665638,43.3263092],[5.36631489,43.32703018]]]}},{"type":"Feature","properties":{"route_name":"Ligne T","type":"Tram","network":"Les Lignes de l'Agglo Tram","color":"#FF0000"},"geometry":{"type":"MultiLineString","coordinates":[[[5.55131721,43.27895737],[5.55130577,43.27898026],[5.55130196,43.27899933],[5.5512929,43.27902985],[5.55126715,43.27908325],[5.55124807,43.27914047],[5.55124187,43.27921677],[5.55124092,43.27930069],[5.55126095,43.27945709],[5.55128098,43.27954865],[5.55131102,43.27962494],[5.55135107,43.27970505],[5.55140114,43.27978516],[5.55147123,43.27990723],[5.55151081,43.27999878],[5.55154181,43.28008652],[5.55155087,43.28017044],[5.55154181,43.28025055],[5.55150223,43.28038025],[5.55147123,43.28044128],[5.55142879,43.28050613],[5.55136824,43.28055573],[5.55130577,43.28059769],[5.55117702,43.28066635],[5.55111694,43.2807045],[5.55105877,43.2807579],[5.55095911,43.28085327],[5.55069923,43.28112411],[5.55027914,43.28154755],[5.55005884,43.28177643],[5.55004215,43.28179169],[5.55003309,43.28178787],[5.54957008,43.28224945],[5.54946995,43.28236008],[5.54936981,43.28247833],[5.54928923,43.28258896],[5.54922009,43.28268814],[5.54901981,43.28302002],[5.54897022,43.28311157],[5.54892015,43.28321838],[5.54890203,43.2832756],[5.54887915,43.2832756],[5.5488658,43.28329086],[5.54886007,43.28329468],[5.54721022,43.2842598],[5.54705906,43.28432846],[5.54698086,43.28440094],[5.54693985,43.28445053],[5.54711008,43.2844696],[5.54730988,43.28448105],[5.54769993,43.28451157],[5.54788017,43.28454208],[5.54804897,43.28457642],[5.54804897,43.28457642],[5.54827976,43.28461838],[5.54855013,43.28467941],[5.54882002,43.28472137],[5.54905987,43.28474045],[5.55003023,43.28483963],[5.55047989,43.28487015],[5.55074978,43.28490067],[5.55087996,43.28490829],[5.55119991,43.28495026],[5.5515399,43.2849884],[5.55194998,43.28503036],[5.55218077,43.28504944],[5.55238008,43.28506851],[5.55261087,43.2850914],[5.5528698,43.2851181],[5.5531702,43.28516006],[5.5533309,43.28517914],[5.55351019,43.2852211],[5.55383015,43.28530121],[5.55405998,43.28538132],[5.55444002,43.28554916],[5.55454397,43.28560257],[5.55454397,43.28560257],[5.55483007,43.2857399],[5.55510998,43.28588104],[5.55528021,43.28599167],[5.55537987,43.28606033],[5.55553102,43.28620148],[5.55564117,43.28631973],[5.55576992,43.2864418],[5.55586004,43.28654099],[5.55595016,43.28665924],[5.55609989,43.28694916],[5.5562501,43.28725815],[5.55648994,43.2877388],[5.55654001,43.28787231],[5.55660009,43.28812027],[5.55664015,43.28821182],[5.55684996,43.28865814],[5.55690002,43.28876114],[5.55697012,43.28887939],[5.55705976,43.28899002],[5.55713987,43.28908157],[5.55719995,43.28913879],[5.55737019,43.28926849],[5.55748081,43.28934097],[5.55760002,43.28939819],[5.55774021,43.28945923],[5.55785084,43.28950119],[5.55796099,43.28953171],[5.55806017,43.28955078],[5.55856991,43.28964996],[5.55865002,43.28966904],[5.55874014,43.28968811],[5.55887985,43.28973007],[5.55902004,43.28977966],[5.55913019,43.28982925],[5.55924988,43.28989029],[5.55941916,43.28998947],[5.55951023,43.29005051],[5.55962086,43.29013062],[5.55994892,43.29042816],[5.55994892,43.29042816],[5.56006002,43.29053116],[5.56018114,43.29064178],[5.56033993,43.29079056],[5.56051016,43.29095078],[5.56072998,43.29114914],[5.56091022,43.29130936],[5.56131983,43.29169846],[5.56146002,43.29182053],[5.56160021,43.29195023],[5.56197023,43.2922821],[5.5623498,43.29262924],[5.56245995,43.29272079],[5.56247091,43.29272461],[5.56280422,43.29293823],[5.56280422,43.29293823],[5.5632391,43.29322052],[5.56328392,43.29323196],[5.56329012,43.29322815],[5.56498003,43.29275131],[5.56516981,43.29270935],[5.56531,43.29265213],[5.56537008,43.29259109],[5.56560898,43.29260254],[5.56569004,43.29269028],[5.56579018,43.29270935],[5.56586123,43.29272842],[5.56597996,43.2928009],[5.56607008,43.29285812],[5.56506014,43.29383087],[5.56501007,43.29386139],[5.56496,43.29389954],[5.56489992,43.29391861],[5.56457901,43.29394913],[5.56395102,43.29402161],[5.5637598,43.2940712],[5.56396008,43.29438019],[5.56400013,43.29444885],[5.56402016,43.29450989],[5.56407022,43.29470825],[5.56408024,43.29484177],[5.56408882,43.2949295],[5.56411982,43.29508972],[5.56413984,43.29518127],[5.56415987,43.29523849],[5.56418991,43.2952919],[5.56423998,43.29533005],[5.56429911,43.29534912],[5.56436014,43.29536057],[5.56456995,43.29539108],[5.56488991,43.29544067],[5.56557989,43.29553986],[5.56574011,43.29558182],[5.56583977,43.29560852],[5.5658102,43.29565811],[5.56578016,43.29573059],[5.56577921,43.29573059]],[[5.56577921,43.29573059],[5.56512022,43.29563141],[5.56438923,43.29550934],[5.56430006,43.29542923],[5.56418991,43.2952919],[5.56415987,43.29523849],[5.56413984,43.29518127],[5.56411982,43.29508972],[5.56408882,43.2949295],[5.56408024,43.29484177],[5.56407022,43.29470825],[5.56402016,43.29450989],[5.56400013,43.29444885],[5.56396008,43.29438019],[5.5637598,43.2940712],[5.56353998,43.29367828],[5.56329012,43.29322815],[5.56328106,43.29321289],[5.56321096,43.29309845],[5.56313086,43.29301071],[5.56328011,43.29291916],[5.56337023,43.29288101],[5.56345987,43.29285049],[5.56362009,43.29280853],[5.56449986,43.29264069],[5.56470013,43.29261017],[5.56487989,43.29259109],[5.56506014,43.29257965],[5.56519985,43.29257965],[5.56537008,43.29259109],[5.56531,43.29265213],[5.56516981,43.29270935],[5.56498003,43.29275131],[5.56329012,43.29322815],[5.56328392,43.29323196],[5.5632391,43.29322052],[5.56280088,43.29293823],[5.56280088,43.29293823],[5.56247091,43.29272461],[5.56245995,43.29272079],[5.5623498,43.29262924],[5.56197023,43.2922821],[5.56160021,43.29195023],[5.56146002,43.29182053],[5.56131983,43.29169846],[5.56091022,43.29130936],[5.56072998,43.29114914],[5.56051016,43.29095078],[5.56033993,43.29079056],[5.56018114,43.29064178],[5.56006002,43.29053116],[5.55995178,43.29043198],[5.55995178,43.29043198],[5.55962086,43.29013062],[5.55951023,43.29005051],[5.55941916,43.28998947],[5.55924988,43.28989029],[5.55913019,43.28982925],[5.55902004,43.28977966],[5.55887985,43.28973007],[5.55874014,43.28968811],[5.55865002,43.28966904],[5.55856991,43.28964996],[5.55806017,43.28955078],[5.55796099,43.28953171],[5.55785084,43.28950119],[5.55774021,43.28945923],[5.55760002,43.28939819],[5.55748081,43.28934097],[5.55737019,43.28926849],[5.55719995,43.28913879],[5.55713987,43.28908157],[5.55705976,43.28899002],[5.55697012,43.28887939],[5.55690002,43.28876114],[5.55684996,43.28865814],[5.55664015,43.28821182],[5.55660009,43.28812027],[5.55654001,43.28787231],[5.55648994,43.2877388],[5.5562501,43.28725815],[5.55609989,43.28694916],[5.55595016,43.28665924],[5.55586004,43.28654099],[5.55576992,43.2864418],[5.55564117,43.28631973],[5.55553102,43.28620148],[5.55537987,43.28606033],[5.55528021,43.28599167],[5.55510998,43.28588104],[5.55483007,43.2857399],[5.55454302,43.28560257],[5.55454302,43.28560257],[5.55444002,43.28554916],[5.55405998,43.28538132],[5.55383015,43.28530121],[5.55351019,43.2852211],[5.5533309,43.28517914],[5.5531702,43.28516006],[5.5528698,43.2851181],[5.55261087,43.2850914],[5.55238008,43.28506851],[5.55218077,43.28504944],[5.55194998,43.28503036],[5.5515399,43.2849884],[5.55119991,43.28495026],[5.55087996,43.28490829],[5.55074978,43.28490067],[5.55047989,43.28487015],[5.55003023,43.28483963],[5.54905987,43.28474045],[5.54882002,43.28472137],[5.54855013,43.28467941],[5.54827976,43.28461838],[5.54804707,43.2845726],[5.54803705,43.2845993],[5.54787016,43.28456497],[5.54769278,43.28453445],[5.54741001,43.28449631],[5.54736614,43.28445816],[5.54735613,43.28442383],[5.54734421,43.28436661],[5.54733181,43.2842865],[5.54734707,43.28421783],[5.54754305,43.28401566],[5.54816103,43.28364563],[5.54865313,43.28339386],[5.5488658,43.28329086],[5.54887915,43.2832756],[5.54888821,43.2832756],[5.5489068,43.28321838],[5.54895687,43.28310776],[5.54900789,43.2830162],[5.54920816,43.28268433],[5.54927778,43.28258514],[5.54935884,43.28247452],[5.54945803,43.28235626],[5.54955816,43.28224564],[5.55003881,43.28176498],[5.55004787,43.28175735],[5.55005789,43.28176117],[5.55027008,43.28153992],[5.55069113,43.2811203],[5.55095005,43.28084946],[5.55105114,43.28075027],[5.55110884,43.28070068],[5.55116987,43.28065872],[5.55130005,43.28059006],[5.55136013,43.2805481],[5.55142117,43.2804985],[5.55146122,43.28044128],[5.55149078,43.28038025],[5.55153084,43.28025055],[5.5515399,43.28017044],[5.55153084,43.28009033],[5.55149984,43.27999878],[5.55146122,43.27991104],[5.55139017,43.27979279],[5.5513401,43.27970886],[5.55130005,43.27962875],[5.55127001,43.27954865],[5.55124998,43.27946091],[5.551229,43.27930069],[5.55122995,43.27922058],[5.55125093,43.27914047],[5.55128002,43.27907181],[5.55132008,43.27901077],[5.55135298,43.27896881],[5.55141211,43.27897263],[5.55144882,43.27896118],[5.55147505,43.27893829],[5.55148411,43.27891541],[5.5514822,43.27890396]]]}},{"type":"Feature","properties":{"route_name":"Ligne C2","type":"Commuter Rail","network":"TER ZOU!","color":"#0749FF"},"geometry":{"type":"MultiLineString","coordinates":[[[5.946671,44.190277],[5.948168,44.187714],[5.948875,44.186199],[5.949097,44.185585],[5.949373,44.184616],[5.949566,44.183804],[5.949711,44.18293],[5.949817,44.181782],[5.949833,44.181175],[5.949721,44.179779],[5.949584,44.178806],[5.949098,44.175941],[5.948992,44.17527],[5.948769,44.174004],[5.948637,44.173149],[5.948573,44.172657],[5.948559,44.172432],[5.948561,44.172237],[5.948591,44.171894],[5.948648,44.17157],[5.948703,44.171349],[5.948781,44.171108],[5.948881,44.170856],[5.949043,44.170494],[5.949563,44.169445],[5.9498,44.168945],[5.950001,44.168415],[5.950109,44.168079],[5.950182,44.167786],[5.950251,44.167412],[5.950305,44.166996],[5.950517,44.164902],[5.950697,44.163242],[5.950895,44.161263],[5.951112,44.159286],[5.951163,44.158581],[5.951308,44.157116],[5.951384,44.156696],[5.951502,44.156334],[5.951617,44.156044],[5.951875,44.155605],[5.952037,44.155384],[5.952357,44.154995],[5.952738,44.154625],[5.953277,44.154224],[5.953803,44.153908],[5.954235,44.153702],[5.95503,44.153332],[5.956113,44.152859],[5.957893,44.152046],[5.96013,44.151062],[5.960575,44.15086],[5.960918,44.150692],[5.961564,44.150352],[5.962195,44.149963],[5.962698,44.14962],[5.963067,44.149338],[5.963279,44.149158],[5.963713,44.148773],[5.964165,44.148327],[5.964311,44.148167],[5.964763,44.147621],[5.965072,44.147186],[5.96565,44.146305],[5.966895,44.144447],[5.970206,44.139465],[5.9704,44.139194],[5.97089,44.138557],[5.971422,44.137897],[5.971902,44.137371],[5.972321,44.136936],[5.972797,44.136478],[5.97312,44.136185],[5.975128,44.13446],[5.975836,44.133873],[5.977023,44.132847],[5.979628,44.130642],[5.980047,44.130268],[5.98034,44.12999],[5.981113,44.129169],[5.981845,44.128334],[5.982945,44.126991],[5.983591,44.126183],[5.984299,44.125328],[5.985606,44.123703],[5.987076,44.12191],[5.988218,44.120499],[5.988731,44.119892],[5.98887,44.119743],[5.989267,44.119366],[5.989379,44.119274],[5.989607,44.119102],[5.990063,44.118801],[5.990315,44.118664],[5.99062,44.118511],[5.9909,44.118385],[5.991228,44.118256],[5.991583,44.118137],[5.992029,44.118008],[5.993761,44.11758],[5.9941,44.117481],[5.99457,44.11731],[5.994967,44.117138],[5.995154,44.11705],[5.995351,44.116947],[5.995657,44.11676],[5.996078,44.116482],[5.996395,44.116222],[5.996628,44.115997],[5.997191,44.11541],[5.999552,44.112865],[6.001392,44.110912],[6.002717,44.109482],[6.004636,44.10743],[6.005026,44.107025],[6.006727,44.105198],[6.008102,44.103729],[6.008567,44.103241],[6.011251,44.100368],[6.01142,44.100178],[6.011593,44.099968],[6.011704,44.099819],[6.011915,44.099503],[6.012147,44.099106],[6.012268,44.098869],[6.012483,44.098362],[6.01256,44.098137],[6.012669,44.097763],[6.012758,44.097343],[6.012804,44.096954],[6.012834,44.096481],[6.012819,44.096138],[6.012775,44.09576],[6.012666,44.095188],[6.012147,44.092869],[6.012076,44.092495],[6.011965,44.092049],[6.011431,44.089581],[6.010702,44.086372],[6.010632,44.086105],[6.010569,44.085911],[6.010434,44.085583],[6.010224,44.085217],[6.010028,44.084938],[6.009838,44.084694],[6.008788,44.083546],[6.008547,44.083248],[6.008376,44.082996],[6.00823,44.08276],[6.008088,44.082481],[6.007959,44.082207],[6.007131,44.08033],[6.006779,44.079559],[6.006458,44.078926],[6.006143,44.07835],[6.004871,44.076248],[6.004682,44.075912],[6.004342,44.075375],[6.004088,44.074932],[6.003643,44.074192],[6.003255,44.073578],[6.002831,44.072849],[6.000573,44.069099],[5.999656,44.067535],[5.999382,44.066952],[5.999257,44.066647],[5.998657,44.06485],[5.998457,44.064373],[5.998212,44.063679],[5.997457,44.061455],[5.997457,44.061455],[5.996831,44.059551],[5.996276,44.057907],[5.99598,44.057053],[5.995866,44.056808],[5.995583,44.056358],[5.995168,44.055805],[5.994889,44.055412],[5.994658,44.055122],[5.99446,44.05489],[5.994135,44.054585],[5.993805,44.054329],[5.993191,44.053959],[5.992751,44.053772],[5.992408,44.05365],[5.990489,44.053082],[5.990009,44.052948],[5.989459,44.052776],[5.988898,44.052589],[5.988152,44.052299],[5.984559,44.050838],[5.98317,44.050285],[5.982869,44.050156],[5.982069,44.049843],[5.978861,44.048527],[5.974323,44.0467],[5.97379,44.046455],[5.973133,44.046104],[5.971546,44.045166],[5.971138,44.044907],[5.970275,44.044384],[5.969844,44.044144],[5.96907,44.043736],[5.968219,44.043304],[5.966679,44.042503],[5.965588,44.041958],[5.964526,44.041401],[5.963638,44.040955],[5.962124,44.040173],[5.960309,44.039265],[5.959857,44.039021],[5.958066,44.03809],[5.955667,44.036816],[5.952006,44.034649],[5.951564,44.03434],[5.951093,44.034042],[5.950004,44.033386],[5.948716,44.032597],[5.947754,44.032024],[5.947601,44.031918],[5.947472,44.031849],[5.945894,44.030888],[5.944386,44.029884],[5.942669,44.028641],[5.941163,44.027527],[5.937657,44.024994],[5.93557,44.023453],[5.935392,44.023331],[5.934776,44.022881],[5.933295,44.021786],[5.932339,44.021049],[5.930686,44.019844],[5.929596,44.018974],[5.929046,44.018456],[5.928444,44.017735],[5.928054,44.017147],[5.927705,44.016506],[5.927297,44.015545],[5.927118,44.014877],[5.926913,44.014034],[5.926153,44.010727],[5.925686,44.008797],[5.925617,44.008572],[5.925242,44.007587],[5.924986,44.007],[5.924801,44.006626],[5.924343,44.005783],[5.923679,44.004688],[5.923484,44.004383],[5.922735,44.003136],[5.922159,44.002193],[5.921324,44.000862],[5.920432,43.999466],[5.919336,43.997673],[5.918561,43.996372],[5.917523,43.994713],[5.915602,43.991585],[5.915144,43.990864],[5.914224,43.98938],[5.913492,43.98814],[5.911488,43.984421],[5.910965,43.983536],[5.910639,43.983028],[5.910522,43.982803],[5.910368,43.982433],[5.910287,43.982201],[5.910233,43.981987],[5.910163,43.981651],[5.910115,43.981361],[5.910072,43.981049],[5.909869,43.979015],[5.909811,43.978352],[5.909722,43.977638],[5.909504,43.976818],[5.90926,43.976189],[5.90911,43.975857],[5.908843,43.975372],[5.908626,43.975021],[5.907664,43.973682],[5.906549,43.972332],[5.905776,43.971382],[5.904511,43.969975],[5.904235,43.969643],[5.904045,43.969353],[5.903864,43.969093],[5.903736,43.968864],[5.903648,43.968681],[5.903555,43.968468],[5.903458,43.968174],[5.903401,43.967915],[5.903353,43.967632],[5.903311,43.967113],[5.903349,43.966534],[5.903356,43.966206],[5.903367,43.966053],[5.903345,43.965729],[5.903315,43.965466],[5.903276,43.965233],[5.903088,43.964703],[5.902883,43.964073],[5.902258,43.962379],[5.901993,43.96162],[5.901526,43.96051],[5.900944,43.959309],[5.900713,43.958855],[5.900233,43.957832],[5.900073,43.95726],[5.89979,43.956303],[5.899582,43.955555],[5.899172,43.954174],[5.89894,43.953442],[5.898789,43.952991],[5.898252,43.951538],[5.898121,43.951221],[5.898029,43.950958],[5.897744,43.950283],[5.897422,43.949574],[5.896904,43.94854],[5.896131,43.947186],[5.895372,43.945919],[5.894724,43.944668],[5.893119,43.941986],[5.89276,43.941204],[5.89257,43.940723],[5.892384,43.940094],[5.89219,43.938984],[5.892175,43.938141],[5.892205,43.937756],[5.892294,43.937195],[5.892444,43.936554],[5.892647,43.935753],[5.893133,43.934189],[5.893371,43.93372],[5.89362,43.933296],[5.893942,43.932705],[5.894122,43.932236],[5.894206,43.93195],[5.894273,43.931538],[5.894296,43.931301],[5.894288,43.930851],[5.894161,43.929565],[5.894095,43.929195],[5.893964,43.928699],[5.893763,43.928146],[5.892411,43.924755],[5.892411,43.924755],[5.892075,43.923904],[5.891715,43.923035],[5.891498,43.92247],[5.889123,43.9165],[5.888702,43.915394],[5.888343,43.914219],[5.887279,43.910637],[5.887042,43.909958],[5.886773,43.909271],[5.886277,43.908096],[5.885506,43.906376],[5.885254,43.905697],[5.885057,43.90514],[5.884862,43.904652],[5.88449,43.903851],[5.884301,43.903419],[5.884054,43.902813],[5.882823,43.899055],[5.882418,43.897854],[5.881452,43.89489],[5.88117,43.894062],[5.880988,43.893589],[5.880872,43.893341],[5.88061,43.892853],[5.880431,43.892559],[5.880183,43.892189],[5.879953,43.89188],[5.879525,43.891361],[5.878912,43.890759],[5.875278,43.887283],[5.874342,43.886402],[5.869906,43.88216],[5.865029,43.877518],[5.86456,43.877064],[5.864233,43.876781],[5.863821,43.876446],[5.863494,43.876202],[5.862685,43.875675],[5.862302,43.875458],[5.861943,43.875267],[5.86144,43.875023],[5.861041,43.874847],[5.860152,43.874504],[5.859568,43.874313],[5.859056,43.874168],[5.858368,43.874004],[5.85659,43.8736],[5.854497,43.873108],[5.853771,43.872944],[5.853171,43.872791],[5.852705,43.872662],[5.852234,43.872486],[5.851902,43.872337],[5.851527,43.872154],[5.851265,43.872009],[5.850889,43.871769],[5.850574,43.87154],[5.850227,43.871239],[5.849765,43.870762],[5.849503,43.870434],[5.849403,43.870281],[5.849214,43.869953],[5.849101,43.869728],[5.848929,43.869289],[5.84886,43.869064],[5.848693,43.868439],[5.848556,43.867962],[5.848153,43.866787],[5.847818,43.865887],[5.847499,43.865204],[5.847296,43.864872],[5.847047,43.864491],[5.846856,43.86422],[5.846475,43.863735],[5.846165,43.8634],[5.845865,43.863094],[5.845447,43.862717],[5.845036,43.862381],[5.84374,43.861378],[5.84248,43.860435],[5.840377,43.858807],[5.838888,43.857693],[5.837308,43.856441],[5.83621,43.855663],[5.833788,43.853813],[5.831563,43.852127],[5.825761,43.847702],[5.825163,43.847256],[5.824873,43.847019],[5.824108,43.846436],[5.823874,43.846237],[5.823673,43.84605],[5.823214,43.84557],[5.822964,43.845272],[5.822751,43.844982],[5.822565,43.8447],[5.822388,43.844391],[5.822252,43.844139],[5.822072,43.843754],[5.821995,43.843548],[5.821842,43.843052],[5.821758,43.84267],[5.821671,43.842216],[5.821614,43.841866],[5.821486,43.841297],[5.821404,43.841003],[5.821333,43.840805],[5.821175,43.840435],[5.821038,43.840153],[5.820901,43.839909],[5.820662,43.839527],[5.820366,43.839119],[5.820064,43.838764],[5.819714,43.838402],[5.819133,43.837891],[5.818819,43.83765],[5.81858,43.837479],[5.818019,43.837124],[5.817509,43.836845],[5.817068,43.836624],[5.816239,43.836285],[5.81588,43.836163],[5.8155,43.836044],[5.814944,43.835888],[5.814297,43.835751],[5.813476,43.835617],[5.811467,43.835346],[5.810053,43.835144],[5.809604,43.835064],[5.808978,43.83493],[5.8086,43.834843],[5.808,43.834675],[5.807581,43.834545],[5.807005,43.834343],[5.806331,43.834072],[5.806085,43.833961],[5.805304,43.833572],[5.804871,43.833324],[5.80441,43.833042],[5.803653,43.832504],[5.803455,43.83234],[5.803118,43.83205],[5.8025,43.83149],[5.801115,43.830208],[5.800689,43.829834],[5.800299,43.82946],[5.798363,43.82766],[5.797412,43.82682],[5.797001,43.826466],[5.793667,43.823376],[5.793407,43.823143],[5.793407,43.823143],[5.792727,43.82251],[5.792136,43.821945],[5.791464,43.821278],[5.791177,43.820961],[5.790791,43.82048],[5.790535,43.820087],[5.790397,43.819839],[5.790208,43.819454],[5.789999,43.818882],[5.789937,43.818684],[5.789825,43.818127],[5.7898,43.817963],[5.789775,43.817654],[5.789778,43.817196],[5.789844,43.816071],[5.790231,43.810532],[5.790233,43.810417],[5.79022,43.810001],[5.790183,43.809628],[5.790136,43.809361],[5.790055,43.809006],[5.789989,43.808792],[5.789871,43.80846],[5.789725,43.808109],[5.789464,43.807552],[5.788274,43.805126],[5.786001,43.800461],[5.785937,43.800339],[5.785604,43.799778],[5.78515,43.799133],[5.784823,43.798737],[5.784524,43.798412],[5.784136,43.798027],[5.777408,43.791672],[5.77662,43.79092],[5.775813,43.790161],[5.775294,43.789661],[5.774906,43.789249],[5.774637,43.788948],[5.774282,43.788528],[5.774175,43.788391],[5.773803,43.787876],[5.773685,43.787701],[5.773315,43.787109],[5.77298,43.786507],[5.772863,43.786278],[5.772628,43.78574],[5.772429,43.785233],[5.772222,43.784626],[5.771818,43.78336],[5.771557,43.782566],[5.771301,43.781746],[5.770555,43.779507],[5.77033,43.778812],[5.769975,43.777794],[5.769725,43.777218],[5.76944,43.776646],[5.769039,43.775955],[5.768631,43.775368],[5.768143,43.774723],[5.768022,43.774574],[5.767572,43.774059],[5.767155,43.773632],[5.766753,43.773239],[5.762993,43.769611],[5.762445,43.769051],[5.761907,43.768417],[5.761685,43.768127],[5.761119,43.767342],[5.754163,43.757153],[5.753222,43.755787],[5.751362,43.753067],[5.747106,43.746819],[5.741004,43.737904],[5.740856,43.737675],[5.732476,43.725368],[5.732082,43.724857],[5.731638,43.724335],[5.730462,43.723133],[5.72962,43.722282],[5.729277,43.722],[5.729027,43.721809],[5.728776,43.721653],[5.728014,43.721245],[5.727306,43.720974],[5.727049,43.720894],[5.726455,43.720753],[5.725121,43.720497],[5.72468,43.720387],[5.724264,43.720268],[5.723348,43.719917],[5.721893,43.719307],[5.721322,43.71899],[5.72071,43.718544],[5.720149,43.717991],[5.719766,43.717442],[5.718653,43.715508],[5.718324,43.715008],[5.717694,43.714344],[5.717312,43.713993],[5.717066,43.713741],[5.716251,43.7127],[5.715893,43.712223],[5.715614,43.711815],[5.715263,43.71109],[5.714814,43.710045],[5.714582,43.709206],[5.71443,43.70853],[5.714302,43.707771],[5.714233,43.707108],[5.714214,43.706657],[5.714219,43.706299],[5.714295,43.705494],[5.714408,43.704872],[5.71448,43.704613],[5.714707,43.703953],[5.714786,43.703674],[5.714865,43.703308],[5.714884,43.703148],[5.714828,43.702423],[5.714784,43.702145],[5.714726,43.70192],[5.714454,43.701305],[5.713697,43.699707],[5.713105,43.698551],[5.712871,43.69812],[5.712765,43.697945],[5.712452,43.697514],[5.712194,43.697216],[5.712045,43.697071],[5.711572,43.696686],[5.71115,43.696411],[5.710665,43.696129],[5.710391,43.696003],[5.710021,43.695847],[5.709625,43.695713],[5.709247,43.695602],[5.708661,43.695469],[5.708058,43.695385],[5.707718,43.695347],[5.707232,43.695335],[5.706726,43.695347],[5.706223,43.695381],[5.705619,43.695473],[5.705059,43.695599],[5.704597,43.695728],[5.704101,43.695904],[5.690453,43.701542],[5.689946,43.701717],[5.689445,43.701851],[5.688943,43.701973],[5.688377,43.702049],[5.687716,43.702091],[5.687031,43.70208],[5.686329,43.702023],[5.683604,43.701752],[5.675831,43.700947],[5.675487,43.700901],[5.67501,43.700802],[5.674518,43.700661],[5.674116,43.700516],[5.673661,43.700325],[5.673193,43.700092],[5.672954,43.699963],[5.672734,43.699821],[5.672362,43.699539],[5.672096,43.699306],[5.671951,43.699158],[5.671724,43.698875],[5.67146,43.698509],[5.671291,43.698242],[5.669125,43.694099],[5.669006,43.693897],[5.668826,43.693619],[5.668437,43.692863],[5.668314,43.69265],[5.668158,43.692402],[5.667959,43.692127],[5.66766,43.691769],[5.667448,43.691563],[5.667355,43.69146],[5.667107,43.691231],[5.666846,43.691021],[5.6665,43.690788],[5.666223,43.69062],[5.665843,43.69043],[5.66503,43.690086],[5.664792,43.689999],[5.664347,43.689873],[5.663794,43.689754],[5.663268,43.689671],[5.661006,43.689381],[5.660499,43.689304],[5.660085,43.689228],[5.659686,43.689129],[5.659296,43.689007],[5.658803,43.68882],[5.658563,43.688713],[5.658176,43.688519],[5.657801,43.688293],[5.657492,43.68808],[5.657178,43.687824],[5.656831,43.687508],[5.655859,43.686573],[5.65554,43.686272],[5.655287,43.686016],[5.655047,43.685741],[5.654897,43.685547],[5.654787,43.685394],[5.65462,43.685135],[5.65451,43.684933],[5.654043,43.68412],[5.653675,43.683517],[5.653393,43.683163],[5.653068,43.682823],[5.652743,43.682537],[5.652494,43.682346],[5.65211,43.682106],[5.651614,43.681835],[5.651141,43.681629],[5.650558,43.681427],[5.649577,43.681122],[5.649078,43.680939],[5.648489,43.680683],[5.648066,43.680439],[5.647753,43.680229],[5.647396,43.679958],[5.647076,43.67968],[5.646669,43.679207],[5.646327,43.678726],[5.645964,43.678181],[5.645609,43.677719],[5.645353,43.677444],[5.645011,43.677151],[5.644537,43.676796],[5.644155,43.676552],[5.643715,43.676319],[5.642981,43.675995],[5.642524,43.675835],[5.642014,43.675697],[5.641667,43.675621],[5.640378,43.675388],[5.639978,43.675301],[5.6396,43.675198],[5.639219,43.675068],[5.638697,43.674862],[5.63797,43.674545],[5.637281,43.674274],[5.636198,43.673935],[5.635829,43.673809],[5.635565,43.67371],[5.635064,43.673462],[5.634802,43.673328],[5.634346,43.673061],[5.633754,43.672741],[5.633222,43.672501],[5.632873,43.672375],[5.632346,43.672237],[5.630139,43.671745],[5.629773,43.671654],[5.629526,43.671593],[5.629202,43.671494],[5.628913,43.671391],[5.628421,43.671165],[5.628093,43.671001],[5.62428,43.668831],[5.623852,43.668606],[5.623459,43.668427],[5.623144,43.668301],[5.622649,43.66814],[5.622141,43.668015],[5.621742,43.667942],[5.621286,43.667881],[5.620796,43.667843],[5.620079,43.667812],[5.619505,43.667767],[5.619079,43.667721],[5.618752,43.667671],[5.618494,43.667614],[5.61811,43.667519],[5.616539,43.667004],[5.616077,43.666859],[5.615762,43.666782],[5.615146,43.666664],[5.61372,43.666496],[5.613064,43.666405],[5.612542,43.66629],[5.612095,43.666161],[5.611326,43.665852],[5.610993,43.66568],[5.61063,43.665459],[5.610331,43.665257],[5.610088,43.665081],[5.60982,43.664845],[5.60963,43.664661],[5.608678,43.66367],[5.608434,43.663437],[5.608144,43.663204],[5.607829,43.662991],[5.607465,43.662777],[5.607159,43.662628],[5.60691,43.662518],[5.606371,43.662312],[5.605814,43.662148],[5.605273,43.662025],[5.604959,43.661972],[5.604223,43.66188],[5.60357,43.661839],[5.602965,43.661839],[5.602659,43.66185],[5.602097,43.661911],[5.601212,43.662029],[5.600657,43.662094],[5.600141,43.662125],[5.599625,43.662121],[5.599083,43.662094],[5.598608,43.662037],[5.59733,43.661842],[5.596982,43.661812],[5.596499,43.661789],[5.596031,43.661797],[5.59555,43.661831],[5.595105,43.661884],[5.594796,43.661938],[5.59454,43.661991],[5.594133,43.662094],[5.593779,43.662209],[5.592524,43.662663],[5.591356,43.663097],[5.590127,43.66354],[5.589754,43.663651],[5.589303,43.663765],[5.588897,43.663841],[5.588429,43.663902],[5.588124,43.663929],[5.587615,43.663948],[5.58716,43.663933],[5.586748,43.66391],[5.586268,43.663849],[5.585763,43.66375],[5.58332,43.663143],[5.583071,43.663097],[5.582832,43.663063],[5.582451,43.663025],[5.582048,43.662998],[5.581787,43.662991],[5.581494,43.662994],[5.580887,43.663036],[5.57928,43.663181],[5.576755,43.663475],[5.576337,43.663517],[5.575941,43.66354],[5.575231,43.663555],[5.574634,43.663559],[5.57429,43.66357],[5.573932,43.663593],[5.573524,43.663631],[5.573162,43.663681],[5.572659,43.663788],[5.571699,43.664036],[5.570199,43.66444],[5.569732,43.664536],[5.569278,43.6646],[5.568764,43.66465],[5.567049,43.664764],[5.553516,43.665562],[5.55111,43.665714],[5.548678,43.665863],[5.54834,43.665874],[5.547899,43.665878],[5.547523,43.665863],[5.547162,43.665829],[5.546813,43.665775],[5.546639,43.665737],[5.546271,43.665642],[5.546138,43.6656],[5.545711,43.665436],[5.545412,43.665287],[5.545126,43.665123],[5.544985,43.665028],[5.544672,43.66478],[5.544496,43.664612],[5.54432,43.664425],[5.54413,43.664185],[5.544049,43.664059],[5.543933,43.663849],[5.543828,43.663609],[5.543743,43.663322],[5.543705,43.663158],[5.543657,43.662842],[5.54364,43.662457],[5.543649,43.662197],[5.543941,43.659771],[5.543988,43.659454],[5.544184,43.658386],[5.545394,43.648342],[5.545406,43.648159],[5.54541,43.647896],[5.545389,43.647625],[5.545372,43.647511],[5.545298,43.647198],[5.545238,43.647026],[5.5451,43.646717],[5.545021,43.646572],[5.54494,43.646439],[5.544743,43.646168],[5.544641,43.646046],[5.544365,43.64576],[5.544078,43.645519],[5.543814,43.645325],[5.543651,43.645222],[5.543368,43.645061],[5.543107,43.644936],[5.5426,43.644703],[5.54236,43.644611],[5.542119,43.644539],[5.541954,43.644501],[5.541634,43.64444],[5.539556,43.644096],[5.539556,43.644096],[5.535291,43.643387],[5.534555,43.643299],[5.534132,43.643234],[5.533551,43.643166],[5.533164,43.643139],[5.532735,43.643131],[5.532324,43.643147],[5.531831,43.643185],[5.53001,43.643387],[5.529408,43.64344],[5.528885,43.643467],[5.528457,43.643482],[5.528028,43.643482],[5.527516,43.643471],[5.526845,43.643436],[5.526382,43.643394],[5.525908,43.643333],[5.525286,43.643238],[5.524918,43.643169],[5.524282,43.643028],[5.523151,43.642742],[5.522249,43.642536],[5.521373,43.64238],[5.521074,43.642342],[5.52061,43.642288],[5.51992,43.642235],[5.519108,43.642204],[5.51748,43.642166],[5.517017,43.642147],[5.516559,43.642113],[5.516008,43.642036],[5.515798,43.641998],[5.51528,43.641872],[5.514941,43.641766],[5.514599,43.64164],[5.514321,43.641521],[5.513963,43.641342],[5.51349,43.641056],[5.51334,43.640949],[5.513142,43.640789],[5.513011,43.640675],[5.512707,43.640385],[5.512543,43.640209],[5.512389,43.640003],[5.512144,43.639618],[5.511952,43.639225],[5.511849,43.638912],[5.511755,43.638542],[5.511729,43.637981],[5.511764,43.637672],[5.511892,43.63718],[5.512021,43.636803],[5.512201,43.636448],[5.512442,43.636112],[5.512708,43.635777],[5.513008,43.635479],[5.513412,43.635181],[5.513695,43.635002],[5.514064,43.6348],[5.514454,43.634609],[5.514842,43.634464],[5.515189,43.634346],[5.516519,43.63398],[5.517153,43.633755],[5.517773,43.633476],[5.51841,43.633091],[5.518881,43.632721],[5.519269,43.632343],[5.519445,43.632122],[5.519632,43.63184],[5.52102,43.62962],[5.52119,43.629288],[5.521326,43.628933],[5.521434,43.628532],[5.521458,43.628391],[5.521484,43.628056],[5.521505,43.627514],[5.521368,43.626972],[5.521222,43.626644],[5.520896,43.626102],[5.520604,43.625713],[5.520106,43.624943],[5.519849,43.624252],[5.519756,43.623943],[5.519729,43.623581],[5.519711,43.623138],[5.519806,43.622562],[5.519986,43.62199],[5.520793,43.620277],[5.522278,43.617249],[5.522475,43.616585],[5.52251,43.616123],[5.522475,43.615646],[5.522407,43.615273],[5.521986,43.613373],[5.521729,43.612041],[5.5216,43.610947],[5.521471,43.610115],[5.521325,43.60965],[5.52093,43.608921],[5.520656,43.608593],[5.520295,43.608219],[5.519341,43.607346],[5.517839,43.60585],[5.517498,43.605526],[5.516953,43.604988],[5.516582,43.604553],[5.516351,43.604225],[5.516109,43.603783],[5.515918,43.603264],[5.515824,43.60276],[5.515815,43.60223],[5.515875,43.601826],[5.515986,43.601383],[5.516167,43.600925],[5.51639,43.600491],[5.516622,43.600117],[5.516948,43.599625],[5.517218,43.599159],[5.517497,43.598511],[5.517566,43.598133],[5.517609,43.597721],[5.517634,43.597385],[5.517583,43.596909],[5.517428,43.596416],[5.517016,43.595623],[5.516699,43.595131],[5.516373,43.594646],[5.516038,43.594193],[5.51572,43.593861],[5.5153,43.59354],[5.514931,43.593304],[5.514579,43.593067],[5.514175,43.592892],[5.512854,43.59235],[5.51221,43.59211],[5.511824,43.591915],[5.510914,43.591389],[5.510553,43.591091],[5.510107,43.590641],[5.509487,43.58992],[5.509137,43.589485],[5.50892,43.589245],[5.508159,43.588322],[5.50786,43.587997],[5.507429,43.587601],[5.507304,43.587505],[5.506991,43.587299],[5.506625,43.587078],[5.506341,43.586926],[5.505979,43.586754],[5.505583,43.586609],[5.505152,43.586468],[5.504764,43.586361],[5.504414,43.586288],[5.504085,43.586235],[5.503722,43.586189],[5.503344,43.586155],[5.502563,43.586147],[5.496964,43.586136],[5.496298,43.586147],[5.495759,43.58617],[5.481462,43.586933],[5.480958,43.586956],[5.480506,43.586964],[5.480012,43.586964],[5.479416,43.586937],[5.478787,43.586891],[5.478175,43.586819],[5.47768,43.586742],[5.477024,43.586628],[5.47642,43.586487],[5.475451,43.586216],[5.47496,43.586067],[5.474496,43.585899],[5.471021,43.584461],[5.470507,43.58427],[5.470221,43.584187],[5.469747,43.584057],[5.469008,43.583908],[5.468589,43.583847],[5.467748,43.58379],[5.46731,43.583782],[5.466788,43.583801],[5.466314,43.583839],[5.464972,43.584003],[5.462433,43.584297],[5.461885,43.584354],[5.461425,43.584389],[5.461011,43.584404],[5.460417,43.584393],[5.459805,43.584347],[5.45939,43.58429],[5.459173,43.584255],[5.458715,43.584164],[5.458328,43.584072],[5.457936,43.583958],[5.45749,43.583801],[5.457275,43.583721],[5.456724,43.583469],[5.456353,43.583271],[5.455699,43.58289],[5.45173,43.580502],[5.451068,43.580112],[5.45057,43.579853],[5.450419,43.579781],[5.450087,43.579639],[5.449835,43.579544],[5.449336,43.57938],[5.448793,43.579235],[5.448513,43.579174],[5.447968,43.579079],[5.445208,43.578743],[5.442293,43.578411],[5.438674,43.577972],[5.433391,43.577351],[5.43257,43.577236],[5.432314,43.577198],[5.431767,43.577095],[5.431215,43.576969],[5.430859,43.576878],[5.430415,43.576744],[5.429839,43.576553],[5.429492,43.576427],[5.428673,43.576092],[5.425421,43.574707],[5.425054,43.574543],[5.423872,43.574028],[5.423356,43.573818],[5.422779,43.573612],[5.422057,43.573391],[5.421758,43.573311],[5.42112,43.573162],[5.420447,43.573032],[5.41982,43.572941],[5.418529,43.572773],[5.417738,43.572681],[5.417438,43.572655],[5.416661,43.572617],[5.416308,43.572609],[5.415587,43.572628],[5.415044,43.572655],[5.414582,43.572689],[5.414202,43.572727],[5.413754,43.572788],[5.413465,43.572834],[5.412913,43.572933],[5.412345,43.573055],[5.411801,43.573189],[5.410023,43.573685],[5.409309,43.573902],[5.408932,43.574005],[5.408397,43.574131],[5.408138,43.574181],[5.407942,43.574211],[5.407713,43.574238],[5.407263,43.57428],[5.40684,43.574295],[5.406279,43.574284],[5.405768,43.574238],[5.405376,43.574177],[5.405194,43.574146],[5.404737,43.574043],[5.404305,43.573921],[5.404121,43.57386],[5.403698,43.5737],[5.403357,43.573551],[5.403164,43.573452],[5.40286,43.573284],[5.402692,43.573181],[5.402388,43.572975],[5.402115,43.572762],[5.401866,43.572536],[5.401673,43.572338],[5.401486,43.572124],[5.401293,43.571877],[5.401111,43.571617],[5.401022,43.571484],[5.400819,43.571136],[5.40009,43.569839],[5.399772,43.569256],[5.399058,43.56802],[5.398866,43.567646],[5.397926,43.565937],[5.397445,43.565079],[5.397091,43.564358],[5.394008,43.557594],[5.393936,43.557423],[5.393871,43.557186],[5.393839,43.556969],[5.393781,43.556377],[5.393766,43.555977],[5.393736,43.555637],[5.393631,43.555088],[5.393538,43.554817],[5.393329,43.554333],[5.392891,43.553467],[5.392634,43.552814],[5.392573,43.552559],[5.39251,43.552151],[5.392513,43.551762],[5.39254,43.551495],[5.392615,43.551075],[5.392686,43.550819],[5.392792,43.55056],[5.392935,43.550243],[5.393507,43.549335],[5.393944,43.548664],[5.394181,43.548309],[5.394462,43.547916],[5.39479,43.547523],[5.395034,43.547298],[5.39546,43.546947],[5.396072,43.546558],[5.396416,43.546375],[5.397197,43.546059],[5.397832,43.545853],[5.398725,43.545685],[5.399317,43.545624],[5.399902,43.54562],[5.400358,43.545643],[5.400951,43.545696],[5.401947,43.54583],[5.402542,43.545914],[5.403038,43.545959],[5.403474,43.545979],[5.403868,43.545979],[5.404251,43.545959],[5.404605,43.545933],[5.405849,43.545803],[5.406708,43.545708],[5.407106,43.545654],[5.407445,43.545586],[5.407908,43.545467],[5.408269,43.545349],[5.408672,43.5452],[5.409076,43.545013],[5.409651,43.544716],[5.410329,43.544193],[5.410655,43.543888],[5.411041,43.543476],[5.41232,43.542202],[5.412912,43.541569],[5.413281,43.541199],[5.413599,43.54092],[5.414056,43.540611],[5.414467,43.540375],[5.414934,43.540146],[5.415279,43.540005],[5.415709,43.539864],[5.416231,43.539719],[5.418692,43.539215],[5.419092,43.539097],[5.419436,43.538986],[5.419736,43.538868],[5.419993,43.538731],[5.420526,43.538475],[5.42086,43.538277],[5.421316,43.537922],[5.421676,43.537617],[5.422174,43.537155],[5.4228,43.536633],[5.423598,43.536106],[5.423905,43.535927],[5.424397,43.535717],[5.42498,43.535515],[5.426779,43.535],[5.42722,43.534836],[5.427547,43.534706],[5.42783,43.53455],[5.428182,43.534382],[5.428774,43.534],[5.429383,43.533459],[5.429757,43.533047],[5.43025,43.532333],[5.430651,43.531727],[5.431057,43.531139],[5.432181,43.529434],[5.432498,43.528938],[5.432718,43.528656],[5.432953,43.528378],[5.433129,43.528202],[5.433215,43.52813],[5.43371,43.52776],[5.434019,43.527557],[5.434387,43.527351],[5.43475,43.527168],[5.435159,43.526997],[5.435573,43.526855],[5.4359,43.526764],[5.436131,43.526711],[5.438273,43.526264],[5.438705,43.526142],[5.440395,43.525471],[5.441287,43.525093],[5.441985,43.524769],[5.442953,43.5242],[5.443578,43.523808],[5.444235,43.523411],[5.445208,43.52277],[5.445208,43.52277],[5.44681,43.521709],[5.446967,43.521595],[5.447201,43.521404],[5.447352,43.521259],[5.447605,43.520943],[5.447741,43.520725],[5.448024,43.520218],[5.448186,43.519855],[5.448697,43.518604],[5.448815,43.518345],[5.448962,43.518059],[5.449114,43.517818],[5.449226,43.517666],[5.449353,43.517513],[5.449458,43.517403],[5.44968,43.517189],[5.450036,43.516899],[5.450325,43.516716],[5.450478,43.516624],[5.45064,43.516533],[5.451138,43.51627],[5.452043,43.515812],[5.452671,43.515484],[5.453006,43.515293],[5.453379,43.515053],[5.453656,43.514847],[5.453837,43.514698],[5.454096,43.514454],[5.454379,43.514149],[5.454507,43.513992],[5.454679,43.513748],[5.454839,43.513485],[5.454956,43.51326],[5.455065,43.513004],[5.455171,43.512669],[5.455235,43.512383],[5.455256,43.512238],[5.455268,43.512104],[5.455282,43.511696],[5.455267,43.511494],[5.455238,43.511246],[5.455175,43.510971],[5.455111,43.510754],[5.454977,43.510399],[5.454806,43.510063],[5.454627,43.509789],[5.454276,43.509377],[5.453953,43.509052],[5.453525,43.508686],[5.452806,43.508228],[5.451982,43.507847],[5.450602,43.507366],[5.450094,43.507202],[5.449573,43.507004],[5.449098,43.506763],[5.44865,43.506485],[5.448276,43.506207],[5.448087,43.506046],[5.447905,43.505875],[5.447721,43.505688],[5.446452,43.504299],[5.445927,43.503807],[5.4431,43.501812],[5.439593,43.499374],[5.439087,43.499027],[5.43862,43.498745],[5.438078,43.498444],[5.437541,43.49818],[5.437032,43.497959],[5.436499,43.497753],[5.435931,43.497551],[5.43489,43.497269],[5.43247,43.496784],[5.430837,43.496498],[5.429817,43.49622],[5.428935,43.495876],[5.428152,43.49551],[5.427372,43.495033],[5.426814,43.494637],[5.425947,43.493771],[5.425496,43.493191],[5.425138,43.492584],[5.424831,43.49189],[5.424617,43.491131],[5.424539,43.490494],[5.424608,43.487568],[5.424788,43.480942],[5.424827,43.480545],[5.424878,43.480244],[5.424911,43.480114],[5.425001,43.479851],[5.425137,43.479557],[5.425211,43.47942],[5.425363,43.479206],[5.425497,43.479034],[5.425712,43.478786],[5.425843,43.478657],[5.426037,43.478481],[5.426258,43.478321],[5.426463,43.478184],[5.42669,43.478046],[5.426914,43.477928],[5.427416,43.477707],[5.42784,43.477539],[5.429619,43.476883],[5.430616,43.476505],[5.431094,43.476288],[5.431257,43.476204],[5.431628,43.475986],[5.431809,43.475864],[5.432158,43.475609],[5.43245,43.475376],[5.43268,43.47517],[5.433218,43.47467],[5.433577,43.47435],[5.434056,43.473969],[5.434239,43.473843],[5.434595,43.473618],[5.435718,43.473042],[5.436332,43.472748],[5.43691,43.472454],[5.437382,43.472237],[5.43775,43.47208],[5.438205,43.471912],[5.438587,43.471794],[5.438867,43.471722],[5.439419,43.471607],[5.440115,43.471493],[5.440562,43.471432],[5.442191,43.471226],[5.443811,43.470963],[5.444342,43.470886],[5.444986,43.470776],[5.445525,43.470657],[5.446094,43.470509],[5.446662,43.470337],[5.447237,43.470139],[5.4478,43.46991],[5.448355,43.469662],[5.449935,43.468933],[5.451231,43.46833],[5.453856,43.467136],[5.454646,43.466812],[5.455252,43.46661],[5.455514,43.466534],[5.456017,43.466404],[5.456429,43.46632],[5.457162,43.466198],[5.457775,43.466114],[5.459883,43.46595],[5.460335,43.465904],[5.460736,43.465839],[5.461369,43.465706],[5.461592,43.465652],[5.462056,43.465523],[5.462496,43.465366],[5.463004,43.465153],[5.463236,43.465046],[5.463783,43.464752],[5.463979,43.464634],[5.464314,43.464409],[5.464559,43.464226],[5.464845,43.463982],[5.465005,43.463829],[5.465168,43.463661],[5.465337,43.463474],[5.465608,43.463131],[5.465739,43.46294],[5.466051,43.462379],[5.466125,43.462227],[5.46618,43.462097],[5.466312,43.46172],[5.466394,43.461407],[5.466447,43.46109],[5.46646,43.460949],[5.466476,43.460426],[5.466468,43.460255],[5.466444,43.460033],[5.466408,43.459808],[5.466343,43.459541],[5.466255,43.459263],[5.466149,43.458984],[5.465959,43.458607],[5.465809,43.458366],[5.46558,43.458069],[5.465421,43.457882],[5.464982,43.457455],[5.464651,43.457195],[5.464359,43.456993],[5.464071,43.456821],[5.463902,43.456726],[5.463474,43.456512],[5.463271,43.456421],[5.462842,43.456245],[5.462842,43.456245],[5.462358,43.456081],[5.461911,43.455944],[5.460922,43.455715],[5.46042,43.455566],[5.460044,43.455429],[5.458539,43.4548],[5.458025,43.454609],[5.457526,43.45446],[5.456588,43.454216],[5.455671,43.453964],[5.45544,43.453892],[5.455069,43.453754],[5.454674,43.453575],[5.454362,43.453403],[5.453994,43.453167],[5.453707,43.452942],[5.453497,43.452755],[5.453219,43.452469],[5.452963,43.452152],[5.452727,43.451832],[5.452299,43.451275],[5.452118,43.451065],[5.452005,43.450951],[5.451522,43.45055],[5.451328,43.450417],[5.450892,43.450161],[5.44826,43.448994],[5.441495,43.446018],[5.44096,43.445759],[5.440505,43.445511],[5.440073,43.445251],[5.439658,43.444973],[5.43921,43.444653],[5.428612,43.436722],[5.427192,43.43565],[5.426779,43.435352],[5.426154,43.434929],[5.426154,43.434929],[5.425805,43.434711],[5.425455,43.434509],[5.424867,43.434189],[5.42417,43.433857],[5.423886,43.433739],[5.422538,43.43322],[5.408662,43.42902],[5.403766,43.427559],[5.399178,43.42617],[5.398568,43.426003],[5.397943,43.425842],[5.397316,43.42572],[5.395811,43.425491],[5.391018,43.424782],[5.390798,43.424744],[5.390354,43.424644],[5.389679,43.424446],[5.389193,43.424278],[5.388566,43.424046],[5.388204,43.423889],[5.387594,43.423595],[5.387041,43.423309],[5.3866,43.423069],[5.386069,43.422802],[5.385848,43.422695],[5.385456,43.422527],[5.384968,43.422363],[5.384735,43.422302],[5.384521,43.422253],[5.384096,43.422173],[5.383204,43.422035],[5.382798,43.421951],[5.382457,43.42186],[5.382108,43.421749],[5.381804,43.421616],[5.381531,43.421482],[5.381133,43.421246],[5.37795,43.419201],[5.377465,43.41888],[5.377033,43.418613],[5.376531,43.418354],[5.376076,43.418163],[5.375501,43.417984],[5.374821,43.417854],[5.372304,43.417561],[5.36971,43.417274],[5.36906,43.417191],[5.368495,43.417091],[5.367986,43.416958],[5.367584,43.416813],[5.367278,43.416679],[5.366877,43.416477],[5.366416,43.416168],[5.365972,43.415806],[5.365555,43.415363],[5.36529,43.414967],[5.365166,43.414692],[5.364956,43.414116],[5.36491,43.413857],[5.364881,43.413452],[5.364893,43.413239],[5.364929,43.41296],[5.365017,43.412636],[5.365125,43.41235],[5.365223,43.412109],[5.365479,43.411678],[5.365754,43.411247],[5.365974,43.410919],[5.366209,43.410648],[5.36651,43.410358],[5.366736,43.410179],[5.367939,43.409382],[5.368547,43.408989],[5.369014,43.408669],[5.369427,43.408356],[5.369774,43.408016],[5.370065,43.407665],[5.370319,43.40728],[5.370455,43.40704],[5.370564,43.406826],[5.370703,43.40646],[5.370816,43.40604],[5.370858,43.405727],[5.370875,43.405331],[5.370831,43.404999],[5.370797,43.404804],[5.370704,43.404461],[5.370584,43.404156],[5.370454,43.403893],[5.370339,43.403679],[5.370339,43.403679],[5.370163,43.403336],[5.369774,43.402641],[5.369363,43.402077],[5.36918,43.401867],[5.368844,43.401546],[5.368687,43.401421],[5.368402,43.401222],[5.368024,43.401005],[5.36766,43.400822],[5.366638,43.400352],[5.366189,43.400101],[5.3658,43.399841],[5.365564,43.399643],[5.365363,43.399445],[5.365077,43.399075],[5.364861,43.398682],[5.364736,43.3983],[5.364676,43.397934],[5.364667,43.397583],[5.364862,43.396214],[5.364925,43.395493],[5.364923,43.395145],[5.36487,43.39476],[5.36478,43.394451],[5.364652,43.394135],[5.364462,43.393806],[5.364212,43.393463],[5.363948,43.393185],[5.363627,43.392868],[5.363211,43.392555],[5.362648,43.392109],[5.36233,43.391796],[5.362065,43.391468],[5.361385,43.390503],[5.36116,43.390217],[5.360919,43.389935],[5.360676,43.389694],[5.360408,43.389465],[5.359923,43.389183],[5.359396,43.388908],[5.358415,43.388481],[5.357387,43.388004],[5.354478,43.386692],[5.354131,43.386494],[5.353628,43.386139],[5.353404,43.385944],[5.353174,43.385715],[5.352996,43.385506],[5.352825,43.385273],[5.352659,43.384987],[5.35252,43.384701],[5.352426,43.384426],[5.352365,43.384148],[5.352335,43.383835],[5.352342,43.383511],[5.352377,43.383244],[5.352439,43.382977],[5.352636,43.382477],[5.352907,43.381969],[5.353937,43.3801],[5.354071,43.379814],[5.35418,43.379501],[5.354259,43.379162],[5.354291,43.378777],[5.354257,43.378395],[5.354213,43.378139],[5.354174,43.377998],[5.354071,43.377708],[5.353545,43.376659],[5.353292,43.376137],[5.352756,43.375114],[5.352636,43.374786],[5.35255,43.374516],[5.352523,43.374207],[5.352612,43.373341],[5.352635,43.373226],[5.352681,43.373058],[5.352913,43.372566],[5.353089,43.372318],[5.353341,43.372013],[5.353679,43.371677],[5.35407,43.371372],[5.354582,43.371059],[5.356519,43.370098],[5.357538,43.369629],[5.358677,43.369068],[5.358677,43.369068],[5.360825,43.367992],[5.361434,43.367668],[5.361636,43.367546],[5.361998,43.367298],[5.362251,43.367104],[5.362478,43.366898],[5.362673,43.366699],[5.362936,43.36639],[5.363115,43.366146],[5.363236,43.365967],[5.363517,43.365402],[5.363571,43.365273],[5.363704,43.36478],[5.363952,43.363667],[5.364178,43.362823],[5.364616,43.360813],[5.364719,43.360374],[5.364827,43.35997],[5.364903,43.359768],[5.365021,43.359516],[5.365312,43.359066],[5.365528,43.358826],[5.365656,43.358692],[5.365894,43.358471],[5.366212,43.358227],[5.366728,43.35791],[5.36703,43.357761],[5.367334,43.357628],[5.368227,43.357285],[5.368624,43.357117],[5.369048,43.356907],[5.369656,43.356522],[5.369796,43.356422],[5.370343,43.355938],[5.371146,43.35516],[5.371322,43.354996],[5.372405,43.353931],[5.372893,43.353466],[5.373131,43.353271],[5.373355,43.353115],[5.373589,43.35297],[5.373943,43.352783],[5.374332,43.352612],[5.374782,43.352455],[5.375292,43.352329],[5.375879,43.352222],[5.3771,43.352028],[5.3771,43.352028],[5.377979,43.351891],[5.378465,43.351788],[5.378942,43.351665],[5.379367,43.351505],[5.379707,43.351334],[5.380006,43.35117],[5.380322,43.350948],[5.380604,43.3507],[5.38092,43.350353],[5.381153,43.350014],[5.38131,43.349712],[5.381429,43.349365],[5.38151,43.34898],[5.38156,43.348564],[5.381773,43.347324],[5.381876,43.346928],[5.38197,43.34668],[5.382102,43.346409],[5.382481,43.345894],[5.382639,43.345722],[5.382862,43.345512],[5.383153,43.345276],[5.383492,43.345039],[5.385221,43.343983],[5.385604,43.343716],[5.385767,43.343582],[5.385927,43.343426],[5.386162,43.34317],[5.386386,43.342873],[5.386966,43.341686],[5.3872,43.341255],[5.387374,43.340988],[5.387592,43.340714],[5.387879,43.340439],[5.388235,43.34016],[5.388559,43.339954],[5.388739,43.339863],[5.389007,43.339748],[5.389323,43.339638],[5.389608,43.339546],[5.389902,43.339474],[5.390696,43.339306],[5.390696,43.339306],[5.391256,43.33918],[5.391644,43.339066],[5.391988,43.33894],[5.392324,43.338787],[5.392667,43.338585],[5.39298,43.338367],[5.393309,43.338074],[5.393558,43.337784],[5.393795,43.337418],[5.393949,43.337112],[5.394032,43.336845],[5.394084,43.336586],[5.394117,43.336197],[5.394064,43.333549],[5.394047,43.333279],[5.394015,43.332977],[5.393965,43.332729],[5.39388,43.33242],[5.393726,43.332073],[5.393627,43.331894],[5.393281,43.331352],[5.39317,43.331196],[5.39317,43.331196],[5.39296,43.330875],[5.39271,43.330437],[5.392635,43.330269],[5.392544,43.32999],[5.392504,43.329826],[5.392469,43.329632],[5.39245,43.329372],[5.392449,43.329117],[5.392463,43.328911],[5.392497,43.328693],[5.39259,43.32832],[5.392843,43.327408],[5.392928,43.327011],[5.39297,43.326721],[5.392968,43.326359],[5.392939,43.326023],[5.39287,43.325546],[5.392848,43.325134],[5.392846,43.324673],[5.39301,43.322723],[5.39325,43.320705],[5.393266,43.320435],[5.39332,43.318737],[5.393403,43.317257],[5.393486,43.315338],[5.393493,43.31496],[5.393465,43.313709],[5.393447,43.313511],[5.393425,43.313351],[5.393351,43.312958],[5.393274,43.312675],[5.393187,43.312408],[5.392984,43.311874],[5.392861,43.311592],[5.392704,43.311256],[5.392546,43.31094],[5.392059,43.310005],[5.391924,43.309769],[5.391716,43.309452],[5.391516,43.309185],[5.391289,43.308914],[5.391088,43.308708],[5.390741,43.308388],[5.390606,43.308281],[5.389546,43.307499],[5.388719,43.30703],[5.388323,43.306793],[5.388049,43.306652],[5.387894,43.306583],[5.387202,43.306309],[5.387036,43.30624],[5.386708,43.306084],[5.386573,43.306007],[5.385318,43.305191],[5.38499,43.305016],[5.383887,43.304466],[5.38306,43.304043],[5.380711,43.302814]],[[5.380686,43.302837],[5.383035,43.304077],[5.383832,43.304485],[5.38507,43.305099],[5.385269,43.30521],[5.385424,43.305302],[5.386247,43.305847],[5.38651,43.306015],[5.387136,43.306343],[5.38756,43.306549],[5.388005,43.306725],[5.38818,43.306801],[5.388698,43.30706],[5.389455,43.307495],[5.389681,43.307648],[5.389915,43.307816],[5.390318,43.308117],[5.390688,43.308411],[5.390981,43.308674],[5.391246,43.308952],[5.39141,43.309143],[5.391638,43.309437],[5.391848,43.309753],[5.391938,43.309914],[5.392426,43.310833],[5.392704,43.311398],[5.392889,43.311817],[5.393094,43.312366],[5.393186,43.312668],[5.393255,43.312923],[5.393347,43.313362],[5.393383,43.313602],[5.393418,43.314034],[5.393424,43.314259],[5.393408,43.315277],[5.393385,43.315964],[5.393266,43.318024],[5.393232,43.318714],[5.393219,43.319248],[5.393228,43.320164],[5.393223,43.320435],[5.393206,43.320702],[5.392937,43.322971],[5.392786,43.324669],[5.392787,43.325054],[5.392816,43.325554],[5.39289,43.326027],[5.392919,43.326359],[5.39292,43.326717],[5.392879,43.327007],[5.392795,43.3274],[5.392541,43.328312],[5.392448,43.328686],[5.392413,43.328911],[5.392399,43.329117],[5.392401,43.329376],[5.39242,43.329636],[5.392455,43.32983],[5.392496,43.329994],[5.39259,43.330273],[5.392677,43.33046],[5.392915,43.330887],[5.393126,43.331211],[5.393237,43.331367],[5.393581,43.331905],[5.393679,43.332088],[5.393832,43.332432],[5.393916,43.332733],[5.393966,43.332981],[5.393997,43.333282],[5.394014,43.333553],[5.394067,43.336197],[5.394035,43.336582],[5.393983,43.336838],[5.393901,43.337105],[5.393749,43.337402],[5.393659,43.337559],[5.393515,43.337765],[5.393268,43.338055],[5.392943,43.338341],[5.392634,43.338554],[5.392295,43.338753],[5.39196,43.338905],[5.391623,43.339035],[5.391232,43.339149],[5.39069,43.339275],[5.389888,43.339443],[5.389299,43.3396],[5.388997,43.339706],[5.388706,43.339832],[5.388496,43.339947],[5.388146,43.34016],[5.387837,43.340412],[5.387546,43.340691],[5.387324,43.340973],[5.387149,43.34124],[5.386335,43.342854],[5.386114,43.343151],[5.385882,43.343403],[5.385724,43.343555],[5.385564,43.343689],[5.385184,43.343952],[5.383455,43.345009],[5.383113,43.345245],[5.3828,43.345501],[5.382593,43.345695],[5.382434,43.345875],[5.382197,43.346165],[5.382051,43.346394],[5.381917,43.346668],[5.381823,43.346916],[5.381717,43.347317],[5.381652,43.347721],[5.381551,43.348286],[5.381455,43.348976],[5.381374,43.349358],[5.381257,43.349701],[5.381102,43.349998],[5.380872,43.350334],[5.380559,43.350677],[5.380281,43.350922],[5.37997,43.351139],[5.379674,43.351299],[5.379338,43.351471],[5.378917,43.351631],[5.378449,43.351753],[5.377965,43.351852],[5.375866,43.352184],[5.375276,43.352291],[5.374761,43.352421],[5.374306,43.352573],[5.373912,43.352753],[5.373555,43.352936],[5.373318,43.353085],[5.373091,43.353245],[5.37285,43.353439],[5.37236,43.353905],[5.371109,43.355141],[5.370299,43.355911],[5.369791,43.356365],[5.369014,43.356873],[5.368594,43.357082],[5.3682,43.35725],[5.367307,43.357594],[5.367,43.357727],[5.366695,43.35788],[5.366174,43.358196],[5.365852,43.358444],[5.365612,43.358665],[5.365481,43.358803],[5.365263,43.359047],[5.364969,43.359505],[5.36485,43.359756],[5.364773,43.359962],[5.364664,43.360367],[5.364561,43.360806],[5.364123,43.362816],[5.363952,43.363667],[5.363704,43.36478],[5.363571,43.365273],[5.363517,43.365402],[5.363236,43.365967],[5.363115,43.366146],[5.362936,43.36639],[5.362673,43.366699],[5.362478,43.366898],[5.362251,43.367104],[5.361998,43.367298],[5.361636,43.367546],[5.361434,43.367668],[5.360825,43.367992],[5.358677,43.369068],[5.358677,43.369068],[5.357538,43.369629],[5.356519,43.370098],[5.354582,43.371059],[5.35407,43.371372],[5.353679,43.371677],[5.353341,43.372013],[5.353089,43.372318],[5.352913,43.372566],[5.352681,43.373058],[5.352635,43.373226],[5.352612,43.373341],[5.352523,43.374207],[5.35255,43.374516],[5.352636,43.374786],[5.352756,43.375114],[5.353292,43.376137],[5.353545,43.376659],[5.354071,43.377708],[5.354174,43.377998],[5.354213,43.378139],[5.354257,43.378395],[5.354291,43.378777],[5.354259,43.379162],[5.35418,43.379501],[5.354071,43.379814],[5.353937,43.3801],[5.352907,43.381969],[5.352636,43.382477],[5.352439,43.382977],[5.352377,43.383244],[5.352342,43.383511],[5.352335,43.383835],[5.352365,43.384148],[5.352426,43.384426],[5.35252,43.384701],[5.352659,43.384987],[5.352825,43.385273],[5.352996,43.385506],[5.353174,43.385715],[5.353404,43.385944],[5.353628,43.386139],[5.354131,43.386494],[5.354478,43.386692],[5.357387,43.388004],[5.358415,43.388481],[5.359396,43.388908],[5.359923,43.389183],[5.360408,43.389465],[5.360676,43.389694],[5.360919,43.389935],[5.36116,43.390217],[5.361385,43.390503],[5.362065,43.391468],[5.36233,43.391796],[5.362648,43.392109],[5.363211,43.392555],[5.363627,43.392868],[5.363948,43.393185],[5.364212,43.393463],[5.364462,43.393806],[5.364652,43.394135],[5.36478,43.394451],[5.36487,43.39476],[5.364923,43.395145],[5.364925,43.395493],[5.364862,43.396214],[5.364667,43.397583],[5.364676,43.397934],[5.364736,43.3983],[5.364861,43.398682],[5.365077,43.399075],[5.365363,43.399445],[5.365564,43.399643],[5.3658,43.399841],[5.366189,43.400101],[5.366638,43.400352],[5.36766,43.400822],[5.368024,43.401005],[5.368402,43.401222],[5.368687,43.401421],[5.368844,43.401546],[5.36918,43.401867],[5.369363,43.402077],[5.369774,43.402641],[5.370163,43.403336],[5.370454,43.403893],[5.370584,43.404156],[5.370704,43.404461],[5.370797,43.404804],[5.370831,43.404999],[5.370875,43.405331],[5.370858,43.405727],[5.370816,43.40604],[5.370703,43.40646],[5.370564,43.406826],[5.370455,43.40704],[5.370319,43.40728],[5.370065,43.407665],[5.369774,43.408016],[5.369427,43.408356],[5.369014,43.408669],[5.368547,43.408989],[5.367939,43.409382],[5.366736,43.410179],[5.36651,43.410358],[5.366209,43.410648],[5.365974,43.410919],[5.365754,43.411247],[5.365479,43.411678],[5.365223,43.412109],[5.365125,43.41235],[5.365017,43.412636],[5.364929,43.41296],[5.364893,43.413239],[5.364881,43.413452],[5.36491,43.413857],[5.364956,43.414116],[5.365166,43.414692],[5.36529,43.414967],[5.365555,43.415363],[5.365972,43.415806],[5.366416,43.416168],[5.366877,43.416477],[5.367278,43.416679],[5.367584,43.416813],[5.367986,43.416958],[5.368495,43.417091],[5.36906,43.417191],[5.36971,43.417274],[5.372304,43.417561],[5.374821,43.417854],[5.375501,43.417984],[5.376076,43.418163],[5.376531,43.418354],[5.377033,43.418613],[5.377465,43.41888],[5.37795,43.419201],[5.381133,43.421246],[5.381531,43.421482],[5.381804,43.421616],[5.382108,43.421749],[5.382457,43.42186],[5.382798,43.421951],[5.383204,43.422035],[5.384096,43.422173],[5.384521,43.422253],[5.384735,43.422302],[5.384968,43.422363],[5.385456,43.422527],[5.385848,43.422695],[5.386069,43.422802],[5.3866,43.423069],[5.387041,43.423309],[5.387594,43.423595],[5.388204,43.423889],[5.388566,43.424046],[5.389193,43.424278],[5.389679,43.424446],[5.390354,43.424644],[5.390798,43.424744],[5.391018,43.424782],[5.395811,43.425491],[5.397316,43.42572],[5.397943,43.425842],[5.398568,43.426003],[5.399178,43.42617],[5.403766,43.427559],[5.408662,43.42902],[5.422538,43.43322],[5.423886,43.433739],[5.42417,43.433857],[5.424867,43.434189],[5.425455,43.434509],[5.425805,43.434711],[5.426154,43.434929],[5.426154,43.434929],[5.426779,43.435352],[5.427192,43.43565],[5.428612,43.436722],[5.43921,43.444653],[5.439658,43.444973],[5.440073,43.445251],[5.440505,43.445511],[5.44096,43.445759],[5.441495,43.446018],[5.44826,43.448994],[5.450892,43.450161],[5.451328,43.450417],[5.451522,43.45055],[5.452005,43.450951],[5.452118,43.451065],[5.452299,43.451275],[5.452727,43.451832],[5.452963,43.452152],[5.453219,43.452469],[5.453497,43.452755],[5.453707,43.452942],[5.453994,43.453167],[5.454362,43.453403],[5.454674,43.453575],[5.455069,43.453754],[5.45544,43.453892],[5.455671,43.453964],[5.456588,43.454216],[5.457526,43.45446],[5.458025,43.454609],[5.458539,43.4548],[5.460044,43.455429],[5.46042,43.455566],[5.460922,43.455715],[5.461911,43.455944],[5.462358,43.456081],[5.462842,43.456245],[5.462842,43.456245],[5.463271,43.456421],[5.463474,43.456512],[5.463902,43.456726],[5.464071,43.456821],[5.464359,43.456993],[5.464651,43.457195],[5.464982,43.457455],[5.465421,43.457882],[5.46558,43.458069],[5.465809,43.458366],[5.465959,43.458607],[5.466149,43.458984],[5.466255,43.459263],[5.466343,43.459541],[5.466408,43.459808],[5.466444,43.460033],[5.466468,43.460255],[5.466476,43.460426],[5.46646,43.460949],[5.466447,43.46109],[5.466394,43.461407],[5.466312,43.46172],[5.46618,43.462097],[5.466125,43.462227],[5.466051,43.462379],[5.465739,43.46294],[5.465608,43.463131],[5.465337,43.463474],[5.465168,43.463661],[5.465005,43.463829],[5.464845,43.463982],[5.464559,43.464226],[5.464314,43.464409],[5.463979,43.464634],[5.463783,43.464752],[5.463236,43.465046],[5.463004,43.465153],[5.462496,43.465366],[5.462056,43.465523],[5.461592,43.465652],[5.461369,43.465706],[5.460736,43.465839],[5.460335,43.465904],[5.459883,43.46595],[5.457775,43.466114],[5.457162,43.466198],[5.456429,43.46632],[5.456017,43.466404],[5.455514,43.466534],[5.455252,43.46661],[5.454646,43.466812],[5.453856,43.467136],[5.451231,43.46833],[5.449935,43.468933],[5.448355,43.469662],[5.4478,43.46991],[5.447237,43.470139],[5.446662,43.470337],[5.446094,43.470509],[5.445525,43.470657],[5.444986,43.470776],[5.444342,43.470886],[5.443811,43.470963],[5.442191,43.471226],[5.440562,43.471432],[5.440115,43.471493],[5.439419,43.471607],[5.438867,43.471722],[5.438587,43.471794],[5.438205,43.471912],[5.43775,43.47208],[5.437382,43.472237],[5.43691,43.472454],[5.436332,43.472748],[5.435718,43.473042],[5.434595,43.473618],[5.434239,43.473843],[5.434056,43.473969],[5.433577,43.47435],[5.433218,43.47467],[5.43268,43.47517],[5.43245,43.475376],[5.432158,43.475609],[5.431809,43.475864],[5.431628,43.475986],[5.431257,43.476204],[5.431094,43.476288],[5.430616,43.476505],[5.429619,43.476883],[5.42784,43.477539],[5.427416,43.477707],[5.426914,43.477928],[5.42669,43.478046],[5.426463,43.478184],[5.426258,43.478321],[5.426037,43.478481],[5.425843,43.478657],[5.425712,43.478786],[5.425497,43.479034],[5.425363,43.479206],[5.425211,43.47942],[5.425137,43.479557],[5.425001,43.479851],[5.424911,43.480114],[5.424878,43.480244],[5.424827,43.480545],[5.424788,43.480942],[5.424608,43.487568],[5.424539,43.490494],[5.424617,43.491131],[5.424831,43.49189],[5.425138,43.492584],[5.425496,43.493191],[5.425947,43.493771],[5.426814,43.494637],[5.427372,43.495033],[5.428152,43.49551],[5.428935,43.495876],[5.429817,43.49622],[5.430837,43.496498],[5.43247,43.496784],[5.43489,43.497269],[5.435931,43.497551],[5.436499,43.497753],[5.437032,43.497959],[5.437541,43.49818],[5.438078,43.498444],[5.43862,43.498745],[5.439087,43.499027],[5.439593,43.499374],[5.4431,43.501812],[5.445927,43.503807],[5.446452,43.504299],[5.447721,43.505688],[5.447905,43.505875],[5.448087,43.506046],[5.448276,43.506207],[5.44865,43.506485],[5.449098,43.506763],[5.449573,43.507004],[5.450094,43.507202],[5.450602,43.507366],[5.451982,43.507847],[5.452806,43.508228],[5.453525,43.508686],[5.453953,43.509052],[5.454276,43.509377],[5.454627,43.509789],[5.454806,43.510063],[5.454977,43.510399],[5.455111,43.510754],[5.455175,43.510971],[5.455238,43.511246],[5.455267,43.511494],[5.455282,43.511696],[5.455268,43.512104],[5.455256,43.512238],[5.455235,43.512383],[5.455171,43.512669],[5.455065,43.513004],[5.454956,43.51326],[5.454839,43.513485],[5.454679,43.513748],[5.454507,43.513992],[5.454379,43.514149],[5.454096,43.514454],[5.453837,43.514698],[5.453656,43.514847],[5.453379,43.515053],[5.453006,43.515293],[5.452671,43.515484],[5.452043,43.515812],[5.451138,43.51627],[5.45064,43.516533],[5.450478,43.516624],[5.450325,43.516716],[5.450036,43.516899],[5.44968,43.517189],[5.449458,43.517403],[5.449353,43.517513],[5.449226,43.517666],[5.449114,43.517818],[5.448962,43.518059],[5.448815,43.518345],[5.448697,43.518604],[5.448186,43.519855],[5.448024,43.520218],[5.447741,43.520725],[5.447605,43.520943],[5.447352,43.521259],[5.447201,43.521404],[5.446967,43.521595],[5.44681,43.521709],[5.445208,43.52277],[5.445208,43.52277],[5.444235,43.523411],[5.443578,43.523808],[5.442953,43.5242],[5.441985,43.524769],[5.441287,43.525093],[5.440395,43.525471],[5.438705,43.526142],[5.438273,43.526264],[5.436131,43.526711],[5.4359,43.526764],[5.435573,43.526855],[5.435159,43.526997],[5.43475,43.527168],[5.434387,43.527351],[5.434019,43.527557],[5.43371,43.52776],[5.433215,43.52813],[5.433129,43.528202],[5.432953,43.528378],[5.432718,43.528656],[5.432498,43.528938],[5.432181,43.529434],[5.431057,43.531139],[5.430651,43.531727],[5.43025,43.532333],[5.429757,43.533047],[5.429383,43.533459],[5.428774,43.534],[5.428182,43.534382],[5.42783,43.53455],[5.427547,43.534706],[5.42722,43.534836],[5.426779,43.535],[5.42498,43.535515],[5.424397,43.535717],[5.423905,43.535927],[5.423598,43.536106],[5.4228,43.536633],[5.422174,43.537155],[5.421676,43.537617],[5.421316,43.537922],[5.42086,43.538277],[5.420526,43.538475],[5.419993,43.538731],[5.419736,43.538868],[5.419436,43.538986],[5.419092,43.539097],[5.418692,43.539215],[5.416231,43.539719],[5.415709,43.539864],[5.415279,43.540005],[5.414934,43.540146],[5.414467,43.540375],[5.414056,43.540611],[5.413599,43.54092],[5.413281,43.541199],[5.412912,43.541569],[5.41232,43.542202],[5.411041,43.543476],[5.410655,43.543888],[5.410329,43.544193],[5.409651,43.544716],[5.409076,43.545013],[5.408672,43.5452],[5.408269,43.545349],[5.407908,43.545467],[5.407445,43.545586],[5.407106,43.545654],[5.406708,43.545708],[5.405849,43.545803],[5.404605,43.545933],[5.404251,43.545959],[5.403868,43.545979],[5.403474,43.545979],[5.403038,43.545959],[5.402542,43.545914],[5.401947,43.54583],[5.400951,43.545696],[5.400358,43.545643],[5.399902,43.54562],[5.399317,43.545624],[5.398725,43.545685],[5.397832,43.545853],[5.397197,43.546059],[5.396416,43.546375],[5.396072,43.546558],[5.39546,43.546947],[5.395034,43.547298],[5.39479,43.547523],[5.394462,43.547916],[5.394181,43.548309],[5.393944,43.548664],[5.393507,43.549335],[5.392935,43.550243],[5.392792,43.55056],[5.392686,43.550819],[5.392615,43.551075],[5.39254,43.551495],[5.392513,43.551762],[5.39251,43.552151],[5.392573,43.552559],[5.392634,43.552814],[5.392891,43.553467],[5.393329,43.554333],[5.393538,43.554817],[5.393631,43.555088],[5.393736,43.555637],[5.393766,43.555977],[5.393781,43.556377],[5.393839,43.556969],[5.393871,43.557186],[5.393936,43.557423],[5.394008,43.557594],[5.397091,43.564358],[5.397445,43.565079],[5.397926,43.565937],[5.398866,43.567646],[5.399058,43.56802],[5.399772,43.569256],[5.40009,43.569839],[5.400819,43.571136],[5.401022,43.571484],[5.401111,43.571617],[5.401293,43.571877],[5.401486,43.572124],[5.401673,43.572338],[5.401866,43.572536],[5.402115,43.572762],[5.402388,43.572975],[5.402692,43.573181],[5.40286,43.573284],[5.403164,43.573452],[5.403357,43.573551],[5.403698,43.5737],[5.404121,43.57386],[5.404305,43.573921],[5.404737,43.574043],[5.405194,43.574146],[5.405376,43.574177],[5.405768,43.574238],[5.406279,43.574284],[5.40684,43.574295],[5.407263,43.57428],[5.407713,43.574238],[5.407942,43.574211],[5.408138,43.574181],[5.408397,43.574131],[5.408932,43.574005],[5.409309,43.573902],[5.410023,43.573685],[5.411801,43.573189],[5.412345,43.573055],[5.412913,43.572933],[5.413465,43.572834],[5.413754,43.572788],[5.414202,43.572727],[5.414582,43.572689],[5.415044,43.572655],[5.415587,43.572628],[5.416308,43.572609],[5.416661,43.572617],[5.417438,43.572655],[5.417738,43.572681],[5.418529,43.572773],[5.41982,43.572941],[5.420447,43.573032],[5.42112,43.573162],[5.421758,43.573311],[5.422057,43.573391],[5.422779,43.573612],[5.423356,43.573818],[5.423872,43.574028],[5.425054,43.574543],[5.425421,43.574707],[5.428673,43.576092],[5.429492,43.576427],[5.429839,43.576553],[5.430415,43.576744],[5.430859,43.576878],[5.431215,43.576969],[5.431767,43.577095],[5.432314,43.577198],[5.43257,43.577236],[5.433391,43.577351],[5.438674,43.577972],[5.442293,43.578411],[5.445208,43.578743],[5.447968,43.579079],[5.448513,43.579174],[5.448793,43.579235],[5.449336,43.57938],[5.449835,43.579544],[5.450087,43.579639],[5.450419,43.579781],[5.45057,43.579853],[5.451068,43.580112],[5.45173,43.580502],[5.455699,43.58289],[5.456353,43.583271],[5.456724,43.583469],[5.457275,43.583721],[5.45749,43.583801],[5.457936,43.583958],[5.458328,43.584072],[5.458715,43.584164],[5.459173,43.584255],[5.45939,43.58429],[5.459805,43.584347],[5.460417,43.584393],[5.461011,43.584404],[5.461425,43.584389],[5.461885,43.584354],[5.462433,43.584297],[5.464972,43.584003],[5.466314,43.583839],[5.466788,43.583801],[5.46731,43.583782],[5.467748,43.58379],[5.468589,43.583847],[5.469008,43.583908],[5.469747,43.584057],[5.470221,43.584187],[5.470507,43.58427],[5.471021,43.584461],[5.474496,43.585899],[5.47496,43.586067],[5.475451,43.586216],[5.47642,43.586487],[5.477024,43.586628],[5.47768,43.586742],[5.478175,43.586819],[5.478787,43.586891],[5.479416,43.586937],[5.480012,43.586964],[5.480506,43.586964],[5.480958,43.586956],[5.481462,43.586933],[5.495759,43.58617],[5.496298,43.586147],[5.496964,43.586136],[5.502563,43.586147],[5.503344,43.586155],[5.503722,43.586189],[5.504085,43.586235],[5.504414,43.586288],[5.504764,43.586361],[5.505152,43.586468],[5.505583,43.586609],[5.505979,43.586754],[5.506341,43.586926],[5.506625,43.587078],[5.506991,43.587299],[5.507304,43.587505],[5.507429,43.587601],[5.50786,43.587997],[5.508159,43.588322],[5.50892,43.589245],[5.509137,43.589485],[5.509487,43.58992],[5.510107,43.590641],[5.510553,43.591091],[5.510914,43.591389],[5.511824,43.591915],[5.51221,43.59211],[5.512854,43.59235],[5.514175,43.592892],[5.514579,43.593067],[5.514931,43.593304],[5.5153,43.59354],[5.51572,43.593861],[5.516038,43.594193],[5.516373,43.594646],[5.516699,43.595131],[5.517016,43.595623],[5.517428,43.596416],[5.517583,43.596909],[5.517634,43.597385],[5.517609,43.597721],[5.517566,43.598133],[5.517497,43.598511],[5.517218,43.599159],[5.516948,43.599625],[5.516622,43.600117],[5.51639,43.600491],[5.516167,43.600925],[5.515986,43.601383],[5.515875,43.601826],[5.515815,43.60223],[5.515824,43.60276],[5.515918,43.603264],[5.516109,43.603783],[5.516351,43.604225],[5.516582,43.604553],[5.516953,43.604988],[5.517498,43.605526],[5.517839,43.60585],[5.519341,43.607346],[5.520295,43.608219],[5.520656,43.608593],[5.52093,43.608921],[5.521325,43.60965],[5.521471,43.610115],[5.5216,43.610947],[5.521729,43.612041],[5.521986,43.613373],[5.522407,43.615273],[5.522475,43.615646],[5.52251,43.616123],[5.522475,43.616585],[5.522278,43.617249],[5.520793,43.620277],[5.519986,43.62199],[5.519806,43.622562],[5.519711,43.623138],[5.519729,43.623581],[5.519756,43.623943],[5.519849,43.624252],[5.520106,43.624943],[5.520604,43.625713],[5.520896,43.626102],[5.521222,43.626644],[5.521368,43.626972],[5.521505,43.627514],[5.521484,43.628056],[5.521458,43.628391],[5.521434,43.628532],[5.521326,43.628933],[5.52119,43.629288],[5.52102,43.62962],[5.519632,43.63184],[5.519445,43.632122],[5.519269,43.632343],[5.518881,43.632721],[5.51841,43.633091],[5.517773,43.633476],[5.517153,43.633755],[5.516519,43.63398],[5.515189,43.634346],[5.514842,43.634464],[5.514454,43.634609],[5.514064,43.6348],[5.513695,43.635002],[5.513412,43.635181],[5.513008,43.635479],[5.512708,43.635777],[5.512442,43.636112],[5.512201,43.636448],[5.512021,43.636803],[5.511892,43.63718],[5.511764,43.637672],[5.511729,43.637981],[5.511755,43.638542],[5.511849,43.638912],[5.511952,43.639225],[5.512144,43.639618],[5.512389,43.640003],[5.512543,43.640209],[5.512707,43.640385],[5.513011,43.640675],[5.513142,43.640789],[5.51334,43.640949],[5.51349,43.641056],[5.513963,43.641342],[5.514321,43.641521],[5.514599,43.64164],[5.514941,43.641766],[5.51528,43.641872],[5.515798,43.641998],[5.516008,43.642036],[5.516559,43.642113],[5.517017,43.642147],[5.51748,43.642166],[5.519108,43.642204],[5.51992,43.642235],[5.52061,43.642288],[5.521074,43.642342],[5.521373,43.64238],[5.522249,43.642536],[5.523151,43.642742],[5.524282,43.643028],[5.524918,43.643169],[5.525286,43.643238],[5.525908,43.643333],[5.526382,43.643394],[5.526845,43.643436],[5.527516,43.643471],[5.528028,43.643482],[5.528457,43.643482],[5.528885,43.643467],[5.529408,43.64344],[5.53001,43.643387],[5.531831,43.643185],[5.532324,43.643147],[5.532735,43.643131],[5.533164,43.643139],[5.533551,43.643166],[5.534132,43.643234],[5.534555,43.643299],[5.535291,43.643387],[5.539556,43.644096],[5.539556,43.644096],[5.541634,43.64444],[5.541954,43.644501],[5.542119,43.644539],[5.54236,43.644611],[5.5426,43.644703],[5.543107,43.644936],[5.543368,43.645061],[5.543651,43.645222],[5.543814,43.645325],[5.544078,43.645519],[5.544365,43.64576],[5.544641,43.646046],[5.544743,43.646168],[5.54494,43.646439],[5.545021,43.646572],[5.5451,43.646717],[5.545238,43.647026],[5.545298,43.647198],[5.545372,43.647511],[5.545389,43.647625],[5.54541,43.647896],[5.545406,43.648159],[5.545394,43.648342],[5.544184,43.658386],[5.543988,43.659454],[5.543941,43.659771],[5.543649,43.662197],[5.54364,43.662457],[5.543657,43.662842],[5.543705,43.663158],[5.543743,43.663322],[5.543828,43.663609],[5.543933,43.663849],[5.544049,43.664059],[5.54413,43.664185],[5.54432,43.664425],[5.544496,43.664612],[5.544672,43.66478],[5.544985,43.665028],[5.545126,43.665123],[5.545412,43.665287],[5.545711,43.665436],[5.546138,43.6656],[5.546271,43.665642],[5.546639,43.665737],[5.546813,43.665775],[5.547162,43.665829],[5.547523,43.665863],[5.547899,43.665878],[5.54834,43.665874],[5.548678,43.665863],[5.55111,43.665714],[5.553516,43.665562],[5.567049,43.664764],[5.568764,43.66465],[5.569278,43.6646],[5.569732,43.664536],[5.570199,43.66444],[5.571699,43.664036],[5.572659,43.663788],[5.573162,43.663681],[5.573524,43.663631],[5.573932,43.663593],[5.57429,43.66357],[5.574634,43.663559],[5.575231,43.663555],[5.575941,43.66354],[5.576337,43.663517],[5.576755,43.663475],[5.57928,43.663181],[5.580887,43.663036],[5.581494,43.662994],[5.581787,43.662991],[5.582048,43.662998],[5.582451,43.663025],[5.582832,43.663063],[5.583071,43.663097],[5.58332,43.663143],[5.585763,43.66375],[5.586268,43.663849],[5.586748,43.66391],[5.58716,43.663933],[5.587615,43.663948],[5.588124,43.663929],[5.588429,43.663902],[5.588897,43.663841],[5.589303,43.663765],[5.589754,43.663651],[5.590127,43.66354],[5.591356,43.663097],[5.592524,43.662663],[5.593779,43.662209],[5.594133,43.662094],[5.59454,43.661991],[5.594796,43.661938],[5.595105,43.661884],[5.59555,43.661831],[5.596031,43.661797],[5.596499,43.661789],[5.596982,43.661812],[5.59733,43.661842],[5.598608,43.662037],[5.599083,43.662094],[5.599625,43.662121],[5.600141,43.662125],[5.600657,43.662094],[5.601212,43.662029],[5.602097,43.661911],[5.602659,43.66185],[5.602965,43.661839],[5.60357,43.661839],[5.604223,43.66188],[5.604959,43.661972],[5.605273,43.662025],[5.605814,43.662148],[5.606371,43.662312],[5.60691,43.662518],[5.607159,43.662628],[5.607465,43.662777],[5.607829,43.662991],[5.608144,43.663204],[5.608434,43.663437],[5.608678,43.66367],[5.60963,43.664661],[5.60982,43.664845],[5.610088,43.665081],[5.610331,43.665257],[5.61063,43.665459],[5.610993,43.66568],[5.611326,43.665852],[5.612095,43.666161],[5.612542,43.66629],[5.613064,43.666405],[5.61372,43.666496],[5.615146,43.666664],[5.615762,43.666782],[5.616077,43.666859],[5.616539,43.667004],[5.61811,43.667519],[5.618494,43.667614],[5.618752,43.667671],[5.619079,43.667721],[5.619505,43.667767],[5.620079,43.667812],[5.620796,43.667843],[5.621286,43.667881],[5.621742,43.667942],[5.622141,43.668015],[5.622649,43.66814],[5.623144,43.668301],[5.623459,43.668427],[5.623852,43.668606],[5.62428,43.668831],[5.628093,43.671001],[5.628421,43.671165],[5.628913,43.671391],[5.629202,43.671494],[5.629526,43.671593],[5.629773,43.671654],[5.630139,43.671745],[5.632346,43.672237],[5.632873,43.672375],[5.633222,43.672501],[5.633754,43.672741],[5.634346,43.673061],[5.634802,43.673328],[5.635064,43.673462],[5.635565,43.67371],[5.635829,43.673809],[5.636198,43.673935],[5.637281,43.674274],[5.63797,43.674545],[5.638697,43.674862],[5.639219,43.675068],[5.6396,43.675198],[5.639978,43.675301],[5.640378,43.675388],[5.641667,43.675621],[5.642014,43.675697],[5.642524,43.675835],[5.642981,43.675995],[5.643715,43.676319],[5.644155,43.676552],[5.644537,43.676796],[5.645011,43.677151],[5.645353,43.677444],[5.645609,43.677719],[5.645964,43.678181],[5.646327,43.678726],[5.646669,43.679207],[5.647076,43.67968],[5.647396,43.679958],[5.647753,43.680229],[5.648066,43.680439],[5.648489,43.680683],[5.649078,43.680939],[5.649577,43.681122],[5.650558,43.681427],[5.651141,43.681629],[5.651614,43.681835],[5.65211,43.682106],[5.652494,43.682346],[5.652743,43.682537],[5.653068,43.682823],[5.653393,43.683163],[5.653675,43.683517],[5.654043,43.68412],[5.65451,43.684933],[5.65462,43.685135],[5.654787,43.685394],[5.654897,43.685547],[5.655047,43.685741],[5.655287,43.686016],[5.65554,43.686272],[5.655859,43.686573],[5.656831,43.687508],[5.657178,43.687824],[5.657492,43.68808],[5.657801,43.688293],[5.658176,43.688519],[5.658563,43.688713],[5.658803,43.68882],[5.659296,43.689007],[5.659686,43.689129],[5.660085,43.689228],[5.660499,43.689304],[5.661006,43.689381],[5.663268,43.689671],[5.663794,43.689754],[5.664347,43.689873],[5.664792,43.689999],[5.66503,43.690086],[5.665843,43.69043],[5.666223,43.69062],[5.6665,43.690788],[5.666846,43.691021],[5.667107,43.691231],[5.667355,43.69146],[5.667448,43.691563],[5.66766,43.691769],[5.667959,43.692127],[5.668158,43.692402],[5.668314,43.69265],[5.668437,43.692863],[5.668826,43.693619],[5.669006,43.693897],[5.669125,43.694099],[5.671291,43.698242],[5.67146,43.698509],[5.671724,43.698875],[5.671951,43.699158],[5.672096,43.699306],[5.672362,43.699539],[5.672734,43.699821],[5.672954,43.699963],[5.673193,43.700092],[5.673661,43.700325],[5.674116,43.700516],[5.674518,43.700661],[5.67501,43.700802],[5.675487,43.700901],[5.675831,43.700947],[5.683604,43.701752],[5.686329,43.702023],[5.687031,43.70208],[5.687716,43.702091],[5.688377,43.702049],[5.688943,43.701973],[5.689445,43.701851],[5.689946,43.701717],[5.690453,43.701542],[5.704101,43.695904],[5.704597,43.695728],[5.705059,43.695599],[5.705619,43.695473],[5.706223,43.695381],[5.706726,43.695347],[5.707232,43.695335],[5.707718,43.695347],[5.708058,43.695385],[5.708661,43.695469],[5.709247,43.695602],[5.709625,43.695713],[5.710021,43.695847],[5.710391,43.696003],[5.710665,43.696129],[5.71115,43.696411],[5.711572,43.696686],[5.712045,43.697071],[5.712194,43.697216],[5.712452,43.697514],[5.712765,43.697945],[5.712871,43.69812],[5.713105,43.698551],[5.713697,43.699707],[5.714454,43.701305],[5.714726,43.70192],[5.714784,43.702145],[5.714828,43.702423],[5.714884,43.703148],[5.714865,43.703308],[5.714786,43.703674],[5.714707,43.703953],[5.71448,43.704613],[5.714408,43.704872],[5.714295,43.705494],[5.714219,43.706299],[5.714214,43.706657],[5.714233,43.707108],[5.714302,43.707771],[5.71443,43.70853],[5.714582,43.709206],[5.714814,43.710045],[5.715263,43.71109],[5.715614,43.711815],[5.715893,43.712223],[5.716251,43.7127],[5.717066,43.713741],[5.717312,43.713993],[5.717694,43.714344],[5.718324,43.715008],[5.718653,43.715508],[5.719766,43.717442],[5.720149,43.717991],[5.72071,43.718544],[5.721322,43.71899],[5.721893,43.719307],[5.723348,43.719917],[5.724264,43.720268],[5.72468,43.720387],[5.725121,43.720497],[5.726455,43.720753],[5.727049,43.720894],[5.727306,43.720974],[5.728014,43.721245],[5.728776,43.721653],[5.729027,43.721809],[5.729277,43.722],[5.72962,43.722282],[5.730462,43.723133],[5.731638,43.724335],[5.732082,43.724857],[5.732476,43.725368],[5.740856,43.737675],[5.741004,43.737904],[5.747106,43.746819],[5.751362,43.753067],[5.753222,43.755787],[5.754163,43.757153],[5.761119,43.767342],[5.761685,43.768127],[5.761907,43.768417],[5.762445,43.769051],[5.762993,43.769611],[5.766753,43.773239],[5.767155,43.773632],[5.767572,43.774059],[5.768022,43.774574],[5.768143,43.774723],[5.768631,43.775368],[5.769039,43.775955],[5.76944,43.776646],[5.769725,43.777218],[5.769975,43.777794],[5.77033,43.778812],[5.770555,43.779507],[5.771301,43.781746],[5.771557,43.782566],[5.771818,43.78336],[5.772222,43.784626],[5.772429,43.785233],[5.772628,43.78574],[5.772863,43.786278],[5.77298,43.786507],[5.773315,43.787109],[5.773685,43.787701],[5.773803,43.787876],[5.774175,43.788391],[5.774282,43.788528],[5.774637,43.788948],[5.774906,43.789249],[5.775294,43.789661],[5.775813,43.790161],[5.77662,43.79092],[5.777408,43.791672],[5.784136,43.798027],[5.784524,43.798412],[5.784823,43.798737],[5.78515,43.799133],[5.785604,43.799778],[5.785937,43.800339],[5.786001,43.800461],[5.788274,43.805126],[5.789464,43.807552],[5.789725,43.808109],[5.789871,43.80846],[5.789989,43.808792],[5.790055,43.809006],[5.790136,43.809361],[5.790183,43.809628],[5.79022,43.810001],[5.790233,43.810417],[5.790231,43.810532],[5.789844,43.816071],[5.789778,43.817196],[5.789775,43.817654],[5.7898,43.817963],[5.789825,43.818127],[5.789937,43.818684],[5.789999,43.818882],[5.790208,43.819454],[5.790397,43.819839],[5.790535,43.820087],[5.790791,43.82048],[5.791177,43.820961],[5.791464,43.821278],[5.792136,43.821945],[5.792727,43.82251],[5.793407,43.823143],[5.793407,43.823143],[5.793667,43.823376],[5.797001,43.826466],[5.797412,43.82682],[5.798363,43.82766],[5.800299,43.82946],[5.800689,43.829834],[5.801115,43.830208],[5.8025,43.83149],[5.803118,43.83205],[5.803455,43.83234],[5.803653,43.832504],[5.80441,43.833042],[5.804871,43.833324],[5.805304,43.833572],[5.806085,43.833961],[5.806331,43.834072],[5.807005,43.834343],[5.807581,43.834545],[5.808,43.834675],[5.8086,43.834843],[5.808978,43.83493],[5.809604,43.835064],[5.810053,43.835144],[5.811467,43.835346],[5.813476,43.835617],[5.814297,43.835751],[5.814944,43.835888],[5.8155,43.836044],[5.81588,43.836163],[5.816239,43.836285],[5.817068,43.836624],[5.817509,43.836845],[5.818019,43.837124],[5.81858,43.837479],[5.818819,43.83765],[5.819133,43.837891],[5.819714,43.838402],[5.820064,43.838764],[5.820366,43.839119],[5.820662,43.839527],[5.820901,43.839909],[5.821038,43.840153],[5.821175,43.840435],[5.821333,43.840805],[5.821404,43.841003],[5.821486,43.841297],[5.821614,43.841866],[5.821671,43.842216],[5.821758,43.84267],[5.821842,43.843052],[5.821995,43.843548],[5.822072,43.843754],[5.822252,43.844139],[5.822388,43.844391],[5.822565,43.8447],[5.822751,43.844982],[5.822964,43.845272],[5.823214,43.84557],[5.823673,43.84605],[5.823874,43.846237],[5.824108,43.846436],[5.824873,43.847019],[5.825163,43.847256],[5.825761,43.847702],[5.831563,43.852127],[5.833788,43.853813],[5.83621,43.855663],[5.837308,43.856441],[5.838888,43.857693],[5.840377,43.858807],[5.84248,43.860435],[5.84374,43.861378],[5.845036,43.862381],[5.845447,43.862717],[5.845865,43.863094],[5.846165,43.8634],[5.846475,43.863735],[5.846856,43.86422],[5.847047,43.864491],[5.847296,43.864872],[5.847499,43.865204],[5.847818,43.865887],[5.848153,43.866787],[5.848556,43.867962],[5.848693,43.868439],[5.84886,43.869064],[5.848929,43.869289],[5.849101,43.869728],[5.849214,43.869953],[5.849403,43.870281],[5.849503,43.870434],[5.849765,43.870762],[5.850227,43.871239],[5.850574,43.87154],[5.850889,43.871769],[5.851265,43.872009],[5.851527,43.872154],[5.851902,43.872337],[5.852234,43.872486],[5.852705,43.872662],[5.853171,43.872791],[5.853771,43.872944],[5.854497,43.873108],[5.85659,43.8736],[5.858368,43.874004],[5.859056,43.874168],[5.859568,43.874313],[5.860152,43.874504],[5.861041,43.874847],[5.86144,43.875023],[5.861943,43.875267],[5.862302,43.875458],[5.862685,43.875675],[5.863494,43.876202],[5.863821,43.876446],[5.864233,43.876781],[5.86456,43.877064],[5.865029,43.877518],[5.869906,43.88216],[5.874342,43.886402],[5.875278,43.887283],[5.878912,43.890759],[5.879525,43.891361],[5.879953,43.89188],[5.880183,43.892189],[5.880431,43.892559],[5.88061,43.892853],[5.880872,43.893341],[5.880988,43.893589],[5.88117,43.894062],[5.881452,43.89489],[5.882418,43.897854],[5.882823,43.899055],[5.884054,43.902813],[5.884301,43.903419],[5.88449,43.903851],[5.884862,43.904652],[5.885057,43.90514],[5.885254,43.905697],[5.885506,43.906376],[5.886277,43.908096],[5.886773,43.909271],[5.887042,43.909958],[5.887279,43.910637],[5.888343,43.914219],[5.888702,43.915394],[5.889123,43.9165],[5.891498,43.92247],[5.891715,43.923035],[5.892075,43.923904],[5.892411,43.924755],[5.892411,43.924755],[5.893763,43.928146],[5.893964,43.928699],[5.894095,43.929195],[5.894161,43.929565],[5.894288,43.930851],[5.894296,43.931301],[5.894273,43.931538],[5.894206,43.93195],[5.894122,43.932236],[5.893942,43.932705],[5.89362,43.933296],[5.893371,43.93372],[5.893133,43.934189],[5.892647,43.935753],[5.892444,43.936554],[5.892294,43.937195],[5.892205,43.937756],[5.892175,43.938141],[5.89219,43.938984],[5.892384,43.940094],[5.89257,43.940723],[5.89276,43.941204],[5.893119,43.941986],[5.894724,43.944668],[5.895372,43.945919],[5.896131,43.947186],[5.896904,43.94854],[5.897422,43.949574],[5.897744,43.950283],[5.898029,43.950958],[5.898121,43.951221],[5.898252,43.951538],[5.898789,43.952991],[5.89894,43.953442],[5.899172,43.954174],[5.899582,43.955555],[5.89979,43.956303],[5.900073,43.95726],[5.900233,43.957832],[5.900713,43.958855],[5.900944,43.959309],[5.901526,43.96051],[5.901993,43.96162],[5.902258,43.962379],[5.902883,43.964073],[5.903088,43.964703],[5.903276,43.965233],[5.903315,43.965466],[5.903345,43.965729],[5.903367,43.966053],[5.903356,43.966206],[5.903349,43.966534],[5.903311,43.967113],[5.903353,43.967632],[5.903401,43.967915],[5.903458,43.968174],[5.903555,43.968468],[5.903648,43.968681],[5.903736,43.968864],[5.903864,43.969093],[5.904045,43.969353],[5.904235,43.969643],[5.904511,43.969975],[5.905776,43.971382],[5.906549,43.972332],[5.907664,43.973682],[5.908626,43.975021],[5.908843,43.975372],[5.90911,43.975857],[5.90926,43.976189],[5.909504,43.976818],[5.909722,43.977638],[5.909811,43.978352],[5.909869,43.979015],[5.910072,43.981049],[5.910115,43.981361],[5.910163,43.981651],[5.910233,43.981987],[5.910287,43.982201],[5.910368,43.982433],[5.910522,43.982803],[5.910639,43.983028],[5.910965,43.983536],[5.911488,43.984421],[5.913492,43.98814],[5.914224,43.98938],[5.915144,43.990864],[5.915602,43.991585],[5.917523,43.994713],[5.918561,43.996372],[5.919336,43.997673],[5.920432,43.999466],[5.921324,44.000862],[5.922159,44.002193],[5.922735,44.003136],[5.923484,44.004383],[5.923679,44.004688],[5.924343,44.005783],[5.924801,44.006626],[5.924986,44.007],[5.925242,44.007587],[5.925617,44.008572],[5.925686,44.008797],[5.926153,44.010727],[5.926913,44.014034],[5.927118,44.014877],[5.927297,44.015545],[5.927705,44.016506],[5.928054,44.017147],[5.928444,44.017735],[5.929046,44.018456],[5.929596,44.018974],[5.930686,44.019844],[5.932339,44.021049],[5.933295,44.021786],[5.934776,44.022881],[5.935392,44.023331],[5.93557,44.023453],[5.937657,44.024994],[5.941163,44.027527],[5.942669,44.028641],[5.944386,44.029884],[5.945894,44.030888],[5.947472,44.031849],[5.947601,44.031918],[5.947754,44.032024],[5.948716,44.032597],[5.950004,44.033386],[5.951093,44.034042],[5.951564,44.03434],[5.952006,44.034649],[5.955667,44.036816],[5.958066,44.03809],[5.959857,44.039021],[5.960309,44.039265],[5.962124,44.040173],[5.963638,44.040955],[5.964526,44.041401],[5.965588,44.041958],[5.966679,44.042503],[5.968219,44.043304],[5.96907,44.043736],[5.969844,44.044144],[5.970275,44.044384],[5.971138,44.044907],[5.971546,44.045166],[5.973133,44.046104],[5.97379,44.046455],[5.974323,44.0467],[5.978861,44.048527],[5.982069,44.049843],[5.982869,44.050156],[5.98317,44.050285],[5.984559,44.050838],[5.988152,44.052299],[5.988898,44.052589],[5.989459,44.052776],[5.990009,44.052948],[5.990489,44.053082],[5.992408,44.05365],[5.992751,44.053772],[5.993191,44.053959],[5.993805,44.054329],[5.994135,44.054585],[5.99446,44.05489],[5.994658,44.055122],[5.994889,44.055412],[5.995168,44.055805],[5.995583,44.056358],[5.995866,44.056808],[5.99598,44.057053],[5.996276,44.057907],[5.996831,44.059551],[5.997457,44.061455],[5.997457,44.061455],[5.998212,44.063679],[5.998457,44.064373],[5.998657,44.06485],[5.999257,44.066647],[5.999382,44.066952],[5.999656,44.067535],[6.000573,44.069099],[6.002831,44.072849],[6.003255,44.073578],[6.003643,44.074192],[6.004088,44.074932],[6.004342,44.075375],[6.004682,44.075912],[6.004871,44.076248],[6.006143,44.07835],[6.006458,44.078926],[6.006779,44.079559],[6.007131,44.08033],[6.007959,44.082207],[6.008088,44.082481],[6.00823,44.08276],[6.008376,44.082996],[6.008547,44.083248],[6.008788,44.083546],[6.009838,44.084694],[6.010028,44.084938],[6.010224,44.085217],[6.010434,44.085583],[6.010569,44.085911],[6.010632,44.086105],[6.010702,44.086372],[6.011431,44.089581],[6.011965,44.092049],[6.012076,44.092495],[6.012147,44.092869],[6.012666,44.095188],[6.012775,44.09576],[6.012819,44.096138],[6.012834,44.096481],[6.012804,44.096954],[6.012758,44.097343],[6.012669,44.097763],[6.01256,44.098137],[6.012483,44.098362],[6.012268,44.098869],[6.012147,44.099106],[6.011915,44.099503],[6.011704,44.099819],[6.011593,44.099968],[6.01142,44.100178],[6.011251,44.100368],[6.008567,44.103241],[6.008102,44.103729],[6.006727,44.105198],[6.005026,44.107025],[6.004636,44.10743],[6.002717,44.109482],[6.001392,44.110912],[5.999552,44.112865],[5.997191,44.11541],[5.996628,44.115997],[5.996395,44.116222],[5.996078,44.116482],[5.995657,44.11676],[5.995351,44.116947],[5.995154,44.11705],[5.994967,44.117138],[5.99457,44.11731],[5.9941,44.117481],[5.993761,44.11758],[5.992029,44.118008],[5.991583,44.118137],[5.991228,44.118256],[5.9909,44.118385],[5.99062,44.118511],[5.990315,44.118664],[5.990063,44.118801],[5.989607,44.119102],[5.989379,44.119274],[5.989267,44.119366],[5.98887,44.119743],[5.988731,44.119892],[5.988218,44.120499],[5.987076,44.12191],[5.985606,44.123703],[5.984299,44.125328],[5.983591,44.126183],[5.982945,44.126991],[5.981845,44.128334],[5.981113,44.129169],[5.98034,44.12999],[5.980047,44.130268],[5.979628,44.130642],[5.977023,44.132847],[5.975836,44.133873],[5.975128,44.13446],[5.97312,44.136185],[5.972797,44.136478],[5.972321,44.136936],[5.971902,44.137371],[5.971422,44.137897],[5.97089,44.138557],[5.9704,44.139194],[5.970206,44.139465],[5.966895,44.144447],[5.96565,44.146305],[5.965072,44.147186],[5.964763,44.147621],[5.964311,44.148167],[5.964165,44.148327],[5.963713,44.148773],[5.963279,44.149158],[5.963067,44.149338],[5.962698,44.14962],[5.962195,44.149963],[5.961564,44.150352],[5.960918,44.150692],[5.960575,44.15086],[5.96013,44.151062],[5.957893,44.152046],[5.956113,44.152859],[5.95503,44.153332],[5.954235,44.153702],[5.953803,44.153908],[5.953277,44.154224],[5.952738,44.154625],[5.952357,44.154995],[5.952037,44.155384],[5.951875,44.155605],[5.951617,44.156044],[5.951502,44.156334],[5.951384,44.156696],[5.951308,44.157116],[5.951163,44.158581],[5.951112,44.159286],[5.950895,44.161263],[5.950697,44.163242],[5.950517,44.164902],[5.950305,44.166996],[5.950251,44.167412],[5.950182,44.167786],[5.950109,44.168079],[5.950001,44.168415],[5.9498,44.168945],[5.949563,44.169445],[5.949043,44.170494],[5.948881,44.170856],[5.948781,44.171108],[5.948703,44.171349],[5.948648,44.17157],[5.948591,44.171894],[5.948561,44.172237],[5.948559,44.172432],[5.948573,44.172657],[5.948637,44.173149],[5.948769,44.174004],[5.948992,44.17527],[5.949098,44.175941],[5.949584,44.178806],[5.949721,44.179779],[5.949833,44.181175],[5.949817,44.181782],[5.949711,44.18293],[5.949566,44.183804],[5.949373,44.184616],[5.949097,44.185585],[5.948875,44.186199],[5.948168,44.187714],[5.946671,44.190277]]]}},{"type":"Feature","properties":{"route_name":"Ligne C4","type":"Commuter Rail","network":"TER ZOU!","color":"#0749FF"},"geometry":{"type":"MultiLineString","coordinates":[[[4.999476,43.581158],[5.00049,43.581043],[5.000804,43.58102],[5.003148,43.58091],[5.00342,43.580898],[5.003677,43.580898],[5.003928,43.58091],[5.004437,43.58094],[5.006302,43.581139],[5.00713,43.581203],[5.007734,43.581211],[5.008034,43.581192],[5.008413,43.581158],[5.00888,43.581085],[5.009172,43.58102],[5.009505,43.580936],[5.00984,43.580833],[5.010306,43.580658],[5.010762,43.580444],[5.010986,43.580315],[5.011353,43.580082],[5.011709,43.579819],[5.011898,43.579647],[5.012138,43.579399],[5.012427,43.579048],[5.012518,43.578922],[5.012681,43.578682],[5.012859,43.578377],[5.012975,43.578133],[5.013054,43.57793],[5.013116,43.577724],[5.013159,43.577541],[5.013199,43.577267],[5.013213,43.577087],[5.013217,43.576889],[5.013201,43.576633],[5.013161,43.576378],[5.013102,43.57613],[5.013014,43.575859],[5.012946,43.575699],[5.012836,43.575474],[5.012663,43.575184],[5.012468,43.574917],[5.012344,43.574768],[5.012202,43.574612],[5.012017,43.574429],[5.011813,43.574253],[5.011614,43.574097],[5.011487,43.574005],[5.011056,43.573738],[5.010772,43.573589],[5.010263,43.573368],[5.009915,43.573242],[5.009406,43.57309],[5.008869,43.572975],[5.003013,43.571869],[5.000823,43.571468],[4.997288,43.570797],[4.987979,43.569042],[4.987444,43.568935],[4.98597,43.568665],[4.983206,43.568138],[4.98165,43.567852],[4.981055,43.56773],[4.980684,43.567642],[4.980267,43.567535],[4.97988,43.567425],[4.979497,43.567303],[4.978954,43.567108],[4.978468,43.566917],[4.977978,43.566704],[4.977514,43.566479],[4.97681,43.566086],[4.976425,43.565853],[4.976062,43.565605],[4.975686,43.565331],[4.975325,43.565044],[4.965722,43.556915],[4.958433,43.550678],[4.95818,43.550446],[4.957901,43.550163],[4.957716,43.549957],[4.95747,43.549656],[4.957228,43.549316],[4.956985,43.54892],[4.956829,43.548618],[4.956681,43.548283],[4.956554,43.547932],[4.956455,43.547581],[4.956341,43.546967],[4.956316,43.546677],[4.956308,43.546345],[4.956324,43.545994],[4.956369,43.545616],[4.956439,43.54525],[4.956545,43.544872],[4.956639,43.544601],[4.956735,43.544365],[4.956846,43.544121],[4.956965,43.543892],[4.957098,43.543655],[4.95728,43.543377],[4.957495,43.543083],[4.957705,43.542828],[4.957918,43.542587],[4.96838,43.531399],[4.970978,43.528587],[4.972667,43.526787],[4.977528,43.521515],[4.97903,43.519863],[4.979476,43.519238],[4.979722,43.518719],[4.980101,43.517654],[4.980203,43.517254],[4.980252,43.517029],[4.980276,43.516899],[4.980312,43.516605],[4.98033,43.516312],[4.980326,43.515839],[4.98028,43.515385],[4.98028,43.515385],[4.980087,43.513626],[4.980031,43.513218],[4.979937,43.512856],[4.979795,43.51247],[4.979609,43.512089],[4.978762,43.510559],[4.97857,43.51017],[4.978363,43.509659],[4.97817,43.50909],[4.978044,43.508606],[4.977928,43.50819],[4.977638,43.506783],[4.977493,43.506172],[4.977201,43.505314],[4.976854,43.504543],[4.976119,43.502972],[4.975817,43.502338],[4.975581,43.501888],[4.975331,43.501453],[4.974816,43.50071],[4.974417,43.50005],[4.973728,43.49852],[4.972919,43.496681],[4.972919,43.496681],[4.972484,43.495705],[4.972347,43.495415],[4.972105,43.495003],[4.971859,43.494644],[4.971573,43.494301],[4.971421,43.494129],[4.970534,43.493244],[4.969154,43.491882],[4.968591,43.491379],[4.967585,43.49054],[4.96735,43.490356],[4.966887,43.490044],[4.966661,43.489918],[4.966132,43.489655],[4.965338,43.489296],[4.963618,43.488544],[4.962524,43.488052],[4.96213,43.487854],[4.961797,43.487675],[4.961458,43.487465],[4.961149,43.487236],[4.960862,43.486992],[4.960554,43.486702],[4.959934,43.486069],[4.959109,43.485199],[4.958807,43.484806],[4.958105,43.483765],[4.957801,43.483284],[4.957443,43.482742],[4.95473,43.478554],[4.954489,43.478142],[4.954294,43.47776],[4.954207,43.47757],[4.954049,43.477184],[4.953914,43.476795],[4.953802,43.476391],[4.95372,43.475994],[4.953659,43.475597],[4.95339,43.473259],[4.953378,43.472984],[4.953391,43.47258],[4.953472,43.472103],[4.953551,43.471848],[4.953625,43.471649],[4.953744,43.471371],[4.953911,43.471069],[4.954091,43.470802],[4.954352,43.470474],[4.955124,43.469643],[4.955424,43.469303],[4.955725,43.468899],[4.955837,43.468719],[4.955937,43.468548],[4.956046,43.468315],[4.956121,43.468121],[4.95619,43.467911],[4.956248,43.46769],[4.956298,43.4674],[4.956317,43.467197],[4.956326,43.466869],[4.956312,43.46648],[4.956263,43.465855],[4.956254,43.465527],[4.956265,43.465076],[4.956309,43.464703],[4.956381,43.464378],[4.956461,43.464111],[4.956567,43.463799],[4.956662,43.463573],[4.95677,43.463352],[4.956893,43.463131],[4.957026,43.462917],[4.957304,43.462521],[4.958272,43.461197],[4.95856,43.460789],[4.958671,43.460606],[4.958878,43.460194],[4.959348,43.45895],[4.959544,43.458572],[4.959696,43.458324],[4.959854,43.458107],[4.959969,43.457966],[4.960198,43.45771],[4.96039,43.457527],[4.960633,43.457317],[4.960854,43.45715],[4.961126,43.456963],[4.961421,43.456779],[4.962588,43.456161],[4.963015,43.455914],[4.963184,43.455807],[4.963532,43.455555],[4.964475,43.454792],[4.964867,43.454502],[4.965223,43.454266],[4.966431,43.45351],[4.96658,43.453407],[4.966881,43.453178],[4.967158,43.452938],[4.967443,43.452644],[4.967612,43.452442],[4.967758,43.452248],[4.967874,43.452072],[4.968088,43.451694],[4.968243,43.451332],[4.968322,43.451096],[4.968369,43.450924],[4.968421,43.45068],[4.968441,43.4505],[4.968458,43.450211],[4.968453,43.449898],[4.968438,43.449646],[4.968299,43.447865],[4.968242,43.447464],[4.968195,43.447262],[4.968103,43.446957],[4.968032,43.446739],[4.967761,43.446014],[4.967707,43.445847],[4.967642,43.445606],[4.967614,43.445484],[4.967565,43.445145],[4.96755,43.444748],[4.967556,43.444572],[4.96757,43.444416],[4.96762,43.444122],[4.96766,43.443951],[4.967715,43.443775],[4.967888,43.443398],[4.968172,43.442947],[4.968539,43.442329],[4.968828,43.441765],[4.968983,43.441322],[4.969068,43.440975],[4.969111,43.440662],[4.969119,43.439262],[4.969159,43.438725],[4.969299,43.4375],[4.96936,43.437187],[4.969392,43.437069],[4.969503,43.436741],[4.969571,43.436581],[4.969658,43.436398],[4.969813,43.436123],[4.970028,43.435814],[4.970234,43.435558],[4.970488,43.435291],[4.971521,43.434296],[4.971778,43.434013],[4.97194,43.433819],[4.972165,43.433521],[4.972282,43.43335],[4.972466,43.433048],[4.972616,43.432762],[4.972839,43.432285],[4.974738,43.428082],[4.974738,43.428082],[4.975641,43.426086],[4.975804,43.42569],[4.975909,43.425373],[4.975965,43.425152],[4.976017,43.424854],[4.976033,43.424725],[4.976107,43.423641],[4.976126,43.423473],[4.976183,43.423153],[4.976245,43.422932],[4.976344,43.422642],[4.976481,43.422329],[4.976643,43.422031],[4.976979,43.42152],[4.977471,43.420815],[4.977749,43.420376],[4.977852,43.420181],[4.977981,43.419899],[4.978099,43.419556],[4.978151,43.419361],[4.978198,43.419113],[4.978218,43.418949],[4.97823,43.418804],[4.978233,43.418484],[4.978225,43.418346],[4.978201,43.41814],[4.978143,43.417828],[4.978071,43.417576],[4.978,43.417385],[4.977902,43.417164],[4.977751,43.416866],[4.97763,43.416656],[4.976804,43.41534],[4.976617,43.415012],[4.976507,43.414795],[4.976396,43.414536],[4.976339,43.414368],[4.976264,43.414101],[4.976209,43.413799],[4.976179,43.413452],[4.976179,43.413231],[4.976219,43.412827],[4.976275,43.412556],[4.976354,43.412281],[4.976408,43.412128],[4.976558,43.411797],[4.976749,43.411465],[4.976974,43.411144],[4.977403,43.41061],[4.978163,43.409691],[4.978417,43.409416],[4.978664,43.40918],[4.978922,43.408966],[4.97905,43.408871],[4.97927,43.408714],[4.97941,43.408627],[4.979817,43.408394],[4.980017,43.408295],[4.980293,43.408169],[4.980556,43.408058],[4.980857,43.407951],[4.981138,43.407867],[4.981561,43.407757],[4.982029,43.407665],[4.982249,43.407627],[4.982828,43.407547],[4.984639,43.407326],[4.984639,43.407326],[4.985609,43.407238],[4.989533,43.407028],[4.990941,43.40694],[4.991545,43.406918],[4.992012,43.406906],[4.992509,43.406921],[4.993089,43.406971],[4.993691,43.407074],[4.994462,43.407276],[4.995105,43.407513],[4.995687,43.407791],[4.997416,43.408691],[4.998136,43.408951],[4.998787,43.40913],[4.999466,43.40926],[5.000048,43.409328],[5.00077,43.409332],[5.001392,43.409298],[5.001873,43.409229],[5.002754,43.409031],[5.00401,43.40868],[5.004739,43.408485],[5.005621,43.40831],[5.006397,43.408203],[5.007314,43.408142],[5.008304,43.408142],[5.010921,43.408268],[5.011949,43.408337],[5.017123,43.408985],[5.017906,43.409042],[5.018475,43.409042],[5.018933,43.409016],[5.019473,43.408951],[5.019672,43.408916],[5.019672,43.408916],[5.020186,43.408813],[5.020452,43.408741],[5.020756,43.408653],[5.020997,43.408569],[5.021283,43.408459],[5.021852,43.408199],[5.022292,43.407948],[5.022723,43.407646],[5.023152,43.407288],[5.023485,43.406933],[5.023684,43.406685],[5.023863,43.406429],[5.024015,43.406162],[5.02415,43.40588],[5.024272,43.405571],[5.024327,43.405376],[5.024395,43.405045],[5.024504,43.404392],[5.024665,43.403221],[5.025764,43.395912],[5.025839,43.39537],[5.02588,43.394917],[5.025881,43.394718],[5.025872,43.394497],[5.025829,43.394119],[5.025651,43.392948],[5.025651,43.392948],[5.025109,43.389294],[5.025082,43.389023],[5.025068,43.388721],[5.025056,43.388176],[5.025082,43.38752],[5.025268,43.383846],[5.025319,43.382519],[5.025319,43.382343],[5.025274,43.381817],[5.024763,43.378662],[5.024745,43.378498],[5.024718,43.378078],[5.024716,43.37788],[5.024735,43.377506],[5.024797,43.37706],[5.024844,43.376839],[5.025076,43.376034],[5.025305,43.375523],[5.025431,43.37529],[5.025699,43.37484],[5.026031,43.37439],[5.026851,43.373417],[5.027111,43.373093],[5.027363,43.372757],[5.027561,43.372448],[5.027676,43.372234],[5.02788,43.371773],[5.027958,43.37154],[5.028019,43.371326],[5.02809,43.370972],[5.028116,43.37077],[5.028136,43.370361],[5.028048,43.367512],[5.02804,43.367107],[5.02805,43.366722],[5.02807,43.366524],[5.028106,43.366272],[5.028152,43.366032],[5.028213,43.365768],[5.028337,43.365345],[5.029126,43.363388],[5.029776,43.361748],[5.03012,43.360909],[5.030351,43.360306],[5.032243,43.355598],[5.032403,43.355232],[5.032574,43.354759],[5.033383,43.352715],[5.035139,43.348354],[5.035609,43.347256],[5.035767,43.346939],[5.035944,43.346634],[5.036188,43.346291],[5.036454,43.34597],[5.036687,43.345718],[5.037339,43.345123],[5.037682,43.344872],[5.038144,43.344566],[5.038608,43.344303],[5.039095,43.344063],[5.041772,43.342903],[5.044076,43.341915],[5.045576,43.341259],[5.047423,43.340466],[5.047839,43.340309],[5.048172,43.340206],[5.048489,43.340126],[5.048893,43.340038],[5.049216,43.339981],[5.049602,43.339935],[5.050221,43.339897],[5.050881,43.339909],[5.051719,43.339962],[5.051719,43.339962],[5.05543,43.340187],[5.058743,43.340488],[5.062447,43.340847],[5.06613,43.341183],[5.067637,43.341286],[5.068659,43.341343],[5.069477,43.341373],[5.071411,43.341381],[5.073009,43.341328],[5.073677,43.341282],[5.075024,43.341187],[5.075901,43.341103],[5.078111,43.340847],[5.080023,43.340633],[5.080954,43.340538],[5.081461,43.340515],[5.082003,43.340511],[5.08244,43.34053],[5.083363,43.340603],[5.084344,43.340736],[5.084859,43.340828],[5.085377,43.340958],[5.086633,43.341328],[5.087199,43.341461],[5.087676,43.34156],[5.088185,43.34164],[5.088741,43.34169],[5.089231,43.341709],[5.089827,43.341713],[5.09042,43.341667],[5.090991,43.341591],[5.091619,43.341465],[5.092117,43.341335],[5.092649,43.341164],[5.09384,43.340679],[5.095685,43.339901],[5.098364,43.33876],[5.099499,43.338268],[5.09996,43.338028],[5.104662,43.335297],[5.106575,43.334198],[5.107079,43.333935],[5.107505,43.333729],[5.108012,43.333538],[5.108471,43.333401],[5.10905,43.333244],[5.109423,43.333149],[5.110071,43.333004],[5.110071,43.333004],[5.110298,43.332958],[5.110631,43.332909],[5.111201,43.332855],[5.111508,43.33284],[5.112169,43.332851],[5.112651,43.332886],[5.113658,43.333015],[5.115817,43.333305],[5.116645,43.333408],[5.117528,43.3335],[5.118234,43.333561],[5.119761,43.333641],[5.120611,43.333672],[5.121319,43.333675],[5.122027,43.333668],[5.129876,43.333508],[5.13248,43.333447],[5.133232,43.333439],[5.134097,43.333488],[5.135025,43.333584],[5.136173,43.333725],[5.149718,43.335686],[5.150472,43.335815],[5.151808,43.336109],[5.152436,43.336285],[5.152971,43.33646],[5.153273,43.336571],[5.153588,43.336693],[5.153588,43.336693],[5.154015,43.33688],[5.154281,43.337009],[5.155074,43.337437],[5.155533,43.337669],[5.156244,43.33802],[5.156783,43.338264],[5.157258,43.338436],[5.15796,43.338627],[5.158529,43.338722],[5.159733,43.338879],[5.163596,43.339302],[5.165105,43.339455],[5.165845,43.339478],[5.166486,43.33939],[5.167017,43.339306],[5.167554,43.339184],[5.168043,43.339039],[5.168507,43.338875],[5.169655,43.338352],[5.170151,43.338142],[5.170588,43.337986],[5.171197,43.337807],[5.171803,43.337669],[5.173415,43.337448],[5.174271,43.337318],[5.175137,43.337086],[5.175698,43.336811],[5.176265,43.336441],[5.176686,43.336159],[5.176893,43.336002],[5.178098,43.335011],[5.178547,43.33469],[5.17915,43.334347],[5.179665,43.334118],[5.180222,43.333942],[5.180726,43.333805],[5.181069,43.333736],[5.181431,43.333675],[5.182496,43.33353],[5.183017,43.333454],[5.183603,43.333324],[5.183891,43.333248],[5.184606,43.333012],[5.185134,43.332813],[5.1861,43.332397],[5.186879,43.332081],[5.187055,43.332016],[5.187752,43.33181],[5.187995,43.331753],[5.188518,43.331661],[5.18904,43.3316],[5.18934,43.331577],[5.189971,43.331573],[5.190228,43.331585],[5.190761,43.331635],[5.191329,43.331726],[5.191653,43.331795],[5.192156,43.331932],[5.19248,43.332035],[5.19278,43.33215],[5.193003,43.332249],[5.193251,43.332371],[5.193613,43.332569],[5.193945,43.332771],[5.195085,43.333504],[5.195354,43.333652],[5.19567,43.333805],[5.196115,43.333988],[5.196529,43.334129],[5.197201,43.334309],[5.197558,43.334377],[5.197558,43.334377],[5.197874,43.334427],[5.19814,43.334454],[5.198574,43.334484],[5.198833,43.334492],[5.199065,43.334492],[5.199605,43.334469],[5.200236,43.334396],[5.200932,43.334263],[5.201404,43.334122],[5.2019,43.333958],[5.202759,43.333618],[5.203579,43.333302],[5.204103,43.333157],[5.204706,43.333027],[5.205344,43.332928],[5.206862,43.332764],[5.209141,43.332531],[5.212035,43.332211],[5.212657,43.332169],[5.21313,43.332169],[5.213387,43.332184],[5.214034,43.332249],[5.215376,43.332447],[5.21595,43.332508],[5.216316,43.332527],[5.216729,43.332535],[5.217226,43.332516],[5.217561,43.332481],[5.218075,43.332409],[5.218332,43.332363],[5.218595,43.332306],[5.218967,43.332207],[5.219576,43.332001],[5.220284,43.331718],[5.220959,43.331467],[5.221242,43.331367],[5.221504,43.331287],[5.221777,43.331219],[5.222268,43.331116],[5.22256,43.331066],[5.223073,43.331001],[5.229403,43.330421],[5.229897,43.330414],[5.230484,43.330448],[5.231061,43.330521],[5.231511,43.330605],[5.232117,43.330765],[5.23341,43.33112],[5.237593,43.332317],[5.24308,43.333801],[5.245153,43.334476],[5.249166,43.335625],[5.249824,43.335827],[5.250458,43.336052],[5.251091,43.336304],[5.251659,43.336559],[5.252172,43.336815],[5.252654,43.337074],[5.252934,43.337246],[5.253228,43.337456],[5.254355,43.338345],[5.255208,43.338997],[5.255625,43.339291],[5.256158,43.339638],[5.256997,43.340137],[5.256997,43.340137],[5.258253,43.340862],[5.260088,43.341938],[5.260357,43.342075],[5.260608,43.34219],[5.260857,43.342293],[5.261189,43.342422],[5.261558,43.342552],[5.261876,43.342648],[5.26429,43.343315],[5.264437,43.343369],[5.264841,43.343529],[5.265736,43.343937],[5.26626,43.344162],[5.266734,43.344341],[5.267288,43.344521],[5.268994,43.345001],[5.26955,43.345173],[5.270079,43.345394],[5.270677,43.345699],[5.271299,43.346062],[5.271637,43.346302],[5.271983,43.346596],[5.272321,43.346916],[5.273367,43.347973],[5.273629,43.348186],[5.274162,43.348587],[5.274415,43.34874],[5.274871,43.348976],[5.276241,43.34959],[5.276569,43.349747],[5.276768,43.349854],[5.276981,43.349972],[5.277344,43.350201],[5.277712,43.350475],[5.277868,43.350605],[5.278179,43.350906],[5.278497,43.351269],[5.278753,43.351601],[5.279023,43.351971],[5.279244,43.352245],[5.279402,43.352421],[5.279571,43.352596],[5.279752,43.352768],[5.28,43.352978],[5.280182,43.353115],[5.280385,43.353256],[5.280574,43.353374],[5.28092,43.353569],[5.28126,43.353733],[5.281487,43.353832],[5.281921,43.354004],[5.282821,43.354321],[5.283363,43.354523],[5.283618,43.354633],[5.283862,43.354752],[5.284214,43.354935],[5.28452,43.355114],[5.285244,43.355564],[5.285744,43.355904],[5.286788,43.356682],[5.287216,43.35701],[5.287753,43.357388],[5.28792,43.357494],[5.288301,43.357723],[5.288651,43.357906],[5.289101,43.358112],[5.289422,43.358242],[5.291073,43.358807],[5.291305,43.358898],[5.291768,43.359093],[5.292055,43.359241],[5.292247,43.359352],[5.292827,43.359737],[5.29332,43.3601],[5.293608,43.360332],[5.29419,43.360725],[5.296486,43.361923],[5.29841,43.362671],[5.300397,43.363407],[5.302842,43.364292],[5.303583,43.364544],[5.303834,43.364616],[5.304002,43.364658],[5.304513,43.364765],[5.30488,43.364815],[5.30533,43.364849],[5.305845,43.364872],[5.306326,43.364868],[5.306694,43.364849],[5.307141,43.364799],[5.307594,43.364716],[5.308069,43.364613],[5.309645,43.364197],[5.310143,43.364079],[5.310763,43.363987],[5.31106,43.363964],[5.312389,43.363918],[5.313824,43.363895],[5.314308,43.363911],[5.315798,43.363998],[5.316387,43.364017],[5.317116,43.364029],[5.317824,43.364021],[5.321404,43.363865],[5.321404,43.363865],[5.32467,43.363724],[5.32781,43.363514],[5.332978,43.3633],[5.333487,43.36327],[5.333986,43.363216],[5.334539,43.363129],[5.334973,43.363029],[5.335772,43.362831],[5.336385,43.362659],[5.336886,43.36248],[5.337201,43.36235],[5.337344,43.362282],[5.337685,43.362106],[5.337914,43.361973],[5.338363,43.361671],[5.339137,43.361122],[5.341501,43.35947],[5.342927,43.358459],[5.34454,43.357334],[5.344836,43.357109],[5.345119,43.356884],[5.345286,43.356739],[5.345636,43.356392],[5.345858,43.356148],[5.347118,43.354607],[5.347242,43.354443],[5.347341,43.354294],[5.347534,43.353977],[5.347701,43.353626],[5.347783,43.353424],[5.348093,43.352562],[5.348145,43.352402],[5.348321,43.351704],[5.348342,43.35154],[5.348488,43.350708],[5.348649,43.3498],[5.348698,43.349556],[5.348733,43.3493],[5.349461,43.345261],[5.34949,43.345142],[5.349636,43.34473],[5.349753,43.34446],[5.350808,43.342178],[5.352563,43.338326],[5.352704,43.338066],[5.352806,43.337902],[5.352911,43.337749],[5.353154,43.337463],[5.353351,43.337269],[5.353579,43.337067],[5.354193,43.336559],[5.354496,43.336285],[5.354736,43.33601],[5.354946,43.335747],[5.355087,43.335552],[5.355226,43.335316],[5.355324,43.33511],[5.355578,43.334473],[5.355928,43.33353],[5.356656,43.330914],[5.35668,43.330715],[5.356868,43.329941],[5.356962,43.329647],[5.357087,43.329361],[5.357247,43.329079],[5.357316,43.328976],[5.357497,43.328739],[5.35837,43.327686],[5.358755,43.327244],[5.359094,43.326939],[5.359315,43.326748],[5.359451,43.326656],[5.360344,43.326138],[5.360639,43.325981],[5.360847,43.325844],[5.360946,43.325768],[5.361195,43.325554],[5.361715,43.324982],[5.362288,43.324333],[5.36233,43.324272],[5.362643,43.323883],[5.363556,43.322788],[5.363692,43.322536],[5.363787,43.322289],[5.363822,43.322163],[5.363918,43.321712],[5.363925,43.321434],[5.363836,43.320679],[5.363791,43.320503],[5.363755,43.320396],[5.363686,43.32024],[5.363461,43.319794],[5.363395,43.319618],[5.363369,43.319519],[5.363351,43.319408],[5.363332,43.31921],[5.363342,43.318993],[5.363368,43.318825],[5.363431,43.318592],[5.363575,43.318241],[5.363829,43.317757],[5.363891,43.31765],[5.36398,43.317524],[5.364079,43.31739],[5.364417,43.316982],[5.364918,43.316406],[5.365014,43.316315],[5.365207,43.316158],[5.365524,43.315937],[5.366014,43.315613],[5.366309,43.31535],[5.36644,43.315216],[5.36656,43.31506],[5.366762,43.314774],[5.367029,43.314308],[5.367615,43.313232],[5.367615,43.313232],[5.367836,43.312889],[5.367959,43.312717],[5.368139,43.312511],[5.368254,43.312405],[5.368835,43.31197],[5.369103,43.311813],[5.369376,43.311672],[5.369764,43.311527],[5.370221,43.311382],[5.370653,43.31126],[5.371203,43.311188],[5.37176,43.311153],[5.372075,43.311153],[5.372475,43.311192],[5.372993,43.311291],[5.37328,43.311378],[5.373572,43.311485],[5.374758,43.312023],[5.375056,43.312168],[5.376162,43.312679],[5.376469,43.312813],[5.376758,43.31292],[5.377081,43.313026],[5.377431,43.313126],[5.377929,43.313217],[5.378376,43.313271],[5.378762,43.313305],[5.379196,43.313316],[5.379778,43.31329],[5.380079,43.313259],[5.380452,43.313206],[5.3808,43.313137],[5.381133,43.313053],[5.381644,43.312897],[5.382063,43.312725],[5.382631,43.312439],[5.382923,43.312256],[5.383202,43.312054],[5.383491,43.311813],[5.38375,43.311565],[5.384102,43.31115],[5.384842,43.310223],[5.385263,43.309689],[5.385639,43.309196],[5.385787,43.308971],[5.385899,43.308781],[5.386026,43.308475],[5.386146,43.308064],[5.386178,43.307758],[5.386185,43.307377],[5.386115,43.306973],[5.386075,43.306805],[5.38603,43.30666],[5.38596,43.306469],[5.385888,43.30632],[5.385796,43.306168],[5.385689,43.306026],[5.385493,43.305828],[5.385325,43.305695],[5.38514,43.305573],[5.384992,43.305492],[5.384724,43.30537],[5.383767,43.304981],[5.383205,43.304783],[5.383001,43.304699],[5.382802,43.304607],[5.38025,43.303265]],[[5.38025,43.303265],[5.382802,43.304607],[5.383001,43.304699],[5.383205,43.304783],[5.383767,43.304981],[5.384724,43.30537],[5.384992,43.305492],[5.38514,43.305573],[5.385325,43.305695],[5.385493,43.305828],[5.385689,43.306026],[5.385796,43.306168],[5.385888,43.30632],[5.38596,43.306469],[5.38603,43.30666],[5.386075,43.306805],[5.386115,43.306973],[5.386185,43.307377],[5.386178,43.307758],[5.386146,43.308064],[5.386026,43.308475],[5.385899,43.308781],[5.385787,43.308971],[5.385639,43.309196],[5.385263,43.309689],[5.384842,43.310223],[5.384102,43.31115],[5.38375,43.311565],[5.383491,43.311813],[5.383202,43.312054],[5.382923,43.312256],[5.382631,43.312439],[5.382063,43.312725],[5.381644,43.312897],[5.381133,43.313053],[5.3808,43.313137],[5.380452,43.313206],[5.380079,43.313259],[5.379778,43.31329],[5.379196,43.313316],[5.378762,43.313305],[5.378376,43.313271],[5.377929,43.313217],[5.377431,43.313126],[5.377081,43.313026],[5.376758,43.31292],[5.376469,43.312813],[5.376162,43.312679],[5.375056,43.312168],[5.374758,43.312023],[5.373572,43.311485],[5.37328,43.311378],[5.372993,43.311291],[5.372475,43.311192],[5.372075,43.311153],[5.37176,43.311153],[5.371203,43.311188],[5.370653,43.31126],[5.370221,43.311382],[5.369764,43.311527],[5.369376,43.311672],[5.369103,43.311813],[5.368835,43.31197],[5.368254,43.312405],[5.368139,43.312511],[5.367959,43.312717],[5.367836,43.312889],[5.367615,43.313232],[5.367615,43.313232],[5.367029,43.314308],[5.366762,43.314774],[5.36656,43.31506],[5.36644,43.315216],[5.366309,43.31535],[5.366014,43.315613],[5.365524,43.315937],[5.365207,43.316158],[5.365014,43.316315],[5.364918,43.316406],[5.364417,43.316982],[5.364079,43.31739],[5.363891,43.31765],[5.363829,43.317757],[5.363428,43.318523],[5.36337,43.318657],[5.363297,43.318859],[5.363151,43.319534],[5.363094,43.319931],[5.363082,43.320324],[5.363087,43.320744],[5.363081,43.320889],[5.363069,43.321003],[5.363028,43.321167],[5.362971,43.321331],[5.362903,43.321476],[5.362828,43.321598],[5.362755,43.321697],[5.362566,43.321934],[5.360341,43.324623],[5.36029,43.324699],[5.360193,43.324875],[5.360039,43.325245],[5.359901,43.325531],[5.359763,43.325768],[5.359597,43.325989],[5.359287,43.32637],[5.359032,43.32666],[5.358905,43.326824],[5.358548,43.327229],[5.358261,43.327621],[5.357362,43.328712],[5.357206,43.328926],[5.357064,43.329151],[5.356994,43.329277],[5.356934,43.329395],[5.35684,43.329609],[5.356791,43.329735],[5.35674,43.329903],[5.356677,43.330196],[5.356593,43.330906],[5.355885,43.333523],[5.355635,43.334198],[5.355427,43.334721],[5.355372,43.334854],[5.355242,43.335133],[5.355103,43.335403],[5.354945,43.335663],[5.354842,43.335812],[5.354589,43.336128],[5.354467,43.336258],[5.354156,43.33654],[5.353418,43.337154],[5.353119,43.337444],[5.352976,43.337605],[5.352867,43.337742],[5.352763,43.337887],[5.352662,43.338051],[5.352522,43.338318],[5.352297,43.338799],[5.350765,43.342171],[5.34962,43.344658],[5.349537,43.344868],[5.349473,43.345058],[5.349419,43.345257],[5.349146,43.346733],[5.349011,43.34753],[5.348365,43.351177],[5.348224,43.351917],[5.348046,43.352554],[5.347704,43.353508],[5.347636,43.353668],[5.34749,43.353962],[5.3473,43.354275],[5.347105,43.354557],[5.345825,43.356125],[5.345604,43.356369],[5.345244,43.35672],[5.345088,43.356857],[5.344816,43.357079],[5.344523,43.3573],[5.338106,43.361805],[5.337893,43.361942],[5.337663,43.362076],[5.337317,43.362255],[5.337009,43.362392],[5.336773,43.362488],[5.336369,43.362629],[5.336011,43.362728],[5.335618,43.362823],[5.335021,43.362923],[5.334418,43.362991],[5.333852,43.363029],[5.333563,43.363041],[5.331783,43.363071],[5.330966,43.363098],[5.327816,43.363235],[5.324773,43.363445],[5.323225,43.36359],[5.322724,43.363628],[5.321388,43.363712],[5.321388,43.363712],[5.320957,43.363731],[5.318559,43.363876],[5.318083,43.363888],[5.31697,43.363895],[5.316196,43.363884],[5.315408,43.363846],[5.314652,43.363792],[5.313813,43.36375],[5.313432,43.363743],[5.312673,43.36375],[5.312069,43.363785],[5.311545,43.363838],[5.310917,43.363914],[5.31014,43.364044],[5.309872,43.364105],[5.3083,43.364521],[5.307972,43.364605],[5.307358,43.364731],[5.307136,43.364765],[5.306686,43.364819],[5.30633,43.364834],[5.305845,43.364838],[5.305333,43.364819],[5.304892,43.36478],[5.30453,43.364735],[5.304367,43.364704],[5.303855,43.364586],[5.303139,43.364353],[5.300416,43.363377],[5.298425,43.36264],[5.296535,43.361889],[5.294244,43.360699],[5.293663,43.360306],[5.293363,43.360065],[5.292882,43.359718],[5.292282,43.359325],[5.291898,43.359112],[5.291771,43.359051],[5.291321,43.358864],[5.290848,43.358685],[5.289443,43.358215],[5.289014,43.358036],[5.288592,43.357838],[5.288173,43.357609],[5.287873,43.357418],[5.287247,43.356991],[5.286817,43.356655],[5.286112,43.356125],[5.285651,43.355789],[5.285264,43.355534],[5.284535,43.35508],[5.284231,43.354908],[5.283874,43.354721],[5.283396,43.354504],[5.28311,43.354389],[5.281939,43.353973],[5.2815,43.353802],[5.281279,43.353706],[5.281067,43.353603],[5.280601,43.353348],[5.280419,43.353233],[5.280034,43.352955],[5.279789,43.352749],[5.279607,43.352581],[5.279443,43.352409],[5.279285,43.35223],[5.278529,43.351246],[5.278214,43.350891],[5.278063,43.350739],[5.277897,43.350582],[5.277551,43.350304],[5.277192,43.35006],[5.277008,43.349945],[5.276798,43.349827],[5.276594,43.34972],[5.276265,43.349564],[5.274897,43.348949],[5.274441,43.348713],[5.274199,43.34856],[5.273408,43.347954],[5.272365,43.346886],[5.272032,43.346573],[5.271665,43.346272],[5.27133,43.346039],[5.270718,43.345673],[5.270105,43.34536],[5.269566,43.345142],[5.269015,43.344963],[5.267118,43.34444],[5.266764,43.344318],[5.266302,43.344135],[5.265862,43.343952],[5.264867,43.343502],[5.264452,43.343338],[5.264305,43.343288],[5.261887,43.342617],[5.261576,43.342522],[5.261206,43.342392],[5.26088,43.342266],[5.260387,43.342049],[5.259965,43.341827],[5.258282,43.340839],[5.257022,43.340115],[5.257022,43.340115],[5.256645,43.339893],[5.256187,43.339611],[5.255752,43.339329],[5.255147,43.338898],[5.254386,43.338326],[5.253551,43.337662],[5.252977,43.337231],[5.252685,43.337051],[5.252192,43.336792],[5.251668,43.336525],[5.251126,43.336285],[5.250475,43.336021],[5.249835,43.335793],[5.249181,43.33559],[5.248354,43.335361],[5.245173,43.334431],[5.243088,43.333759],[5.237613,43.332291],[5.233403,43.331081],[5.232096,43.330719],[5.231533,43.330578],[5.23106,43.330486],[5.230498,43.330421],[5.229901,43.330379],[5.2294,43.330387],[5.229074,43.33041],[5.223066,43.330967],[5.222664,43.33102],[5.222323,43.331074],[5.222003,43.331135],[5.221728,43.3312],[5.221218,43.331345],[5.221035,43.331402],[5.219355,43.332043],[5.21878,43.332222],[5.218497,43.332291],[5.218084,43.332375],[5.217557,43.332447],[5.217243,43.332485],[5.216747,43.3325],[5.216467,43.3325],[5.215938,43.332474],[5.215395,43.332413],[5.214044,43.332214],[5.21339,43.33215],[5.213181,43.332138],[5.212892,43.33213],[5.212398,43.332146],[5.211178,43.332264],[5.209134,43.332489],[5.208423,43.332561],[5.20529,43.332901],[5.204665,43.332996],[5.204084,43.333122],[5.203554,43.333263],[5.202725,43.333584],[5.201889,43.333923],[5.201401,43.334091],[5.200898,43.334232],[5.200591,43.334297],[5.200156,43.33437],[5.199393,43.33445],[5.198834,43.334457],[5.198419,43.334442],[5.198015,43.334412],[5.197562,43.334351],[5.197562,43.334351],[5.197215,43.334278],[5.196714,43.334152],[5.196547,43.334103],[5.196136,43.333961],[5.195941,43.333885],[5.195702,43.333778],[5.195387,43.33363],[5.19511,43.333477],[5.193985,43.332752],[5.193664,43.332558],[5.193283,43.332344],[5.1928,43.332119],[5.192646,43.332062],[5.192506,43.332008],[5.192173,43.331902],[5.191923,43.331829],[5.191663,43.331764],[5.19135,43.331699],[5.191028,43.331642],[5.19051,43.331573],[5.189964,43.331535],[5.18934,43.331543],[5.18904,43.331566],[5.188747,43.331596],[5.188258,43.331669],[5.187976,43.331722],[5.187751,43.331776],[5.187032,43.331989],[5.186854,43.33205],[5.186522,43.332184],[5.185121,43.332783],[5.184585,43.332985],[5.184239,43.333103],[5.183875,43.333218],[5.183595,43.333294],[5.183004,43.33342],[5.182485,43.3335],[5.181422,43.333645],[5.180708,43.333771],[5.180216,43.333897],[5.179634,43.334084],[5.179105,43.334316],[5.178508,43.334656],[5.178063,43.33498],[5.176898,43.335934],[5.17629,43.33638],[5.175664,43.336781],[5.175111,43.337051],[5.174253,43.33728],[5.173391,43.337414],[5.171785,43.337627],[5.171149,43.337776],[5.170562,43.337952],[5.170143,43.3381],[5.169633,43.338318],[5.168483,43.338829],[5.168035,43.338997],[5.167542,43.339146],[5.167001,43.339272],[5.165845,43.339443],[5.165123,43.339417],[5.163583,43.33926],[5.160975,43.338982],[5.159757,43.338848],[5.158549,43.338696],[5.157987,43.338593],[5.15727,43.338402],[5.156792,43.338223],[5.156262,43.337982],[5.155554,43.337635],[5.154317,43.336987],[5.154052,43.336857],[5.153612,43.336666],[5.153612,43.336666],[5.153003,43.336433],[5.152439,43.33625],[5.152207,43.336182],[5.151812,43.336079],[5.151206,43.335934],[5.150481,43.335781],[5.149746,43.335659],[5.144746,43.334923],[5.141127,43.334415],[5.136166,43.333691],[5.134816,43.333515],[5.134145,43.333447],[5.13329,43.333389],[5.132401,43.333401],[5.129849,43.333477],[5.124496,43.33358],[5.122049,43.333641],[5.121328,43.333649],[5.120604,43.333637],[5.119772,43.333611],[5.118237,43.33353],[5.117525,43.333466],[5.116656,43.333378],[5.115843,43.333275],[5.113624,43.332977],[5.11264,43.332855],[5.112098,43.332813],[5.111538,43.332806],[5.110905,43.332844],[5.110587,43.332882],[5.110278,43.332932],[5.11006,43.33297],[5.11006,43.33297],[5.109042,43.333206],[5.108463,43.333363],[5.10799,43.333504],[5.10749,43.333702],[5.107058,43.333904],[5.106543,43.334171],[5.099918,43.338005],[5.099439,43.338249],[5.098888,43.338493],[5.093815,43.340649],[5.092635,43.341133],[5.092112,43.341301],[5.091605,43.341434],[5.090992,43.341557],[5.090425,43.341633],[5.089832,43.341682],[5.08924,43.341682],[5.088741,43.341656],[5.088207,43.341606],[5.087678,43.341522],[5.087228,43.341431],[5.086648,43.341293],[5.085857,43.341064],[5.085391,43.340919],[5.084867,43.34079],[5.084355,43.340702],[5.083365,43.340569],[5.082443,43.340488],[5.082,43.340477],[5.081421,43.340481],[5.080949,43.340504],[5.080506,43.340546],[5.075764,43.341076],[5.074302,43.341209],[5.073661,43.341255],[5.073004,43.341297],[5.072205,43.341331],[5.071414,43.341351],[5.070791,43.341354],[5.069461,43.341339],[5.068643,43.341312],[5.066712,43.341194],[5.066164,43.341152],[5.064468,43.341],[5.055387,43.340141],[5.051722,43.339928],[5.051722,43.339928],[5.050903,43.339878],[5.050227,43.339863],[5.049586,43.339909],[5.049209,43.339951],[5.048867,43.340012],[5.048509,43.340088],[5.04804,43.340214],[5.047414,43.340439],[5.04556,43.341228],[5.03905,43.344036],[5.038572,43.34428],[5.038116,43.344536],[5.037661,43.344826],[5.037301,43.3451],[5.036967,43.345398],[5.036664,43.345692],[5.036409,43.345963],[5.03614,43.346283],[5.035906,43.346615],[5.035718,43.346924],[5.035557,43.347252],[5.035397,43.347599],[5.035088,43.348354],[5.032845,43.353931],[5.03224,43.355495],[5.031724,43.356762],[5.030601,43.359562],[5.030145,43.360748],[5.029735,43.361721],[5.029087,43.363377],[5.028295,43.365337],[5.028173,43.365757],[5.028112,43.366016],[5.028066,43.366276],[5.028032,43.366516],[5.028001,43.366913],[5.027995,43.367115],[5.028004,43.367523],[5.028088,43.370121],[5.02809,43.370358],[5.028074,43.370773],[5.028046,43.37096],[5.027978,43.371319],[5.027859,43.371696],[5.027788,43.371883],[5.027688,43.372116],[5.027572,43.372345],[5.027326,43.372742],[5.026818,43.373398],[5.02599,43.374371],[5.025683,43.37479],[5.025577,43.374954],[5.02539,43.375271],[5.025269,43.375504],[5.025033,43.37603],[5.024845,43.376648],[5.024721,43.377251],[5.024697,43.377449],[5.024669,43.377876],[5.024673,43.378086],[5.024702,43.378506],[5.024766,43.378975],[5.025054,43.380676],[5.02523,43.381813],[5.025259,43.382107],[5.025272,43.382351],[5.025274,43.382515],[5.025225,43.38385],[5.025172,43.384422],[5.025159,43.385098],[5.025035,43.38752],[5.025011,43.388172],[5.025014,43.388557],[5.025037,43.389023],[5.025071,43.389351],[5.025606,43.392948],[5.025606,43.392948],[5.025792,43.394161],[5.025826,43.394493],[5.025836,43.394722],[5.025834,43.394917],[5.025795,43.395363],[5.025722,43.395908],[5.025457,43.39764],[5.025118,43.399963],[5.024621,43.403214],[5.024461,43.404388],[5.024352,43.405041],[5.024296,43.405308],[5.024212,43.405598],[5.024108,43.405865],[5.02397,43.406147],[5.023809,43.406422],[5.023646,43.406666],[5.023447,43.406914],[5.023107,43.407261],[5.022707,43.407608],[5.022263,43.407917],[5.021838,43.408165],[5.021262,43.40844],[5.020973,43.40855],[5.020745,43.408627],[5.020386,43.408726],[5.019892,43.408844],[5.019662,43.408886],[5.019662,43.408886],[5.018928,43.408981],[5.018477,43.409008],[5.017883,43.409012],[5.017137,43.408951],[5.011949,43.408306],[5.010946,43.408234],[5.008312,43.408112],[5.007441,43.408115],[5.006408,43.408173],[5.005588,43.408279],[5.004744,43.408451],[5.004007,43.408646],[5.002728,43.409004],[5.001863,43.409199],[5.001392,43.409264],[5.00075,43.409298],[5.000047,43.409286],[4.999474,43.409225],[4.998809,43.409096],[4.998157,43.40892],[4.997444,43.408653],[4.995714,43.407764],[4.995129,43.407486],[4.994474,43.407242],[4.993702,43.407043],[4.993091,43.40694],[4.992515,43.406887],[4.992011,43.406876],[4.991545,43.406883],[4.99094,43.40691],[4.985606,43.407207],[4.985238,43.407238],[4.984633,43.407295],[4.984633,43.407295],[4.98281,43.407516],[4.982026,43.407631],[4.98155,43.407726],[4.981135,43.407833],[4.980727,43.407963],[4.980521,43.408039],[4.980265,43.408142],[4.980006,43.40826],[4.97964,43.408447],[4.979271,43.408672],[4.978893,43.408943],[4.978762,43.409046],[4.978505,43.409275],[4.978226,43.409561],[4.977858,43.409992],[4.977092,43.410927],[4.976933,43.411133],[4.976712,43.411442],[4.976624,43.411587],[4.976441,43.411938],[4.976361,43.41214],[4.976282,43.412365],[4.976233,43.412544],[4.976186,43.412766],[4.976151,43.413025],[4.976136,43.413231],[4.976134,43.413437],[4.976146,43.413635],[4.976169,43.413815],[4.976221,43.414108],[4.976302,43.414391],[4.976362,43.414558],[4.976468,43.41481],[4.976582,43.415039],[4.976771,43.415359],[4.977598,43.416687],[4.977789,43.41703],[4.977922,43.417313],[4.978021,43.417568],[4.978088,43.417797],[4.978156,43.418133],[4.97818,43.418343],[4.978189,43.418488],[4.978188,43.418785],[4.978176,43.41893],[4.978153,43.419132],[4.978066,43.41951],[4.977977,43.419788],[4.977793,43.420212],[4.977716,43.420349],[4.977523,43.420658],[4.976934,43.421513],[4.97659,43.422039],[4.976441,43.42231],[4.976353,43.422504],[4.97627,43.422722],[4.976175,43.423],[4.976134,43.423183],[4.976089,43.423447],[4.976056,43.423771],[4.976026,43.424286],[4.975972,43.424866],[4.97593,43.425102],[4.975869,43.425354],[4.975756,43.425694],[4.975597,43.426075],[4.974697,43.42807],[4.974697,43.42807],[4.972792,43.432281],[4.972563,43.43277],[4.972373,43.433125],[4.972289,43.433262],[4.972054,43.433605],[4.971909,43.433796],[4.971602,43.434151],[4.971383,43.434376],[4.970412,43.43531],[4.970246,43.435486],[4.970008,43.435768],[4.969842,43.436001],[4.969572,43.43647],[4.96945,43.436756],[4.969399,43.436893],[4.969353,43.437046],[4.969287,43.437321],[4.969243,43.437603],[4.969121,43.438683],[4.969095,43.438961],[4.969075,43.439251],[4.969069,43.440216],[4.969055,43.440659],[4.969022,43.440968],[4.968934,43.441319],[4.968779,43.441761],[4.96851,43.442318],[4.968135,43.442928],[4.967834,43.443386],[4.96767,43.443764],[4.967573,43.444118],[4.967535,43.444351],[4.967512,43.444546],[4.967505,43.444736],[4.967508,43.444984],[4.96752,43.445137],[4.967539,43.445309],[4.967597,43.445621],[4.967716,43.446026],[4.968067,43.446987],[4.968147,43.447266],[4.968189,43.447441],[4.968252,43.447872],[4.968392,43.449661],[4.968412,43.449944],[4.968414,43.450115],[4.96841,43.450333],[4.968372,43.450672],[4.968323,43.45092],[4.968277,43.451088],[4.968195,43.451332],[4.968033,43.451698],[4.967853,43.452023],[4.967713,43.452232],[4.96757,43.452427],[4.967408,43.452621],[4.967279,43.452763],[4.96712,43.452919],[4.966956,43.453064],[4.96669,43.453278],[4.966534,43.453392],[4.966249,43.453579],[4.965183,43.454247],[4.964827,43.454483],[4.96443,43.454773],[4.9635,43.455532],[4.963313,43.455669],[4.963154,43.455776],[4.962985,43.455887],[4.96256,43.456131],[4.961582,43.45665],[4.961094,43.45694],[4.960831,43.457119],[4.960604,43.457294],[4.960439,43.457428],[4.96031,43.457546],[4.96016,43.457699],[4.959937,43.457939],[4.959774,43.458145],[4.959495,43.458565],[4.959298,43.458942],[4.959157,43.459309],[4.958951,43.459896],[4.958851,43.460144],[4.958734,43.4604],[4.958632,43.46059],[4.958233,43.461178],[4.957266,43.462505],[4.956982,43.46291],[4.956853,43.463112],[4.956628,43.463558],[4.956527,43.463787],[4.956408,43.464123],[4.956261,43.464684],[4.956216,43.465096],[4.956204,43.465305],[4.956217,43.465862],[4.956266,43.46648],[4.956282,43.46703],[4.956251,43.467426],[4.956161,43.467869],[4.95609,43.468082],[4.95598,43.468353],[4.955803,43.4687],[4.955688,43.46888],[4.955582,43.469032],[4.955474,43.469177],[4.955251,43.469444],[4.955106,43.469604],[4.954462,43.470287],[4.954165,43.470634],[4.954011,43.47084],[4.953872,43.471054],[4.953771,43.471222],[4.953643,43.471481],[4.953561,43.471672],[4.953494,43.471859],[4.953427,43.472095],[4.953393,43.472256],[4.95336,43.472469],[4.953333,43.472816],[4.953332,43.473019],[4.953341,43.473213],[4.953614,43.475597],[4.953674,43.475998],[4.953714,43.4762],[4.953813,43.476608],[4.953939,43.477013],[4.954081,43.477383],[4.954246,43.477764],[4.954343,43.477962],[4.954552,43.47834],[4.954828,43.478786],[4.958068,43.48378],[4.958602,43.484592],[4.958942,43.485058],[4.9591,43.485249],[4.95938,43.48555],[4.960521,43.486725],[4.960833,43.487007],[4.961125,43.487255],[4.961436,43.487484],[4.961761,43.48769],[4.96211,43.487892],[4.962507,43.488087],[4.963595,43.488571],[4.965324,43.489326],[4.966125,43.489685],[4.966652,43.489948],[4.966872,43.490074],[4.967306,43.490368],[4.967548,43.490555],[4.967961,43.490891],[4.968569,43.491409],[4.969109,43.491886],[4.970672,43.493431],[4.971387,43.494152],[4.971569,43.494362],[4.971818,43.494682],[4.972082,43.495064],[4.972206,43.495262],[4.972444,43.49572],[4.972879,43.496685],[4.972879,43.496685],[4.973706,43.498577],[4.974378,43.500061],[4.974773,43.500721],[4.975295,43.501484],[4.975534,43.501892],[4.975788,43.50238],[4.976076,43.502983],[4.977161,43.505329],[4.977449,43.506172],[4.977587,43.506783],[4.977888,43.508186],[4.978104,43.509071],[4.978317,43.509682],[4.97853,43.510204],[4.97872,43.510586],[4.979573,43.512115],[4.97978,43.512543],[4.979907,43.512901],[4.979987,43.513226],[4.980234,43.515385],[4.980234,43.515385],[4.980274,43.515808],[4.980289,43.516293],[4.980274,43.516579],[4.980204,43.517036],[4.980159,43.51725],[4.980053,43.517639],[4.979677,43.5187],[4.979431,43.519226],[4.97899,43.519844],[4.974963,43.524235],[4.970943,43.528572],[4.958259,43.54216],[4.957885,43.542564],[4.95746,43.54306],[4.957244,43.543362],[4.957063,43.543636],[4.956924,43.543877],[4.956802,43.544109],[4.956693,43.544353],[4.956596,43.544594],[4.956503,43.544853],[4.956395,43.54525],[4.956325,43.545612],[4.956279,43.546001],[4.956264,43.546341],[4.956272,43.546677],[4.956297,43.546963],[4.956409,43.547581],[4.956459,43.547768],[4.956511,43.547939],[4.956638,43.54829],[4.956788,43.548634],[4.956945,43.548931],[4.957183,43.549328],[4.957427,43.549667],[4.957667,43.549961],[4.957856,43.550175],[4.958146,43.550468],[4.958396,43.550697],[4.965688,43.556938],[4.975294,43.565071],[4.975651,43.565353],[4.976034,43.565632],[4.976397,43.565876],[4.976786,43.566113],[4.97714,43.566315],[4.977495,43.566505],[4.977952,43.56673],[4.978452,43.566948],[4.978938,43.567139],[4.979461,43.567322],[4.979869,43.567455],[4.980255,43.567566],[4.980669,43.567673],[4.981044,43.56776],[4.981639,43.567883],[4.98836,43.569141],[5.000801,43.571503],[5.001324,43.571598],[5.008846,43.573009],[5.009459,43.573154],[5.009963,43.573299],[5.010152,43.573368],[5.010756,43.573631],[5.01101,43.573765],[5.011289,43.573925],[5.011595,43.574135],[5.011825,43.574314],[5.01198,43.574451],[5.012124,43.574589],[5.012326,43.574802],[5.012496,43.575016],[5.012708,43.575333],[5.012857,43.575607],[5.012905,43.57571],[5.012982,43.575909],[5.013054,43.576118],[5.013105,43.576332],[5.013154,43.57666],[5.01317,43.577019],[5.013164,43.577156],[5.013137,43.577404],[5.013103,43.577587],[5.013039,43.577843],[5.012957,43.578068],[5.012819,43.578365],[5.012565,43.578785],[5.01229,43.579151],[5.012044,43.579433],[5.011713,43.57975],[5.011318,43.580051],[5.010955,43.580284],[5.01081,43.580368],[5.010435,43.580555],[5.00996,43.58075],[5.009601,43.580868],[5.009296,43.580952],[5.008945,43.581028],[5.008466,43.581108],[5.008191,43.581139],[5.007904,43.581161],[5.007552,43.581169],[5.007255,43.581169],[5.006833,43.58115],[5.006303,43.5811],[5.005308,43.580994],[5.00443,43.58091],[5.003931,43.580875],[5.003688,43.580868],[5.003201,43.580875],[5.000755,43.580994],[4.99947,43.581066]]]}},{"type":"Feature","properties":{"route_name":"Ligne C5","type":"Commuter Rail","network":"TER ZOU!","color":"#0749FF"},"geometry":{"type":"MultiLineString","coordinates":[[[5.380711,43.302814],[5.38306,43.304043],[5.383887,43.304466],[5.38499,43.305016],[5.385318,43.305191],[5.386573,43.306007],[5.386708,43.306084],[5.387036,43.30624],[5.387202,43.306309],[5.387894,43.306583],[5.388049,43.306652],[5.388323,43.306793],[5.388719,43.30703],[5.390421,43.307995],[5.390719,43.308147],[5.391014,43.308281],[5.391607,43.308491],[5.391933,43.308578],[5.392338,43.308662],[5.392716,43.308716],[5.393304,43.308765],[5.393802,43.308792],[5.394264,43.308788],[5.39466,43.308773],[5.395092,43.308731],[5.395293,43.308704],[5.396126,43.308548],[5.396717,43.308392],[5.397176,43.308247],[5.397821,43.308033],[5.400548,43.307167],[5.401028,43.306999],[5.401335,43.306873],[5.4016,43.306751],[5.40174,43.306679],[5.40194,43.306564],[5.402195,43.306404],[5.402471,43.306198],[5.402604,43.306091],[5.40288,43.305843],[5.403131,43.305573],[5.403346,43.305294],[5.403551,43.305004],[5.40379,43.304516],[5.403896,43.304222],[5.403977,43.303905],[5.40403,43.303627],[5.404554,43.300488],[5.404693,43.299717],[5.404808,43.299236],[5.404872,43.299011],[5.405003,43.298683],[5.405079,43.298527],[5.40521,43.298286],[5.405344,43.298077],[5.405526,43.297825],[5.40561,43.297722],[5.40588,43.297417],[5.406018,43.297283],[5.406287,43.297039],[5.406657,43.296749],[5.406934,43.296562],[5.407176,43.296421],[5.407176,43.296421],[5.407579,43.296219],[5.40804,43.296032],[5.40863,43.295818],[5.409828,43.295422],[5.411251,43.29493],[5.413461,43.294212],[5.415268,43.29364],[5.415996,43.293427],[5.41679,43.293217],[5.417159,43.293133],[5.417867,43.292992],[5.418348,43.292904],[5.418831,43.292828],[5.419873,43.292683],[5.420891,43.29253],[5.421485,43.292419],[5.421729,43.292366],[5.421953,43.292309],[5.422415,43.292175],[5.422857,43.29203],[5.423373,43.291832],[5.424833,43.291199],[5.426588,43.290401],[5.427487,43.290012],[5.428126,43.289749],[5.428801,43.289539],[5.429279,43.28941],[5.42962,43.289345],[5.430179,43.289246],[5.430706,43.289185],[5.431323,43.289131],[5.431843,43.289116],[5.432224,43.289112],[5.433871,43.28923],[5.436511,43.289452],[5.437495,43.289566],[5.437884,43.289627],[5.438243,43.289703],[5.438768,43.289845],[5.439355,43.290012],[5.439927,43.290207],[5.440688,43.290428],[5.441114,43.290524],[5.441114,43.290524],[5.441601,43.290615],[5.44242,43.290703],[5.442773,43.290726],[5.443314,43.290737],[5.443846,43.29073],[5.444294,43.290714],[5.444918,43.290634],[5.445725,43.290489],[5.448048,43.289982],[5.448537,43.28989],[5.448783,43.289852],[5.449235,43.289799],[5.44981,43.289757],[5.450233,43.289745],[5.450777,43.289753],[5.451017,43.289764],[5.451654,43.289818],[5.45194,43.289856],[5.452297,43.289909],[5.452761,43.289986],[5.454701,43.290375],[5.455362,43.290482],[5.455649,43.290516],[5.456155,43.290562],[5.456715,43.290588],[5.457269,43.290585],[5.457904,43.29055],[5.458373,43.290501],[5.458937,43.290421],[5.459225,43.290367],[5.460036,43.290176],[5.461533,43.289768],[5.463233,43.289288],[5.466042,43.288509],[5.46631,43.288441],[5.466676,43.288361],[5.467294,43.288235],[5.467294,43.288235],[5.468646,43.288002],[5.475037,43.286926],[5.47549,43.286869],[5.475953,43.286827],[5.476402,43.286808],[5.477008,43.286819],[5.477552,43.286858],[5.479044,43.287003],[5.479467,43.287029],[5.479947,43.287037],[5.481029,43.286911],[5.481409,43.286831],[5.481869,43.286709],[5.482318,43.286564],[5.482722,43.286415],[5.483159,43.286232],[5.483763,43.285961],[5.483763,43.285961],[5.484251,43.285744],[5.484602,43.285595],[5.485163,43.285397],[5.485403,43.285324],[5.48583,43.28521],[5.4863,43.285107],[5.486685,43.285042],[5.487496,43.284943],[5.487923,43.284901],[5.49083,43.284634],[5.49153,43.284584],[5.492051,43.284565],[5.492692,43.284561],[5.493222,43.284573],[5.493676,43.284599],[5.49391,43.284615],[5.494609,43.284687],[5.495204,43.284771],[5.495803,43.284882],[5.496066,43.284935],[5.49665,43.285072],[5.498545,43.285561],[5.4993,43.285736],[5.499925,43.285854],[5.50059,43.285946],[5.501151,43.286003],[5.501649,43.28603],[5.502211,43.286041],[5.503126,43.286011],[5.503544,43.28598],[5.503965,43.285934],[5.505124,43.285786],[5.50702,43.285576],[5.511027,43.28516],[5.513204,43.284973],[5.514706,43.284832],[5.515609,43.284729],[5.515609,43.284729],[5.518121,43.284416],[5.519049,43.284336],[5.519963,43.284294],[5.520707,43.284302],[5.521938,43.284386],[5.523384,43.284565],[5.547145,43.287731],[5.547639,43.287815],[5.548236,43.287945],[5.548503,43.288013],[5.549253,43.288235],[5.552174,43.289143],[5.55263,43.289303],[5.55312,43.289494],[5.553857,43.289833],[5.554049,43.289932],[5.55456,43.290237],[5.554804,43.290401],[5.5551,43.290623],[5.555252,43.290745],[5.555428,43.290897],[5.555606,43.291065],[5.555788,43.291248],[5.555964,43.291443],[5.556329,43.291878],[5.556814,43.292484],[5.557045,43.292751],[5.557386,43.293106],[5.557715,43.293407],[5.558297,43.293865],[5.558624,43.294086],[5.559222,43.294437],[5.55954,43.294601],[5.559926,43.294777],[5.560422,43.294983],[5.560877,43.295139],[5.56112,43.295216],[5.561661,43.295361],[5.562083,43.295456],[5.562478,43.295532],[5.565289,43.295956],[5.565928,43.29604],[5.56645,43.29612]],[[5.56645,43.29612],[5.565928,43.29604],[5.565289,43.295956],[5.562478,43.295532],[5.562083,43.295456],[5.561661,43.295361],[5.56112,43.295216],[5.560877,43.295139],[5.560422,43.294983],[5.559926,43.294777],[5.55954,43.294601],[5.559222,43.294437],[5.558624,43.294086],[5.558297,43.293865],[5.557715,43.293407],[5.557386,43.293106],[5.557045,43.292751],[5.556814,43.292484],[5.556329,43.291878],[5.555964,43.291443],[5.555788,43.291248],[5.555606,43.291065],[5.555428,43.290897],[5.555252,43.290745],[5.5551,43.290623],[5.554804,43.290401],[5.55456,43.290237],[5.554049,43.289932],[5.553857,43.289833],[5.55312,43.289494],[5.55263,43.289303],[5.552174,43.289143],[5.549253,43.288235],[5.548503,43.288013],[5.548236,43.287945],[5.547639,43.287815],[5.547145,43.287731],[5.523384,43.284565],[5.521938,43.284386],[5.520707,43.284302],[5.519963,43.284294],[5.519049,43.284336],[5.518121,43.284416],[5.515609,43.284729],[5.515609,43.284729],[5.514706,43.284832],[5.513204,43.284973],[5.511027,43.28516],[5.50702,43.285576],[5.505124,43.285786],[5.503965,43.285934],[5.503544,43.28598],[5.503126,43.286011],[5.502211,43.286041],[5.501649,43.28603],[5.501151,43.286003],[5.50059,43.285946],[5.499925,43.285854],[5.4993,43.285736],[5.498545,43.285561],[5.49665,43.285072],[5.496066,43.284935],[5.495803,43.284882],[5.495204,43.284771],[5.494609,43.284687],[5.49391,43.284615],[5.493676,43.284599],[5.493222,43.284573],[5.492692,43.284561],[5.492051,43.284565],[5.49153,43.284584],[5.49083,43.284634],[5.487923,43.284901],[5.487496,43.284943],[5.486685,43.285042],[5.4863,43.285107],[5.48583,43.28521],[5.485403,43.285324],[5.485163,43.285397],[5.484602,43.285595],[5.484251,43.285744],[5.483763,43.285961],[5.483763,43.285961],[5.483159,43.286232],[5.482722,43.286415],[5.482318,43.286564],[5.481869,43.286709],[5.481409,43.286831],[5.481029,43.286911],[5.479947,43.287037],[5.479467,43.287029],[5.479044,43.287003],[5.477552,43.286858],[5.477008,43.286819],[5.476402,43.286808],[5.475953,43.286827],[5.47549,43.286869],[5.475037,43.286926],[5.468646,43.288002],[5.467294,43.288235],[5.467294,43.288235],[5.466676,43.288361],[5.46631,43.288441],[5.466042,43.288509],[5.463233,43.289288],[5.461533,43.289768],[5.460036,43.290176],[5.459225,43.290367],[5.458937,43.290421],[5.458373,43.290501],[5.457904,43.29055],[5.457269,43.290585],[5.456715,43.290588],[5.456155,43.290562],[5.455649,43.290516],[5.455362,43.290482],[5.454701,43.290375],[5.452761,43.289986],[5.452297,43.289909],[5.45194,43.289856],[5.451654,43.289818],[5.451017,43.289764],[5.450777,43.289753],[5.450233,43.289745],[5.44981,43.289757],[5.449235,43.289799],[5.448783,43.289852],[5.448537,43.28989],[5.448048,43.289982],[5.445725,43.290489],[5.444918,43.290634],[5.444294,43.290714],[5.443846,43.29073],[5.443314,43.290737],[5.442773,43.290726],[5.44242,43.290703],[5.441601,43.290615],[5.441114,43.290524],[5.441114,43.290524],[5.440688,43.290428],[5.439927,43.290207],[5.439355,43.290012],[5.438768,43.289845],[5.438243,43.289703],[5.437884,43.289627],[5.437495,43.289566],[5.436511,43.289452],[5.433871,43.28923],[5.432224,43.289112],[5.431843,43.289116],[5.431323,43.289131],[5.430706,43.289185],[5.430179,43.289246],[5.42962,43.289345],[5.429279,43.28941],[5.428801,43.289539],[5.428126,43.289749],[5.427487,43.290012],[5.426588,43.290401],[5.424833,43.291199],[5.423373,43.291832],[5.422857,43.29203],[5.422415,43.292175],[5.421953,43.292309],[5.421729,43.292366],[5.421485,43.292419],[5.420891,43.29253],[5.419873,43.292683],[5.418831,43.292828],[5.418348,43.292904],[5.417867,43.292992],[5.417488,43.293041],[5.417177,43.293095],[5.4168,43.293179],[5.416251,43.293316],[5.415841,43.29343],[5.415413,43.293556],[5.413397,43.294189],[5.411737,43.294727],[5.4108,43.295013],[5.410524,43.295113],[5.409993,43.29533],[5.409818,43.295391],[5.409153,43.295609],[5.408016,43.296005],[5.407555,43.296192],[5.407148,43.296394],[5.407148,43.296394],[5.406897,43.296543],[5.406758,43.296635],[5.406627,43.296726],[5.406395,43.296902],[5.40626,43.297012],[5.405976,43.297264],[5.405668,43.297588],[5.405486,43.297806],[5.405303,43.298061],[5.405167,43.298275],[5.405035,43.298515],[5.404882,43.298862],[5.404782,43.29916],[5.404703,43.299473],[5.404512,43.30048],[5.404045,43.303284],[5.403932,43.303894],[5.403855,43.304211],[5.403753,43.304508],[5.403505,43.304993],[5.403307,43.305275],[5.403094,43.305557],[5.402843,43.305824],[5.402563,43.306072],[5.402165,43.306381],[5.401921,43.306538],[5.401591,43.306717],[5.401015,43.306976],[5.400532,43.30714],[5.39801,43.307938],[5.397165,43.30822],[5.396699,43.308357],[5.396107,43.308514],[5.395287,43.308674],[5.394866,43.308723],[5.394462,43.30875],[5.394137,43.308762],[5.393627,43.308754],[5.393162,43.308727],[5.392793,43.308693],[5.39239,43.308636],[5.392031,43.308567],[5.39174,43.308495],[5.391368,43.308376],[5.391044,43.308254],[5.390828,43.308163],[5.390636,43.308067],[5.390258,43.307861],[5.38862,43.306919],[5.388256,43.306717],[5.38808,43.306633],[5.387878,43.306541],[5.387329,43.306324],[5.386711,43.306034],[5.386502,43.305912],[5.386352,43.305805],[5.385121,43.305004],[5.384861,43.304859],[5.382028,43.303364],[5.380801,43.302723]]]}},{"type":"Feature","properties":{"route_name":"Ligne C6","type":"Commuter Rail","network":"TER ZOU!","color":"#0749FF"},"geometry":{"type":"MultiLineString","coordinates":[[[5.380711,43.302814],[5.38306,43.304043],[5.383887,43.304466],[5.38499,43.305016],[5.385318,43.305191],[5.386573,43.306007],[5.386708,43.306084],[5.387036,43.30624],[5.387202,43.306309],[5.387894,43.306583],[5.388049,43.306652],[5.388323,43.306793],[5.388719,43.30703],[5.390421,43.307995],[5.390719,43.308147],[5.391014,43.308281],[5.391607,43.308491],[5.391933,43.308578],[5.392338,43.308662],[5.392716,43.308716],[5.393304,43.308765],[5.393802,43.308792],[5.394264,43.308788],[5.39466,43.308773],[5.395092,43.308731],[5.395293,43.308704],[5.396126,43.308548],[5.396717,43.308392],[5.397176,43.308247],[5.397821,43.308033],[5.400548,43.307167],[5.401028,43.306999],[5.401335,43.306873],[5.4016,43.306751],[5.40174,43.306679],[5.40194,43.306564],[5.402195,43.306404],[5.402471,43.306198],[5.402604,43.306091],[5.40288,43.305843],[5.403131,43.305573],[5.403346,43.305294],[5.403551,43.305004],[5.40379,43.304516],[5.403896,43.304222],[5.403977,43.303905],[5.40403,43.303627],[5.404554,43.300488],[5.404693,43.299717],[5.404808,43.299236],[5.404872,43.299011],[5.405003,43.298683],[5.405079,43.298527],[5.40521,43.298286],[5.405344,43.298077],[5.405526,43.297825],[5.40561,43.297722],[5.40588,43.297417],[5.406018,43.297283],[5.406287,43.297039],[5.406657,43.296749],[5.406934,43.296562],[5.407176,43.296421],[5.407176,43.296421],[5.407579,43.296219],[5.40804,43.296032],[5.40863,43.295818],[5.409828,43.295422],[5.411251,43.29493],[5.413461,43.294212],[5.415268,43.29364],[5.415996,43.293427],[5.41679,43.293217],[5.417159,43.293133],[5.417867,43.292992],[5.418348,43.292904],[5.418831,43.292828],[5.419873,43.292683],[5.420891,43.29253],[5.421485,43.292419],[5.421729,43.292366],[5.421953,43.292309],[5.422415,43.292175],[5.422857,43.29203],[5.423373,43.291832],[5.424833,43.291199],[5.426588,43.290401],[5.427487,43.290012],[5.428126,43.289749],[5.428801,43.289539],[5.429279,43.28941],[5.42962,43.289345],[5.430179,43.289246],[5.430706,43.289185],[5.431323,43.289131],[5.431843,43.289116],[5.432224,43.289112],[5.433871,43.28923],[5.436511,43.289452],[5.437495,43.289566],[5.437884,43.289627],[5.438243,43.289703],[5.438768,43.289845],[5.439355,43.290012],[5.439927,43.290207],[5.440688,43.290428],[5.441114,43.290524],[5.441601,43.290615],[5.44242,43.290703],[5.442773,43.290726],[5.443314,43.290737],[5.443846,43.29073],[5.444294,43.290714],[5.444918,43.290634],[5.445725,43.290489],[5.448048,43.289982],[5.448537,43.28989],[5.448783,43.289852],[5.449235,43.289799],[5.44981,43.289757],[5.450233,43.289745],[5.450777,43.289753],[5.451017,43.289764],[5.451654,43.289818],[5.45194,43.289856],[5.452297,43.289909],[5.452761,43.289986],[5.454701,43.290375],[5.455362,43.290482],[5.455649,43.290516],[5.456155,43.290562],[5.456715,43.290588],[5.457269,43.290585],[5.457904,43.29055],[5.458373,43.290501],[5.458937,43.290421],[5.459225,43.290367],[5.460036,43.290176],[5.461533,43.289768],[5.463233,43.289288],[5.466042,43.288509],[5.46631,43.288441],[5.466676,43.288361],[5.467294,43.288235],[5.467294,43.288235],[5.468646,43.288002],[5.475037,43.286926],[5.47549,43.286869],[5.475953,43.286827],[5.476402,43.286808],[5.477008,43.286819],[5.477552,43.286858],[5.479044,43.287003],[5.479467,43.287029],[5.479947,43.287037],[5.481029,43.286911],[5.481409,43.286831],[5.481869,43.286709],[5.482318,43.286564],[5.482722,43.286415],[5.483159,43.286232],[5.484251,43.285744],[5.484602,43.285595],[5.485163,43.285397],[5.485403,43.285324],[5.48583,43.28521],[5.4863,43.285107],[5.486685,43.285042],[5.487496,43.284943],[5.49083,43.284634],[5.49153,43.284584],[5.492051,43.284565],[5.492692,43.284561],[5.493222,43.284573],[5.493676,43.284599],[5.49391,43.284615],[5.494609,43.284687],[5.495204,43.284771],[5.495803,43.284882],[5.496066,43.284935],[5.49665,43.285072],[5.498545,43.285561],[5.4993,43.285736],[5.499925,43.285854],[5.50059,43.285946],[5.501151,43.286003],[5.501649,43.28603],[5.502211,43.286041],[5.503126,43.286011],[5.503544,43.28598],[5.503965,43.285934],[5.505124,43.285786],[5.50702,43.285576],[5.511027,43.28516],[5.513204,43.284973],[5.514706,43.284832],[5.515609,43.284729],[5.515609,43.284729],[5.518121,43.284416],[5.519049,43.284336],[5.519963,43.284294],[5.520707,43.284302],[5.521938,43.284386],[5.523384,43.284565],[5.547145,43.287731],[5.547639,43.287815],[5.548236,43.287945],[5.548503,43.288013],[5.549253,43.288235],[5.552174,43.289143],[5.55263,43.289303],[5.55312,43.289494],[5.553857,43.289833],[5.554049,43.289932],[5.55456,43.290237],[5.554804,43.290401],[5.5551,43.290623],[5.555252,43.290745],[5.555428,43.290897],[5.555606,43.291065],[5.555788,43.291248],[5.555964,43.291443],[5.556329,43.291878],[5.556814,43.292484],[5.557045,43.292751],[5.557386,43.293106],[5.557715,43.293407],[5.558297,43.293865],[5.558624,43.294086],[5.559222,43.294437],[5.55954,43.294601],[5.559926,43.294777],[5.560422,43.294983],[5.560877,43.295139],[5.56112,43.295216],[5.561661,43.295361],[5.562083,43.295456],[5.562478,43.295532],[5.565289,43.295956],[5.565928,43.29604],[5.56645,43.29612],[5.56645,43.29612],[5.567107,43.296223],[5.568048,43.296417],[5.568508,43.296501],[5.56882,43.296551],[5.569919,43.296749],[5.576187,43.297691],[5.576802,43.297764],[5.577043,43.297783],[5.577688,43.297806],[5.578059,43.297802],[5.578321,43.297787],[5.578749,43.297752],[5.579224,43.297691],[5.579718,43.297604],[5.580145,43.297504],[5.580693,43.297348],[5.581348,43.297108],[5.58151,43.297039],[5.581871,43.296871],[5.58211,43.296749],[5.582393,43.296589],[5.582637,43.296432],[5.582965,43.296204],[5.583269,43.295967],[5.583786,43.295536],[5.584634,43.294796],[5.585002,43.294449],[5.585366,43.294041],[5.585588,43.29372],[5.585751,43.293449],[5.585918,43.293095],[5.585987,43.292919],[5.586051,43.292709],[5.586092,43.29253],[5.58612,43.292366],[5.586176,43.291843],[5.586178,43.291676],[5.586167,43.291492],[5.586147,43.291309],[5.586113,43.291115],[5.586066,43.290924],[5.586009,43.290745],[5.585919,43.290497],[5.585828,43.290291],[5.585749,43.290134],[5.585618,43.289913],[5.585467,43.289684],[5.585284,43.289444],[5.585001,43.289139],[5.584827,43.288971],[5.584655,43.288822],[5.584427,43.288639],[5.584085,43.288403],[5.583838,43.28825],[5.583329,43.287987],[5.582952,43.287811],[5.580151,43.286598],[5.567003,43.280865],[5.56656,43.28064],[5.566319,43.280499],[5.565884,43.280205],[5.565601,43.279972],[5.565264,43.279648],[5.565085,43.279449],[5.564928,43.279247],[5.564766,43.279011],[5.564631,43.27879],[5.564531,43.278603],[5.564444,43.278416],[5.564373,43.278229],[5.564313,43.278038],[5.564241,43.277771],[5.564212,43.27758],[5.56418,43.27726],[5.564181,43.277012],[5.564193,43.27676],[5.564448,43.274494],[5.564467,43.274208],[5.56447,43.273983],[5.564455,43.273689],[5.564423,43.27343],[5.564368,43.273125],[5.564288,43.272804],[5.564226,43.272614],[5.564152,43.272434],[5.56387,43.271866],[5.563605,43.271473],[5.563227,43.271008],[5.563092,43.270863],[5.562781,43.270565],[5.562279,43.27018],[5.561961,43.26997],[5.561619,43.26976],[5.561253,43.269573],[5.560835,43.269375],[5.560421,43.269203],[5.559976,43.269058],[5.559543,43.268932],[5.55907,43.268826],[5.556985,43.268486],[5.556561,43.268406],[5.556126,43.268307],[5.555339,43.268047],[5.554966,43.267895],[5.55459,43.267723],[5.554283,43.267563],[5.553973,43.26738],[5.553536,43.267094],[5.553188,43.266819],[5.552926,43.266586],[5.552698,43.266369],[5.552352,43.265972],[5.55211,43.265644],[5.551848,43.265209],[5.551701,43.2649],[5.551622,43.264713],[5.551503,43.264366],[5.551417,43.263958],[5.551386,43.26376],[5.551361,43.263512],[5.551328,43.263039],[5.550374,43.240074],[5.550397,43.239426],[5.550438,43.238888],[5.550475,43.238602],[5.550524,43.238327],[5.55063,43.2379],[5.550799,43.237385],[5.551045,43.236809],[5.551279,43.23637],[5.551562,43.235924],[5.551736,43.235676],[5.552144,43.235165],[5.552394,43.23489],[5.552659,43.234623],[5.553004,43.234306],[5.553224,43.234123],[5.553224,43.234123],[5.553489,43.23391],[5.55368,43.233768],[5.554206,43.23341],[5.554652,43.233143],[5.555071,43.232914],[5.55562,43.232647],[5.556412,43.232319],[5.557246,43.232048],[5.557946,43.231853],[5.562596,43.230782],[5.564378,43.230373],[5.56578,43.23008],[5.566155,43.229992],[5.56693,43.229774],[5.567756,43.229477],[5.56863,43.229057],[5.569724,43.228416],[5.571768,43.227135],[5.572257,43.22678],[5.572642,43.22646],[5.573123,43.22596],[5.573502,43.225471],[5.57397,43.224674],[5.574309,43.223839],[5.579051,43.210827],[5.579236,43.2103],[5.579508,43.209671],[5.579714,43.209343],[5.579946,43.209023],[5.580416,43.208527],[5.580633,43.208328],[5.580967,43.208069],[5.581254,43.207874],[5.58195,43.207485],[5.582166,43.207386],[5.582633,43.207195],[5.583006,43.207058],[5.584146,43.206703],[5.584556,43.206562],[5.585017,43.206379],[5.585447,43.206177],[5.585665,43.206066],[5.585882,43.205944],[5.586137,43.20578],[5.586607,43.205444],[5.586824,43.205273],[5.587166,43.204956],[5.587495,43.204605],[5.587688,43.204361],[5.587885,43.20409],[5.588521,43.202972],[5.588725,43.202652],[5.588908,43.202396],[5.589106,43.202152],[5.589341,43.201904],[5.589591,43.201683],[5.589874,43.20145],[5.59042,43.201046],[5.590733,43.200848],[5.59103,43.200676],[5.591601,43.200405],[5.592042,43.20023],[5.592286,43.200146],[5.592953,43.199966],[5.593786,43.199783],[5.594553,43.199699],[5.595068,43.19968],[5.595796,43.199684],[5.596702,43.19978],[5.597641,43.199951],[5.59842,43.200176],[5.599116,43.200432],[5.599723,43.200684],[5.600752,43.201134],[5.601639,43.201569],[5.603964,43.202999],[5.604543,43.20332],[5.605066,43.203575],[5.605836,43.203903],[5.620159,43.208843],[5.621021,43.209137],[5.621434,43.20927],[5.621752,43.209366],[5.622151,43.209473],[5.622546,43.209549],[5.622931,43.209614],[5.62312,43.209641],[5.623701,43.209694],[5.624015,43.209709],[5.624349,43.209713],[5.62479,43.209698],[5.625636,43.209618],[5.62603,43.20956],[5.626428,43.20948],[5.626811,43.209385],[5.627134,43.209297],[5.627738,43.209095],[5.628016,43.208984],[5.628411,43.208797],[5.628788,43.208603],[5.629158,43.208374],[5.629495,43.208141],[5.629795,43.207924],[5.63006,43.207703],[5.630269,43.207497],[5.630605,43.20713],[5.630885,43.206779],[5.631251,43.206177],[5.631488,43.205563],[5.631653,43.205025],[5.632205,43.202557],[5.63236,43.201893],[5.632845,43.199619],[5.632845,43.199619],[5.632968,43.199127],[5.633043,43.198891],[5.633181,43.198555],[5.63347,43.19799],[5.633804,43.197514],[5.634271,43.196995],[5.634873,43.196465],[5.635691,43.195919],[5.636698,43.195446],[5.637722,43.195122],[5.638719,43.194912],[5.639186,43.194855],[5.640122,43.194809],[5.6406,43.19482],[5.641096,43.194859],[5.641596,43.194912],[5.643435,43.195183],[5.643819,43.195221],[5.644295,43.195251],[5.644812,43.195255],[5.645241,43.195244],[5.645709,43.195206],[5.646159,43.195148],[5.646663,43.195057],[5.646969,43.194992],[5.647192,43.194935],[5.647647,43.194801],[5.648055,43.194656],[5.648352,43.194538],[5.648774,43.194344],[5.649053,43.194199],[5.649235,43.194099],[5.649592,43.193874],[5.649765,43.19376],[5.650088,43.193516],[5.650243,43.193386],[5.650561,43.193096],[5.650775,43.192867],[5.650901,43.192722],[5.651135,43.192425],[5.651763,43.191521],[5.652033,43.191143],[5.652156,43.190987],[5.652293,43.190834],[5.652434,43.190678],[5.652608,43.190506],[5.652791,43.190342],[5.65293,43.190228],[5.653129,43.190071],[5.653396,43.18988],[5.653605,43.189747],[5.653991,43.189526],[5.654288,43.189373],[5.654571,43.18924],[5.654839,43.189129],[5.655284,43.188961],[5.655789,43.188805],[5.65613,43.188717],[5.656528,43.188629],[5.657127,43.188534],[5.65771,43.18848],[5.658189,43.188457],[5.658824,43.188454],[5.660457,43.188457],[5.661028,43.188431],[5.661574,43.188385],[5.661879,43.188351],[5.662169,43.188309],[5.662759,43.188202],[5.663218,43.188099],[5.663779,43.18795],[5.664379,43.187763],[5.664718,43.187637],[5.665257,43.187412],[5.665535,43.187283],[5.665935,43.18708],[5.666305,43.186882],[5.670981,43.184216],[5.671371,43.184006],[5.671686,43.183849],[5.672033,43.183693],[5.672496,43.183495],[5.673553,43.183136],[5.674521,43.182865],[5.675224,43.182705],[5.676079,43.182568],[5.676962,43.182476],[5.677842,43.182419],[5.678826,43.182419],[5.679665,43.182468],[5.680607,43.182564],[5.681549,43.18272],[5.682536,43.182938],[5.683413,43.183201],[5.684194,43.183487],[5.684964,43.183823],[5.68664,43.184624],[5.687474,43.184994],[5.688381,43.185322],[5.688949,43.185478],[5.689719,43.185669],[5.690279,43.185787],[5.690841,43.185883],[5.691337,43.185951],[5.691919,43.186008],[5.692262,43.186031],[5.692976,43.186062],[5.693686,43.18605],[5.694096,43.186031],[5.701551,43.1856],[5.702282,43.185562],[5.702996,43.185516],[5.703388,43.185474],[5.703798,43.185417],[5.703798,43.185417],[5.704104,43.185364],[5.704563,43.185261],[5.705024,43.185131],[5.705291,43.185047],[5.70579,43.18486],[5.70608,43.184738],[5.706526,43.184517],[5.707019,43.184227],[5.707246,43.184078],[5.707483,43.183907],[5.70764,43.183781],[5.708007,43.183464],[5.708165,43.183311],[5.708541,43.182922],[5.708938,43.182392],[5.709284,43.18169],[5.709353,43.181419],[5.709538,43.180851],[5.710189,43.177425],[5.710299,43.176933],[5.710455,43.17638],[5.710733,43.175793],[5.711134,43.175182],[5.711681,43.174561],[5.712088,43.174206],[5.712554,43.173855],[5.713944,43.172913],[5.714396,43.172535],[5.714712,43.172237],[5.715022,43.17186],[5.715138,43.171707],[5.715454,43.171146],[5.715671,43.170712],[5.715837,43.170223],[5.715933,43.169785],[5.715949,43.169281],[5.715904,43.168671],[5.715484,43.165459],[5.715104,43.162693],[5.715044,43.162212],[5.715003,43.161507],[5.714999,43.161121],[5.715022,43.160591],[5.715099,43.160038],[5.71555,43.15601],[5.715582,43.15583],[5.715626,43.155659],[5.715731,43.155304],[5.715867,43.154945],[5.716048,43.154587],[5.716228,43.154278],[5.71647,43.153934],[5.716843,43.153511],[5.71734,43.153061],[5.718174,43.152428],[5.718451,43.152206],[5.718762,43.151939],[5.71907,43.151627],[5.719334,43.151318],[5.719592,43.150959],[5.719768,43.150673],[5.719954,43.150303],[5.720082,43.149979],[5.720168,43.149696],[5.720237,43.149429],[5.720421,43.148289],[5.720479,43.148048],[5.720607,43.147644],[5.720748,43.147305],[5.720932,43.146961],[5.721148,43.146626],[5.721379,43.146328],[5.721627,43.146038],[5.721736,43.145924],[5.721927,43.145744],[5.722251,43.145477],[5.722579,43.145226],[5.722801,43.145084],[5.728283,43.141804],[5.728616,43.141613],[5.728834,43.141499],[5.72938,43.141243],[5.729912,43.141033],[5.730136,43.140961],[5.730668,43.140808],[5.731154,43.140697],[5.731428,43.140648],[5.731853,43.140587],[5.732173,43.140553],[5.732541,43.140526],[5.732904,43.140511],[5.733248,43.140514],[5.733552,43.140522],[5.733916,43.140545],[5.734512,43.140614],[5.734986,43.140682],[5.737893,43.141197],[5.738388,43.141273],[5.739298,43.141388],[5.740214,43.141476],[5.740538,43.141499],[5.741411,43.141537],[5.742389,43.141544],[5.742706,43.141541],[5.74342,43.14151],[5.743682,43.141495],[5.744238,43.141453],[5.744854,43.141392],[5.745833,43.14127],[5.750175,43.140484],[5.750175,43.140484],[5.755509,43.139503],[5.755947,43.1394],[5.758022,43.138851],[5.758399,43.13876],[5.758768,43.13868],[5.759161,43.138615],[5.759575,43.138561],[5.76015,43.138523],[5.760662,43.138515],[5.761045,43.138527],[5.76144,43.13855],[5.761998,43.138618],[5.762544,43.138718],[5.763087,43.138844],[5.763403,43.138935],[5.763793,43.139072],[5.763989,43.139153],[5.764412,43.139332],[5.764959,43.139591],[5.765787,43.139961],[5.766143,43.14011],[5.766494,43.140232],[5.766816,43.140327],[5.767264,43.140434],[5.767821,43.140541],[5.768167,43.140591],[5.768576,43.140633],[5.769155,43.140663],[5.769745,43.140671],[5.770048,43.140656],[5.770459,43.140621],[5.770927,43.14056],[5.771308,43.140491],[5.772782,43.140179],[5.773309,43.140057],[5.773888,43.139893],[5.774295,43.139748],[5.774689,43.139599],[5.775113,43.139412],[5.7753,43.13932],[5.775794,43.139061],[5.775992,43.138939],[5.776351,43.138706],[5.776767,43.138409],[5.777084,43.138153],[5.777197,43.13805],[5.777488,43.137764],[5.777687,43.137535],[5.781522,43.132565],[5.78214,43.131859],[5.782431,43.131557],[5.78271,43.131283],[5.782999,43.131027],[5.783549,43.130569],[5.784274,43.13007],[5.784564,43.129887],[5.784866,43.129719],[5.785427,43.129425],[5.785705,43.129292],[5.78629,43.129032],[5.786728,43.128857],[5.787049,43.128738],[5.787483,43.128593],[5.788292,43.128368],[5.788884,43.128235],[5.789149,43.128181],[5.790121,43.128014],[5.801063,43.126293],[5.811849,43.124569],[5.822371,43.12291],[5.825,43.122486],[5.825,43.122486],[5.864443,43.116215],[5.866391,43.115898],[5.86769,43.1157],[5.868464,43.115601],[5.8694,43.115532],[5.87,43.115509],[5.870819,43.115509],[5.871325,43.115528],[5.871972,43.11557],[5.872517,43.115631],[5.872932,43.115688],[5.873555,43.115803],[5.873921,43.115887],[5.874447,43.116028],[5.875044,43.116226],[5.875641,43.116459],[5.87608,43.116657],[5.876294,43.116764],[5.876854,43.117073],[5.876854,43.117073],[5.877238,43.11731],[5.877651,43.117603],[5.87787,43.117779],[5.878213,43.118069],[5.87852,43.118362],[5.878767,43.118622],[5.879198,43.119137],[5.879357,43.119358],[5.879803,43.120052],[5.881926,43.123512],[5.882384,43.124241],[5.882539,43.124474],[5.882858,43.124893],[5.883128,43.125202],[5.883255,43.125336],[5.883654,43.125725],[5.883956,43.125977],[5.884437,43.126316],[5.884983,43.126682],[5.885157,43.126789],[5.885508,43.12698],[5.88607,43.127262],[5.886379,43.127399],[5.886846,43.127586],[5.887783,43.12788],[5.88869,43.128128],[5.890301,43.128548],[5.891114,43.128731],[5.891785,43.128845],[5.892669,43.128963],[5.893325,43.129028],[5.898316,43.129383],[5.89866,43.129414],[5.899077,43.129463],[5.899956,43.129593],[5.90198,43.129925],[5.903465,43.130188],[5.904186,43.13036],[5.904619,43.130489],[5.90564,43.130833],[5.910463,43.132572],[5.910972,43.132736],[5.911549,43.1329],[5.912015,43.133011],[5.912276,43.133064],[5.912877,43.13316],[5.913481,43.133221],[5.913918,43.133255],[5.914246,43.13327],[5.914722,43.133278],[5.914993,43.133274],[5.915679,43.133236],[5.91612,43.133194],[5.91665,43.133129],[5.917079,43.13306],[5.917719,43.132919],[5.918779,43.132591],[5.919642,43.132278],[5.92044,43.131969],[5.923405,43.130859],[5.923765,43.130692],[5.924664,43.130356],[5.926023,43.129829],[5.927585,43.129261],[5.928372,43.128956],[5.929543,43.128521],[5.929543,43.128521],[5.931945,43.127625],[5.934115,43.126831],[5.934453,43.126736],[5.934617,43.126678],[5.936987,43.125778],[5.937845,43.125462],[5.938172,43.125351],[5.938728,43.125179],[5.939148,43.12508],[5.93956,43.125],[5.939788,43.124962],[5.940404,43.124897],[5.940895,43.12487],[5.94142,43.12487],[5.941851,43.124893],[5.942117,43.124912],[5.942389,43.124947],[5.942877,43.125015],[5.943415,43.125111],[5.946157,43.125629],[5.948133,43.126015],[5.949038,43.126175],[5.94933,43.126213],[5.949959,43.126266],[5.950351,43.126286],[5.950838,43.126289],[5.951353,43.126266],[5.951908,43.126221],[5.952109,43.126198],[5.952619,43.126118],[5.953327,43.12598],[5.956588,43.125252],[5.957328,43.125114],[5.957761,43.125053],[5.958263,43.125011],[5.958604,43.124996],[5.959121,43.124992],[5.959481,43.125008],[5.96006,43.125057],[5.960616,43.125126],[5.961043,43.125195],[5.964433,43.125774],[5.965206,43.125889],[5.965857,43.125965],[5.966166,43.125988],[5.966677,43.126007],[5.967141,43.126011],[5.967753,43.125988],[5.968295,43.125946],[5.96906,43.125847],[5.969587,43.125751],[5.970012,43.12566],[5.970557,43.125515],[5.97143,43.125229],[5.971964,43.125015],[5.971964,43.125015],[5.972444,43.124794],[5.972911,43.124554],[5.973175,43.124401],[5.973505,43.124195],[5.973989,43.123856],[5.974848,43.12318],[5.979032,43.119804],[5.982379,43.117115],[5.98295,43.116676],[5.983423,43.116341],[5.983669,43.11618],[5.984032,43.115959],[5.984353,43.115776],[5.984953,43.115463],[5.985513,43.1152],[5.986156,43.114929],[5.986836,43.114681],[5.987395,43.114502],[5.98768,43.114426],[5.988402,43.114235],[5.98881,43.114147],[5.989382,43.114037],[5.989719,43.113983],[5.990453,43.113888],[5.991084,43.113827],[5.991654,43.113792],[5.992321,43.113773],[5.992886,43.113773],[5.993584,43.113804],[5.994224,43.11385],[5.994847,43.113922],[5.995191,43.113972],[5.996244,43.114159],[6.001448,43.115204],[6.002523,43.115429],[6.002929,43.115524],[6.003469,43.115665],[6.00393,43.115791],[6.004444,43.115948],[6.005394,43.116276],[6.005818,43.116432],[6.006364,43.116653],[6.00696,43.116917],[6.007285,43.117069],[6.007609,43.117233],[6.008256,43.117577],[6.009025,43.118038],[6.009486,43.118332],[6.010064,43.11871],[6.010064,43.11871],[6.017197,43.123402],[6.018476,43.124229],[6.019738,43.125065],[6.021327,43.126099],[6.026636,43.129578],[6.02967,43.131573],[6.030235,43.13195],[6.030591,43.132202],[6.03096,43.132477],[6.031446,43.132851],[6.032114,43.133408],[6.032554,43.133797],[6.03291,43.134132],[6.033468,43.134697],[6.033804,43.135052],[6.03497,43.136333],[6.03497,43.136333],[6.036708,43.138226],[6.03728,43.138794],[6.037468,43.139],[6.037676,43.13921],[6.037941,43.139446],[6.038182,43.13969],[6.039332,43.140884],[6.039625,43.141159],[6.040197,43.141613],[6.040827,43.142025],[6.041693,43.142509],[6.042591,43.142952],[6.043757,43.143394],[6.045341,43.14378],[6.046993,43.144035],[6.051833,43.14465],[6.061444,43.145885],[6.062083,43.14595],[6.062594,43.145981],[6.063187,43.145992],[6.063719,43.145981],[6.064054,43.145962],[6.064675,43.145905],[6.065201,43.145832],[6.065791,43.145721],[6.066308,43.145603],[6.066846,43.14547],[6.06862,43.144978],[6.06862,43.144978],[6.071241,43.144253],[6.071742,43.144104],[6.072112,43.143978],[6.072281,43.143909],[6.072503,43.143818],[6.072909,43.14362],[6.073256,43.143421],[6.07358,43.143208],[6.073854,43.143005],[6.074159,43.142746],[6.074368,43.142544],[6.074469,43.142437],[6.074717,43.142136],[6.074913,43.141857],[6.075081,43.141571],[6.07522,43.141273],[6.075275,43.141136],[6.075347,43.140919],[6.075912,43.13895],[6.07598,43.138702],[6.076035,43.138454],[6.076073,43.138157],[6.076077,43.137955],[6.076066,43.13776],[6.076034,43.137531],[6.075969,43.137264],[6.075885,43.137028],[6.075827,43.136894],[6.075624,43.136501],[6.075305,43.135952],[6.075145,43.135666],[6.075057,43.135487],[6.074918,43.135155],[6.074834,43.134884],[6.074779,43.13459],[6.074758,43.134327],[6.074758,43.134144],[6.074768,43.13401],[6.074811,43.133717],[6.07487,43.13348],[6.074972,43.13319],[6.075144,43.132801],[6.075412,43.132233],[6.075466,43.132103],[6.075574,43.131798],[6.075637,43.131573],[6.075692,43.131302],[6.075745,43.131012],[6.07583,43.130463],[6.075886,43.130169],[6.075943,43.129932],[6.076044,43.129585],[6.076174,43.1292],[6.076254,43.128998],[6.076449,43.128571],[6.076648,43.128185],[6.07686,43.127827],[6.076975,43.127647],[6.077156,43.127396],[6.077574,43.126862],[6.077803,43.126591],[6.077991,43.126389],[6.07829,43.126095],[6.078477,43.125919],[6.078789,43.125648],[6.079027,43.125458],[6.079369,43.125198],[6.079649,43.125],[6.079951,43.124802],[6.080411,43.124519],[6.080772,43.124321],[6.081117,43.124142],[6.081728,43.123859],[6.082269,43.123634],[6.082656,43.123493],[6.082983,43.123383],[6.083536,43.123211],[6.084187,43.123043],[6.084685,43.122929],[6.087688,43.122303],[6.088581,43.122124],[6.092174,43.121517],[6.092912,43.121368],[6.093322,43.121265],[6.094074,43.121059],[6.095839,43.120541],[6.096047,43.120468],[6.096407,43.120327],[6.096692,43.120193],[6.097155,43.119926],[6.097403,43.119747],[6.09767,43.119522],[6.0978,43.119404],[6.099339,43.117863],[6.099611,43.117622],[6.099995,43.117336],[6.101753,43.116196],[6.101973,43.116062],[6.102329,43.115868],[6.102659,43.115715],[6.10288,43.115623],[6.103061,43.115559],[6.103425,43.115444],[6.103859,43.115337],[6.104331,43.115246],[6.106545,43.114914],[6.107331,43.114788],[6.107758,43.114697],[6.10798,43.114635],[6.10837,43.114513],[6.108654,43.114407],[6.109163,43.114182],[6.115555,43.111107],[6.115983,43.11092],[6.116164,43.110851],[6.116521,43.110729],[6.116963,43.110611],[6.117397,43.110519],[6.117871,43.110447],[6.119818,43.110207],[6.12018,43.110149],[6.120481,43.1101],[6.120776,43.110039],[6.121098,43.109966],[6.121472,43.109871],[6.121976,43.109718],[6.122623,43.109489],[6.123225,43.109238],[6.123765,43.108971],[6.124117,43.10878]],[[6.124117,43.10878],[6.123765,43.108971],[6.123225,43.109238],[6.122623,43.109489],[6.121976,43.109718],[6.121472,43.109871],[6.121098,43.109966],[6.120776,43.110039],[6.120481,43.1101],[6.12018,43.110149],[6.119818,43.110207],[6.117871,43.110447],[6.117397,43.110519],[6.116963,43.110611],[6.116521,43.110729],[6.116164,43.110851],[6.115983,43.11092],[6.115555,43.111107],[6.109163,43.114182],[6.108654,43.114407],[6.10837,43.114513],[6.10798,43.114635],[6.107758,43.114697],[6.107331,43.114788],[6.106545,43.114914],[6.104331,43.115246],[6.103859,43.115337],[6.103425,43.115444],[6.103061,43.115559],[6.10288,43.115623],[6.102659,43.115715],[6.102329,43.115868],[6.101973,43.116062],[6.101753,43.116196],[6.099995,43.117336],[6.099611,43.117622],[6.099339,43.117863],[6.0978,43.119404],[6.09767,43.119522],[6.097403,43.119747],[6.097155,43.119926],[6.096692,43.120193],[6.096407,43.120327],[6.096047,43.120468],[6.095839,43.120541],[6.094074,43.121059],[6.093322,43.121265],[6.092912,43.121368],[6.092174,43.121517],[6.088581,43.122124],[6.087688,43.122303],[6.084685,43.122929],[6.084187,43.123043],[6.083536,43.123211],[6.082983,43.123383],[6.082656,43.123493],[6.082269,43.123634],[6.081728,43.123859],[6.081117,43.124142],[6.080772,43.124321],[6.080411,43.124519],[6.079951,43.124802],[6.079649,43.125],[6.079369,43.125198],[6.079027,43.125458],[6.078789,43.125648],[6.078477,43.125919],[6.07829,43.126095],[6.077991,43.126389],[6.077803,43.126591],[6.077574,43.126862],[6.077156,43.127396],[6.076975,43.127647],[6.07686,43.127827],[6.076648,43.128185],[6.076449,43.128571],[6.076254,43.128998],[6.076174,43.1292],[6.076044,43.129585],[6.075943,43.129932],[6.075886,43.130169],[6.07583,43.130463],[6.075745,43.131012],[6.075692,43.131302],[6.075637,43.131573],[6.075574,43.131798],[6.075466,43.132103],[6.075412,43.132233],[6.075144,43.132801],[6.074972,43.13319],[6.07487,43.13348],[6.074811,43.133717],[6.074768,43.13401],[6.074758,43.134144],[6.074758,43.134327],[6.074779,43.13459],[6.074834,43.134884],[6.074918,43.135155],[6.075057,43.135487],[6.075145,43.135666],[6.075305,43.135952],[6.075624,43.136501],[6.075827,43.136894],[6.075885,43.137028],[6.075969,43.137264],[6.076034,43.137531],[6.076066,43.13776],[6.076077,43.137955],[6.076073,43.138157],[6.076035,43.138454],[6.07598,43.138702],[6.075912,43.13895],[6.075347,43.140919],[6.075275,43.141136],[6.07522,43.141273],[6.075081,43.141571],[6.074913,43.141857],[6.074717,43.142136],[6.074469,43.142437],[6.074368,43.142544],[6.074159,43.142746],[6.073854,43.143005],[6.07358,43.143208],[6.073256,43.143421],[6.072909,43.14362],[6.072503,43.143818],[6.072281,43.143909],[6.072112,43.143978],[6.071742,43.144104],[6.071241,43.144253],[6.06862,43.144978],[6.06862,43.144978],[6.066846,43.14547],[6.066308,43.145603],[6.065791,43.145721],[6.065201,43.145832],[6.064675,43.145905],[6.064054,43.145962],[6.063719,43.145981],[6.063187,43.145992],[6.062594,43.145981],[6.062083,43.14595],[6.061444,43.145885],[6.051833,43.14465],[6.046993,43.144035],[6.045341,43.14378],[6.043757,43.143394],[6.042591,43.142952],[6.041693,43.142509],[6.040827,43.142025],[6.040197,43.141613],[6.039625,43.141159],[6.039332,43.140884],[6.038182,43.13969],[6.037941,43.139446],[6.037676,43.13921],[6.037468,43.139],[6.035015,43.136314],[6.035015,43.136314],[6.033507,43.134678],[6.033167,43.134331],[6.032567,43.133755],[6.032148,43.133385],[6.031478,43.132828],[6.030988,43.13245],[6.030272,43.131931],[6.029101,43.131149],[6.018505,43.124203],[6.017225,43.123371],[6.010096,43.118687],[6.010096,43.118687],[6.009497,43.118294],[6.00905,43.118011],[6.008276,43.117554],[6.007957,43.117378],[6.007298,43.117043],[6.006381,43.116627],[6.005835,43.116405],[6.00541,43.116245],[6.004979,43.116089],[6.00446,43.115917],[6.00395,43.115765],[6.003482,43.115635],[6.002931,43.11549],[6.002531,43.115395],[6.001456,43.11517],[5.996247,43.114124],[5.995545,43.113995],[5.995194,43.113937],[5.994555,43.113853],[5.993921,43.113792],[5.993199,43.11375],[5.992631,43.113739],[5.991951,43.113747],[5.99141,43.113773],[5.9908,43.113815],[5.990084,43.113899],[5.989703,43.113953],[5.989072,43.114059],[5.988798,43.114113],[5.988389,43.114204],[5.987959,43.114311],[5.987383,43.114471],[5.987087,43.114567],[5.98647,43.114777],[5.9858,43.11504],[5.985501,43.115166],[5.984929,43.115433],[5.984304,43.115761],[5.984007,43.115929],[5.983643,43.116154],[5.983396,43.116318],[5.982913,43.116657],[5.982344,43.117092],[5.97415,43.123684],[5.973769,43.123966],[5.973476,43.124168],[5.97315,43.124367],[5.972658,43.124645],[5.972414,43.124771],[5.971931,43.124989],[5.971931,43.124989],[5.971405,43.125198],[5.971125,43.125298],[5.970534,43.125484],[5.970015,43.125622],[5.969572,43.125721],[5.969343,43.125763],[5.968851,43.125843],[5.968288,43.125912],[5.967752,43.125957],[5.967139,43.12598],[5.966412,43.125969],[5.966167,43.125954],[5.965857,43.125931],[5.965205,43.125858],[5.96482,43.125805],[5.960631,43.125095],[5.96007,43.125023],[5.959507,43.124973],[5.959134,43.124962],[5.958603,43.124962],[5.958264,43.124977],[5.95776,43.125023],[5.957558,43.12505],[5.957247,43.125099],[5.956575,43.125225],[5.953162,43.12598],[5.952518,43.126102],[5.951897,43.12619],[5.951582,43.126217],[5.951101,43.126247],[5.950831,43.126255],[5.950156,43.126244],[5.949676,43.126213],[5.949048,43.126141],[5.948694,43.126087],[5.944202,43.125225],[5.942887,43.124981],[5.942397,43.124912],[5.942126,43.124878],[5.941859,43.124859],[5.941421,43.124836],[5.940889,43.12484],[5.940413,43.124863],[5.939785,43.124931],[5.939526,43.124973],[5.939144,43.125046],[5.938721,43.125149],[5.938189,43.125309],[5.937676,43.125488],[5.936424,43.125954],[5.934115,43.126831],[5.931945,43.127625],[5.929543,43.128521],[5.929543,43.128521],[5.928372,43.128956],[5.927585,43.129261],[5.926023,43.129829],[5.924664,43.130356],[5.91962,43.132252],[5.918748,43.132561],[5.918059,43.132778],[5.917675,43.132893],[5.917227,43.132999],[5.916627,43.133099],[5.916114,43.133163],[5.915667,43.133205],[5.915275,43.133228],[5.914736,43.133236],[5.913923,43.133221],[5.913494,43.133186],[5.91289,43.133121],[5.912292,43.133026],[5.911849,43.132931],[5.911283,43.132782],[5.910472,43.132538],[5.905673,43.130806],[5.904222,43.130325],[5.903749,43.130215],[5.90341,43.130142],[5.90201,43.12989],[5.89982,43.129532],[5.899106,43.129436],[5.898324,43.129353],[5.89333,43.128994],[5.892674,43.128929],[5.891794,43.128811],[5.891123,43.1287],[5.890316,43.128517],[5.888675,43.128094],[5.887798,43.127853],[5.887144,43.127647],[5.886867,43.127548],[5.886392,43.127365],[5.885486,43.126923],[5.885017,43.126648],[5.884483,43.126301],[5.88401,43.125973],[5.883687,43.125694],[5.883288,43.125317],[5.883046,43.12505],[5.882737,43.124668],[5.882427,43.124229],[5.882228,43.12392],[5.881515,43.122765],[5.879628,43.119675],[5.879325,43.119213],[5.878792,43.118587],[5.878614,43.118397],[5.878248,43.118046],[5.878016,43.117844],[5.87767,43.117569],[5.877155,43.117214],[5.876886,43.117046],[5.876886,43.117046],[5.876409,43.116779],[5.875874,43.11652],[5.875434,43.116333],[5.874838,43.116119],[5.874471,43.116001],[5.873987,43.115871],[5.873391,43.115738],[5.873128,43.115688],[5.872714,43.115623],[5.872379,43.115582],[5.871852,43.115528],[5.871413,43.115498],[5.870888,43.115479],[5.870502,43.115471],[5.870003,43.115475],[5.86939,43.115498],[5.869105,43.115517],[5.868188,43.115601],[5.867348,43.115719],[5.860584,43.116787],[5.854915,43.117695],[5.850162,43.118439],[5.849219,43.118599],[5.845708,43.11916],[5.841318,43.119843],[5.833816,43.121033],[5.82931,43.121765],[5.824991,43.122456],[5.824991,43.122456],[5.816731,43.123772],[5.811844,43.124538],[5.800967,43.126278],[5.790106,43.127979],[5.789135,43.128151],[5.788588,43.128265],[5.788001,43.12841],[5.787309,43.128613],[5.787033,43.128708],[5.786467,43.128922],[5.785932,43.129147],[5.785741,43.129234],[5.785034,43.129593],[5.784509,43.129883],[5.783997,43.130203],[5.783477,43.130569],[5.783122,43.130852],[5.782771,43.131157],[5.782268,43.131641],[5.782105,43.131809],[5.781484,43.132542],[5.777774,43.137344],[5.777527,43.137638],[5.777215,43.137962],[5.776868,43.138279],[5.776594,43.138493],[5.776383,43.138641],[5.775999,43.138897],[5.775649,43.139103],[5.775285,43.139294],[5.774609,43.139603],[5.774111,43.13979],[5.773684,43.139923],[5.773279,43.140026],[5.772772,43.140148],[5.771676,43.140385],[5.771294,43.140461],[5.770916,43.140526],[5.77045,43.140587],[5.770046,43.140621],[5.769742,43.140633],[5.769158,43.140629],[5.768585,43.140602],[5.768177,43.14056],[5.767547,43.140457],[5.76728,43.1404],[5.767019,43.140343],[5.766506,43.140198],[5.765808,43.139935],[5.765494,43.139797],[5.764672,43.139408],[5.764224,43.139206],[5.763805,43.139038],[5.763621,43.138973],[5.763284,43.138866],[5.762911,43.138767],[5.762553,43.138683],[5.762005,43.138584],[5.761584,43.138531],[5.761276,43.138504],[5.760658,43.138477],[5.760155,43.138489],[5.759569,43.138527],[5.759162,43.13858],[5.758769,43.138641],[5.758381,43.138725],[5.758001,43.138821],[5.755907,43.139374],[5.755499,43.139473],[5.750166,43.140446],[5.750166,43.140446],[5.746051,43.141197],[5.745549,43.141273],[5.744499,43.141396],[5.744191,43.141422],[5.743418,43.141476],[5.742507,43.141506],[5.741941,43.141506],[5.740967,43.141487],[5.740652,43.141472],[5.739409,43.141369],[5.738664,43.141277],[5.738061,43.141193],[5.734996,43.140652],[5.734377,43.14056],[5.733921,43.140511],[5.733555,43.140488],[5.733248,43.14048],[5.732903,43.14048],[5.732537,43.140491],[5.732167,43.140518],[5.731846,43.140556],[5.731418,43.140617],[5.731143,43.140663],[5.730654,43.140778],[5.730342,43.140865],[5.730119,43.14093],[5.729893,43.141006],[5.729358,43.141212],[5.729094,43.141331],[5.728588,43.14159],[5.728037,43.141907],[5.722771,43.145058],[5.722553,43.145203],[5.722216,43.145454],[5.721894,43.145729],[5.721704,43.145908],[5.721341,43.146309],[5.721106,43.146614],[5.720894,43.146946],[5.720707,43.147297],[5.720562,43.147636],[5.720431,43.148037],[5.720377,43.148285],[5.72019,43.149429],[5.720126,43.149689],[5.720038,43.149967],[5.719912,43.150291],[5.719726,43.150658],[5.719551,43.150948],[5.719297,43.151299],[5.719031,43.151615],[5.718724,43.15192],[5.718418,43.152187],[5.718143,43.152405],[5.717309,43.153046],[5.716804,43.153492],[5.716433,43.153919],[5.716193,43.154266],[5.716008,43.154572],[5.715827,43.154934],[5.715689,43.155296],[5.71558,43.155651],[5.715539,43.155823],[5.715509,43.156006],[5.715037,43.160034],[5.71498,43.160591],[5.714959,43.161118],[5.71496,43.161503],[5.714998,43.162216],[5.715052,43.162697],[5.715447,43.165459],[5.715895,43.169144],[5.715849,43.169773],[5.715696,43.170444],[5.715443,43.171059],[5.715039,43.17173],[5.714545,43.172318],[5.714119,43.172707],[5.713583,43.173111],[5.712268,43.174],[5.711659,43.1745],[5.711131,43.175079],[5.71071,43.17569],[5.710431,43.176266],[5.710219,43.176964],[5.709479,43.180832],[5.709318,43.181416],[5.709267,43.181576],[5.709221,43.181679],[5.708875,43.182365],[5.708467,43.182911],[5.70813,43.183292],[5.707974,43.183441],[5.707619,43.183754],[5.707231,43.18404],[5.70699,43.1842],[5.706754,43.184345],[5.706504,43.184486],[5.706061,43.184704],[5.705562,43.184914],[5.705304,43.185005],[5.704962,43.185116],[5.704612,43.185211],[5.704093,43.185329],[5.703783,43.185387],[5.703783,43.185387],[5.70338,43.18544],[5.702651,43.185509],[5.700196,43.185642],[5.695406,43.185925],[5.694103,43.185997],[5.693274,43.186024],[5.69259,43.186016],[5.692265,43.186001],[5.691613,43.185947],[5.691191,43.185898],[5.690491,43.185791],[5.690016,43.185703],[5.689692,43.185631],[5.689013,43.185459],[5.688418,43.185284],[5.687506,43.184948],[5.686686,43.184586],[5.685012,43.183781],[5.684223,43.183441],[5.683467,43.183167],[5.682555,43.182892],[5.681552,43.182674],[5.680608,43.18251],[5.679669,43.182411],[5.678837,43.182365],[5.677845,43.182369],[5.676949,43.182426],[5.67608,43.182522],[5.675211,43.182655],[5.674498,43.182808],[5.673526,43.183086],[5.672476,43.183468],[5.672245,43.183559],[5.671659,43.183826],[5.671334,43.183987],[5.670959,43.184185],[5.670093,43.184673],[5.666802,43.186558],[5.66591,43.187057],[5.66552,43.187256],[5.664996,43.187489],[5.664598,43.187645],[5.664031,43.18784],[5.663536,43.187984],[5.663008,43.188118],[5.662457,43.188229],[5.662165,43.188274],[5.661571,43.188351],[5.661024,43.1884],[5.660745,43.188412],[5.660133,43.188427],[5.658697,43.188419],[5.658191,43.188427],[5.657714,43.18845],[5.657139,43.188499],[5.656689,43.188568],[5.656348,43.188633],[5.655773,43.188774],[5.655268,43.188927],[5.654809,43.189102],[5.654262,43.189342],[5.653966,43.189495],[5.653574,43.189724],[5.653359,43.189861],[5.653106,43.190041],[5.652756,43.190323],[5.652575,43.190487],[5.652409,43.190647],[5.652258,43.190807],[5.651997,43.191124],[5.651727,43.191498],[5.651244,43.192204],[5.650998,43.192539],[5.650869,43.192699],[5.650649,43.192947],[5.650388,43.193207],[5.650217,43.193359],[5.649917,43.193604],[5.649573,43.193848],[5.649392,43.193962],[5.649026,43.194172],[5.648754,43.194317],[5.648336,43.194508],[5.648106,43.194599],[5.64784,43.194698],[5.647419,43.194836],[5.646961,43.194962],[5.646652,43.195026],[5.646151,43.195122],[5.645697,43.195175],[5.64523,43.195213],[5.64482,43.195221],[5.6443,43.195217],[5.643846,43.19519],[5.643448,43.195145],[5.641602,43.194878],[5.641097,43.194828],[5.640597,43.19479],[5.640142,43.194782],[5.63965,43.194786],[5.639182,43.194828],[5.63871,43.194878],[5.637735,43.195072],[5.636657,43.195408],[5.635664,43.195869],[5.634838,43.196438],[5.634235,43.196964],[5.633758,43.197495],[5.63342,43.197983],[5.633127,43.198544],[5.632931,43.199112],[5.632801,43.199615],[5.632801,43.199615],[5.632282,43.202003],[5.631596,43.205032],[5.631432,43.20554],[5.631193,43.20615],[5.63085,43.206749],[5.630573,43.207108],[5.630228,43.207481],[5.629766,43.207901],[5.62947,43.208118],[5.629128,43.208351],[5.628758,43.208572],[5.628395,43.208767],[5.627995,43.208958],[5.627422,43.209167],[5.627118,43.209267],[5.626414,43.20945],[5.626022,43.209522],[5.625627,43.209583],[5.625223,43.209629],[5.624778,43.209663],[5.624022,43.209675],[5.623342,43.209629],[5.62291,43.209572],[5.622541,43.209511],[5.621801,43.209339],[5.621039,43.209103],[5.60727,43.204365],[5.605862,43.203873],[5.605086,43.203541],[5.604572,43.203289],[5.603993,43.202961],[5.601673,43.201538],[5.60078,43.201099],[5.599758,43.200653],[5.599144,43.200401],[5.598441,43.200146],[5.597663,43.199913],[5.596722,43.199741],[5.595796,43.199654],[5.595068,43.199654],[5.594578,43.199669],[5.593776,43.199753],[5.592939,43.19994],[5.592269,43.200115],[5.592022,43.200203],[5.59158,43.200378],[5.591004,43.200653],[5.590705,43.200821],[5.59039,43.201023],[5.589843,43.201427],[5.589558,43.201664],[5.589307,43.201885],[5.589069,43.202133],[5.588871,43.202381],[5.588686,43.202637],[5.588482,43.202961],[5.587846,43.204079],[5.587651,43.204346],[5.587459,43.20459],[5.587132,43.204941],[5.586792,43.205254],[5.58634,43.205597],[5.586108,43.205757],[5.585855,43.205921],[5.585639,43.206043],[5.585227,43.206249],[5.584995,43.206352],[5.584536,43.206535],[5.584129,43.206673],[5.582989,43.207031],[5.582613,43.207165],[5.582144,43.207359],[5.581925,43.207462],[5.581223,43.207848],[5.580937,43.208042],[5.580603,43.208305],[5.580378,43.208504],[5.579909,43.209],[5.579669,43.20932],[5.579451,43.209656],[5.579188,43.21027],[5.579,43.210815],[5.574265,43.223827],[5.57393,43.224651],[5.573673,43.225113],[5.573469,43.225433],[5.573083,43.225922],[5.572599,43.226425],[5.572206,43.226753],[5.571785,43.227066],[5.569619,43.228432],[5.56858,43.229031],[5.567667,43.229454],[5.566893,43.22974],[5.56615,43.229946],[5.564369,43.230339],[5.55792,43.231815],[5.557119,43.232033],[5.556373,43.232285],[5.555593,43.23262],[5.555046,43.232887],[5.554821,43.233006],[5.554426,43.233231],[5.553923,43.233555],[5.553455,43.233891],[5.553186,43.2341],[5.553186,43.2341],[5.55275,43.234486],[5.552364,43.234867],[5.552155,43.235092],[5.551896,43.235397],[5.551587,43.235813],[5.551376,43.23613],[5.551095,43.236618],[5.551008,43.236794],[5.550844,43.237156],[5.550701,43.23753],[5.550589,43.237892],[5.550483,43.238323],[5.550435,43.238594],[5.550394,43.238884],[5.550354,43.239426],[5.550331,43.240074],[5.551281,43.263039],[5.551317,43.263515],[5.551365,43.263939],[5.551447,43.264313],[5.551554,43.26466],[5.55162,43.264824],[5.551693,43.264992],[5.551846,43.265293],[5.55198,43.265518],[5.552066,43.265652],[5.552315,43.265991],[5.55246,43.266163],[5.552665,43.266388],[5.552884,43.266605],[5.553143,43.26683],[5.553424,43.267052],[5.553665,43.267231],[5.553918,43.267395],[5.55435,43.267643],[5.55494,43.267921],[5.555311,43.268078],[5.556129,43.268345],[5.556545,43.268436],[5.556966,43.268517],[5.558655,43.268787],[5.559055,43.26886],[5.559523,43.268967],[5.559967,43.269089],[5.560392,43.26923],[5.560815,43.269398],[5.561233,43.269604],[5.561574,43.269783],[5.561911,43.269981],[5.562236,43.270195],[5.562489,43.270393],[5.562855,43.270714],[5.56319,43.271049],[5.563384,43.271278],[5.563545,43.271488],[5.563819,43.271881],[5.56401,43.27224],[5.564116,43.272484],[5.564269,43.272923],[5.56435,43.273273],[5.564412,43.27375],[5.564417,43.274048],[5.564404,43.274483],[5.564394,43.27462],[5.564145,43.27676],[5.564133,43.277031],[5.56413,43.277203],[5.564154,43.277519],[5.564197,43.277779],[5.564264,43.278049],[5.564323,43.278236],[5.564515,43.278664],[5.564589,43.278805],[5.564726,43.279026],[5.564889,43.279263],[5.565057,43.279472],[5.565225,43.279667],[5.565575,43.279999],[5.565849,43.280231],[5.566283,43.280521],[5.566532,43.280666],[5.566978,43.280891],[5.567347,43.281059],[5.58013,43.286629],[5.582923,43.287838],[5.58332,43.288021],[5.583777,43.288258],[5.584066,43.288433],[5.584391,43.288658],[5.584643,43.288857],[5.584773,43.288971],[5.585118,43.289314],[5.585242,43.289459],[5.58543,43.2897],[5.585585,43.289932],[5.585708,43.290142],[5.585787,43.290302],[5.585882,43.290516],[5.586018,43.290924],[5.586065,43.291119],[5.5861,43.291317],[5.586125,43.291519],[5.586137,43.291847],[5.586088,43.292355],[5.586054,43.29253],[5.585948,43.2929],[5.585876,43.293079],[5.585711,43.293434],[5.585507,43.293774],[5.58533,43.294018],[5.584969,43.29443],[5.584597,43.294777],[5.58375,43.295517],[5.583229,43.295956],[5.582922,43.296185],[5.58258,43.296421],[5.582293,43.296604],[5.581933,43.296803],[5.581311,43.297085],[5.580807,43.297272],[5.580511,43.297375],[5.57994,43.297523],[5.579466,43.297619],[5.57897,43.297695],[5.578555,43.297737],[5.578064,43.297768],[5.577491,43.297775],[5.577251,43.297764],[5.576507,43.297699],[5.575823,43.297607],[5.568508,43.296501],[5.568048,43.296417],[5.567107,43.296223],[5.56645,43.29612],[5.56645,43.29612],[5.565928,43.29604],[5.565289,43.295956],[5.562478,43.295532],[5.562083,43.295456],[5.561661,43.295361],[5.56112,43.295216],[5.560877,43.295139],[5.560422,43.294983],[5.559926,43.294777],[5.55954,43.294601],[5.559222,43.294437],[5.558624,43.294086],[5.558297,43.293865],[5.557715,43.293407],[5.557386,43.293106],[5.557045,43.292751],[5.556814,43.292484],[5.556329,43.291878],[5.555964,43.291443],[5.555788,43.291248],[5.555606,43.291065],[5.555428,43.290897],[5.555252,43.290745],[5.5551,43.290623],[5.554804,43.290401],[5.55456,43.290237],[5.554049,43.289932],[5.553857,43.289833],[5.55312,43.289494],[5.55263,43.289303],[5.552174,43.289143],[5.549253,43.288235],[5.548503,43.288013],[5.548236,43.287945],[5.547639,43.287815],[5.547145,43.287731],[5.523384,43.284565],[5.521938,43.284386],[5.520707,43.284302],[5.519963,43.284294],[5.519049,43.284336],[5.518121,43.284416],[5.515609,43.284729],[5.515609,43.284729],[5.514706,43.284832],[5.513204,43.284973],[5.511027,43.28516],[5.50702,43.285576],[5.505124,43.285786],[5.503965,43.285934],[5.503544,43.28598],[5.503126,43.286011],[5.502211,43.286041],[5.501649,43.28603],[5.501151,43.286003],[5.50059,43.285946],[5.499925,43.285854],[5.4993,43.285736],[5.498545,43.285561],[5.49665,43.285072],[5.496066,43.284935],[5.495803,43.284882],[5.495204,43.284771],[5.494609,43.284687],[5.49391,43.284615],[5.493676,43.284599],[5.493222,43.284573],[5.492692,43.284561],[5.492051,43.284565],[5.49153,43.284584],[5.49083,43.284634],[5.487496,43.284943],[5.486685,43.285042],[5.4863,43.285107],[5.48583,43.28521],[5.485403,43.285324],[5.485163,43.285397],[5.484602,43.285595],[5.484251,43.285744],[5.483159,43.286232],[5.482722,43.286415],[5.482318,43.286564],[5.481869,43.286709],[5.481409,43.286831],[5.481029,43.286911],[5.479947,43.287037],[5.479467,43.287029],[5.479044,43.287003],[5.477552,43.286858],[5.477008,43.286819],[5.476402,43.286808],[5.475953,43.286827],[5.47549,43.286869],[5.475037,43.286926],[5.468646,43.288002],[5.467294,43.288235],[5.467294,43.288235],[5.466676,43.288361],[5.46631,43.288441],[5.466042,43.288509],[5.463233,43.289288],[5.461533,43.289768],[5.460036,43.290176],[5.459225,43.290367],[5.458937,43.290421],[5.458373,43.290501],[5.457904,43.29055],[5.457269,43.290585],[5.456715,43.290588],[5.456155,43.290562],[5.455649,43.290516],[5.455362,43.290482],[5.454701,43.290375],[5.452761,43.289986],[5.452297,43.289909],[5.45194,43.289856],[5.451654,43.289818],[5.451017,43.289764],[5.450777,43.289753],[5.450233,43.289745],[5.44981,43.289757],[5.449235,43.289799],[5.448783,43.289852],[5.448537,43.28989],[5.448048,43.289982],[5.445725,43.290489],[5.444918,43.290634],[5.444294,43.290714],[5.443846,43.29073],[5.443314,43.290737],[5.442773,43.290726],[5.44242,43.290703],[5.441601,43.290615],[5.441114,43.290524],[5.440688,43.290428],[5.439927,43.290207],[5.439355,43.290012],[5.438768,43.289845],[5.438243,43.289703],[5.437884,43.289627],[5.437495,43.289566],[5.436511,43.289452],[5.433871,43.28923],[5.432224,43.289112],[5.431843,43.289116],[5.431323,43.289131],[5.430706,43.289185],[5.430179,43.289246],[5.42962,43.289345],[5.429279,43.28941],[5.428801,43.289539],[5.428126,43.289749],[5.427487,43.290012],[5.426588,43.290401],[5.424833,43.291199],[5.423373,43.291832],[5.422857,43.29203],[5.422415,43.292175],[5.421953,43.292309],[5.421729,43.292366],[5.421485,43.292419],[5.420891,43.29253],[5.419873,43.292683],[5.418831,43.292828],[5.418348,43.292904],[5.417867,43.292992],[5.417488,43.293041],[5.417177,43.293095],[5.4168,43.293179],[5.416251,43.293316],[5.415841,43.29343],[5.415413,43.293556],[5.413397,43.294189],[5.411737,43.294727],[5.4108,43.295013],[5.410524,43.295113],[5.409993,43.29533],[5.409818,43.295391],[5.409153,43.295609],[5.408016,43.296005],[5.407555,43.296192],[5.407148,43.296394],[5.407148,43.296394],[5.406897,43.296543],[5.406758,43.296635],[5.406627,43.296726],[5.406395,43.296902],[5.40626,43.297012],[5.405976,43.297264],[5.405668,43.297588],[5.405486,43.297806],[5.405303,43.298061],[5.405167,43.298275],[5.405035,43.298515],[5.404882,43.298862],[5.404782,43.29916],[5.404703,43.299473],[5.404512,43.30048],[5.404045,43.303284],[5.403932,43.303894],[5.403855,43.304211],[5.403753,43.304508],[5.403505,43.304993],[5.403307,43.305275],[5.403094,43.305557],[5.402843,43.305824],[5.402563,43.306072],[5.402165,43.306381],[5.401921,43.306538],[5.401591,43.306717],[5.401015,43.306976],[5.400532,43.30714],[5.39801,43.307938],[5.397165,43.30822],[5.396699,43.308357],[5.396107,43.308514],[5.395287,43.308674],[5.394866,43.308723],[5.394462,43.30875],[5.394137,43.308762],[5.393627,43.308754],[5.393162,43.308727],[5.392793,43.308693],[5.39239,43.308636],[5.392031,43.308567],[5.39174,43.308495],[5.391368,43.308376],[5.391044,43.308254],[5.390828,43.308163],[5.390636,43.308067],[5.390258,43.307861],[5.38862,43.306919],[5.388256,43.306717],[5.38808,43.306633],[5.387878,43.306541],[5.387329,43.306324],[5.386711,43.306034],[5.386502,43.305912],[5.386352,43.305805],[5.385121,43.305004],[5.384861,43.304859],[5.382028,43.303364],[5.380801,43.302723]]]}},{"type":"Feature","properties":{"route_name":"Ligne C7","type":"Commuter Rail","network":"TER ZOU!","color":"#0749FF"},"geometry":{"type":"MultiLineString","coordinates":[[[5.380686,43.302837],[5.383035,43.304077],[5.383832,43.304485],[5.38507,43.305099],[5.385269,43.30521],[5.385424,43.305302],[5.385949,43.305653],[5.386215,43.305878],[5.386319,43.305954],[5.386884,43.306305],[5.387386,43.306553],[5.387566,43.306629],[5.388359,43.306946],[5.388614,43.307068],[5.389508,43.307583],[5.389849,43.307812],[5.390062,43.307964],[5.390533,43.308331],[5.3909,43.308643],[5.391091,43.308842],[5.391273,43.309044],[5.391488,43.309303],[5.391699,43.309597],[5.391801,43.309753],[5.392099,43.310295],[5.392623,43.311321],[5.392884,43.311916],[5.393004,43.312241],[5.393132,43.312637],[5.393239,43.313038],[5.393304,43.313366],[5.393353,43.313725],[5.393369,43.313904],[5.39338,43.314259],[5.393375,43.314716],[5.393371,43.315102],[5.393348,43.315815],[5.393114,43.319962],[5.393063,43.320637],[5.393013,43.321041],[5.392897,43.321785],[5.392766,43.322399],[5.39272,43.322586],[5.392533,43.323254],[5.39235,43.323799],[5.392133,43.324371],[5.391953,43.324802],[5.391695,43.325359],[5.391501,43.325741],[5.391246,43.32621],[5.390883,43.326809],[5.390608,43.327229],[5.390222,43.327785],[5.389657,43.32851],[5.389131,43.329128],[5.388863,43.329422],[5.388456,43.329849],[5.387835,43.330452],[5.387318,43.33091],[5.386556,43.331543],[5.386086,43.331902],[5.385494,43.332325],[5.384911,43.332726],[5.35495,43.352772],[5.353502,43.353729],[5.352597,43.354336],[5.351672,43.354931],[5.350587,43.355614],[5.347639,43.357578],[5.346763,43.358166],[5.344754,43.359585],[5.343373,43.360516],[5.342576,43.361034],[5.342203,43.361256],[5.341784,43.361485],[5.341414,43.361675],[5.340749,43.36198],[5.340529,43.362072],[5.339885,43.362309],[5.339175,43.362534],[5.33852,43.362709],[5.338154,43.362793],[5.337545,43.362915],[5.336982,43.363007],[5.336479,43.363068],[5.335977,43.36311],[5.335596,43.363132],[5.335072,43.363152],[5.33442,43.363163],[5.331757,43.363174],[5.33112,43.363186],[5.330354,43.363213],[5.32861,43.363285],[5.328145,43.363304],[5.326536,43.363407],[5.322549,43.363689],[5.321395,43.363743],[5.321395,43.363743],[5.320694,43.363781],[5.319091,43.36388],[5.318462,43.363914],[5.317478,43.363941],[5.316918,43.363945],[5.316284,43.363934],[5.315714,43.363911],[5.314014,43.363815],[5.313606,43.3638],[5.313042,43.3638],[5.312478,43.363823],[5.311822,43.363873],[5.311238,43.363949],[5.310496,43.364079],[5.309716,43.364258],[5.3091,43.364429],[5.308859,43.364506],[5.308381,43.364677],[5.307619,43.364979],[5.306713,43.365376],[5.305719,43.365852],[5.305173,43.366154],[5.304917,43.366306],[5.304482,43.366589],[5.304077,43.366879],[5.303916,43.367001],[5.303708,43.367172],[5.303302,43.367538],[5.302999,43.367828],[5.30211,43.368725],[5.301703,43.369106],[5.300495,43.370083],[5.297271,43.372814],[5.28537,43.382835],[5.277412,43.389545],[5.275259,43.391369],[5.272834,43.39341],[5.271192,43.394798],[5.268923,43.396698],[5.264277,43.400673],[5.264186,43.400726],[5.263717,43.401119],[5.255971,43.407639],[5.25552,43.408031],[5.255214,43.40831],[5.254579,43.408947],[5.254208,43.409359],[5.254014,43.409599],[5.254014,43.409599],[5.253734,43.409973],[5.25352,43.410282],[5.253323,43.410599],[5.253041,43.411102],[5.252853,43.411488],[5.25272,43.411781],[5.252598,43.412086],[5.252478,43.41243],[5.252335,43.412926],[5.252226,43.413403],[5.251004,43.419369],[5.250895,43.419853],[5.250757,43.420364],[5.250629,43.420765],[5.250504,43.421104],[5.250285,43.421642],[5.250099,43.422035],[5.249813,43.422581],[5.249621,43.422913],[5.24926,43.423481],[5.249035,43.423801],[5.248644,43.424313],[5.248019,43.425041],[5.247791,43.425278],[5.247246,43.425812],[5.246734,43.426266],[5.246389,43.426552],[5.246028,43.426842],[5.245609,43.427143],[5.243742,43.428417],[5.240308,43.430748],[5.239993,43.430973],[5.239576,43.431282],[5.23937,43.431446],[5.23892,43.431831],[5.238491,43.432251],[5.238164,43.43261],[5.23791,43.432922],[5.237694,43.433208],[5.237538,43.433441],[5.237385,43.433681],[5.237169,43.434048],[5.236936,43.434505],[5.236819,43.434772],[5.236697,43.435108],[5.236583,43.435448],[5.236495,43.435753],[5.236422,43.436054],[5.236349,43.436478],[5.236304,43.436924],[5.236296,43.437496],[5.236316,43.437954],[5.236349,43.438274],[5.236383,43.438519],[5.236436,43.438801],[5.236565,43.439335],[5.237092,43.441235],[5.237092,43.441235],[5.237276,43.441879],[5.237429,43.442463],[5.237479,43.44268],[5.237615,43.443394],[5.237697,43.444012],[5.237742,43.444569],[5.23776,43.445087],[5.23776,43.445377],[5.237741,43.445934],[5.237717,43.446281],[5.237684,43.44659],[5.237612,43.447121],[5.237532,43.447571],[5.237438,43.447998],[5.237282,43.448589],[5.237135,43.449059],[5.237,43.449444],[5.236786,43.449986],[5.235977,43.451893],[5.235787,43.452389],[5.2357,43.452656],[5.235582,43.453091],[5.235516,43.453392],[5.235423,43.453926],[5.231929,43.476444],[5.230919,43.483006],[5.230873,43.483448],[5.230841,43.483921],[5.230829,43.484352],[5.23082,43.486614],[5.23082,43.486614],[5.230802,43.493454],[5.230796,43.493881],[5.230783,43.494144],[5.230739,43.494633],[5.230669,43.495056],[5.230625,43.495262],[5.230525,43.495636],[5.230412,43.495991],[5.230202,43.496521],[5.229961,43.497009],[5.229774,43.497341],[5.229504,43.497761],[5.22928,43.498074],[5.229001,43.498425],[5.22869,43.498779],[5.228353,43.499126],[5.228004,43.499451],[5.227627,43.499771],[5.227065,43.500198],[5.226568,43.500534],[5.226203,43.500755],[5.225876,43.500942],[5.225318,43.501232],[5.225063,43.50135],[5.22444,43.501621],[5.223755,43.501877],[5.222963,43.502125],[5.222448,43.502266],[5.221868,43.502396],[5.221289,43.502506],[5.220549,43.502621],[5.219863,43.502689],[5.219193,43.502731],[5.21861,43.502747],[5.2179,43.502739],[5.217285,43.502712],[5.216661,43.502655],[5.216075,43.502583],[5.215585,43.502506],[5.214675,43.502319],[5.214013,43.50214],[5.213332,43.501942],[5.212675,43.501698],[5.212031,43.501423],[5.211486,43.50116],[5.210776,43.50079],[5.210175,43.500423],[5.209523,43.499966],[5.208976,43.499512],[5.206232,43.497009],[5.205553,43.496395],[5.204778,43.49575],[5.204089,43.495235],[5.203416,43.494759],[5.202638,43.494267],[5.202018,43.493916],[5.201297,43.493576],[5.200519,43.493279],[5.19979,43.493046],[5.198977,43.492847],[5.198151,43.492687],[5.197268,43.49258],[5.196286,43.492512],[5.195369,43.492512],[5.194274,43.492584],[5.193253,43.492733],[5.192284,43.492939],[5.191173,43.493263],[5.190454,43.493561],[5.189521,43.494011],[5.189274,43.494148],[5.188761,43.494457],[5.188017,43.494942],[5.172274,43.505489],[5.15097,43.519745],[5.141571,43.526028],[5.131224,43.532936],[5.130797,43.533203],[5.130234,43.533524],[5.129749,43.533768],[5.129154,43.534035],[5.128344,43.534344],[5.127821,43.534515],[5.127424,43.53463],[5.126849,43.534782],[5.126032,43.534958],[5.12538,43.535069],[5.124999,43.535118],[5.124235,43.535194],[5.123881,43.535217],[5.123189,43.53524],[5.122637,43.53524],[5.122384,43.535233],[5.121582,43.535187],[5.121321,43.535164],[5.120771,43.535099],[5.119903,43.534962],[5.111343,43.533302],[5.11035,43.5331],[5.108401,43.53273],[5.107542,43.532547],[5.106993,43.53241],[5.106453,43.532261],[5.105844,43.53207],[5.10342,43.531281],[5.101804,43.530766],[5.100743,43.530445],[5.100228,43.530296],[5.095415,43.529079],[5.093915,43.528713],[5.093451,43.528618],[5.0926,43.528477],[5.091871,43.528389],[5.091278,43.528347],[5.090953,43.528332],[5.090404,43.52832],[5.089601,43.528339],[5.088788,43.528408],[5.08835,43.528454],[5.086713,43.528648],[5.085785,43.528721],[5.085001,43.528736],[5.084622,43.528736],[5.083209,43.528687],[5.076073,43.528374],[5.074257,43.528336],[5.073409,43.528362],[5.072278,43.528419],[5.067651,43.528717],[5.06343,43.528976],[5.061758,43.529099],[5.061086,43.529175],[5.060551,43.529251],[5.060209,43.529312],[5.05988,43.529385],[5.058943,43.529621],[5.058194,43.52985],[5.057512,43.53009],[5.056741,43.530415],[5.056167,43.530701],[5.055873,43.530857],[5.055484,43.531082],[5.054924,43.531437],[5.054621,43.531643],[5.054364,43.531837],[5.054005,43.532124],[5.053567,43.532497],[5.053075,43.532997],[5.052686,43.533447],[5.052436,43.533775],[5.0521,43.53426],[5.051843,43.534691],[5.051628,43.535107],[5.051481,43.535439],[5.051372,43.535709],[5.051281,43.535976],[5.051208,43.536221],[5.051068,43.536903],[5.051029,43.537205],[5.05097,43.538052],[5.050942,43.538795],[5.050913,43.539219],[5.050884,43.539509],[5.050815,43.539951],[5.050777,43.540138],[5.050711,43.540413],[5.050621,43.540718],[5.050469,43.541119],[5.050344,43.541416],[5.050216,43.541683],[5.050017,43.542057],[5.049781,43.542442],[5.049589,43.542732],[5.049239,43.54319],[5.048878,43.54361],[5.048697,43.543804],[5.048476,43.544022],[5.048213,43.544266],[5.047737,43.54467],[5.047422,43.544907],[5.047214,43.545052],[5.046725,43.545372],[5.046124,43.545727],[5.044832,43.546459],[5.044568,43.546616],[5.044363,43.546749],[5.043976,43.547024],[5.043785,43.547169],[5.043383,43.547493],[5.043204,43.547649],[5.042963,43.547867],[5.042746,43.54808],[5.042566,43.548264],[5.04243,43.548416],[5.041477,43.549568],[5.041023,43.550133],[5.040644,43.550552],[5.040422,43.550777],[5.040086,43.551094],[5.040086,43.551094],[5.039723,43.551411],[5.038616,43.552303],[5.038068,43.552811],[5.037605,43.553268],[5.037064,43.553841],[5.036576,43.554398],[5.036065,43.555031],[5.03555,43.555744],[5.034088,43.557922],[5.033527,43.55888],[5.032108,43.560989],[5.030807,43.562958],[5.030375,43.563484],[5.029971,43.563904],[5.029541,43.564289],[5.028863,43.56485],[5.028367,43.565281],[5.027678,43.56599],[5.027331,43.566418],[5.026999,43.566887],[5.026688,43.567463],[5.02646,43.567959],[5.026238,43.568665],[5.025823,43.570377],[5.025596,43.571163],[5.025427,43.57164],[5.025202,43.57214],[5.024907,43.572708],[5.024529,43.573277],[5.024045,43.573895],[5.023614,43.574387],[5.023396,43.5746],[5.023167,43.574802],[5.022383,43.575436],[5.022222,43.57555],[5.021516,43.576015],[5.020792,43.576427],[5.020135,43.576744],[5.019384,43.577049],[5.018588,43.577339],[5.01784,43.577557],[5.0156,43.578114],[5.008616,43.579781],[5.007061,43.580158],[5.005883,43.580437],[5.005373,43.58054],[5.004838,43.580627],[5.004144,43.580715],[5.003348,43.580776],[5.002432,43.580818],[5.001942,43.580853],[5.000755,43.580994],[4.99947,43.581066],[4.99947,43.581066],[4.998443,43.5811],[4.996946,43.581097],[4.995988,43.581146],[4.994289,43.581261],[4.993578,43.581318],[4.992213,43.581406],[4.991003,43.58147],[4.990522,43.581516],[4.99032,43.581547],[4.989985,43.581623],[4.989553,43.581753],[4.989342,43.581829],[4.989029,43.581963],[4.988729,43.582119],[4.988377,43.582363],[4.988153,43.582546],[4.98793,43.582756],[4.987705,43.583008],[4.987539,43.58326],[4.987391,43.583569],[4.987302,43.583839],[4.987254,43.584011],[4.987158,43.584599],[4.987007,43.585617],[4.986866,43.586742],[4.986713,43.587849],[4.986492,43.589691],[4.986465,43.590054],[4.986458,43.59042],[4.986468,43.590824],[4.986508,43.591194],[4.98657,43.591579],[4.986771,43.592377],[4.986877,43.592697],[4.987185,43.593422],[4.987439,43.59388],[4.987746,43.594364],[4.988099,43.594852],[4.988563,43.595387],[4.988992,43.595833],[4.989495,43.596268],[4.990009,43.59668],[4.990522,43.597042],[4.991095,43.597401],[4.991629,43.597687],[4.992227,43.597977],[4.992838,43.598244],[5.005099,43.603298],[5.011876,43.606083],[5.012473,43.606342],[5.013126,43.606667],[5.013688,43.606983],[5.015931,43.608383],[5.025062,43.614117],[5.025768,43.61451],[5.026389,43.614849],[5.027057,43.61517],[5.02779,43.615509],[5.028488,43.615803],[5.033916,43.617981],[5.034616,43.618244],[5.035333,43.618488],[5.044334,43.621403],[5.045454,43.621735],[5.046358,43.621933],[5.047235,43.62207],[5.072347,43.62529],[5.073992,43.625507],[5.074795,43.625626],[5.075436,43.625755],[5.076001,43.6259],[5.076617,43.626076],[5.077631,43.626438],[5.078238,43.626701],[5.078925,43.627033],[5.081631,43.628391],[5.085862,43.630539],[5.087196,43.631207],[5.087685,43.631485],[5.088062,43.631733],[5.088524,43.632103],[5.088814,43.632374],[5.089088,43.632664],[5.089403,43.633022],[5.089594,43.633312],[5.089716,43.633553],[5.089836,43.633835],[5.089909,43.634163],[5.089935,43.634468],[5.089935,43.634697],[5.089799,43.635735],[5.08971,43.636135],[5.089292,43.637112],[5.088439,43.639034],[5.088439,43.639034],[5.087674,43.640671],[5.0875,43.641079],[5.086563,43.643166],[5.085943,43.64447],[5.084882,43.646801],[5.083198,43.650669],[5.081894,43.653584],[5.080375,43.656929],[5.079683,43.658516],[5.079024,43.659924],[5.078021,43.662136],[5.077813,43.662689],[5.077735,43.662949],[5.077641,43.663364],[5.077593,43.663731],[5.077587,43.664299],[5.077632,43.664684],[5.07779,43.665474],[5.077965,43.665916],[5.078275,43.666565],[5.079851,43.66943],[5.080663,43.670879],[5.081417,43.67226],[5.082158,43.673698],[5.083469,43.676094],[5.08435,43.677677],[5.085106,43.679077],[5.085861,43.680443],[5.086712,43.681961],[5.087382,43.683186],[5.088194,43.684536],[5.089388,43.686726],[5.089667,43.687283],[5.089839,43.687675],[5.08997,43.688057],[5.090071,43.688442],[5.090167,43.688869],[5.09022,43.689224],[5.090481,43.691448],[5.090819,43.694561],[5.090958,43.69574],[5.090989,43.695961],[5.091135,43.6973],[5.091248,43.698238],[5.091416,43.699772],[5.091416,43.699772],[5.091525,43.700695],[5.09202,43.705173],[5.092235,43.707054],[5.092268,43.707626],[5.092257,43.708454],[5.092189,43.708935],[5.092113,43.709343],[5.09202,43.70974],[5.091879,43.710133],[5.091698,43.71059],[5.091351,43.711304],[5.088246,43.716461],[5.082038,43.726906],[5.080215,43.729935],[5.077465,43.73455],[5.0763,43.73645],[5.076071,43.736748],[5.075102,43.737923],[5.074831,43.738281],[5.0745,43.738758],[5.074282,43.739109],[5.073324,43.740723],[5.073324,43.740723],[5.07275,43.741676],[5.072505,43.742104],[5.072333,43.742519],[5.072003,43.743412],[5.07181,43.743908],[5.071565,43.744431],[5.067247,43.751698],[5.057025,43.768799],[5.056182,43.770226],[5.055209,43.771839],[5.050465,43.7798],[5.050344,43.779987],[5.050213,43.78017],[5.050044,43.780384],[5.04987,43.780582],[5.049477,43.780972],[5.048351,43.78199],[5.048105,43.782227],[5.047743,43.782608],[5.047519,43.782867],[5.04732,43.783112],[5.047022,43.783531],[5.045527,43.785847],[5.045527,43.785847],[5.045393,43.786049],[5.045177,43.786404],[5.045093,43.786556],[5.045027,43.786701],[5.044966,43.786865],[5.04492,43.787018],[5.044883,43.787174],[5.044844,43.78751],[5.044842,43.787663],[5.044851,43.787811],[5.044889,43.788078],[5.044926,43.788216],[5.044997,43.788441],[5.045056,43.788578],[5.045149,43.788765],[5.045275,43.788979],[5.045418,43.789169],[5.045629,43.789421],[5.04809,43.791908],[5.052469,43.796364],[5.05301,43.796917],[5.053266,43.797195],[5.053515,43.797501],[5.053669,43.797718],[5.053763,43.797871],[5.053847,43.798027],[5.053989,43.798336],[5.054108,43.798668],[5.054169,43.798916],[5.054226,43.799282],[5.054239,43.799664],[5.054219,43.799953],[5.054162,43.80027],[5.054039,43.800755],[5.053295,43.8032],[5.053125,43.803841],[5.052958,43.804394],[5.052785,43.804932],[5.052624,43.805489],[5.052131,43.807117],[5.051928,43.807705],[5.050454,43.81258],[5.048765,43.818111],[5.047989,43.820824],[5.046208,43.82671],[5.045859,43.827797],[5.045712,43.828327],[5.045587,43.828709],[5.045533,43.828934],[5.045426,43.82959],[5.04534,43.830006],[5.045249,43.830395],[5.044617,43.832428],[5.044014,43.834057],[5.043853,43.834587],[5.043853,43.834587],[5.04357,43.835499],[5.04329,43.836285],[5.043178,43.836628],[5.04311,43.836895],[5.042953,43.837406],[5.042786,43.837921],[5.042714,43.838177],[5.042585,43.838745],[5.042528,43.839092],[5.042492,43.839432],[5.042482,43.839649],[5.042485,43.839893],[5.0425,43.840164],[5.042569,43.840664],[5.042627,43.840912],[5.042727,43.841267],[5.04285,43.84161],[5.043005,43.841957],[5.044102,43.844212],[5.044371,43.84483],[5.044846,43.845814],[5.045822,43.847786],[5.046569,43.849339],[5.052487,43.861511],[5.057247,43.87133],[5.057391,43.871689],[5.057513,43.872044],[5.057631,43.872406],[5.057726,43.872776],[5.057817,43.87323],[5.057889,43.87368],[5.057923,43.87405],[5.05794,43.874428],[5.057935,43.87505],[5.05787,43.87566],[5.054291,43.903938],[5.053854,43.907524],[5.053141,43.913113],[5.053068,43.913441],[5.052979,43.913776],[5.052832,43.914154],[5.052631,43.914539],[5.052422,43.914848],[5.052178,43.915157],[5.051848,43.915478],[5.051499,43.915768],[5.051062,43.91608],[5.05059,43.916363],[5.050054,43.916595],[5.049426,43.91679],[5.048726,43.916943],[5.047516,43.917156],[5.047516,43.917156],[5.041599,43.918213],[5.040617,43.918396],[5.040129,43.918461],[5.039451,43.91853],[5.038804,43.918568],[5.03801,43.918575],[5.037219,43.918541],[5.035009,43.918381],[5.033849,43.918312],[5.032997,43.918312],[5.032156,43.918358],[5.030473,43.918533],[5.014766,43.920425],[5.014135,43.920521],[5.013428,43.920654],[5.012783,43.920815],[5.012091,43.921021],[5.011399,43.921246],[5.010707,43.92152],[5.01009,43.921795],[5.009562,43.92207],[5.006229,43.92395],[5.002951,43.925785],[5.002377,43.926083],[5.001809,43.926315],[5.001109,43.926521],[5.000481,43.926643],[4.999864,43.926716],[4.999239,43.926739],[4.99852,43.926716],[4.997772,43.926643],[4.997619,43.92662],[4.996331,43.926395],[4.996331,43.926395],[4.993526,43.925892],[4.98501,43.924343],[4.974739,43.922497],[4.974372,43.922443],[4.973995,43.922401],[4.973708,43.922379],[4.97339,43.922367],[4.973068,43.922367],[4.972765,43.922379],[4.972416,43.922405],[4.972049,43.922447],[4.971335,43.922577],[4.970766,43.922729],[4.97016,43.922962],[4.969595,43.923229],[4.969044,43.923527],[4.963842,43.926174],[4.956911,43.929729],[4.956911,43.929729],[4.954352,43.931042],[4.953361,43.931545],[4.952272,43.932114],[4.948859,43.933853],[4.948478,43.934059],[4.947862,43.934464],[4.947706,43.934597],[4.947234,43.935066],[4.94697,43.935383],[4.946721,43.935734],[4.946499,43.936161],[4.946332,43.936611],[4.945562,43.938961],[4.945458,43.939316],[4.944913,43.941002],[4.94471,43.941559],[4.944482,43.94212],[4.944246,43.942619],[4.94398,43.943146],[4.943666,43.943687],[4.94335,43.944199],[4.942958,43.944782],[4.942449,43.945454],[4.941891,43.946148],[4.940861,43.947239],[4.939028,43.949108],[4.935163,43.95311],[4.935163,43.95311],[4.934512,43.953766],[4.934147,43.954079],[4.933691,43.954388],[4.933176,43.954681],[4.932468,43.955002],[4.931759,43.955231],[4.931041,43.955379],[4.93044,43.95546],[4.929797,43.955498],[4.929153,43.95549],[4.928606,43.955448],[4.927954,43.955338],[4.927356,43.9552],[4.926857,43.955048],[4.921452,43.953262],[4.917586,43.952042],[4.91426,43.950985],[4.912042,43.950264],[4.91147,43.950066],[4.910846,43.949837],[4.910189,43.949509],[4.909551,43.94907],[4.909078,43.948658],[4.908619,43.948112],[4.908441,43.947849],[4.908311,43.947624],[4.908169,43.947308],[4.90797,43.946712],[4.907906,43.946293],[4.907891,43.945774],[4.908362,43.943123],[4.908418,43.942348],[4.908421,43.942169],[4.908416,43.941963],[4.908401,43.941765],[4.90836,43.941402],[4.90836,43.941402],[4.908308,43.941086],[4.908239,43.940739],[4.908062,43.940159],[4.907883,43.939678],[4.907529,43.938957],[4.907177,43.938328],[4.906821,43.937813],[4.90637,43.937283],[4.906035,43.936943],[4.905673,43.936619],[4.905132,43.936176],[4.904581,43.935772],[4.903962,43.935371],[4.90335,43.93502],[4.902986,43.93483],[4.902599,43.934639],[4.902111,43.934433],[4.901597,43.934227],[4.900818,43.93396],[4.900277,43.933811],[4.899587,43.933647],[4.899127,43.933548],[4.898671,43.933468],[4.898309,43.933411],[4.897861,43.933353],[4.897182,43.933296],[4.896803,43.933273],[4.896141,43.933243],[4.885535,43.932899],[4.880501,43.932732],[4.875372,43.932552],[4.873954,43.932514],[4.873954,43.932514],[4.869639,43.932377],[4.857153,43.931965],[4.856439,43.931953],[4.855783,43.931961],[4.855028,43.931988],[4.853523,43.932083],[4.852894,43.93214],[4.851892,43.932262],[4.851014,43.932388],[4.849839,43.932606],[4.848186,43.932972],[4.847242,43.933228],[4.845084,43.933895],[4.833138,43.937637],[4.83286,43.937725],[4.832471,43.937832],[4.830882,43.938343],[4.820024,43.941742],[4.819694,43.941837],[4.819339,43.941925],[4.818945,43.942001],[4.818599,43.942051],[4.8181,43.942093],[4.817513,43.942097],[4.817123,43.942081],[4.81332,43.941818],[4.811721,43.941692],[4.811244,43.941669],[4.809522,43.941608],[4.809211,43.941593],[4.808798,43.941555],[4.807765,43.941425],[4.806481,43.941292],[4.806151,43.941265],[4.805834,43.94125],[4.805351,43.941246],[4.803299,43.941269],[4.802787,43.941296],[4.801879,43.941391],[4.801197,43.941486],[4.800913,43.941513],[4.802147,43.941441],[4.802844,43.94141],[4.805266,43.941391],[4.805266,43.941391],[4.802844,43.94141],[4.802147,43.941441],[4.800913,43.941513],[4.800164,43.941521],[4.799629,43.941502],[4.799235,43.941475],[4.79884,43.941437],[4.798278,43.94136],[4.797776,43.941257],[4.797588,43.941212],[4.797255,43.941116],[4.796868,43.940983],[4.796642,43.940891],[4.796372,43.940773],[4.795927,43.940544],[4.795621,43.940357],[4.795311,43.94014],[4.795139,43.940006],[4.794839,43.939747],[4.794642,43.939552],[4.794366,43.939224],[4.794256,43.939075],[4.794156,43.938927],[4.794002,43.938667],[4.793848,43.938339],[4.793772,43.938145],[4.793714,43.937954],[4.793657,43.937729],[4.793613,43.937443],[4.793594,43.937115],[4.793596,43.93681],[4.793657,43.93639],[4.793711,43.936123],[4.793756,43.935944],[4.794288,43.934074],[4.794499,43.933372],[4.796114,43.927723],[4.796481,43.926495],[4.796562,43.926056],[4.796846,43.924988],[4.796991,43.924358],[4.797046,43.924015],[4.797091,43.92363],[4.797119,43.923134],[4.797115,43.92292],[4.797076,43.922401],[4.79704,43.922138],[4.79698,43.921825],[4.796871,43.921364],[4.79679,43.921135],[4.796676,43.920914],[4.796585,43.920776],[4.796475,43.92065],[4.796278,43.920444],[4.796067,43.920292],[4.795881,43.92017],[4.795677,43.920071],[4.795539,43.92001],[4.795297,43.919926],[4.795146,43.919888],[4.794837,43.919823],[4.794526,43.919792],[4.794377,43.919785],[4.794062,43.919792],[4.793845,43.919815],[4.793515,43.919872],[4.793194,43.919956],[4.791884,43.920349],[4.789642,43.920963],[4.78877,43.921211],[4.787486,43.921597]],[[4.787486,43.921597],[4.78877,43.921211],[4.789642,43.920963],[4.791884,43.920349],[4.793194,43.919956],[4.793515,43.919872],[4.793845,43.919815],[4.794062,43.919792],[4.794377,43.919785],[4.794526,43.919792],[4.794837,43.919823],[4.795146,43.919888],[4.795297,43.919926],[4.795539,43.92001],[4.795677,43.920071],[4.795881,43.92017],[4.796067,43.920292],[4.796278,43.920444],[4.796475,43.92065],[4.796585,43.920776],[4.796676,43.920914],[4.79679,43.921135],[4.796871,43.921364],[4.79698,43.921825],[4.79704,43.922138],[4.797076,43.922401],[4.797115,43.92292],[4.797108,43.923092],[4.797068,43.923386],[4.796924,43.923985],[4.796762,43.924473],[4.796616,43.924805],[4.796242,43.92572],[4.796128,43.925953],[4.795887,43.926399],[4.795424,43.92712],[4.794828,43.927982],[4.794505,43.928505],[4.794162,43.929184],[4.794,43.929577],[4.793806,43.930138],[4.792892,43.933331],[4.792492,43.9347],[4.792426,43.934978],[4.792315,43.935623],[4.792218,43.936401],[4.792218,43.936943],[4.79226,43.937263],[4.79233,43.937611],[4.792375,43.937782],[4.79248,43.938087],[4.792622,43.938419],[4.792817,43.938789],[4.792947,43.938992],[4.793112,43.939228],[4.793363,43.939537],[4.793556,43.939739],[4.793803,43.939968],[4.794079,43.940193],[4.794532,43.94051],[4.79499,43.940769],[4.795239,43.940891],[4.79577,43.941113],[4.796073,43.941216],[4.796494,43.941338],[4.796878,43.941429],[4.7972,43.941486],[4.797709,43.941555],[4.798086,43.941586],[4.800798,43.941719],[4.801752,43.941746],[4.805273,43.941765],[4.805273,43.941765],[4.808506,43.941772],[4.809023,43.941738],[4.811151,43.941738],[4.811558,43.941723],[4.811793,43.94173],[4.813439,43.94186],[4.817116,43.942112],[4.817517,43.942131],[4.81811,43.942123],[4.818377,43.942108],[4.818768,43.942062],[4.819185,43.941994],[4.819776,43.941849],[4.82078,43.941551],[4.828247,43.939209],[4.830503,43.938492],[4.830893,43.938377],[4.845894,43.933678],[4.847226,43.93327],[4.848192,43.933006],[4.849853,43.932644],[4.850939,43.932438],[4.851906,43.932293],[4.852895,43.932175],[4.853534,43.932114],[4.855047,43.932018],[4.855791,43.931995],[4.856446,43.931988],[4.857162,43.931995],[4.861336,43.93214],[4.867143,43.932323],[4.869639,43.932415],[4.87395,43.932545],[4.87395,43.932545],[4.875366,43.932587],[4.880575,43.93277],[4.881875,43.9328],[4.883131,43.932854],[4.885428,43.93293],[4.886401,43.932961],[4.886716,43.932957],[4.888514,43.933029],[4.896141,43.933277],[4.8968,43.933304],[4.897184,43.933327],[4.897848,43.933388],[4.898664,43.933498],[4.899117,43.933578],[4.899576,43.933674],[4.900265,43.933846],[4.900806,43.93399],[4.901566,43.934258],[4.902084,43.934464],[4.902576,43.934669],[4.903307,43.93504],[4.903925,43.93539],[4.904553,43.935799],[4.905098,43.936203],[4.905994,43.936966],[4.906332,43.937317],[4.906767,43.93784],[4.907127,43.938339],[4.907475,43.938961],[4.907823,43.939678],[4.908007,43.940174],[4.908182,43.94072],[4.908261,43.941086],[4.908322,43.941452],[4.908322,43.941452],[4.908355,43.941761],[4.908375,43.942165],[4.908368,43.942345],[4.908305,43.943123],[4.907831,43.945778],[4.907855,43.946297],[4.907921,43.946728],[4.908116,43.947323],[4.908257,43.947636],[4.908403,43.947872],[4.908578,43.948139],[4.909026,43.948681],[4.909509,43.9491],[4.910156,43.949543],[4.910795,43.94986],[4.911452,43.950111],[4.91201,43.950298],[4.917541,43.952072],[4.921418,43.953281],[4.922727,43.953732],[4.926836,43.955086],[4.927351,43.955242],[4.928024,43.955391],[4.928617,43.955486],[4.929173,43.955528],[4.929833,43.955536],[4.930459,43.955494],[4.93106,43.955414],[4.931769,43.955261],[4.932498,43.955032],[4.933189,43.95472],[4.933721,43.954422],[4.934174,43.954105],[4.934561,43.953789],[4.935201,43.953129],[4.935201,43.953129],[4.939003,43.949196],[4.9409,43.947258],[4.941899,43.946209],[4.942489,43.945484],[4.943001,43.944805],[4.943396,43.944218],[4.943719,43.943714],[4.944021,43.943169],[4.944297,43.942638],[4.944531,43.942131],[4.944764,43.94157],[4.94497,43.941017],[4.946373,43.93663],[4.946544,43.936169],[4.946784,43.935726],[4.947011,43.935402],[4.947272,43.935085],[4.947791,43.934593],[4.948078,43.934376],[4.948511,43.934086],[4.948891,43.93388],[4.951202,43.932713],[4.95336,43.931587],[4.954403,43.931065],[4.956938,43.929752],[4.956938,43.929752],[4.963871,43.926201],[4.96897,43.923599],[4.969116,43.923531],[4.969661,43.923241],[4.970189,43.922993],[4.970776,43.922768],[4.971374,43.922604],[4.972074,43.922478],[4.97243,43.92244],[4.972781,43.922409],[4.973388,43.922398],[4.973709,43.922413],[4.973991,43.922432],[4.974379,43.922478],[4.974737,43.922531],[4.977766,43.923069],[4.983461,43.92411],[4.996324,43.926426],[4.996324,43.926426],[4.997598,43.926651],[4.997944,43.926697],[4.998518,43.92675],[4.999235,43.926773],[4.999861,43.92675],[5.000492,43.926678],[5.001128,43.926552],[5.001819,43.926342],[5.002407,43.926109],[5.002978,43.925823],[5.009567,43.922108],[5.010118,43.921825],[5.010729,43.921547],[5.011414,43.92128],[5.0121,43.921051],[5.0128,43.920849],[5.013439,43.920692],[5.014142,43.920551],[5.014774,43.920456],[5.016896,43.920197],[5.030924,43.918526],[5.032216,43.918434],[5.033032,43.918407],[5.033737,43.918404],[5.034284,43.918419],[5.034993,43.918461],[5.037165,43.918617],[5.03788,43.918648],[5.038385,43.918655],[5.038772,43.918648],[5.039464,43.91861],[5.039816,43.918575],[5.040134,43.918541],[5.040612,43.918472],[5.047557,43.91724],[5.047557,43.91724],[5.048388,43.917084],[5.048728,43.917011],[5.04944,43.916847],[5.049774,43.916737],[5.050069,43.91663],[5.050613,43.916393],[5.051094,43.916111],[5.051523,43.915802],[5.051888,43.915501],[5.05221,43.915188],[5.05247,43.914871],[5.052693,43.914551],[5.052886,43.914173],[5.053032,43.913788],[5.053131,43.913448],[5.053199,43.913116],[5.053471,43.910908],[5.054305,43.904305],[5.054342,43.903915],[5.056591,43.886238],[5.057917,43.875656],[5.057973,43.87505],[5.057988,43.87442],[5.057965,43.87405],[5.05793,43.87368],[5.057852,43.873226],[5.05776,43.872761],[5.057671,43.872402],[5.057425,43.871677],[5.057282,43.871323],[5.04889,43.854],[5.047061,43.850197],[5.046375,43.848816],[5.045862,43.847763],[5.0448,43.845612],[5.044429,43.844833],[5.044141,43.844193],[5.043341,43.842533],[5.042906,43.841602],[5.04278,43.841259],[5.042655,43.840843],[5.042616,43.84066],[5.04258,43.840424],[5.042552,43.840172],[5.042534,43.839893],[5.04254,43.839439],[5.042581,43.839092],[5.042634,43.838772],[5.042757,43.838188],[5.043002,43.837421],[5.043153,43.836906],[5.043335,43.836433],[5.043535,43.835964],[5.044007,43.834606],[5.044007,43.834606],[5.044445,43.833271],[5.044723,43.83247],[5.044878,43.831985],[5.045415,43.830208],[5.045525,43.829689],[5.045661,43.828857],[5.045821,43.828106],[5.046026,43.827415],[5.046161,43.827026],[5.046415,43.826206],[5.048062,43.82077],[5.048489,43.819256],[5.049009,43.817493],[5.049991,43.814312],[5.05079,43.811695],[5.051539,43.809212],[5.051976,43.807728],[5.05217,43.807129],[5.052505,43.806053],[5.052834,43.804939],[5.053004,43.804413],[5.053169,43.803837],[5.053335,43.803215],[5.054143,43.800537],[5.054178,43.800411],[5.054236,43.800125],[5.054264,43.799946],[5.054284,43.799664],[5.054283,43.799477],[5.054272,43.799278],[5.054196,43.798824],[5.054153,43.798664],[5.054099,43.7985],[5.053972,43.79818],[5.053896,43.798023],[5.053715,43.79771],[5.053557,43.797493],[5.053399,43.797291],[5.053054,43.796906],[5.045677,43.789398],[5.045456,43.789146],[5.04531,43.788956],[5.045179,43.788731],[5.045097,43.78857],[5.045043,43.788445],[5.044964,43.788208],[5.04493,43.788059],[5.044895,43.787807],[5.044887,43.787666],[5.044889,43.787514],[5.044903,43.787327],[5.044926,43.787182],[5.044963,43.787025],[5.045014,43.786861],[5.045127,43.786587],[5.045223,43.786407],[5.045318,43.786247],[5.045562,43.785866],[5.045562,43.785866],[5.047241,43.783276],[5.047547,43.78289],[5.047785,43.782619],[5.048149,43.782238],[5.048652,43.781765],[5.049506,43.780994],[5.049712,43.7808],[5.049903,43.780602],[5.050075,43.780407],[5.05025,43.78019],[5.050508,43.779804],[5.053298,43.775158],[5.057073,43.768814],[5.05969,43.764454],[5.063705,43.757717],[5.067298,43.751705],[5.068852,43.749081],[5.071613,43.744453],[5.071862,43.743919],[5.07238,43.742542],[5.072573,43.742092],[5.073355,43.740734],[5.073355,43.740734],[5.07445,43.738911],[5.074837,43.738338],[5.07514,43.737938],[5.076111,43.736786],[5.076341,43.736469],[5.077503,43.734585],[5.082081,43.726913],[5.088192,43.716656],[5.088301,43.716457],[5.091394,43.711308],[5.091754,43.710606],[5.091938,43.71014],[5.09207,43.709751],[5.092174,43.709351],[5.092273,43.708797],[5.092315,43.708458],[5.092327,43.70763],[5.09229,43.707043],[5.092075,43.70517],[5.091745,43.702183],[5.091463,43.699768],[5.091463,43.699768],[5.09123,43.697632],[5.091198,43.697399],[5.090868,43.694553],[5.090277,43.68922],[5.090219,43.688869],[5.090123,43.688427],[5.090012,43.688057],[5.089883,43.687672],[5.089707,43.687267],[5.089438,43.686714],[5.088548,43.685078],[5.088266,43.684532],[5.085752,43.679962],[5.083514,43.675945],[5.082196,43.673542],[5.081325,43.671993],[5.078825,43.667423],[5.078334,43.66655],[5.078022,43.665905],[5.077851,43.665459],[5.07776,43.665009],[5.077682,43.664669],[5.077639,43.664299],[5.077631,43.664021],[5.077639,43.663734],[5.077687,43.663368],[5.077776,43.66296],[5.077873,43.662689],[5.078085,43.662148],[5.079021,43.660049],[5.081634,43.654278],[5.082722,43.651859],[5.083233,43.650681],[5.084582,43.647614],[5.087231,43.641808],[5.087724,43.640686],[5.088475,43.639046],[5.088475,43.639046],[5.089532,43.636703],[5.089764,43.636143],[5.089854,43.635738],[5.089997,43.634701],[5.089992,43.634476],[5.089958,43.634151],[5.089874,43.633804],[5.089764,43.633541],[5.089633,43.633293],[5.089437,43.633003],[5.089135,43.632648],[5.088841,43.632336],[5.088588,43.632107],[5.088099,43.631714],[5.087705,43.631451],[5.087205,43.631165],[5.085875,43.630505],[5.081617,43.628338],[5.078932,43.626995],[5.078261,43.626671],[5.077662,43.626408],[5.076636,43.626049],[5.076011,43.625862],[5.075426,43.625721],[5.074788,43.625591],[5.074013,43.625477],[5.07234,43.625248],[5.047243,43.622036],[5.046364,43.621902],[5.045466,43.621704],[5.044355,43.621372],[5.042491,43.620773],[5.041217,43.620358],[5.035367,43.618462],[5.03464,43.618217],[5.033935,43.617954],[5.029957,43.616352],[5.027787,43.615471],[5.027078,43.615147],[5.02641,43.614815],[5.025789,43.614479],[5.025089,43.61409],[5.017274,43.609192],[5.013711,43.606953],[5.013148,43.606636],[5.012495,43.606316],[5.011901,43.606052],[4.999355,43.600899],[4.992853,43.598213],[4.992244,43.59795],[4.991667,43.597664],[4.991117,43.597366],[4.99056,43.597019],[4.990036,43.596653],[4.989535,43.596249],[4.989026,43.595814],[4.988599,43.595367],[4.988138,43.594833],[4.987783,43.594353],[4.987491,43.593884],[4.987236,43.593407],[4.986941,43.592724],[4.986807,43.592327],[4.986705,43.591957],[4.986619,43.591583],[4.986548,43.59119],[4.986514,43.590828],[4.986497,43.590416],[4.986532,43.589695],[4.986774,43.587872],[4.986809,43.58749],[4.987011,43.585934],[4.987103,43.585407],[4.987268,43.584148],[4.98734,43.583866],[4.987453,43.583576],[4.987589,43.583275],[4.987758,43.583035],[4.987996,43.582775],[4.988181,43.582592],[4.988414,43.58239],[4.98876,43.58215],[4.989014,43.582016],[4.989245,43.581909],[4.989649,43.581753],[4.989791,43.581707],[4.989977,43.581657],[4.990337,43.581585],[4.990715,43.581532],[4.99107,43.581501],[4.992244,43.58144],[4.995358,43.581223],[4.995935,43.581196],[4.995459,43.581184],[4.99428,43.581226],[4.99619,43.581104],[4.99699,43.581074],[4.998156,43.581066],[4.999039,43.581047],[4.999471,43.581032],[4.999471,43.581032],[5.002177,43.580883],[5.002968,43.580849],[5.00385,43.580788],[5.004301,43.580742],[5.005075,43.580627],[5.005628,43.580524],[5.006214,43.580399],[5.008632,43.579811],[5.015617,43.578136],[5.017843,43.577591],[5.018605,43.57737],[5.01941,43.577084],[5.02014,43.576782],[5.020808,43.576458],[5.021537,43.576054],[5.022262,43.575581],[5.022413,43.575466],[5.023209,43.574829],[5.023646,43.574413],[5.024107,43.573906],[5.024613,43.573246],[5.024963,43.57272],[5.025259,43.572147],[5.025496,43.571636],[5.025651,43.571186],[5.025797,43.570667],[5.026264,43.568752],[5.026513,43.567966],[5.026741,43.567471],[5.027055,43.566906],[5.027394,43.566429],[5.027725,43.566017],[5.028419,43.565304],[5.028902,43.564873],[5.029576,43.564327],[5.030018,43.563927],[5.030417,43.563507],[5.030859,43.562973],[5.031462,43.562077],[5.032158,43.561008],[5.033584,43.558895],[5.03414,43.55793],[5.035597,43.555756],[5.036088,43.555088],[5.036623,43.554413],[5.037099,43.553875],[5.037648,43.553284],[5.038126,43.552818],[5.038646,43.552334],[5.039025,43.552021],[5.039621,43.55154],[5.04012,43.551117],[5.04012,43.551117],[5.040463,43.550797],[5.040851,43.550388],[5.041063,43.550144],[5.042326,43.548603],[5.042599,43.548286],[5.042995,43.54789],[5.043413,43.547516],[5.044,43.547054],[5.044393,43.546768],[5.044861,43.546482],[5.045668,43.546028],[5.046452,43.545578],[5.046751,43.545399],[5.047251,43.545071],[5.047599,43.544823],[5.04799,43.54451],[5.048247,43.544289],[5.04852,43.544033],[5.048911,43.543633],[5.049096,43.543423],[5.049425,43.543018],[5.049621,43.542755],[5.049822,43.542461],[5.050159,43.541889],[5.05026,43.541695],[5.050383,43.541428],[5.050512,43.54113],[5.050662,43.54073],[5.050755,43.540421],[5.050819,43.540154],[5.050895,43.539776],[5.050961,43.539219],[5.05099,43.538795],[5.051023,43.538052],[5.051061,43.537384],[5.051114,43.536911],[5.051149,43.536709],[5.051255,43.536228],[5.051329,43.53598],[5.051416,43.535721],[5.051523,43.535446],[5.051677,43.535114],[5.051885,43.534702],[5.052141,43.534275],[5.05227,43.534081],[5.052477,43.533787],[5.052722,43.533463],[5.053128,43.532993],[5.053608,43.532513],[5.053815,43.53233],[5.054032,43.53215],[5.054388,43.531868],[5.054636,43.531681],[5.054947,43.531464],[5.055498,43.531116],[5.0559,43.530884],[5.056188,43.530727],[5.056767,43.530445],[5.057062,43.530315],[5.057528,43.530125],[5.058208,43.529881],[5.058957,43.529652],[5.059895,43.529411],[5.060222,43.529346],[5.060831,43.529243],[5.061381,43.529167],[5.061768,43.529129],[5.063434,43.529011],[5.067658,43.528751],[5.0693,43.528637],[5.072282,43.528454],[5.073417,43.528397],[5.074259,43.528374],[5.076065,43.528404],[5.083207,43.528721],[5.085001,43.528767],[5.085782,43.528751],[5.08672,43.528683],[5.088356,43.528484],[5.088798,43.528439],[5.089601,43.528374],[5.0904,43.528355],[5.091267,43.528374],[5.091863,43.528423],[5.092399,43.528481],[5.093196,43.528603],[5.093908,43.528744],[5.094395,43.528862],[5.097522,43.529644],[5.100214,43.530331],[5.100729,43.530472],[5.101786,43.5308],[5.105831,43.532101],[5.106439,43.532291],[5.106979,43.53244],[5.107531,43.532578],[5.107867,43.532654],[5.10839,43.532761],[5.114312,43.533905],[5.119894,43.534992],[5.120399,43.535076],[5.12107,43.535168],[5.121582,43.535221],[5.122384,43.535271],[5.122885,43.535282],[5.123536,43.535271],[5.123886,43.535255],[5.124659,43.535198],[5.125392,43.535107],[5.126041,43.534996],[5.126555,43.534893],[5.126865,43.534821],[5.127439,43.534664],[5.127846,43.534546],[5.128365,43.534374],[5.129175,43.534061],[5.129576,43.533886],[5.130265,43.533546],[5.130814,43.533237],[5.131244,43.532967],[5.136555,43.529415],[5.141605,43.526054],[5.151003,43.519768],[5.152294,43.518921],[5.153536,43.518066],[5.164197,43.510937],[5.167007,43.509064],[5.188044,43.494968],[5.188785,43.494484],[5.189246,43.494205],[5.189855,43.493877],[5.190479,43.493591],[5.191186,43.493317],[5.192279,43.492989],[5.193247,43.492794],[5.194274,43.492626],[5.195372,43.49255],[5.196264,43.49255],[5.197263,43.492611],[5.19813,43.492725],[5.198956,43.492882],[5.199766,43.493084],[5.200485,43.493305],[5.201271,43.493607],[5.201982,43.493942],[5.202606,43.494297],[5.203376,43.494785],[5.204045,43.495255],[5.204744,43.495766],[5.20513,43.496082],[5.206932,43.4977],[5.208937,43.499531],[5.209509,43.500004],[5.210115,43.500431],[5.210742,43.50082],[5.211467,43.50119],[5.211999,43.501442],[5.212658,43.501732],[5.213303,43.501968],[5.213983,43.502171],[5.214658,43.50235],[5.215579,43.502537],[5.21607,43.502617],[5.216655,43.502689],[5.216967,43.50272],[5.217577,43.502762],[5.218163,43.502781],[5.218615,43.502781],[5.219469,43.50275],[5.220114,43.502701],[5.220704,43.502632],[5.221302,43.502537],[5.221884,43.502426],[5.222465,43.502296],[5.22298,43.502155],[5.223458,43.50201],[5.223778,43.501907],[5.224122,43.501781],[5.22446,43.501652],[5.224773,43.501518],[5.22534,43.501259],[5.2259,43.500969],[5.226231,43.500782],[5.226598,43.500557],[5.226881,43.500374],[5.22732,43.500057],[5.227658,43.499794],[5.227851,43.499634],[5.228232,43.499298],[5.228525,43.499012],[5.228895,43.498611],[5.229179,43.498272],[5.22932,43.498089],[5.229545,43.497776],[5.229815,43.497356],[5.229921,43.497173],[5.230085,43.496864],[5.23032,43.496357],[5.230454,43.496002],[5.230619,43.495472],[5.230715,43.49506],[5.230784,43.494637],[5.230814,43.494354],[5.230841,43.493885],[5.230848,43.493454],[5.230866,43.486614],[5.230866,43.486614],[5.230874,43.484352],[5.230886,43.483925],[5.230918,43.483448],[5.230965,43.483009],[5.231995,43.476311],[5.235467,43.453934],[5.235561,43.4534],[5.235627,43.453098],[5.235744,43.452667],[5.235831,43.4524],[5.23602,43.4519],[5.236828,43.450001],[5.237041,43.449459],[5.237178,43.44907],[5.237326,43.448601],[5.237483,43.448006],[5.237577,43.447575],[5.237658,43.447128],[5.23773,43.446598],[5.237784,43.445992],[5.237806,43.445381],[5.237801,43.444859],[5.237788,43.444569],[5.237742,43.444008],[5.237703,43.443684],[5.237617,43.443134],[5.237474,43.442459],[5.237321,43.441875],[5.237138,43.441231],[5.237138,43.441231],[5.23661,43.439327],[5.236482,43.438797],[5.236428,43.438515],[5.236362,43.437954],[5.236342,43.437496],[5.23635,43.436928],[5.236394,43.436481],[5.236468,43.436062],[5.236539,43.43576],[5.236627,43.435459],[5.23674,43.43512],[5.236863,43.434784],[5.236979,43.434517],[5.237103,43.434265],[5.237314,43.433884],[5.23758,43.433456],[5.237735,43.433228],[5.237842,43.433079],[5.238204,43.432629],[5.238531,43.43227],[5.238957,43.43185],[5.239408,43.431461],[5.23983,43.431137],[5.240345,43.430767],[5.243779,43.42844],[5.245629,43.427174],[5.246098,43.426834],[5.246756,43.4263],[5.247276,43.425835],[5.247826,43.425301],[5.248053,43.425064],[5.248682,43.424332],[5.249074,43.423817],[5.249297,43.4235],[5.249469,43.423241],[5.249659,43.422932],[5.249853,43.422596],[5.250025,43.422279],[5.250254,43.42181],[5.250379,43.421532],[5.250549,43.421116],[5.250675,43.420776],[5.250803,43.420376],[5.250894,43.420048],[5.251052,43.419357],[5.25227,43.413406],[5.252379,43.41293],[5.25243,43.412743],[5.252522,43.412437],[5.252639,43.412098],[5.25276,43.411793],[5.252896,43.411491],[5.253085,43.411114],[5.253242,43.410828],[5.253365,43.410614],[5.253563,43.410297],[5.253888,43.409828],[5.254052,43.409615],[5.254052,43.409615],[5.254432,43.409161],[5.254612,43.408966],[5.255088,43.408485],[5.255456,43.408142],[5.256443,43.407288],[5.263747,43.401142],[5.264306,43.4007],[5.301735,43.369129],[5.302148,43.368748],[5.303036,43.367847],[5.30334,43.367554],[5.303742,43.367195],[5.304116,43.366898],[5.304521,43.366608],[5.304941,43.366337],[5.305194,43.366184],[5.305601,43.365959],[5.30601,43.365749],[5.30673,43.365406],[5.307236,43.365181],[5.307639,43.365005],[5.308178,43.364788],[5.308875,43.36454],[5.309492,43.364349],[5.310156,43.364185],[5.310509,43.364109],[5.311176,43.363991],[5.311829,43.363907],[5.312295,43.363869],[5.312823,43.363838],[5.31322,43.363831],[5.313782,43.363838],[5.314246,43.363857],[5.315774,43.363945],[5.316464,43.363972],[5.317188,43.363976],[5.318144,43.36396],[5.318426,43.363956],[5.318849,43.363968],[5.319197,43.36396],[5.321404,43.363865],[5.321404,43.363865],[5.32467,43.363724],[5.32781,43.363514],[5.332978,43.3633],[5.333487,43.36327],[5.333986,43.363216],[5.334539,43.363129],[5.334973,43.363029],[5.335772,43.362831],[5.336385,43.362659],[5.336886,43.36248],[5.337201,43.36235],[5.337344,43.362282],[5.337685,43.362106],[5.337914,43.361973],[5.338363,43.361671],[5.339137,43.361122],[5.341501,43.35947],[5.342927,43.358459],[5.34454,43.357334],[5.344836,43.357109],[5.345119,43.356884],[5.345286,43.356739],[5.345636,43.356392],[5.345858,43.356148],[5.347118,43.354607],[5.347242,43.354443],[5.347341,43.354294],[5.347534,43.353977],[5.347701,43.353626],[5.347783,43.353424],[5.348093,43.352562],[5.348145,43.352402],[5.348321,43.351704],[5.348342,43.35154],[5.348488,43.350708],[5.348649,43.3498],[5.348698,43.349556],[5.348733,43.3493],[5.349461,43.345261],[5.34949,43.345142],[5.349636,43.34473],[5.349753,43.34446],[5.350808,43.342178],[5.352563,43.338326],[5.352704,43.338066],[5.352806,43.337902],[5.352911,43.337749],[5.353154,43.337463],[5.353351,43.337269],[5.353579,43.337067],[5.354193,43.336559],[5.354496,43.336285],[5.354736,43.33601],[5.354946,43.335747],[5.355087,43.335552],[5.355226,43.335316],[5.355324,43.33511],[5.355578,43.334473],[5.355928,43.33353],[5.356656,43.330914],[5.35668,43.330715],[5.356868,43.329941],[5.356962,43.329647],[5.357087,43.329361],[5.357247,43.329079],[5.357316,43.328976],[5.357497,43.328739],[5.35837,43.327686],[5.358755,43.327244],[5.359094,43.326939],[5.359315,43.326748],[5.359451,43.326656],[5.360344,43.326138],[5.360639,43.325981],[5.360847,43.325844],[5.360946,43.325768],[5.361195,43.325554],[5.361715,43.324982],[5.362288,43.324333],[5.36233,43.324272],[5.362643,43.323883],[5.363556,43.322788],[5.363692,43.322536],[5.363787,43.322289],[5.363822,43.322163],[5.363918,43.321712],[5.363925,43.321434],[5.363836,43.320679],[5.363791,43.320503],[5.363755,43.320396],[5.363686,43.32024],[5.363461,43.319794],[5.363395,43.319618],[5.363369,43.319519],[5.363351,43.319408],[5.363332,43.31921],[5.363342,43.318993],[5.363368,43.318825],[5.363431,43.318592],[5.363575,43.318241],[5.363829,43.317757],[5.363891,43.31765],[5.36398,43.317524],[5.364079,43.31739],[5.364417,43.316982],[5.364918,43.316406],[5.365014,43.316315],[5.365207,43.316158],[5.365524,43.315937],[5.366014,43.315613],[5.366309,43.31535],[5.36644,43.315216],[5.36656,43.31506],[5.366762,43.314774],[5.367029,43.314308],[5.367615,43.313232],[5.367836,43.312889],[5.367959,43.312717],[5.368139,43.312511],[5.368254,43.312405],[5.368835,43.31197],[5.369103,43.311813],[5.369376,43.311672],[5.369764,43.311527],[5.370221,43.311382],[5.370653,43.31126],[5.371203,43.311188],[5.37176,43.311153],[5.372075,43.311153],[5.372475,43.311192],[5.372993,43.311291],[5.37328,43.311378],[5.373572,43.311485],[5.374758,43.312023],[5.375056,43.312168],[5.376162,43.312679],[5.376469,43.312813],[5.376758,43.31292],[5.377081,43.313026],[5.377431,43.313126],[5.377929,43.313217],[5.378376,43.313271],[5.378762,43.313305],[5.379196,43.313316],[5.379778,43.31329],[5.380079,43.313259],[5.380452,43.313206],[5.3808,43.313137],[5.381133,43.313053],[5.381644,43.312897],[5.382063,43.312725],[5.382631,43.312439],[5.382923,43.312256],[5.383202,43.312054],[5.383491,43.311813],[5.38375,43.311565],[5.384102,43.31115],[5.385263,43.309689],[5.385639,43.309196],[5.385787,43.308971],[5.385899,43.308781],[5.386026,43.308475],[5.386146,43.308064],[5.386178,43.307758],[5.386185,43.307377],[5.386115,43.306973],[5.386075,43.306805],[5.38603,43.30666],[5.38596,43.306469],[5.385888,43.30632],[5.385796,43.306168],[5.385689,43.306026],[5.385493,43.305828],[5.385325,43.305695],[5.38514,43.305573],[5.384992,43.305492],[5.384724,43.30537],[5.38428,43.305187],[5.383767,43.304981],[5.383205,43.304783],[5.383001,43.304699],[5.382802,43.304607],[5.38025,43.303265]]]}},{"type":"Feature","properties":{"route_name":"Ligne K6","type":"Commuter Rail","network":"TER ZOU!","color":"#BF005F"},"geometry":{"type":"MultiLineString","coordinates":[[[5.929543,43.128521],[5.928372,43.128956],[5.927585,43.129261],[5.926023,43.129829],[5.924664,43.130356],[5.91962,43.132252],[5.918748,43.132561],[5.918059,43.132778],[5.917675,43.132893],[5.917227,43.132999],[5.916627,43.133099],[5.916114,43.133163],[5.915667,43.133205],[5.915275,43.133228],[5.914736,43.133236],[5.913923,43.133221],[5.913494,43.133186],[5.91289,43.133121],[5.912292,43.133026],[5.911849,43.132931],[5.911283,43.132782],[5.910472,43.132538],[5.905673,43.130806],[5.904222,43.130325],[5.903749,43.130215],[5.90341,43.130142],[5.90201,43.12989],[5.89982,43.129532],[5.899106,43.129436],[5.898324,43.129353],[5.89333,43.128994],[5.892674,43.128929],[5.891794,43.128811],[5.891123,43.1287],[5.890316,43.128517],[5.888675,43.128094],[5.887798,43.127853],[5.887144,43.127647],[5.886867,43.127548],[5.886392,43.127365],[5.885486,43.126923],[5.885017,43.126648],[5.884483,43.126301],[5.88401,43.125973],[5.883687,43.125694],[5.883288,43.125317],[5.883046,43.12505],[5.882737,43.124668],[5.882427,43.124229],[5.882228,43.12392],[5.881515,43.122765],[5.879628,43.119675],[5.879325,43.119213],[5.878792,43.118587],[5.878614,43.118397],[5.878248,43.118046],[5.878016,43.117844],[5.87767,43.117569],[5.877155,43.117214],[5.876886,43.117046],[5.876409,43.116779],[5.875874,43.11652],[5.875434,43.116333],[5.874838,43.116119],[5.874471,43.116001],[5.873987,43.115871],[5.873391,43.115738],[5.873128,43.115688],[5.872714,43.115623],[5.872379,43.115582],[5.871852,43.115528],[5.871413,43.115498],[5.871003,43.115482],[5.870502,43.115471],[5.870003,43.115475],[5.86939,43.115498],[5.869105,43.115517],[5.868188,43.115601],[5.867348,43.115719],[5.860584,43.116787],[5.854915,43.117695],[5.850162,43.118439],[5.849219,43.118599],[5.845708,43.11916],[5.841318,43.119843],[5.833816,43.121033],[5.82931,43.121765],[5.824991,43.122456],[5.824991,43.122456],[5.816731,43.123772],[5.811844,43.124538],[5.800967,43.126278],[5.790106,43.127979],[5.789135,43.128151],[5.788588,43.128265],[5.788001,43.12841],[5.787309,43.128613],[5.787033,43.128708],[5.786467,43.128922],[5.785932,43.129147],[5.785741,43.129234],[5.785034,43.129593],[5.784509,43.129883],[5.783997,43.130203],[5.783477,43.130569],[5.783122,43.130852],[5.782771,43.131157],[5.782268,43.131641],[5.782105,43.131809],[5.781484,43.132542],[5.777774,43.137344],[5.777527,43.137638],[5.777215,43.137962],[5.776868,43.138279],[5.776594,43.138493],[5.776383,43.138641],[5.775999,43.138897],[5.775649,43.139103],[5.775285,43.139294],[5.774609,43.139603],[5.774111,43.13979],[5.773684,43.139923],[5.773279,43.140026],[5.772772,43.140148],[5.771676,43.140385],[5.771294,43.140461],[5.770916,43.140526],[5.77045,43.140587],[5.770046,43.140621],[5.769742,43.140633],[5.769158,43.140629],[5.768585,43.140602],[5.768177,43.14056],[5.767547,43.140457],[5.767019,43.140343],[5.766506,43.140198],[5.765808,43.139935],[5.765494,43.139797],[5.764672,43.139408],[5.764224,43.139206],[5.763805,43.139038],[5.763621,43.138973],[5.763284,43.138866],[5.762911,43.138767],[5.762553,43.138683],[5.762005,43.138584],[5.761584,43.138531],[5.761276,43.138504],[5.760658,43.138477],[5.760155,43.138489],[5.759569,43.138527],[5.759162,43.13858],[5.758769,43.138641],[5.758381,43.138725],[5.758001,43.138821],[5.755907,43.139374],[5.755499,43.139473],[5.746051,43.141197],[5.745549,43.141273],[5.744499,43.141396],[5.744191,43.141422],[5.743418,43.141476],[5.742507,43.141506],[5.741941,43.141506],[5.740967,43.141487],[5.740652,43.141472],[5.739409,43.141369],[5.738664,43.141277],[5.738061,43.141193],[5.734996,43.140652],[5.734377,43.14056],[5.733921,43.140511],[5.733555,43.140488],[5.733248,43.14048],[5.732903,43.14048],[5.732537,43.140491],[5.732167,43.140518],[5.731846,43.140556],[5.731418,43.140617],[5.731143,43.140663],[5.730654,43.140778],[5.730119,43.14093],[5.729893,43.141006],[5.729358,43.141212],[5.729094,43.141331],[5.728588,43.14159],[5.728037,43.141907],[5.722771,43.145058],[5.722553,43.145203],[5.722216,43.145454],[5.721894,43.145729],[5.721704,43.145908],[5.721341,43.146309],[5.721106,43.146614],[5.720894,43.146946],[5.720707,43.147297],[5.720562,43.147636],[5.720431,43.148037],[5.720377,43.148285],[5.72019,43.149429],[5.720126,43.149689],[5.720038,43.149967],[5.719912,43.150291],[5.719726,43.150658],[5.719551,43.150948],[5.719297,43.151299],[5.719031,43.151615],[5.718724,43.15192],[5.718418,43.152187],[5.718143,43.152405],[5.717309,43.153046],[5.716804,43.153492],[5.716433,43.153919],[5.716193,43.154266],[5.716008,43.154572],[5.715827,43.154934],[5.715689,43.155296],[5.71558,43.155651],[5.715539,43.155823],[5.715509,43.156006],[5.715037,43.160034],[5.71498,43.160591],[5.714959,43.161118],[5.71496,43.161503],[5.714998,43.162216],[5.715052,43.162697],[5.715447,43.165459],[5.715895,43.169144],[5.715849,43.169773],[5.715696,43.170444],[5.715443,43.171059],[5.715039,43.17173],[5.714545,43.172318],[5.714119,43.172707],[5.713583,43.173111],[5.712268,43.174],[5.711659,43.1745],[5.711131,43.175079],[5.71071,43.17569],[5.710431,43.176266],[5.710219,43.176964],[5.709479,43.180832],[5.709318,43.181416],[5.709267,43.181576],[5.709221,43.181679],[5.708875,43.182365],[5.708467,43.182911],[5.70813,43.183292],[5.707974,43.183441],[5.707619,43.183754],[5.707231,43.18404],[5.70699,43.1842],[5.706754,43.184345],[5.706504,43.184486],[5.706061,43.184704],[5.705562,43.184914],[5.705304,43.185005],[5.704962,43.185116],[5.704612,43.185211],[5.704093,43.185329],[5.703783,43.185387],[5.70338,43.18544],[5.702651,43.185509],[5.700196,43.185642],[5.695406,43.185925],[5.694103,43.185997],[5.693274,43.186024],[5.69259,43.186016],[5.692265,43.186001],[5.691613,43.185947],[5.691191,43.185898],[5.690491,43.185791],[5.690016,43.185703],[5.689692,43.185631],[5.689013,43.185459],[5.688418,43.185284],[5.687506,43.184948],[5.686686,43.184586],[5.685012,43.183781],[5.684223,43.183441],[5.683467,43.183167],[5.682555,43.182892],[5.681552,43.182674],[5.680608,43.18251],[5.679669,43.182411],[5.678837,43.182365],[5.677845,43.182369],[5.676949,43.182426],[5.67608,43.182522],[5.675211,43.182655],[5.674498,43.182808],[5.673526,43.183086],[5.672476,43.183468],[5.672245,43.183559],[5.671659,43.183826],[5.671334,43.183987],[5.670959,43.184185],[5.670093,43.184673],[5.666802,43.186558],[5.66591,43.187057],[5.66552,43.187256],[5.664996,43.187489],[5.664598,43.187645],[5.664031,43.18784],[5.663536,43.187984],[5.663008,43.188118],[5.662457,43.188229],[5.662165,43.188274],[5.661571,43.188351],[5.661024,43.1884],[5.660745,43.188412],[5.660133,43.188427],[5.658697,43.188419],[5.658191,43.188427],[5.657714,43.18845],[5.657139,43.188499],[5.656689,43.188568],[5.656348,43.188633],[5.655773,43.188774],[5.655268,43.188927],[5.654809,43.189102],[5.654262,43.189342],[5.653966,43.189495],[5.653574,43.189724],[5.653359,43.189861],[5.653106,43.190041],[5.652756,43.190323],[5.652575,43.190487],[5.652409,43.190647],[5.652258,43.190807],[5.651997,43.191124],[5.651727,43.191498],[5.651244,43.192204],[5.650998,43.192539],[5.650869,43.192699],[5.650649,43.192947],[5.650388,43.193207],[5.650217,43.193359],[5.649917,43.193604],[5.649573,43.193848],[5.649392,43.193962],[5.649026,43.194172],[5.648754,43.194317],[5.648336,43.194508],[5.648106,43.194599],[5.64784,43.194698],[5.647419,43.194836],[5.646961,43.194962],[5.646652,43.195026],[5.646151,43.195122],[5.645697,43.195175],[5.64523,43.195213],[5.64482,43.195221],[5.6443,43.195217],[5.643846,43.19519],[5.643448,43.195145],[5.641602,43.194878],[5.641097,43.194828],[5.640597,43.19479],[5.640142,43.194782],[5.63965,43.194786],[5.639182,43.194828],[5.63871,43.194878],[5.637735,43.195072],[5.636657,43.195408],[5.635664,43.195869],[5.634838,43.196438],[5.634235,43.196964],[5.633758,43.197495],[5.63342,43.197983],[5.633127,43.198544],[5.632931,43.199112],[5.632801,43.199615],[5.632801,43.199615],[5.632282,43.202003],[5.631596,43.205032],[5.631432,43.20554],[5.631193,43.20615],[5.63085,43.206749],[5.630573,43.207108],[5.630228,43.207481],[5.629766,43.207901],[5.62947,43.208118],[5.629128,43.208351],[5.628758,43.208572],[5.628395,43.208767],[5.627995,43.208958],[5.627422,43.209167],[5.627118,43.209267],[5.626414,43.20945],[5.626022,43.209522],[5.625627,43.209583],[5.625223,43.209629],[5.624778,43.209663],[5.624022,43.209675],[5.623342,43.209629],[5.62291,43.209572],[5.622541,43.209511],[5.621801,43.209339],[5.621039,43.209103],[5.60727,43.204365],[5.605862,43.203873],[5.605086,43.203541],[5.604572,43.203289],[5.603993,43.202961],[5.601673,43.201538],[5.60078,43.201099],[5.599758,43.200653],[5.599144,43.200401],[5.598441,43.200146],[5.597663,43.199913],[5.596722,43.199741],[5.595796,43.199654],[5.595068,43.199654],[5.594578,43.199669],[5.593776,43.199753],[5.592939,43.19994],[5.592269,43.200115],[5.592022,43.200203],[5.59158,43.200378],[5.591004,43.200653],[5.590705,43.200821],[5.59039,43.201023],[5.589843,43.201427],[5.589558,43.201664],[5.589307,43.201885],[5.589069,43.202133],[5.588871,43.202381],[5.588686,43.202637],[5.588482,43.202961],[5.587846,43.204079],[5.587651,43.204346],[5.587459,43.20459],[5.587132,43.204941],[5.586792,43.205254],[5.58634,43.205597],[5.586108,43.205757],[5.585855,43.205921],[5.585639,43.206043],[5.585227,43.206249],[5.584995,43.206352],[5.584536,43.206535],[5.584129,43.206673],[5.582989,43.207031],[5.582613,43.207165],[5.582144,43.207359],[5.581925,43.207462],[5.581223,43.207848],[5.580937,43.208042],[5.580603,43.208305],[5.580378,43.208504],[5.579909,43.209],[5.579669,43.20932],[5.579451,43.209656],[5.579188,43.21027],[5.579,43.210815],[5.574265,43.223827],[5.57393,43.224651],[5.573673,43.225113],[5.573469,43.225433],[5.573083,43.225922],[5.572599,43.226425],[5.572206,43.226753],[5.571785,43.227066],[5.569619,43.228432],[5.56858,43.229031],[5.567667,43.229454],[5.566893,43.22974],[5.56615,43.229946],[5.564369,43.230339],[5.55792,43.231815],[5.557119,43.232033],[5.556373,43.232285],[5.555593,43.23262],[5.555046,43.232887],[5.554821,43.233006],[5.554426,43.233231],[5.553923,43.233555],[5.553455,43.233891],[5.553186,43.2341],[5.55275,43.234486],[5.552364,43.234867],[5.552155,43.235092],[5.551896,43.235397],[5.551587,43.235813],[5.551376,43.23613],[5.551095,43.236618],[5.551008,43.236794],[5.550844,43.237156],[5.550701,43.23753],[5.550589,43.237892],[5.550483,43.238323],[5.550435,43.238594],[5.550394,43.238884],[5.550354,43.239426],[5.550331,43.240074],[5.551281,43.263039],[5.551317,43.263515],[5.551365,43.263939],[5.551447,43.264313],[5.551554,43.26466],[5.55162,43.264824],[5.551693,43.264992],[5.551846,43.265293],[5.55198,43.265518],[5.552066,43.265652],[5.552315,43.265991],[5.55246,43.266163],[5.552665,43.266388],[5.552884,43.266605],[5.553143,43.26683],[5.553424,43.267052],[5.553665,43.267231],[5.553918,43.267395],[5.55435,43.267643],[5.55494,43.267921],[5.555311,43.268078],[5.556129,43.268345],[5.556545,43.268436],[5.556966,43.268517],[5.558655,43.268787],[5.559055,43.26886],[5.559523,43.268967],[5.559967,43.269089],[5.560392,43.26923],[5.560815,43.269398],[5.561233,43.269604],[5.561574,43.269783],[5.561911,43.269981],[5.562236,43.270195],[5.562489,43.270393],[5.562855,43.270714],[5.56319,43.271049],[5.563384,43.271278],[5.563545,43.271488],[5.563819,43.271881],[5.56401,43.27224],[5.564116,43.272484],[5.564269,43.272923],[5.56435,43.273273],[5.564412,43.27375],[5.564417,43.274048],[5.564404,43.274483],[5.564394,43.27462],[5.564145,43.27676],[5.564133,43.277031],[5.56413,43.277203],[5.564154,43.277519],[5.564197,43.277779],[5.564264,43.278049],[5.564323,43.278236],[5.564515,43.278664],[5.564589,43.278805],[5.564726,43.279026],[5.564889,43.279263],[5.565057,43.279472],[5.565225,43.279667],[5.565575,43.279999],[5.565849,43.280231],[5.566283,43.280521],[5.566532,43.280666],[5.566978,43.280891],[5.567347,43.281059],[5.58013,43.286629],[5.582923,43.287838],[5.58332,43.288021],[5.583777,43.288258],[5.584066,43.288433],[5.584391,43.288658],[5.584643,43.288857],[5.584773,43.288971],[5.585118,43.289314],[5.585242,43.289459],[5.58543,43.2897],[5.585585,43.289932],[5.585708,43.290142],[5.585787,43.290302],[5.585882,43.290516],[5.586018,43.290924],[5.586065,43.291119],[5.5861,43.291317],[5.586125,43.291519],[5.586137,43.291847],[5.586088,43.292355],[5.586054,43.29253],[5.585948,43.2929],[5.585876,43.293079],[5.585711,43.293434],[5.585507,43.293774],[5.58533,43.294018],[5.584969,43.29443],[5.584597,43.294777],[5.58375,43.295517],[5.583229,43.295956],[5.582922,43.296185],[5.58258,43.296421],[5.582293,43.296604],[5.581933,43.296803],[5.581311,43.297085],[5.580807,43.297272],[5.580511,43.297375],[5.57994,43.297523],[5.579466,43.297619],[5.57897,43.297695],[5.578555,43.297737],[5.578064,43.297768],[5.577491,43.297775],[5.577251,43.297764],[5.576507,43.297699],[5.575823,43.297607],[5.568508,43.296501],[5.568048,43.296417],[5.567107,43.296223],[5.56645,43.29612],[5.56645,43.29612],[5.565928,43.29604],[5.565289,43.295956],[5.562478,43.295532],[5.562083,43.295456],[5.561661,43.295361],[5.56112,43.295216],[5.560877,43.295139],[5.560422,43.294983],[5.559926,43.294777],[5.55954,43.294601],[5.559222,43.294437],[5.558624,43.294086],[5.558297,43.293865],[5.557568,43.29332],[5.557409,43.293182],[5.557117,43.292904],[5.556767,43.292507],[5.555908,43.29147],[5.555733,43.291279],[5.555558,43.2911],[5.555381,43.290932],[5.555066,43.290668],[5.554787,43.290459],[5.554297,43.290138],[5.554001,43.289967],[5.553854,43.289894],[5.553349,43.289654],[5.552865,43.289444],[5.552401,43.289276],[5.55189,43.289104],[5.548782,43.288147],[5.548212,43.287991],[5.547891,43.287918],[5.547381,43.287819],[5.547126,43.287777],[5.523367,43.284618],[5.521926,43.284435],[5.520691,43.284351],[5.520049,43.284344],[5.519044,43.284386],[5.517883,43.284504],[5.515644,43.284794],[5.51399,43.284966],[5.511035,43.28521],[5.507615,43.285564],[5.507031,43.285625],[5.505785,43.285778],[5.504601,43.285946],[5.503977,43.286022],[5.50316,43.286083],[5.502419,43.286106],[5.501637,43.286083],[5.501141,43.286053],[5.500582,43.285999],[5.499913,43.285904],[5.499641,43.285854],[5.498932,43.285706],[5.497942,43.285461],[5.496622,43.285122],[5.496059,43.284988],[5.495538,43.284882],[5.494978,43.28479],[5.494618,43.28474],[5.493822,43.28466],[5.493242,43.284626],[5.492487,43.284607],[5.492021,43.284615],[5.491393,43.284645],[5.490995,43.284672],[5.487503,43.284992],[5.487092,43.285046],[5.486723,43.28511],[5.486332,43.285191],[5.485888,43.285297],[5.48559,43.285378],[5.485178,43.285515],[5.484758,43.285675],[5.484379,43.285839],[5.483373,43.286312],[5.482962,43.28648],[5.482613,43.286606],[5.482163,43.286743],[5.481763,43.286839],[5.481367,43.286919],[5.480771,43.287003],[5.479969,43.287086],[5.479546,43.287079],[5.478883,43.287033],[5.477541,43.286907],[5.477125,43.286873],[5.476658,43.286858],[5.476148,43.286865],[5.475501,43.286915],[5.474687,43.287029],[5.472141,43.28746],[5.469434,43.287933],[5.468842,43.288025],[5.468181,43.288151],[5.467167,43.288334],[5.466322,43.288506],[5.465974,43.288589],[5.464993,43.288853],[5.461231,43.289902],[5.460829,43.290005],[5.460523,43.2901],[5.459922,43.290257],[5.459601,43.290337],[5.458949,43.290462],[5.458672,43.290508],[5.458178,43.290569],[5.457615,43.290615],[5.456955,43.290638],[5.456719,43.290638],[5.455899,43.290588],[5.455336,43.290524],[5.454661,43.290413],[5.452746,43.290035],[5.45228,43.289951],[5.451935,43.289902],[5.451357,43.289837],[5.451031,43.289814],[5.450521,43.289795],[5.450089,43.289799],[5.44971,43.28981],[5.449168,43.289852],[5.448716,43.289909],[5.448077,43.29002],[5.447423,43.290157],[5.445749,43.290535],[5.444988,43.290688],[5.444682,43.290733],[5.444168,43.290779],[5.443423,43.290806],[5.442451,43.290756],[5.441595,43.290653],[5.441102,43.290554],[5.440667,43.290447],[5.439911,43.290241],[5.439334,43.290047],[5.438221,43.289738],[5.437868,43.289669],[5.437487,43.289604],[5.436987,43.289536],[5.436515,43.289486],[5.435035,43.28936],[5.43387,43.289268],[5.432221,43.289146],[5.431841,43.289146],[5.431324,43.289162],[5.43072,43.289215],[5.429893,43.28933],[5.429632,43.289375],[5.429292,43.289452],[5.428811,43.289581],[5.428146,43.289791],[5.427509,43.290039],[5.426608,43.290432],[5.423716,43.291729],[5.423137,43.291965],[5.422887,43.292057],[5.422437,43.292206],[5.421973,43.292339],[5.421494,43.29245],[5.42091,43.292561],[5.419874,43.292721],[5.418832,43.292862],[5.417871,43.293022],[5.417525,43.293091],[5.416808,43.293247],[5.416007,43.293453],[5.415592,43.293575],[5.414433,43.293938],[5.413461,43.294212],[5.409153,43.295609],[5.408016,43.296005],[5.407555,43.296192],[5.407148,43.296394],[5.407148,43.296394],[5.406897,43.296543],[5.406758,43.296635],[5.406627,43.296726],[5.406395,43.296902],[5.40626,43.297012],[5.405976,43.297264],[5.405668,43.297588],[5.405486,43.297806],[5.405303,43.298061],[5.405167,43.298275],[5.405035,43.298515],[5.404882,43.298862],[5.404782,43.29916],[5.404703,43.299473],[5.404512,43.30048],[5.404045,43.303284],[5.403932,43.303894],[5.403855,43.304211],[5.403753,43.304508],[5.403505,43.304993],[5.403307,43.305275],[5.403094,43.305557],[5.402843,43.305824],[5.402563,43.306072],[5.402165,43.306381],[5.401921,43.306538],[5.401591,43.306717],[5.401015,43.306976],[5.400532,43.30714],[5.39801,43.307938],[5.397165,43.30822],[5.396699,43.308357],[5.396107,43.308514],[5.395287,43.308674],[5.394866,43.308723],[5.394462,43.30875],[5.394137,43.308762],[5.393627,43.308754],[5.393162,43.308727],[5.392793,43.308693],[5.39239,43.308636],[5.392031,43.308567],[5.39174,43.308495],[5.391368,43.308376],[5.391044,43.308254],[5.390828,43.308163],[5.390636,43.308067],[5.390258,43.307861],[5.38862,43.306919],[5.388256,43.306717],[5.38808,43.306633],[5.387878,43.306541],[5.387329,43.306324],[5.386711,43.306034],[5.386502,43.305912],[5.386352,43.305805],[5.385121,43.305004],[5.384861,43.304859],[5.382028,43.303364],[5.380801,43.302723]],[[5.380711,43.302814],[5.38306,43.304043],[5.383887,43.304466],[5.38499,43.305016],[5.385318,43.305191],[5.386573,43.306007],[5.386708,43.306084],[5.387036,43.30624],[5.387202,43.306309],[5.387894,43.306583],[5.388049,43.306652],[5.388323,43.306793],[5.388719,43.30703],[5.390421,43.307995],[5.390719,43.308147],[5.391014,43.308281],[5.391607,43.308491],[5.391933,43.308578],[5.392338,43.308662],[5.392716,43.308716],[5.393304,43.308765],[5.393802,43.308792],[5.394264,43.308788],[5.39466,43.308773],[5.395092,43.308731],[5.395293,43.308704],[5.396126,43.308548],[5.396717,43.308392],[5.397176,43.308247],[5.397821,43.308033],[5.400548,43.307167],[5.401028,43.306999],[5.401335,43.306873],[5.4016,43.306751],[5.40174,43.306679],[5.40194,43.306564],[5.402195,43.306404],[5.402471,43.306198],[5.402604,43.306091],[5.40288,43.305843],[5.403131,43.305573],[5.403346,43.305294],[5.403551,43.305004],[5.40379,43.304516],[5.403896,43.304222],[5.403977,43.303905],[5.40403,43.303627],[5.404554,43.300488],[5.404693,43.299717],[5.404808,43.299236],[5.404872,43.299011],[5.405003,43.298683],[5.405079,43.298527],[5.40521,43.298286],[5.405344,43.298077],[5.405526,43.297825],[5.40561,43.297722],[5.40588,43.297417],[5.406018,43.297283],[5.406287,43.297039],[5.406657,43.296749],[5.406934,43.296562],[5.407176,43.296421],[5.407176,43.296421],[5.407579,43.296219],[5.40804,43.296032],[5.40863,43.295818],[5.409828,43.295422],[5.411251,43.29493],[5.413461,43.294212],[5.415268,43.29364],[5.415996,43.293427],[5.41679,43.293217],[5.417159,43.293133],[5.417867,43.292992],[5.418348,43.292904],[5.418831,43.292828],[5.419873,43.292683],[5.420891,43.29253],[5.421485,43.292419],[5.421729,43.292366],[5.421953,43.292309],[5.422415,43.292175],[5.422857,43.29203],[5.423373,43.291832],[5.424833,43.291199],[5.426588,43.290401],[5.427487,43.290012],[5.428126,43.289749],[5.428801,43.289539],[5.429279,43.28941],[5.42962,43.289345],[5.430179,43.289246],[5.430706,43.289185],[5.431323,43.289131],[5.431843,43.289116],[5.432224,43.289112],[5.433871,43.28923],[5.436511,43.289452],[5.437495,43.289566],[5.437884,43.289627],[5.438243,43.289703],[5.438768,43.289845],[5.439355,43.290012],[5.439927,43.290207],[5.440688,43.290428],[5.441114,43.290524],[5.441601,43.290615],[5.44242,43.290703],[5.442773,43.290726],[5.443314,43.290737],[5.443846,43.29073],[5.444294,43.290714],[5.444918,43.290634],[5.445725,43.290489],[5.448048,43.289982],[5.448537,43.28989],[5.448783,43.289852],[5.449235,43.289799],[5.44981,43.289757],[5.450233,43.289745],[5.450777,43.289753],[5.451017,43.289764],[5.451654,43.289818],[5.45194,43.289856],[5.452297,43.289909],[5.452761,43.289986],[5.454701,43.290375],[5.455362,43.290482],[5.455649,43.290516],[5.456155,43.290562],[5.456715,43.290588],[5.457269,43.290585],[5.457904,43.29055],[5.458373,43.290501],[5.458937,43.290421],[5.459225,43.290367],[5.460036,43.290176],[5.461533,43.289768],[5.463233,43.289288],[5.466042,43.288509],[5.46631,43.288441],[5.466676,43.288361],[5.467294,43.288235],[5.467294,43.288235],[5.468646,43.288002],[5.475037,43.286926],[5.47549,43.286869],[5.475953,43.286827],[5.476402,43.286808],[5.477008,43.286819],[5.477552,43.286858],[5.479044,43.287003],[5.479467,43.287029],[5.479947,43.287037],[5.481029,43.286911],[5.481409,43.286831],[5.481869,43.286709],[5.482318,43.286564],[5.482722,43.286415],[5.483159,43.286232],[5.484251,43.285744],[5.484602,43.285595],[5.485163,43.285397],[5.485403,43.285324],[5.48583,43.28521],[5.4863,43.285107],[5.486685,43.285042],[5.487496,43.284943],[5.49083,43.284634],[5.49153,43.284584],[5.492051,43.284565],[5.492692,43.284561],[5.493222,43.284573],[5.493676,43.284599],[5.49391,43.284615],[5.494609,43.284687],[5.495204,43.284771],[5.495803,43.284882],[5.496066,43.284935],[5.49665,43.285072],[5.498545,43.285561],[5.4993,43.285736],[5.499925,43.285854],[5.50059,43.285946],[5.501151,43.286003],[5.501649,43.28603],[5.502211,43.286041],[5.503126,43.286011],[5.503544,43.28598],[5.503965,43.285934],[5.505124,43.285786],[5.50702,43.285576],[5.511027,43.28516],[5.513204,43.284973],[5.514706,43.284832],[5.515609,43.284729],[5.515609,43.284729],[5.518121,43.284416],[5.519049,43.284336],[5.519963,43.284294],[5.520707,43.284302],[5.521938,43.284386],[5.523384,43.284565],[5.547145,43.287731],[5.547639,43.287815],[5.548236,43.287945],[5.548503,43.288013],[5.549253,43.288235],[5.552174,43.289143],[5.55263,43.289303],[5.55312,43.289494],[5.553857,43.289833],[5.554049,43.289932],[5.55456,43.290237],[5.554804,43.290401],[5.5551,43.290623],[5.555252,43.290745],[5.555428,43.290897],[5.555606,43.291065],[5.555788,43.291248],[5.555964,43.291443],[5.556329,43.291878],[5.556814,43.292484],[5.557045,43.292751],[5.557386,43.293106],[5.557715,43.293407],[5.558297,43.293865],[5.558624,43.294086],[5.559222,43.294437],[5.55954,43.294601],[5.559926,43.294777],[5.560422,43.294983],[5.560877,43.295139],[5.56112,43.295216],[5.561661,43.295361],[5.562083,43.295456],[5.562478,43.295532],[5.565289,43.295956],[5.565928,43.29604],[5.56645,43.29612],[5.56645,43.29612],[5.567107,43.296223],[5.568048,43.296417],[5.568508,43.296501],[5.56882,43.296551],[5.569919,43.296749],[5.576187,43.297691],[5.576802,43.297764],[5.577043,43.297783],[5.577688,43.297806],[5.578059,43.297802],[5.578321,43.297787],[5.578749,43.297752],[5.579224,43.297691],[5.579718,43.297604],[5.580145,43.297504],[5.580693,43.297348],[5.581348,43.297108],[5.58151,43.297039],[5.581871,43.296871],[5.58211,43.296749],[5.582393,43.296589],[5.582637,43.296432],[5.582965,43.296204],[5.583269,43.295967],[5.583786,43.295536],[5.584634,43.294796],[5.585002,43.294449],[5.585366,43.294041],[5.585588,43.29372],[5.585751,43.293449],[5.585918,43.293095],[5.585987,43.292919],[5.586051,43.292709],[5.586092,43.29253],[5.58612,43.292366],[5.586176,43.291843],[5.586178,43.291676],[5.586167,43.291492],[5.586147,43.291309],[5.586113,43.291115],[5.586066,43.290924],[5.586009,43.290745],[5.585919,43.290497],[5.585828,43.290291],[5.585749,43.290134],[5.585618,43.289913],[5.585467,43.289684],[5.585284,43.289444],[5.585001,43.289139],[5.584827,43.288971],[5.584655,43.288822],[5.584427,43.288639],[5.584085,43.288403],[5.583838,43.28825],[5.583329,43.287987],[5.582952,43.287811],[5.580151,43.286598],[5.567003,43.280865],[5.56656,43.28064],[5.566319,43.280499],[5.565884,43.280205],[5.565601,43.279972],[5.565264,43.279648],[5.565085,43.279449],[5.564928,43.279247],[5.564766,43.279011],[5.564631,43.27879],[5.564531,43.278603],[5.564444,43.278416],[5.564373,43.278229],[5.564313,43.278038],[5.564241,43.277771],[5.564212,43.27758],[5.56418,43.27726],[5.564181,43.277012],[5.564193,43.27676],[5.564448,43.274494],[5.564467,43.274208],[5.56447,43.273983],[5.564455,43.273689],[5.564423,43.27343],[5.564368,43.273125],[5.564288,43.272804],[5.564226,43.272614],[5.564152,43.272434],[5.56387,43.271866],[5.563605,43.271473],[5.563227,43.271008],[5.563092,43.270863],[5.562781,43.270565],[5.562279,43.27018],[5.561961,43.26997],[5.561619,43.26976],[5.561253,43.269573],[5.560835,43.269375],[5.560421,43.269203],[5.559976,43.269058],[5.559543,43.268932],[5.55907,43.268826],[5.556985,43.268486],[5.556561,43.268406],[5.556126,43.268307],[5.555339,43.268047],[5.554966,43.267895],[5.55459,43.267723],[5.554283,43.267563],[5.553973,43.26738],[5.553536,43.267094],[5.553188,43.266819],[5.552926,43.266586],[5.552698,43.266369],[5.552352,43.265972],[5.55211,43.265644],[5.551848,43.265209],[5.551701,43.2649],[5.551622,43.264713],[5.551503,43.264366],[5.551417,43.263958],[5.551386,43.26376],[5.551361,43.263512],[5.551328,43.263039],[5.550374,43.240074],[5.550397,43.239426],[5.550438,43.238888],[5.550475,43.238602],[5.550524,43.238327],[5.55063,43.2379],[5.550799,43.237385],[5.551045,43.236809],[5.551279,43.23637],[5.551562,43.235924],[5.551736,43.235676],[5.552144,43.235165],[5.552394,43.23489],[5.552659,43.234623],[5.553004,43.234306],[5.553224,43.234123],[5.553224,43.234123],[5.553489,43.23391],[5.55368,43.233768],[5.554206,43.23341],[5.554652,43.233143],[5.555071,43.232914],[5.55562,43.232647],[5.556412,43.232319],[5.557246,43.232048],[5.557946,43.231853],[5.562596,43.230782],[5.564378,43.230373],[5.56578,43.23008],[5.566155,43.229992],[5.56693,43.229774],[5.567756,43.229477],[5.56863,43.229057],[5.569724,43.228416],[5.571768,43.227135],[5.572257,43.22678],[5.572642,43.22646],[5.573123,43.22596],[5.573502,43.225471],[5.57397,43.224674],[5.574309,43.223839],[5.579051,43.210827],[5.579236,43.2103],[5.579508,43.209671],[5.579714,43.209343],[5.579946,43.209023],[5.580416,43.208527],[5.580633,43.208328],[5.580967,43.208069],[5.581254,43.207874],[5.58195,43.207485],[5.582166,43.207386],[5.582633,43.207195],[5.583006,43.207058],[5.584146,43.206703],[5.584556,43.206562],[5.585017,43.206379],[5.585447,43.206177],[5.585665,43.206066],[5.585882,43.205944],[5.586137,43.20578],[5.586607,43.205444],[5.586824,43.205273],[5.587166,43.204956],[5.587495,43.204605],[5.587688,43.204361],[5.587885,43.20409],[5.588521,43.202972],[5.588725,43.202652],[5.588908,43.202396],[5.589106,43.202152],[5.589341,43.201904],[5.589591,43.201683],[5.589874,43.20145],[5.59042,43.201046],[5.590733,43.200848],[5.59103,43.200676],[5.591601,43.200405],[5.592042,43.20023],[5.592286,43.200146],[5.592953,43.199966],[5.593786,43.199783],[5.594553,43.199699],[5.595068,43.19968],[5.595796,43.199684],[5.596702,43.19978],[5.597641,43.199951],[5.59842,43.200176],[5.599116,43.200432],[5.599723,43.200684],[5.600752,43.201134],[5.601639,43.201569],[5.603964,43.202999],[5.604543,43.20332],[5.605066,43.203575],[5.605836,43.203903],[5.620159,43.208843],[5.621021,43.209137],[5.621434,43.20927],[5.621752,43.209366],[5.622151,43.209473],[5.622546,43.209549],[5.622931,43.209614],[5.62312,43.209641],[5.623701,43.209694],[5.624015,43.209709],[5.624349,43.209713],[5.62479,43.209698],[5.625636,43.209618],[5.62603,43.20956],[5.626428,43.20948],[5.626811,43.209385],[5.627134,43.209297],[5.627738,43.209095],[5.628016,43.208984],[5.628411,43.208797],[5.628788,43.208603],[5.629158,43.208374],[5.629495,43.208141],[5.629795,43.207924],[5.63006,43.207703],[5.630269,43.207497],[5.630605,43.20713],[5.630885,43.206779],[5.631251,43.206177],[5.631488,43.205563],[5.631653,43.205025],[5.632205,43.202557],[5.63236,43.201893],[5.632845,43.199619],[5.632845,43.199619],[5.632968,43.199127],[5.633043,43.198891],[5.633181,43.198555],[5.63347,43.19799],[5.633804,43.197514],[5.634271,43.196995],[5.634873,43.196465],[5.635691,43.195919],[5.636698,43.195446],[5.637722,43.195122],[5.638719,43.194912],[5.639186,43.194855],[5.640122,43.194809],[5.6406,43.19482],[5.641096,43.194859],[5.641596,43.194912],[5.643435,43.195183],[5.643819,43.195221],[5.644295,43.195251],[5.644812,43.195255],[5.645241,43.195244],[5.645709,43.195206],[5.646159,43.195148],[5.646663,43.195057],[5.646969,43.194992],[5.647192,43.194935],[5.647647,43.194801],[5.648055,43.194656],[5.648352,43.194538],[5.648774,43.194344],[5.649053,43.194199],[5.649235,43.194099],[5.649592,43.193874],[5.649765,43.19376],[5.650088,43.193516],[5.650243,43.193386],[5.650561,43.193096],[5.650775,43.192867],[5.650901,43.192722],[5.651135,43.192425],[5.651763,43.191521],[5.652033,43.191143],[5.652156,43.190987],[5.652293,43.190834],[5.652434,43.190678],[5.652608,43.190506],[5.652791,43.190342],[5.65293,43.190228],[5.653129,43.190071],[5.653396,43.18988],[5.653605,43.189747],[5.653991,43.189526],[5.654288,43.189373],[5.654571,43.18924],[5.654839,43.189129],[5.655284,43.188961],[5.655789,43.188805],[5.65613,43.188717],[5.656528,43.188629],[5.657127,43.188534],[5.65771,43.18848],[5.658189,43.188457],[5.658824,43.188454],[5.660457,43.188457],[5.661028,43.188431],[5.661574,43.188385],[5.661879,43.188351],[5.662169,43.188309],[5.662759,43.188202],[5.663218,43.188099],[5.663779,43.18795],[5.664379,43.187763],[5.664718,43.187637],[5.665257,43.187412],[5.665535,43.187283],[5.665935,43.18708],[5.666305,43.186882],[5.670981,43.184216],[5.671371,43.184006],[5.671686,43.183849],[5.672033,43.183693],[5.672496,43.183495],[5.673553,43.183136],[5.674521,43.182865],[5.675224,43.182705],[5.676079,43.182568],[5.676962,43.182476],[5.677842,43.182419],[5.678826,43.182419],[5.679665,43.182468],[5.680607,43.182564],[5.681549,43.18272],[5.682536,43.182938],[5.683413,43.183201],[5.684194,43.183487],[5.684964,43.183823],[5.68664,43.184624],[5.687474,43.184994],[5.688381,43.185322],[5.688949,43.185478],[5.689719,43.185669],[5.690279,43.185787],[5.690841,43.185883],[5.691337,43.185951],[5.691919,43.186008],[5.692262,43.186031],[5.692976,43.186062],[5.693686,43.18605],[5.694096,43.186031],[5.701551,43.1856],[5.702282,43.185562],[5.702996,43.185516],[5.703388,43.185474],[5.703798,43.185417],[5.704104,43.185364],[5.704563,43.185261],[5.705024,43.185131],[5.705291,43.185047],[5.70579,43.18486],[5.70608,43.184738],[5.706526,43.184517],[5.707019,43.184227],[5.707246,43.184078],[5.707483,43.183907],[5.70764,43.183781],[5.708007,43.183464],[5.708165,43.183311],[5.708541,43.182922],[5.708938,43.182392],[5.709284,43.18169],[5.709353,43.181419],[5.709538,43.180851],[5.710189,43.177425],[5.710299,43.176933],[5.710455,43.17638],[5.710733,43.175793],[5.711134,43.175182],[5.711681,43.174561],[5.712088,43.174206],[5.712554,43.173855],[5.713944,43.172913],[5.714396,43.172535],[5.714712,43.172237],[5.715022,43.17186],[5.715138,43.171707],[5.715454,43.171146],[5.715671,43.170712],[5.715837,43.170223],[5.715933,43.169785],[5.715949,43.169281],[5.715904,43.168671],[5.715484,43.165459],[5.715104,43.162693],[5.715044,43.162212],[5.715003,43.161507],[5.714999,43.161121],[5.715022,43.160591],[5.715099,43.160038],[5.71555,43.15601],[5.715582,43.15583],[5.715626,43.155659],[5.715731,43.155304],[5.715867,43.154945],[5.716048,43.154587],[5.716228,43.154278],[5.71647,43.153934],[5.716843,43.153511],[5.71734,43.153061],[5.718174,43.152428],[5.718451,43.152206],[5.718762,43.151939],[5.71907,43.151627],[5.719334,43.151318],[5.719592,43.150959],[5.719768,43.150673],[5.719954,43.150303],[5.720082,43.149979],[5.720168,43.149696],[5.720237,43.149429],[5.720421,43.148289],[5.720479,43.148048],[5.720607,43.147644],[5.720748,43.147305],[5.720932,43.146961],[5.721148,43.146626],[5.721379,43.146328],[5.721627,43.146038],[5.721736,43.145924],[5.721927,43.145744],[5.722251,43.145477],[5.722579,43.145226],[5.722801,43.145084],[5.728283,43.141804],[5.728834,43.141499],[5.72938,43.141243],[5.729912,43.141033],[5.730136,43.140961],[5.730668,43.140808],[5.731154,43.140697],[5.731428,43.140648],[5.731853,43.140587],[5.732173,43.140553],[5.732541,43.140526],[5.732904,43.140511],[5.733248,43.140514],[5.733552,43.140522],[5.733916,43.140545],[5.734512,43.140614],[5.734986,43.140682],[5.737893,43.141197],[5.738388,43.141273],[5.739298,43.141388],[5.740214,43.141476],[5.740538,43.141499],[5.741411,43.141537],[5.742389,43.141544],[5.742706,43.141541],[5.74342,43.14151],[5.743682,43.141495],[5.744238,43.141453],[5.744854,43.141392],[5.745833,43.14127],[5.753663,43.139847],[5.755509,43.139503],[5.755947,43.1394],[5.758022,43.138851],[5.758399,43.13876],[5.758768,43.13868],[5.759161,43.138615],[5.759575,43.138561],[5.76015,43.138523],[5.760662,43.138515],[5.761045,43.138527],[5.76144,43.13855],[5.761998,43.138618],[5.762544,43.138718],[5.763087,43.138844],[5.763403,43.138935],[5.763793,43.139072],[5.763989,43.139153],[5.764412,43.139332],[5.764959,43.139591],[5.765787,43.139961],[5.766143,43.14011],[5.766494,43.140232],[5.766816,43.140327],[5.767264,43.140434],[5.767821,43.140541],[5.768167,43.140591],[5.768576,43.140633],[5.769155,43.140663],[5.769745,43.140671],[5.770048,43.140656],[5.770459,43.140621],[5.770927,43.14056],[5.771308,43.140491],[5.772782,43.140179],[5.773309,43.140057],[5.773888,43.139893],[5.774295,43.139748],[5.774689,43.139599],[5.775113,43.139412],[5.7753,43.13932],[5.775794,43.139061],[5.775992,43.138939],[5.776351,43.138706],[5.776767,43.138409],[5.777084,43.138153],[5.777197,43.13805],[5.777488,43.137764],[5.777687,43.137535],[5.781522,43.132565],[5.78214,43.131859],[5.782431,43.131557],[5.78271,43.131283],[5.782999,43.131027],[5.783549,43.130569],[5.784274,43.13007],[5.784564,43.129887],[5.784866,43.129719],[5.785427,43.129425],[5.785705,43.129292],[5.78629,43.129032],[5.786728,43.128857],[5.787049,43.128738],[5.787483,43.128593],[5.788292,43.128368],[5.788884,43.128235],[5.789149,43.128181],[5.790121,43.128014],[5.801063,43.126293],[5.811849,43.124569],[5.822371,43.12291],[5.825,43.122486],[5.825,43.122486],[5.864443,43.116215],[5.866391,43.115898],[5.86769,43.1157],[5.868464,43.115601],[5.8694,43.115532],[5.87,43.115509],[5.870819,43.115509],[5.871325,43.115528],[5.871972,43.11557],[5.872517,43.115631],[5.872932,43.115688],[5.873555,43.115803],[5.873921,43.115887],[5.874447,43.116028],[5.875044,43.116226],[5.875641,43.116459],[5.87608,43.116657],[5.876294,43.116764],[5.876854,43.117073],[5.876854,43.117073],[5.877238,43.11731],[5.877651,43.117603],[5.87787,43.117779],[5.878213,43.118069],[5.87852,43.118362],[5.878767,43.118622],[5.879198,43.119137],[5.879357,43.119358],[5.879803,43.120052],[5.881926,43.123512],[5.882384,43.124241],[5.882539,43.124474],[5.882858,43.124893],[5.883128,43.125202],[5.883255,43.125336],[5.883654,43.125725],[5.883956,43.125977],[5.884437,43.126316],[5.884983,43.126682],[5.885157,43.126789],[5.885508,43.12698],[5.88607,43.127262],[5.886379,43.127399],[5.886846,43.127586],[5.887783,43.12788],[5.88869,43.128128],[5.890301,43.128548],[5.891114,43.128731],[5.891785,43.128845],[5.892669,43.128963],[5.893325,43.129028],[5.898316,43.129383],[5.89866,43.129414],[5.899077,43.129463],[5.899956,43.129593],[5.90198,43.129925],[5.903465,43.130188],[5.904186,43.13036],[5.904619,43.130489],[5.90564,43.130833],[5.910463,43.132572],[5.910972,43.132736],[5.911549,43.1329],[5.912015,43.133011],[5.912276,43.133064],[5.912877,43.13316],[5.913481,43.133221],[5.913918,43.133255],[5.914246,43.13327],[5.914722,43.133278],[5.914993,43.133274],[5.915679,43.133236],[5.91612,43.133194],[5.91665,43.133129],[5.917079,43.13306],[5.917719,43.132919],[5.918779,43.132591],[5.919642,43.132278],[5.92044,43.131969],[5.923405,43.130859],[5.923765,43.130692],[5.924664,43.130356],[5.926023,43.129829],[5.927585,43.129261],[5.928372,43.128956],[5.929543,43.128521]]]}},{"type":"Feature","properties":{"route_name":"Ligne K7","type":"Commuter Rail","network":"TER ZOU!","color":"#BF005F"},"geometry":{"type":"LineString","coordinates":[[4.805272,43.94173],[4.802691,43.941723],[4.801869,43.941685],[4.801306,43.941643],[4.800595,43.94162],[4.7997,43.941547],[4.79884,43.941437],[4.798278,43.94136],[4.797776,43.941257],[4.797588,43.941212],[4.797255,43.941116],[4.796868,43.940983],[4.796642,43.940891],[4.796372,43.940773],[4.795927,43.940544],[4.795621,43.940357],[4.795311,43.94014],[4.795139,43.940006],[4.794966,43.939861],[4.794839,43.939747],[4.794642,43.939552],[4.794366,43.939224],[4.794256,43.939075],[4.794156,43.938927],[4.794002,43.938667],[4.793848,43.938339],[4.793772,43.938145],[4.793714,43.937954],[4.793657,43.937729],[4.793613,43.937443],[4.793594,43.937115],[4.793596,43.93681],[4.793657,43.93639],[4.793711,43.936123],[4.793756,43.935944],[4.794288,43.934074],[4.794499,43.933372],[4.796114,43.927723],[4.796481,43.926495],[4.796671,43.925816],[4.796867,43.925156],[4.796976,43.92474],[4.79707,43.924305],[4.797142,43.923828],[4.797174,43.923309],[4.797182,43.922817],[4.797166,43.922554],[4.797087,43.921986],[4.797009,43.921627],[4.796946,43.921383],[4.796868,43.921116],[4.796799,43.920914],[4.79663,43.920502],[4.796368,43.919933],[4.796206,43.919628],[4.795536,43.918453],[4.795294,43.918049],[4.793162,43.914398],[4.792583,43.913391],[4.792369,43.913044],[4.789884,43.908783],[4.789289,43.907776],[4.784246,43.899124],[4.783899,43.898499],[4.783003,43.896988],[4.78031,43.892384],[4.777211,43.887043],[4.774624,43.882641],[4.774041,43.88158],[4.77371,43.880821],[4.773484,43.880241],[4.773258,43.879555],[4.772993,43.878609],[4.77284,43.877857],[4.77259,43.876144],[4.772516,43.875679],[4.772413,43.875168],[4.772323,43.874809],[4.772142,43.874207],[4.771998,43.873791],[4.771819,43.873322],[4.77158,43.872795],[4.7713,43.872242],[4.771017,43.871727],[4.770706,43.871239],[4.770443,43.87085],[4.77014,43.87043],[4.769735,43.869923],[4.769522,43.869671],[4.76898,43.869072],[4.768225,43.868351],[4.767526,43.867722],[4.766499,43.866848],[4.765701,43.866146],[4.764526,43.865139],[4.761943,43.862881],[4.761335,43.862324],[4.760327,43.861256],[4.759327,43.860004],[4.758896,43.859379],[4.755593,43.854156],[4.753351,43.850578],[4.753093,43.850197],[4.752676,43.849594],[4.75224,43.849052],[4.752017,43.848793],[4.751693,43.84845],[4.751338,43.848083],[4.750986,43.847755],[4.75035,43.847202],[4.74992,43.846851],[4.749298,43.846382],[4.748737,43.846012],[4.748178,43.845661],[4.747604,43.845337],[4.747039,43.845032],[4.746247,43.844646],[4.745322,43.844261],[4.744428,43.843922],[4.71637,43.83387],[4.715165,43.833431],[4.714636,43.833221],[4.714248,43.83305],[4.71387,43.832874],[4.713606,43.832737],[4.713127,43.83247],[4.712664,43.832188],[4.712338,43.831966],[4.712053,43.831764],[4.709319,43.829704],[4.708927,43.829433],[4.708586,43.829212],[4.708246,43.82901],[4.707877,43.828804],[4.707567,43.828648],[4.706975,43.828373],[4.706439,43.828152],[4.705873,43.827942],[4.705349,43.82777],[4.704399,43.82748],[4.688285,43.822697],[4.686499,43.822163],[4.683866,43.821388],[4.682722,43.821041],[4.681969,43.820805],[4.68143,43.820621],[4.680906,43.820435],[4.680285,43.820198],[4.679081,43.819691],[4.678063,43.819202],[4.677579,43.818958],[4.67695,43.818615],[4.675895,43.817993],[4.675119,43.817482],[4.674399,43.816963],[4.67361,43.816349],[4.672775,43.815636],[4.672008,43.814903],[4.671697,43.814587],[4.671338,43.814194],[4.670919,43.813705],[4.670536,43.813221],[4.670155,43.812698],[4.669967,43.81242],[4.669586,43.811813],[4.669453,43.811581],[4.669211,43.811127],[4.668985,43.810684],[4.668605,43.809868],[4.667911,43.808292],[4.667072,43.806473],[4.666572,43.805355],[4.662694,43.79631],[4.662591,43.796082],[4.660888,43.792095],[4.660211,43.790451],[4.65954,43.788868],[4.658222,43.785885],[4.637054,43.736462],[4.635077,43.731827],[4.627741,43.714695],[4.627421,43.713894],[4.627252,43.713413],[4.6271,43.71291],[4.627,43.712551],[4.626919,43.712219],[4.626783,43.711525],[4.626709,43.711056],[4.626667,43.71072],[4.626611,43.710037],[4.626595,43.709702],[4.62659,43.709366],[4.626608,43.708561],[4.62663,43.708229],[4.626672,43.707821],[4.626726,43.707401],[4.626823,43.706841],[4.626943,43.706276],[4.628454,43.70018],[4.630836,43.690666],[4.632038,43.686226],[4.632388,43.684826],[4.632388,43.684826],[4.632483,43.684387],[4.632622,43.683807],[4.632776,43.683258],[4.632918,43.682804],[4.633078,43.682358],[4.633214,43.682011],[4.633451,43.681477],[4.633632,43.681107],[4.63381,43.680767],[4.633991,43.68045],[4.634319,43.679897],[4.634565,43.679504],[4.636061,43.677174],[4.64358,43.665329],[4.645022,43.663052],[4.645236,43.662701],[4.645616,43.662132],[4.64581,43.661861],[4.64621,43.661339],[4.646423,43.661079],[4.646881,43.660564],[4.647106,43.660332],[4.647715,43.659752],[4.648347,43.65921],[4.649002,43.658699],[4.649416,43.658405],[4.649726,43.658192],[4.650325,43.657814],[4.651071,43.657383],[4.651565,43.657124],[4.652138,43.656845],[4.652705,43.65659],[4.653329,43.65633],[4.653976,43.656086],[4.654608,43.655869],[4.654952,43.655762],[4.655377,43.655636],[4.656043,43.655453],[4.656417,43.655361],[4.658766,43.654816],[4.685516,43.64867],[4.697847,43.645844],[4.723777,43.639877],[4.747193,43.634483],[4.800743,43.622128],[4.800743,43.622128],[4.803814,43.621426],[4.852001,43.610275],[4.859384,43.608578],[4.868307,43.606503],[4.870952,43.605907],[4.874131,43.605156],[4.876072,43.604702],[4.903179,43.598415],[4.906325,43.597679],[4.933424,43.5914],[4.945739,43.588531],[4.94736,43.588169],[4.948471,43.587948],[4.94941,43.587776],[4.950831,43.587551],[4.951569,43.587448],[4.952284,43.587357],[4.954385,43.587112],[4.95504,43.587017],[4.955935,43.586853],[4.956499,43.586731],[4.957739,43.586426],[4.962033,43.585335],[4.96318,43.585075],[4.964101,43.58493],[4.965066,43.584801],[4.965892,43.584724],[4.966406,43.58469],[4.967556,43.584648],[4.972146,43.58456],[4.972912,43.584526],[4.973287,43.584503],[4.973936,43.584442],[4.974639,43.584351],[4.975191,43.584259],[4.975808,43.584133],[4.976343,43.584011],[4.976981,43.583836],[4.977669,43.583618],[4.978048,43.583485],[4.978538,43.583298],[4.979028,43.583099],[4.979692,43.582817],[4.980773,43.582386],[4.98124,43.582222],[4.981585,43.582115],[4.98215,43.581955],[4.982777,43.58181],[4.983148,43.58173],[4.983929,43.581608],[4.984258,43.581566],[4.985473,43.581455],[4.986997,43.581356],[4.987949,43.58131],[4.989144,43.581284],[4.990675,43.581306],[4.992216,43.581337],[4.992874,43.581318],[4.99619,43.581104],[4.99699,43.581074],[4.998156,43.581066],[4.999039,43.581047],[4.999471,43.581032],[4.999471,43.581032],[5.002177,43.580883],[5.002968,43.580849],[5.00385,43.580788],[5.004301,43.580742],[5.005075,43.580627],[5.005628,43.580524],[5.006214,43.580399],[5.008632,43.579811],[5.015617,43.578136],[5.017843,43.577591],[5.018605,43.57737],[5.01941,43.577084],[5.02014,43.576782],[5.020808,43.576458],[5.021537,43.576054],[5.022262,43.575581],[5.022413,43.575466],[5.023209,43.574829],[5.023646,43.574413],[5.024107,43.573906],[5.024613,43.573246],[5.024963,43.57272],[5.025259,43.572147],[5.025496,43.571636],[5.025651,43.571186],[5.025797,43.570667],[5.026264,43.568752],[5.026513,43.567966],[5.026741,43.567471],[5.027055,43.566906],[5.027394,43.566429],[5.027725,43.566017],[5.028419,43.565304],[5.028902,43.564873],[5.029576,43.564327],[5.030018,43.563927],[5.030417,43.563507],[5.030859,43.562973],[5.031462,43.562077],[5.032158,43.561008],[5.033584,43.558895],[5.03414,43.55793],[5.035597,43.555756],[5.036088,43.555088],[5.036623,43.554413],[5.037099,43.553875],[5.037648,43.553284],[5.038126,43.552818],[5.038646,43.552334],[5.039025,43.552021],[5.039621,43.55154],[5.04012,43.551117],[5.04012,43.551117],[5.040463,43.550797],[5.040851,43.550388],[5.041063,43.550144],[5.042326,43.548603],[5.042599,43.548286],[5.042995,43.54789],[5.043413,43.547516],[5.044,43.547054],[5.044393,43.546768],[5.044861,43.546482],[5.045668,43.546028],[5.046452,43.545578],[5.046751,43.545399],[5.047251,43.545071],[5.047599,43.544823],[5.04799,43.54451],[5.048247,43.544289],[5.04852,43.544033],[5.048911,43.543633],[5.049096,43.543423],[5.049425,43.543018],[5.049621,43.542755],[5.049822,43.542461],[5.050159,43.541889],[5.05026,43.541695],[5.050383,43.541428],[5.050512,43.54113],[5.050662,43.54073],[5.050755,43.540421],[5.050819,43.540154],[5.050895,43.539776],[5.050961,43.539219],[5.05099,43.538795],[5.051023,43.538052],[5.051061,43.537384],[5.051114,43.536911],[5.051149,43.536709],[5.051255,43.536228],[5.051329,43.53598],[5.051416,43.535721],[5.051523,43.535446],[5.051677,43.535114],[5.051885,43.534702],[5.052141,43.534275],[5.05227,43.534081],[5.052477,43.533787],[5.052722,43.533463],[5.053128,43.532993],[5.053608,43.532513],[5.053815,43.53233],[5.054032,43.53215],[5.054388,43.531868],[5.054636,43.531681],[5.054947,43.531464],[5.055498,43.531116],[5.0559,43.530884],[5.056188,43.530727],[5.056767,43.530445],[5.057062,43.530315],[5.057528,43.530125],[5.058208,43.529881],[5.058957,43.529652],[5.059895,43.529411],[5.060222,43.529346],[5.060831,43.529243],[5.061381,43.529167],[5.061768,43.529129],[5.063434,43.529011],[5.067658,43.528751],[5.0693,43.528637],[5.072282,43.528454],[5.073417,43.528397],[5.074259,43.528374],[5.076065,43.528404],[5.083207,43.528721],[5.085001,43.528767],[5.085782,43.528751],[5.08672,43.528683],[5.088356,43.528484],[5.088798,43.528439],[5.089601,43.528374],[5.0904,43.528355],[5.091267,43.528374],[5.091863,43.528423],[5.092399,43.528481],[5.093196,43.528603],[5.093908,43.528744],[5.094395,43.528862],[5.097522,43.529644],[5.100214,43.530331],[5.100729,43.530472],[5.101786,43.5308],[5.105831,43.532101],[5.106439,43.532291],[5.106979,43.53244],[5.107531,43.532578],[5.107867,43.532654],[5.10839,43.532761],[5.114312,43.533905],[5.119894,43.534992],[5.120399,43.535076],[5.12107,43.535168],[5.121582,43.535221],[5.122384,43.535271],[5.122885,43.535282],[5.123536,43.535271],[5.123886,43.535255],[5.124659,43.535198],[5.125392,43.535107],[5.126041,43.534996],[5.126555,43.534893],[5.126865,43.534821],[5.127439,43.534664],[5.127846,43.534546],[5.128365,43.534374],[5.129175,43.534061],[5.129576,43.533886],[5.130265,43.533546],[5.130814,43.533237],[5.131244,43.532967],[5.136555,43.529415],[5.141605,43.526054],[5.151003,43.519768],[5.152294,43.518921],[5.153536,43.518066],[5.164197,43.510937],[5.167007,43.509064],[5.188044,43.494968],[5.188785,43.494484],[5.189246,43.494205],[5.189855,43.493877],[5.190479,43.493591],[5.191186,43.493317],[5.192279,43.492989],[5.193247,43.492794],[5.194274,43.492626],[5.195372,43.49255],[5.196264,43.49255],[5.197263,43.492611],[5.19813,43.492725],[5.198956,43.492882],[5.199766,43.493084],[5.200485,43.493305],[5.201271,43.493607],[5.201982,43.493942],[5.202606,43.494297],[5.203376,43.494785],[5.204045,43.495255],[5.204744,43.495766],[5.20513,43.496082],[5.206932,43.4977],[5.208937,43.499531],[5.209509,43.500004],[5.210115,43.500431],[5.210742,43.50082],[5.211467,43.50119],[5.211999,43.501442],[5.212658,43.501732],[5.213303,43.501968],[5.213983,43.502171],[5.214658,43.50235],[5.215579,43.502537],[5.21607,43.502617],[5.216655,43.502689],[5.216967,43.50272],[5.217577,43.502762],[5.218163,43.502781],[5.218615,43.502781],[5.219469,43.50275],[5.220114,43.502701],[5.220704,43.502632],[5.221302,43.502537],[5.221884,43.502426],[5.222465,43.502296],[5.22298,43.502155],[5.223458,43.50201],[5.223778,43.501907],[5.224122,43.501781],[5.22446,43.501652],[5.224773,43.501518],[5.22534,43.501259],[5.2259,43.500969],[5.226231,43.500782],[5.226598,43.500557],[5.226881,43.500374],[5.22732,43.500057],[5.227658,43.499794],[5.227851,43.499634],[5.228232,43.499298],[5.228525,43.499012],[5.228895,43.498611],[5.229179,43.498272],[5.22932,43.498089],[5.229545,43.497776],[5.229815,43.497356],[5.229921,43.497173],[5.230085,43.496864],[5.23032,43.496357],[5.230454,43.496002],[5.230619,43.495472],[5.230715,43.49506],[5.230784,43.494637],[5.230814,43.494354],[5.230841,43.493885],[5.230848,43.493454],[5.230866,43.486614],[5.230866,43.486614],[5.230874,43.484352],[5.230886,43.483925],[5.230918,43.483448],[5.230965,43.483009],[5.231995,43.476311],[5.235467,43.453934],[5.235561,43.4534],[5.235627,43.453098],[5.235744,43.452667],[5.235831,43.4524],[5.23602,43.4519],[5.236828,43.450001],[5.237041,43.449459],[5.237178,43.44907],[5.237326,43.448601],[5.237483,43.448006],[5.237577,43.447575],[5.237658,43.447128],[5.23773,43.446598],[5.237784,43.445992],[5.237806,43.445381],[5.237801,43.444859],[5.237788,43.444569],[5.237742,43.444008],[5.237703,43.443684],[5.237617,43.443134],[5.237474,43.442459],[5.237321,43.441875],[5.237138,43.441231],[5.237138,43.441231],[5.23661,43.439327],[5.236482,43.438797],[5.236428,43.438515],[5.236362,43.437954],[5.236342,43.437496],[5.23635,43.436928],[5.236394,43.436481],[5.236468,43.436062],[5.236539,43.43576],[5.236627,43.435459],[5.23674,43.43512],[5.236863,43.434784],[5.236979,43.434517],[5.237103,43.434265],[5.237314,43.433884],[5.23758,43.433456],[5.237735,43.433228],[5.237842,43.433079],[5.238204,43.432629],[5.238531,43.43227],[5.238957,43.43185],[5.239408,43.431461],[5.23983,43.431137],[5.240345,43.430767],[5.243779,43.42844],[5.245629,43.427174],[5.246098,43.426834],[5.246756,43.4263],[5.247276,43.425835],[5.247826,43.425301],[5.248053,43.425064],[5.248682,43.424332],[5.249074,43.423817],[5.249297,43.4235],[5.249469,43.423241],[5.249659,43.422932],[5.249853,43.422596],[5.250025,43.422279],[5.250254,43.42181],[5.250379,43.421532],[5.250549,43.421116],[5.250675,43.420776],[5.250803,43.420376],[5.250894,43.420048],[5.251052,43.419357],[5.25227,43.413406],[5.252379,43.41293],[5.25243,43.412743],[5.252522,43.412437],[5.252639,43.412098],[5.25276,43.411793],[5.252896,43.411491],[5.253085,43.411114],[5.253242,43.410828],[5.253365,43.410614],[5.253563,43.410297],[5.253888,43.409828],[5.254052,43.409615],[5.254052,43.409615],[5.254432,43.409161],[5.254612,43.408966],[5.255088,43.408485],[5.255456,43.408142],[5.256443,43.407288],[5.263747,43.401142],[5.264306,43.4007],[5.301735,43.369129],[5.302148,43.368748],[5.303036,43.367847],[5.30334,43.367554],[5.303742,43.367195],[5.304116,43.366898],[5.304521,43.366608],[5.304941,43.366337],[5.305194,43.366184],[5.305601,43.365959],[5.30601,43.365749],[5.30673,43.365406],[5.307236,43.365181],[5.307639,43.365005],[5.308178,43.364788],[5.308875,43.36454],[5.309492,43.364349],[5.310156,43.364185],[5.310509,43.364109],[5.311176,43.363991],[5.311829,43.363907],[5.312295,43.363869],[5.312823,43.363838],[5.31322,43.363831],[5.313782,43.363838],[5.314246,43.363857],[5.315774,43.363945],[5.316464,43.363972],[5.317188,43.363976],[5.318144,43.36396],[5.318426,43.363956],[5.318849,43.363968],[5.319197,43.36396],[5.321404,43.363865],[5.321404,43.363865],[5.32467,43.363724],[5.32781,43.363514],[5.332978,43.3633],[5.333487,43.36327],[5.333986,43.363216],[5.334539,43.363129],[5.334973,43.363029],[5.335772,43.362831],[5.336385,43.362659],[5.336886,43.36248],[5.337201,43.36235],[5.337344,43.362282],[5.337685,43.362106],[5.337914,43.361973],[5.338363,43.361671],[5.339137,43.361122],[5.341501,43.35947],[5.342927,43.358459],[5.34454,43.357334],[5.344836,43.357109],[5.345119,43.356884],[5.345286,43.356739],[5.345636,43.356392],[5.345858,43.356148],[5.347118,43.354607],[5.347242,43.354443],[5.347341,43.354294],[5.347534,43.353977],[5.347701,43.353626],[5.347783,43.353424],[5.348093,43.352562],[5.348145,43.352402],[5.348321,43.351704],[5.348342,43.35154],[5.348488,43.350708],[5.348649,43.3498],[5.348698,43.349556],[5.348733,43.3493],[5.349461,43.345261],[5.34949,43.345142],[5.349636,43.34473],[5.349753,43.34446],[5.350808,43.342178],[5.352563,43.338326],[5.352704,43.338066],[5.352806,43.337902],[5.352911,43.337749],[5.353154,43.337463],[5.353351,43.337269],[5.353579,43.337067],[5.354193,43.336559],[5.354496,43.336285],[5.354736,43.33601],[5.354946,43.335747],[5.355087,43.335552],[5.355226,43.335316],[5.355324,43.33511],[5.355578,43.334473],[5.355928,43.33353],[5.356656,43.330914],[5.35668,43.330715],[5.356868,43.329941],[5.356962,43.329647],[5.357087,43.329361],[5.357247,43.329079],[5.357316,43.328976],[5.357497,43.328739],[5.35837,43.327686],[5.358755,43.327244],[5.359094,43.326939],[5.359315,43.326748],[5.359451,43.326656],[5.360344,43.326138],[5.360639,43.325981],[5.360847,43.325844],[5.360946,43.325768],[5.361195,43.325554],[5.361715,43.324982],[5.362288,43.324333],[5.36233,43.324272],[5.362643,43.323883],[5.363556,43.322788],[5.363692,43.322536],[5.363787,43.322289],[5.363822,43.322163],[5.363918,43.321712],[5.363925,43.321434],[5.363836,43.320679],[5.363791,43.320503],[5.363755,43.320396],[5.363686,43.32024],[5.363461,43.319794],[5.363395,43.319618],[5.363369,43.319519],[5.363351,43.319408],[5.363332,43.31921],[5.363342,43.318993],[5.363368,43.318825],[5.363431,43.318592],[5.363575,43.318241],[5.363829,43.317757],[5.363891,43.31765],[5.36398,43.317524],[5.364079,43.31739],[5.364417,43.316982],[5.364918,43.316406],[5.365014,43.316315],[5.365207,43.316158],[5.365524,43.315937],[5.366014,43.315613],[5.366309,43.31535],[5.36644,43.315216],[5.36656,43.31506],[5.366762,43.314774],[5.367029,43.314308],[5.367615,43.313232],[5.367836,43.312889],[5.367959,43.312717],[5.368139,43.312511],[5.368254,43.312405],[5.368835,43.31197],[5.369103,43.311813],[5.369376,43.311672],[5.369764,43.311527],[5.370221,43.311382],[5.370653,43.31126],[5.371203,43.311188],[5.37176,43.311153],[5.372075,43.311153],[5.372475,43.311192],[5.372993,43.311291],[5.37328,43.311378],[5.373572,43.311485],[5.374758,43.312023],[5.375056,43.312168],[5.376162,43.312679],[5.376469,43.312813],[5.376758,43.31292],[5.377081,43.313026],[5.377431,43.313126],[5.377929,43.313217],[5.378376,43.313271],[5.378762,43.313305],[5.379196,43.313316],[5.379778,43.31329],[5.380079,43.313259],[5.380452,43.313206],[5.3808,43.313137],[5.381133,43.313053],[5.381644,43.312897],[5.382063,43.312725],[5.382631,43.312439],[5.382923,43.312256],[5.383202,43.312054],[5.383491,43.311813],[5.38375,43.311565],[5.384102,43.31115],[5.385263,43.309689],[5.385639,43.309196],[5.385787,43.308971],[5.385899,43.308781],[5.386026,43.308475],[5.386146,43.308064],[5.386178,43.307758],[5.386185,43.307377],[5.386115,43.306973],[5.386075,43.306805],[5.38603,43.30666],[5.38596,43.306469],[5.385888,43.30632],[5.385796,43.306168],[5.385689,43.306026],[5.385493,43.305828],[5.385325,43.305695],[5.38514,43.305573],[5.384992,43.305492],[5.384724,43.30537],[5.38428,43.305187],[5.383767,43.304981],[5.383205,43.304783],[5.383001,43.304699],[5.382802,43.304607],[5.38025,43.303265]]}},{"type":"Feature","properties":{"route_name":"Ligne K9","type":"Commuter Rail","network":"TER ZOU!","color":"#BF005F"},"geometry":{"type":"MultiLineString","coordinates":[[[5.380686,43.302837],[5.383035,43.304077],[5.383832,43.304485],[5.38507,43.305099],[5.385269,43.30521],[5.385424,43.305302],[5.385949,43.305653],[5.386215,43.305878],[5.386319,43.305954],[5.386884,43.306305],[5.387386,43.306553],[5.387566,43.306629],[5.388359,43.306946],[5.388614,43.307068],[5.389508,43.307583],[5.389849,43.307812],[5.390062,43.307964],[5.390533,43.308331],[5.3909,43.308643],[5.391091,43.308842],[5.391273,43.309044],[5.391488,43.309303],[5.391699,43.309597],[5.391801,43.309753],[5.392099,43.310295],[5.392623,43.311321],[5.392884,43.311916],[5.393004,43.312241],[5.393132,43.312637],[5.393239,43.313038],[5.393304,43.313366],[5.393353,43.313725],[5.393369,43.313904],[5.39338,43.314259],[5.393371,43.315102],[5.393348,43.315815],[5.393114,43.319962],[5.393063,43.320637],[5.393013,43.321041],[5.392897,43.321785],[5.392766,43.322399],[5.39272,43.322586],[5.392533,43.323254],[5.39235,43.323799],[5.392133,43.324371],[5.391953,43.324802],[5.391695,43.325359],[5.391501,43.325741],[5.391246,43.32621],[5.390883,43.326809],[5.390608,43.327229],[5.390222,43.327785],[5.389657,43.32851],[5.389131,43.329128],[5.388863,43.329422],[5.388456,43.329849],[5.387835,43.330452],[5.387318,43.33091],[5.386556,43.331543],[5.386086,43.331902],[5.385494,43.332325],[5.384911,43.332726],[5.35495,43.352772],[5.353502,43.353729],[5.352597,43.354336],[5.351672,43.354931],[5.350587,43.355614],[5.347639,43.357578],[5.346763,43.358166],[5.344754,43.359585],[5.343373,43.360516],[5.342576,43.361034],[5.342203,43.361256],[5.341784,43.361485],[5.341414,43.361675],[5.340749,43.36198],[5.340529,43.362072],[5.339885,43.362309],[5.339175,43.362534],[5.33852,43.362709],[5.338154,43.362793],[5.337545,43.362915],[5.336982,43.363007],[5.336479,43.363068],[5.335977,43.36311],[5.335596,43.363132],[5.335072,43.363152],[5.33442,43.363163],[5.331757,43.363174],[5.33112,43.363186],[5.330354,43.363213],[5.328145,43.363304],[5.326536,43.363407],[5.322549,43.363689],[5.320694,43.363781],[5.319091,43.36388],[5.318462,43.363914],[5.317478,43.363941],[5.316918,43.363945],[5.316284,43.363934],[5.315714,43.363911],[5.314014,43.363815],[5.313606,43.3638],[5.313042,43.3638],[5.312478,43.363823],[5.311822,43.363873],[5.311238,43.363949],[5.310496,43.364079],[5.309716,43.364258],[5.3091,43.364429],[5.308859,43.364506],[5.308381,43.364677],[5.307619,43.364979],[5.306713,43.365376],[5.305719,43.365852],[5.305173,43.366154],[5.304917,43.366306],[5.304482,43.366589],[5.304077,43.366879],[5.303708,43.367172],[5.303302,43.367538],[5.302999,43.367828],[5.30211,43.368725],[5.301703,43.369106],[5.300495,43.370083],[5.297271,43.372814],[5.28537,43.382835],[5.277412,43.389545],[5.275259,43.391369],[5.272834,43.39341],[5.271192,43.394798],[5.268923,43.396698],[5.264277,43.400673],[5.264186,43.400726],[5.263717,43.401119],[5.255971,43.407639],[5.25552,43.408031],[5.255214,43.40831],[5.254579,43.408947],[5.254208,43.409359],[5.254014,43.409599],[5.253734,43.409973],[5.25352,43.410282],[5.253323,43.410599],[5.253041,43.411102],[5.252853,43.411488],[5.25272,43.411781],[5.252598,43.412086],[5.252478,43.41243],[5.252335,43.412926],[5.252226,43.413403],[5.251004,43.419369],[5.250895,43.419853],[5.250757,43.420364],[5.250629,43.420765],[5.250504,43.421104],[5.250285,43.421642],[5.250099,43.422035],[5.249813,43.422581],[5.249621,43.422913],[5.24926,43.423481],[5.249035,43.423801],[5.248644,43.424313],[5.248019,43.425041],[5.247791,43.425278],[5.247246,43.425812],[5.246734,43.426266],[5.246389,43.426552],[5.246028,43.426842],[5.245609,43.427143],[5.243742,43.428417],[5.240308,43.430748],[5.239993,43.430973],[5.239576,43.431282],[5.23937,43.431446],[5.23892,43.431831],[5.238491,43.432251],[5.238164,43.43261],[5.23791,43.432922],[5.237694,43.433208],[5.237538,43.433441],[5.237385,43.433681],[5.237169,43.434048],[5.236936,43.434505],[5.236819,43.434772],[5.236697,43.435108],[5.236583,43.435448],[5.236495,43.435753],[5.236422,43.436054],[5.236349,43.436478],[5.236304,43.436924],[5.236296,43.437496],[5.236316,43.437954],[5.236349,43.438274],[5.236383,43.438519],[5.236436,43.438801],[5.236565,43.439335],[5.237092,43.441235],[5.237092,43.441235],[5.237276,43.441879],[5.237429,43.442463],[5.237479,43.44268],[5.237615,43.443394],[5.237697,43.444012],[5.237742,43.444569],[5.23776,43.445087],[5.23776,43.445377],[5.237741,43.445934],[5.237717,43.446281],[5.237684,43.44659],[5.237612,43.447121],[5.237532,43.447571],[5.237438,43.447998],[5.237282,43.448589],[5.237135,43.449059],[5.237,43.449444],[5.236786,43.449986],[5.235977,43.451893],[5.23588,43.452137],[5.235787,43.452389],[5.2357,43.452656],[5.235582,43.453091],[5.235516,43.453392],[5.235423,43.453926],[5.231929,43.476444],[5.230919,43.483006],[5.230873,43.483448],[5.230841,43.483921],[5.230829,43.484352],[5.230802,43.493454],[5.230796,43.493881],[5.230783,43.494144],[5.230739,43.494633],[5.230669,43.495056],[5.230625,43.495262],[5.230525,43.495636],[5.230412,43.495991],[5.230202,43.496521],[5.229961,43.497009],[5.229774,43.497341],[5.229504,43.497761],[5.22928,43.498074],[5.229001,43.498425],[5.22869,43.498779],[5.228353,43.499126],[5.228004,43.499451],[5.227627,43.499771],[5.227065,43.500198],[5.226568,43.500534],[5.226203,43.500755],[5.225876,43.500942],[5.225318,43.501232],[5.225063,43.50135],[5.22444,43.501621],[5.223755,43.501877],[5.222963,43.502125],[5.222448,43.502266],[5.221868,43.502396],[5.221289,43.502506],[5.220549,43.502621],[5.219863,43.502689],[5.219193,43.502731],[5.21861,43.502747],[5.2179,43.502739],[5.217285,43.502712],[5.216661,43.502655],[5.216075,43.502583],[5.215585,43.502506],[5.214675,43.502319],[5.214013,43.50214],[5.213332,43.501942],[5.212675,43.501698],[5.212031,43.501423],[5.211486,43.50116],[5.210776,43.50079],[5.210175,43.500423],[5.209523,43.499966],[5.208976,43.499512],[5.206232,43.497009],[5.205553,43.496395],[5.204778,43.49575],[5.204089,43.495235],[5.203416,43.494759],[5.202638,43.494267],[5.202018,43.493916],[5.201297,43.493576],[5.200519,43.493279],[5.19979,43.493046],[5.198977,43.492847],[5.198151,43.492687],[5.197268,43.49258],[5.196286,43.492512],[5.195369,43.492512],[5.194274,43.492584],[5.193253,43.492733],[5.192284,43.492939],[5.191173,43.493263],[5.190454,43.493561],[5.189521,43.494011],[5.189274,43.494148],[5.188761,43.494457],[5.188017,43.494942],[5.172274,43.505489],[5.15097,43.519745],[5.141571,43.526028],[5.131224,43.532936],[5.130797,43.533203],[5.130234,43.533524],[5.129749,43.533768],[5.129154,43.534035],[5.128344,43.534344],[5.127821,43.534515],[5.127424,43.53463],[5.126849,43.534782],[5.126032,43.534958],[5.12538,43.535069],[5.124999,43.535118],[5.124235,43.535194],[5.123881,43.535217],[5.123189,43.53524],[5.122637,43.53524],[5.122384,43.535233],[5.121582,43.535187],[5.121321,43.535164],[5.120771,43.535099],[5.119903,43.534962],[5.111343,43.533302],[5.11035,43.5331],[5.108401,43.53273],[5.107542,43.532547],[5.106993,43.53241],[5.106453,43.532261],[5.105844,43.53207],[5.10342,43.531281],[5.101804,43.530766],[5.100743,43.530445],[5.100228,43.530296],[5.095415,43.529079],[5.093915,43.528713],[5.093451,43.528618],[5.092933,43.528526],[5.0926,43.528477],[5.091871,43.528389],[5.091278,43.528347],[5.090953,43.528332],[5.090404,43.52832],[5.089601,43.528339],[5.088788,43.528408],[5.08835,43.528454],[5.086713,43.528648],[5.085785,43.528721],[5.085001,43.528736],[5.084622,43.528736],[5.083209,43.528687],[5.076073,43.528374],[5.074257,43.528336],[5.073409,43.528362],[5.072278,43.528419],[5.067651,43.528717],[5.06343,43.528976],[5.061758,43.529099],[5.061086,43.529175],[5.060551,43.529251],[5.060209,43.529312],[5.05988,43.529385],[5.058943,43.529621],[5.058194,43.52985],[5.057512,43.53009],[5.056741,43.530415],[5.056167,43.530701],[5.055873,43.530857],[5.055484,43.531082],[5.054924,43.531437],[5.054621,43.531643],[5.054364,43.531837],[5.054005,43.532124],[5.053567,43.532497],[5.053075,43.532997],[5.052686,43.533447],[5.052436,43.533775],[5.0521,43.53426],[5.051843,43.534691],[5.051628,43.535107],[5.051481,43.535439],[5.051372,43.535709],[5.051281,43.535976],[5.051208,43.536221],[5.051068,43.536903],[5.051029,43.537205],[5.05097,43.538052],[5.050942,43.538795],[5.050913,43.539219],[5.050884,43.539509],[5.050815,43.539951],[5.050777,43.540138],[5.050711,43.540413],[5.050621,43.540718],[5.050469,43.541119],[5.050344,43.541416],[5.050216,43.541683],[5.050017,43.542057],[5.049781,43.542442],[5.049589,43.542732],[5.049239,43.54319],[5.048878,43.54361],[5.048697,43.543804],[5.048476,43.544022],[5.048213,43.544266],[5.047737,43.54467],[5.047422,43.544907],[5.047214,43.545052],[5.046725,43.545372],[5.046124,43.545727],[5.044832,43.546459],[5.044568,43.546616],[5.044363,43.546749],[5.043976,43.547024],[5.043785,43.547169],[5.043383,43.547493],[5.043204,43.547649],[5.042963,43.547867],[5.042746,43.54808],[5.042566,43.548264],[5.04243,43.548416],[5.041477,43.549568],[5.041023,43.550133],[5.040644,43.550552],[5.040422,43.550777],[5.040086,43.551094],[5.039723,43.551411],[5.038616,43.552303],[5.038068,43.552811],[5.037605,43.553268],[5.037064,43.553841],[5.036576,43.554398],[5.036065,43.555031],[5.03555,43.555744],[5.034088,43.557922],[5.033527,43.55888],[5.032108,43.560989],[5.030807,43.562958],[5.030375,43.563484],[5.029971,43.563904],[5.029541,43.564289],[5.028863,43.56485],[5.028367,43.565281],[5.027986,43.56567],[5.027678,43.56599],[5.027331,43.566418],[5.026999,43.566887],[5.026688,43.567463],[5.02646,43.567959],[5.026238,43.568665],[5.025823,43.570377],[5.025596,43.571163],[5.025427,43.57164],[5.025202,43.57214],[5.024907,43.572708],[5.024529,43.573277],[5.024045,43.573895],[5.023614,43.574387],[5.023396,43.5746],[5.023167,43.574802],[5.022383,43.575436],[5.022222,43.57555],[5.021516,43.576015],[5.020792,43.576427],[5.020135,43.576744],[5.019384,43.577049],[5.018588,43.577339],[5.01784,43.577557],[5.0156,43.578114],[5.008616,43.579781],[5.007061,43.580158],[5.005883,43.580437],[5.005373,43.58054],[5.004838,43.580627],[5.004144,43.580715],[5.003348,43.580776],[5.000765,43.580883],[4.999469,43.580917],[4.999469,43.580917],[4.999128,43.580925],[4.996842,43.580929],[4.995318,43.580914],[4.994198,43.580864],[4.991223,43.58065],[4.990309,43.58062],[4.989629,43.580612],[4.981609,43.580738],[4.980882,43.580769],[4.980074,43.580833],[4.977811,43.581078],[4.96913,43.582062],[4.968406,43.582165],[4.967987,43.58223],[4.967319,43.582363],[4.966805,43.582481],[4.96616,43.582657],[4.965823,43.58276],[4.96523,43.582954],[4.964399,43.583271],[4.96273,43.583965],[4.961803,43.584312],[4.961415,43.58445],[4.960989,43.584587],[4.960125,43.584835],[4.957542,43.585499],[4.956169,43.585842],[4.953026,43.586617],[4.945729,43.588482],[4.9441,43.588879],[4.925715,43.593155],[4.903159,43.598385],[4.901931,43.598663],[4.896971,43.599823],[4.874119,43.605122],[4.871081,43.605839],[4.868298,43.606472],[4.807078,43.62064],[4.800241,43.622208],[4.800241,43.622208],[4.754659,43.632729],[4.728405,43.638775],[4.723764,43.639839],[4.69538,43.646374],[4.658751,43.654785],[4.656405,43.655327],[4.656027,43.655422],[4.655325,43.655613],[4.654596,43.655838],[4.653955,43.656055],[4.65331,43.6563],[4.65269,43.656559],[4.652111,43.656818],[4.651546,43.657093],[4.651046,43.657356],[4.650632,43.657589],[4.649955,43.658001],[4.649384,43.658379],[4.648974,43.658672],[4.648317,43.659187],[4.64768,43.659729],[4.64707,43.660309],[4.646845,43.660545],[4.646609,43.660801],[4.646385,43.66106],[4.645976,43.661568],[4.64566,43.661995],[4.645193,43.662682],[4.643535,43.665318],[4.641175,43.669037],[4.640737,43.669758],[4.639838,43.671139],[4.637952,43.674122],[4.637663,43.674564],[4.636014,43.677166],[4.63452,43.679489],[4.633947,43.680431],[4.633766,43.680756],[4.633368,43.681557],[4.633114,43.682137],[4.632548,43.683571],[4.632467,43.683842],[4.632236,43.684803],[4.632236,43.684803],[4.631296,43.688538],[4.630939,43.68988],[4.63079,43.690659],[4.629333,43.696503],[4.629228,43.696899],[4.627075,43.705547],[4.626838,43.706539],[4.626779,43.706833],[4.626681,43.707397],[4.626626,43.707817],[4.626583,43.708229],[4.62656,43.708557],[4.626544,43.70937],[4.626553,43.709778],[4.626581,43.710323],[4.626621,43.71072],[4.626664,43.711056],[4.626737,43.711529],[4.626873,43.712223],[4.626955,43.712555],[4.627055,43.712917],[4.627207,43.713421],[4.627376,43.713905],[4.627698,43.714706],[4.635031,43.731838],[4.636963,43.73637],[4.64104,43.745876],[4.653461,43.774883],[4.654443,43.777157],[4.657958,43.785378],[4.658965,43.787712],[4.659633,43.789284],[4.659866,43.789898],[4.660283,43.791229],[4.660421,43.791569],[4.661629,43.794376],[4.661726,43.794632],[4.661797,43.794853],[4.661878,43.795197],[4.661914,43.795452],[4.66193,43.795731],[4.661926,43.795967],[4.661897,43.796246],[4.661846,43.796539],[4.661757,43.79686],[4.661642,43.79718],[4.66154,43.797413],[4.6614,43.797695],[4.661253,43.797943],[4.66104,43.798256],[4.660848,43.798504],[4.660604,43.798786],[4.660352,43.799038],[4.660179,43.799202],[4.660005,43.799351],[4.659812,43.7995],[4.659588,43.799652],[4.65942,43.799755],[4.658978,43.800007],[4.657907,43.800556],[4.657767,43.800617],[4.657338,43.80077],[4.657062,43.80085],[4.657062,43.80085],[4.656712,43.800938],[4.656302,43.80101],[4.655363,43.801159],[4.654709,43.801289],[4.654214,43.801361],[4.65311,43.801487],[4.647142,43.8022],[4.637853,43.803288],[4.637118,43.803383],[4.636396,43.803486],[4.635573,43.803623],[4.634286,43.803883],[4.632974,43.804207],[4.632166,43.804432],[4.630937,43.804825],[4.629527,43.805344],[4.625297,43.807148],[4.624353,43.807499],[4.623145,43.807896],[4.622101,43.808163],[4.621601,43.808285],[4.619369,43.808765],[4.617115,43.809238],[4.616365,43.80938],[4.615604,43.809505],[4.614829,43.809608],[4.614085,43.809696],[4.613422,43.809765],[4.612566,43.809818],[4.611884,43.809845],[4.611078,43.80986],[4.610689,43.80986],[4.608728,43.809784],[4.607934,43.809723],[4.607088,43.809628],[4.60653,43.809559],[4.605834,43.809456],[4.60509,43.80933],[4.603568,43.809021],[4.60282,43.808842],[4.602149,43.808651],[4.601375,43.808418],[4.600766,43.808216],[4.599675,43.807823],[4.599192,43.80764],[4.598639,43.8074],[4.597419,43.806831],[4.596598,43.806393],[4.596198,43.806164],[4.589728,43.802181],[4.588804,43.801651],[4.58823,43.80135],[4.587669,43.801067],[4.586923,43.800724],[4.58632,43.800465],[4.585104,43.799988],[4.583904,43.799557],[4.582796,43.799236],[4.581769,43.798973],[4.580705,43.798733],[4.579638,43.798523],[4.578583,43.798367],[4.57758,43.798244],[4.576495,43.798141],[4.574534,43.797924],[4.573733,43.797829],[4.57296,43.797718],[4.571418,43.79744],[4.570655,43.797279],[4.569187,43.796936],[4.567672,43.796597],[4.566948,43.796429],[4.565551,43.796074],[4.564944,43.795872],[4.564359,43.795666],[4.563782,43.795418],[4.563209,43.795162],[4.562708,43.794903],[4.562178,43.794586],[4.561685,43.794266],[4.561192,43.793919],[4.560686,43.793522],[4.557769,43.791134],[4.557305,43.790787],[4.556832,43.790459],[4.556314,43.790131],[4.555752,43.789833],[4.555203,43.789566],[4.554637,43.789307],[4.554031,43.789085],[4.553413,43.788895],[4.55279,43.788723],[4.552149,43.788559],[4.551489,43.788429],[4.550834,43.788326],[4.550148,43.788254],[4.54949,43.788208],[4.548814,43.788185],[4.548143,43.788197],[4.547476,43.788223],[4.546799,43.78828],[4.546179,43.788364],[4.545597,43.788456],[4.545158,43.788536],[4.544661,43.788654],[4.544211,43.788769],[4.54352,43.788971],[4.542758,43.789249],[4.542104,43.789516],[4.541325,43.789898],[4.540572,43.790325],[4.539776,43.790867],[4.538991,43.791489],[4.533525,43.796177],[4.532592,43.796959],[4.52951,43.799622],[4.525113,43.803371],[4.51804,43.809437],[4.515934,43.811234],[4.51548,43.811611],[4.514913,43.812065],[4.514094,43.812702],[4.513646,43.813038],[4.512872,43.813595],[4.512101,43.814129],[4.511071,43.814808],[4.509716,43.815643],[4.508404,43.816399],[4.50742,43.816929],[4.50742,43.816929],[4.505769,43.817757],[4.504977,43.818134],[4.504168,43.818501],[4.502676,43.819138],[4.50149,43.819611],[4.50083,43.819859],[4.500054,43.820141],[4.498631,43.820625],[4.497233,43.821068],[4.493995,43.822014],[4.483234,43.825199],[4.481797,43.82563],[4.478852,43.826485],[4.468381,43.829582],[4.417598,43.84454],[4.41701,43.8447],[4.416127,43.844902],[4.415715,43.844982],[4.414013,43.845261],[4.413361,43.845379],[4.412748,43.845509],[4.412288,43.845619],[4.411846,43.845737],[4.410078,43.846237],[4.409426,43.846413],[4.408678,43.846592],[4.408173,43.846691],[4.407504,43.846798],[4.404892,43.847198],[4.399452,43.847939],[4.398797,43.848007],[4.397996,43.848064],[4.397709,43.848076],[4.396422,43.848064],[4.395936,43.848045],[4.394777,43.847977],[4.392603,43.847816],[4.391815,43.847744],[4.39105,43.847664],[4.389923,43.84753],[4.389,43.847401],[4.387046,43.847042],[4.383758,43.846371],[4.382592,43.846111],[4.381073,43.845749],[4.38007,43.84549],[4.379581,43.845337],[4.37922,43.845211],[4.378987,43.845116],[4.378485,43.844887],[4.377898,43.84457],[4.377281,43.844204],[4.376711,43.843811],[4.376244,43.843449],[4.375841,43.843098],[4.375484,43.842751],[4.375121,43.842365],[4.374674,43.841839],[4.374445,43.841526],[4.374233,43.841217],[4.374031,43.840908],[4.373757,43.840378],[4.373608,43.840054],[4.373346,43.839447],[4.373097,43.838978],[4.372838,43.838531],[4.372711,43.838341],[4.372477,43.838028],[4.372103,43.837578],[4.371842,43.837296],[4.371556,43.837006],[4.371267,43.836731],[4.37098,43.836479],[4.370059,43.835697],[4.368672,43.834545],[4.36822,43.834156],[4.367797,43.833778],[4.366315,43.832546],[4.366315,43.832546],[4.365092,43.831532],[4.363674,43.830414],[4.36321,43.83009],[4.362673,43.829746],[4.35992,43.828121],[4.359609,43.82795],[4.355466,43.825504],[4.354239,43.824833],[4.353734,43.824581],[4.353113,43.824287],[4.352139,43.823872],[4.351502,43.823616],[4.350929,43.823406],[4.350332,43.823196],[4.349555,43.822948],[4.348392,43.822617],[4.347885,43.822491],[4.346442,43.822159],[4.344622,43.821728],[4.343245,43.821308],[4.34192,43.820839],[4.341024,43.820484],[4.33984,43.819958],[4.339005,43.819546],[4.337088,43.818531],[4.335835,43.817844],[4.333328,43.81649],[4.331852,43.815685],[4.329819,43.81459],[4.328571,43.813908],[4.327766,43.813446],[4.326888,43.812912],[4.325162,43.811752],[4.324083,43.810944],[4.323021,43.810089],[4.322501,43.809631],[4.321372,43.808586],[4.320786,43.807995],[4.320333,43.807499],[4.31952,43.80658],[4.319085,43.806053],[4.318758,43.805645],[4.316445,43.802551],[4.315428,43.801216],[4.315007,43.800636],[4.314592,43.800098],[4.311639,43.796169],[4.311096,43.795475],[4.310438,43.794685],[4.309885,43.794071],[4.30934,43.793499],[4.308778,43.792942],[4.30821,43.792404],[4.30764,43.791878],[4.306881,43.791245],[4.306105,43.790623],[4.305259,43.789993],[4.295468,43.782974],[4.293639,43.781654],[4.292323,43.780716],[4.29173,43.780277],[4.290037,43.779068],[4.289507,43.778679],[4.288475,43.777897],[4.27958,43.771004],[4.279031,43.770538],[4.278528,43.770069],[4.278216,43.769753],[4.277893,43.769405],[4.277593,43.769058],[4.277137,43.768497],[4.276649,43.767799],[4.276418,43.767441],[4.275972,43.766617],[4.275753,43.76614],[4.275337,43.765198],[4.274922,43.764389],[4.274601,43.763866],[4.274251,43.763344],[4.273861,43.762825],[4.27323,43.762085],[4.272557,43.761398],[4.272146,43.761017],[4.271679,43.760616],[4.271209,43.760246],[4.270727,43.759884],[4.269966,43.75938],[4.269164,43.758892],[4.268728,43.758656],[4.267945,43.758263],[4.267302,43.757961],[4.264886,43.756889],[4.264544,43.756729],[4.263908,43.756409],[4.263252,43.756054],[4.262661,43.755692],[4.26187,43.755169],[4.261361,43.754787],[4.260856,43.754387],[4.260087,43.753704],[4.259838,43.753464],[4.258458,43.752041],[4.258073,43.751678],[4.257676,43.751328],[4.256994,43.750786],[4.256305,43.75029],[4.255671,43.749882],[4.254874,43.749416],[4.254604,43.749271],[4.244894,43.744244],[4.244364,43.743988],[4.243817,43.743736],[4.242751,43.743317],[4.242284,43.743145],[4.241749,43.742973],[4.240734,43.742672],[4.239929,43.742466],[4.239094,43.742287],[4.238677,43.742203],[4.238203,43.742123],[4.237321,43.742004],[4.236795,43.741943],[4.236087,43.741882],[4.225587,43.741119],[4.224551,43.741024],[4.223901,43.740955],[4.222961,43.740814],[4.222077,43.740646],[4.22128,43.740463],[4.220366,43.740227],[4.219619,43.739998],[4.218966,43.739777],[4.218966,43.739777],[4.218181,43.739479],[4.21737,43.739136],[4.216758,43.738838],[4.215456,43.738167],[4.214545,43.737686],[4.213825,43.737312],[4.203264,43.731728],[4.202144,43.73114],[4.197763,43.728828],[4.196782,43.728325],[4.192039,43.725979],[4.181983,43.721214],[4.179771,43.720158],[4.174638,43.717728],[4.172147,43.716534],[4.171516,43.716209],[4.170909,43.715881],[4.16972,43.715199],[4.169406,43.715008],[4.168715,43.714577],[4.168066,43.714149],[4.167453,43.713726],[4.166293,43.712875],[4.163563,43.710773],[4.16182,43.709454],[4.161406,43.709152],[4.159305,43.707508],[4.1582,43.706615],[4.157603,43.706062],[4.156986,43.705433],[4.155959,43.704258],[4.155427,43.70359],[4.154803,43.702652],[4.154463,43.702072],[4.154266,43.701721],[4.15358,43.700375],[4.15251,43.698212],[4.152451,43.698078],[4.152348,43.697895],[4.15182,43.696785],[4.15173,43.696575],[4.149589,43.692287],[4.14873,43.690598],[4.148494,43.690174],[4.147984,43.689327],[4.147674,43.688889],[4.147301,43.688389],[4.146907,43.687885],[4.146496,43.687397],[4.146077,43.686928],[4.145148,43.686001],[4.14437,43.685326],[4.143373,43.684551],[4.142741,43.684086],[4.142198,43.683716],[4.141541,43.683315],[4.140895,43.682938],[4.140308,43.682621],[4.139245,43.682083],[4.138795,43.68187],[4.13765,43.681374],[4.136466,43.680927],[4.13568,43.680664],[4.13519,43.680508],[4.134282,43.680252],[4.133479,43.680061],[4.132339,43.679813],[4.13105,43.679592],[4.13105,43.679592],[4.130362,43.679482],[4.129085,43.679317],[4.128416,43.679249],[4.127857,43.679199],[4.127347,43.679157],[4.1267,43.679127],[4.126382,43.679111],[4.125603,43.679104],[4.124817,43.679123],[4.12406,43.679169],[4.12313,43.679234],[4.121009,43.679474],[4.120432,43.67955],[4.119226,43.679756],[4.11847,43.679909],[4.1177,43.680092],[4.115203,43.680737],[4.114254,43.68095],[4.11361,43.681076],[4.112722,43.681229],[4.110628,43.681576],[4.109797,43.681702],[4.10894,43.681812],[4.107893,43.681923],[4.106638,43.682003],[4.105039,43.68206],[4.102799,43.682068],[4.1023,43.68206],[4.100958,43.682011],[4.100305,43.68198],[4.099081,43.681881],[4.097922,43.681774],[4.096766,43.681637],[4.096048,43.681538],[4.095334,43.681427],[4.090297,43.680561],[4.08712,43.680023],[4.084306,43.679523],[4.076456,43.678169],[4.075432,43.677967],[4.074791,43.677811],[4.073447,43.67746],[4.071929,43.676975],[4.066216,43.674896],[4.064425,43.674232],[4.063748,43.673992],[4.055827,43.671093],[4.054296,43.67054],[4.048822,43.668533],[4.042407,43.666218],[4.031795,43.662342],[4.030549,43.661861],[4.029503,43.661488],[4.019295,43.657745],[4.016082,43.656578],[4.013501,43.655628],[4.008232,43.653709],[4.008232,43.653709],[3.996906,43.649567],[3.996342,43.649349],[3.993012,43.648129],[3.987767,43.646217],[3.986713,43.645809],[3.986069,43.645535],[3.985239,43.645145],[3.984648,43.644833],[3.984113,43.644531],[3.983509,43.644161],[3.983003,43.643826],[3.982772,43.643665],[3.982251,43.64328],[3.981869,43.642971],[3.981469,43.642635],[3.980949,43.642143],[3.980718,43.641911],[3.979714,43.640862],[3.979449,43.640606],[3.978848,43.640064],[3.978393,43.639702],[3.977969,43.639385],[3.97753,43.639065],[3.976996,43.63871],[3.976479,43.638397],[3.975849,43.638031],[3.975424,43.637814],[3.974957,43.637585],[3.974266,43.637272],[3.973624,43.637009],[3.972692,43.636662],[3.97197,43.636429],[3.971534,43.636303],[3.971063,43.636177],[3.970052,43.635941],[3.969054,43.635742],[3.968543,43.635654],[3.967653,43.63554],[3.967103,43.635483],[3.966619,43.635441],[3.966011,43.635403],[3.96508,43.635376],[3.964357,43.635372],[3.963515,43.635399],[3.962889,43.635437],[3.962394,43.635479],[3.961602,43.635563],[3.960697,43.635696],[3.959763,43.635872],[3.958857,43.636074],[3.958337,43.636208],[3.95525,43.637035],[3.949176,43.638672],[3.948645,43.638802],[3.948115,43.63892],[3.947255,43.639088],[3.946336,43.639229],[3.945525,43.639324],[3.945006,43.63937],[3.944149,43.639427],[3.94367,43.639446],[3.943142,43.639454],[3.942312,43.639446],[3.941431,43.639416],[3.940804,43.639366],[3.940157,43.639305],[3.939215,43.639179],[3.938817,43.639114],[3.938117,43.638988],[3.93767,43.638897],[3.93711,43.638767],[3.936662,43.638653],[3.935735,43.638386],[3.93523,43.638226],[3.923302,43.634361],[3.921493,43.633766],[3.898336,43.626244],[3.897332,43.625877],[3.896823,43.625668],[3.896333,43.625454],[3.895859,43.625237],[3.895273,43.624939],[3.894967,43.624771],[3.89422,43.624344],[3.893723,43.624027],[3.893232,43.623692],[3.89279,43.623371],[3.892331,43.623013],[3.891948,43.622692],[3.891728,43.622494],[3.890975,43.621792],[3.884358,43.615528],[3.883915,43.615086],[3.883753,43.614902],[3.883573,43.614674],[3.883418,43.614449],[3.883253,43.614159],[3.8831,43.613831],[3.883009,43.613579],[3.882951,43.613373],[3.882902,43.613152],[3.882874,43.612915],[3.882859,43.612675],[3.882863,43.612453],[3.882905,43.612045],[3.882972,43.611687],[3.883503,43.609135],[3.883553,43.608765],[3.883565,43.608406],[3.883556,43.608131],[3.883506,43.607815],[3.883449,43.607571],[3.88339,43.607399],[3.883246,43.607056],[3.883141,43.606838],[3.883006,43.606598],[3.882859,43.606388],[3.882467,43.605862],[3.881928,43.605362],[3.881661,43.605145],[3.881474,43.605007],[3.880352,43.604218],[3.880352,43.604218],[3.879293,43.603466],[3.878997,43.603237],[3.878635,43.602909],[3.878434,43.602707],[3.878255,43.602509],[3.878102,43.602318],[3.87792,43.602058],[3.877824,43.601891],[3.87761,43.601452],[3.877552,43.601318],[3.877422,43.600983],[3.877316,43.600605],[3.877257,43.600262],[3.877233,43.599892],[3.877188,43.596107],[3.877095,43.590317],[3.877075,43.589859],[3.877035,43.589287],[3.876927,43.588356],[3.876857,43.587883],[3.876683,43.586952],[3.8765,43.586143],[3.876361,43.585617],[3.876157,43.584923],[3.87599,43.584415],[3.875867,43.584068],[3.875683,43.583584],[3.875437,43.582981],[3.875159,43.582352],[3.874923,43.581852],[3.874656,43.581329],[3.874405,43.580856],[3.874062,43.580261],[3.873594,43.579502],[3.872593,43.577976],[3.861191,43.560783],[3.859091,43.557602],[3.858521,43.556759],[3.854518,43.550716],[3.854215,43.550289],[3.852994,43.548706],[3.852751,43.548363],[3.852407,43.547844],[3.851522,43.546497],[3.851252,43.546055],[3.850911,43.545452],[3.850518,43.544731],[3.850214,43.54422],[3.849888,43.543713],[3.849888,43.543713],[3.845249,43.536701],[3.844862,43.536129],[3.844469,43.535576],[3.84409,43.535069],[3.843659,43.534523],[3.843203,43.53397],[3.842864,43.533581],[3.842171,43.532825],[3.841778,43.532421],[3.841338,43.531982],[3.840991,43.531654],[3.840634,43.531319],[3.840189,43.530918],[3.839709,43.530506],[3.839029,43.529942],[3.838429,43.529476],[3.837976,43.529137],[3.810837,43.509155],[3.800154,43.501278],[3.799469,43.500759],[3.799469,43.500759],[3.798086,43.499653],[3.797339,43.499027],[3.796452,43.49828],[3.796078,43.497955],[3.795609,43.49752],[3.79516,43.497074],[3.794428,43.496326],[3.79368,43.495556],[3.793165,43.49501],[3.792708,43.494507],[3.791816,43.493477],[3.791061,43.49255],[3.790323,43.491596],[3.789679,43.49073],[3.773858,43.469433],[3.76351,43.455486],[3.763008,43.454803],[3.762775,43.454479],[3.762306,43.453773],[3.761935,43.453163],[3.761744,43.452824],[3.761574,43.452515],[3.761328,43.452038],[3.761109,43.45158],[3.760881,43.451096],[3.760481,43.450199],[3.760318,43.449799],[3.760035,43.449036],[3.759909,43.448669],[3.759733,43.448109],[3.759638,43.447777],[3.759425,43.446964],[3.759304,43.446434],[3.759128,43.445549],[3.759128,43.445549],[3.75856,43.442654],[3.758247,43.441158],[3.757503,43.43734],[3.757415,43.436916],[3.757246,43.436214],[3.757161,43.435913],[3.756937,43.435226],[3.756798,43.434853],[3.756553,43.434261],[3.756383,43.433884],[3.756193,43.433495],[3.755958,43.433052],[3.75578,43.432732],[3.755584,43.432396],[3.755364,43.432053],[3.754941,43.431427],[3.754552,43.430901],[3.754316,43.430599],[3.753831,43.430023],[3.753494,43.429642],[3.753257,43.42939],[3.752947,43.42907],[3.752593,43.428719],[3.752013,43.428188],[3.75142,43.427685],[3.750803,43.4272],[3.750158,43.426731],[3.749418,43.426228],[3.748718,43.425789],[3.747902,43.42532],[3.747187,43.424938],[3.746844,43.424767],[3.746324,43.424519],[3.745622,43.42421],[3.744835,43.423904],[3.744207,43.423683],[3.743698,43.423515],[3.740323,43.422443],[3.737194,43.421402],[3.735497,43.420849],[3.73507,43.420715],[3.734328,43.420506],[3.733433,43.420273],[3.7325,43.420055],[3.729711,43.41946],[3.715676,43.416691],[3.71238,43.416027],[3.707929,43.415157],[3.707173,43.41502],[3.702531,43.414101],[3.702215,43.414032],[3.70168,43.413895],[3.700677,43.413677],[3.69897,43.413292],[3.697848,43.413044],[3.696558,43.412781],[3.696558,43.412781],[3.695426,43.41256],[3.694891,43.412479],[3.694544,43.412437],[3.694227,43.412411],[3.693478,43.412369],[3.693223,43.41235],[3.690503,43.411945],[3.690293,43.411919],[3.689858,43.411884],[3.68948,43.41188],[3.689095,43.411892],[3.688914,43.411907],[3.688389,43.41198],[3.687881,43.412094],[3.687337,43.412243],[3.68643,43.412472],[3.68106,43.413826],[3.680644,43.413925],[3.679796,43.414093],[3.679133,43.414196],[3.678671,43.414257],[3.678269,43.414295],[3.677615,43.414349],[3.677046,43.414375],[3.676498,43.414391],[3.675877,43.414387],[3.675411,43.414368],[3.674559,43.41431],[3.674142,43.414272],[3.673346,43.414173],[3.672954,43.414112],[3.672383,43.414009],[3.671635,43.413845],[3.670839,43.413635],[3.670426,43.413509],[3.669872,43.413322],[3.6693,43.413113],[3.668533,43.412788],[3.667854,43.412472],[3.667316,43.412193],[3.666749,43.411858],[3.666246,43.411541],[3.665733,43.411182],[3.665111,43.410686],[3.66483,43.41045],[3.664313,43.409969],[3.663859,43.409504],[3.663372,43.408924],[3.663125,43.4086],[3.662141,43.407211],[3.661698,43.406574],[3.660308,43.404606],[3.658265,43.40168],[3.656319,43.398918],[3.654497,43.396343],[3.65233,43.393257],[3.651188,43.39167],[3.650878,43.391273],[3.65056,43.390888],[3.649884,43.390137],[3.649528,43.389771],[3.649163,43.389416],[3.648779,43.389061],[3.647979,43.388378],[3.64713,43.387718],[3.646247,43.3871],[3.645067,43.386349],[3.64251,43.384758],[3.639697,43.382992],[3.631133,43.377651],[3.624928,43.37376],[3.618295,43.369637],[3.613654,43.36673],[3.60639,43.362221],[3.593504,43.354168],[3.589284,43.35154],[3.5879,43.350647],[3.586132,43.349415],[3.583856,43.347687],[3.576851,43.342316],[3.567398,43.335049],[3.566091,43.334087],[3.564291,43.332851],[3.562904,43.331959],[3.561949,43.331379],[3.560988,43.330822],[3.560006,43.330273],[3.558512,43.329494],[3.557494,43.328983],[3.551856,43.326206],[3.548168,43.324402],[3.535543,43.31818],[3.535543,43.31818],[3.53463,43.317741],[3.533695,43.317326],[3.532736,43.31694],[3.531905,43.316639],[3.53106,43.31636],[3.530199,43.316109],[3.529327,43.315876],[3.528606,43.315712],[3.527881,43.315559],[3.50242,43.310757],[3.501565,43.310631],[3.500876,43.310551],[3.500198,43.310493],[3.499528,43.310459],[3.498915,43.310448],[3.498175,43.310455],[3.497425,43.310486],[3.496594,43.310555],[3.495671,43.310669],[3.494752,43.310825],[3.493911,43.311005],[3.493142,43.311207],[3.492505,43.311398],[3.491816,43.311634],[3.491067,43.311932],[3.490316,43.312263],[3.489671,43.312576],[3.489123,43.312874],[3.488556,43.31321],[3.488059,43.31353],[3.487485,43.313938],[3.484998,43.31583],[3.484558,43.316147],[3.484097,43.316448],[3.483628,43.316727],[3.483125,43.316998],[3.482621,43.317242],[3.482084,43.317471],[3.481506,43.317696],[3.480916,43.317894],[3.48031,43.318069],[3.479753,43.318207],[3.479158,43.318329],[3.478514,43.318439],[3.477918,43.318516],[3.477318,43.318569],[3.47676,43.318596],[3.47619,43.318607],[3.47553,43.318592],[3.475045,43.318562],[3.474483,43.318512],[3.473573,43.318405],[3.468505,43.317757],[3.465515,43.317364],[3.465515,43.317364],[3.461104,43.316807],[3.458279,43.316437],[3.455812,43.316135],[3.44753,43.315071],[3.446195,43.314926],[3.445232,43.314857],[3.444264,43.314812],[3.443296,43.3148],[3.442172,43.314808],[3.440455,43.314892],[3.434089,43.315254],[3.430222,43.315445],[3.429084,43.31551],[3.426425,43.315685],[3.425361,43.315746],[3.425361,43.315746],[3.421422,43.315968],[3.415915,43.316265],[3.39629,43.317383],[3.344167,43.320309],[3.338785,43.320606],[3.328167,43.321209],[3.315224,43.321915],[3.314332,43.32198],[3.313711,43.322048],[3.31311,43.322151],[3.312513,43.322262],[3.311863,43.322414],[3.310783,43.322735],[3.310235,43.322937],[3.307917,43.323895],[3.307175,43.324207],[3.306093,43.324631],[3.305434,43.324867],[3.304789,43.325069],[3.304221,43.325233],[3.303629,43.32539],[3.30305,43.325527],[3.302446,43.325649],[3.301853,43.325756],[3.30125,43.325851],[3.300596,43.325939],[3.300038,43.326],[3.29944,43.326057],[3.29887,43.326092],[3.298253,43.326115],[3.297624,43.326118],[3.296707,43.326099],[3.295094,43.326031],[3.291316,43.325821],[3.256416,43.324013],[3.254123,43.323887],[3.253088,43.323841],[3.252519,43.323833],[3.251672,43.323856],[3.251059,43.323906],[3.250528,43.323971],[3.250107,43.324043],[3.249557,43.324154],[3.249028,43.324287],[3.248563,43.324425],[3.248103,43.324577],[3.247436,43.324837],[3.246958,43.325058],[3.246385,43.325356],[3.245871,43.325703],[3.24528,43.326172],[3.241989,43.328827],[3.241303,43.329319],[3.240695,43.329712],[3.239933,43.330166],[3.238905,43.330719],[3.238217,43.331043],[3.237569,43.331318],[3.236829,43.331612],[3.236345,43.331783],[3.235433,43.332085],[3.233969,43.332554],[3.233039,43.33284],[3.231888,43.333221],[3.229704,43.3339],[3.228348,43.334347],[3.227756,43.33453],[3.227353,43.334641],[3.226578,43.334835],[3.22498,43.335197],[3.224119,43.33535],[3.222625,43.335564],[3.218788,43.33614],[3.218788,43.33614],[3.216769,43.336437],[3.215704,43.336563],[3.213688,43.336861],[3.212981,43.336952],[3.212525,43.336994],[3.212193,43.337009],[3.211832,43.337006],[3.211451,43.33699],[3.209185,43.336781],[3.192259,43.335121],[3.189572,43.334846],[3.175403,43.333447],[3.174192,43.333302],[3.172996,43.333103],[3.171817,43.332867],[3.16532,43.331417],[3.164147,43.331123],[3.163568,43.330967],[3.162738,43.330719],[3.161869,43.330421],[3.160796,43.330013],[3.160013,43.329697],[3.159715,43.329559],[3.15869,43.329071],[3.157694,43.328537],[3.156724,43.327976],[3.155805,43.327377],[3.150935,43.324013],[3.149873,43.323284],[3.149589,43.323101],[3.148863,43.322651],[3.148311,43.32233],[3.147592,43.321934],[3.147186,43.32172],[3.146733,43.321491],[3.145962,43.321136],[3.144979,43.320736],[3.142091,43.319592],[3.141341,43.319309],[3.139869,43.318787],[3.138399,43.318279],[3.136236,43.317574],[3.135227,43.317223],[3.134688,43.317005],[3.134451,43.316902],[3.133786,43.31657],[3.133445,43.31638],[3.133116,43.316177],[3.13282,43.315983],[3.13238,43.315674],[3.13184,43.315266],[3.131343,43.314865],[3.131128,43.314678],[3.130748,43.314323],[3.130577,43.314156],[3.130226,43.313778],[3.129906,43.313396],[3.129754,43.313202],[3.129611,43.313007],[3.12933,43.312603],[3.126693,43.308372],[3.124134,43.304192],[3.123623,43.303379],[3.123078,43.30257],[3.122878,43.302296],[3.12242,43.301712],[3.122153,43.301392],[3.121826,43.301014],[3.12149,43.300644],[3.115176,43.293922],[3.113386,43.292007],[3.112983,43.291595],[3.112568,43.291187],[3.112195,43.290844],[3.111799,43.290497],[3.111358,43.290127],[3.110737,43.289639],[3.110474,43.289444],[3.109823,43.288982],[3.109011,43.288452],[3.108427,43.288097],[3.107823,43.287754],[3.107128,43.28738],[3.106485,43.287056],[3.105917,43.286793],[3.105307,43.286522],[3.104274,43.286106],[3.10375,43.285915],[3.102596,43.285534],[3.102067,43.285374],[3.101493,43.28521],[3.100521,43.284969],[3.099736,43.28479],[3.09932,43.284702],[3.095941,43.284054],[3.094707,43.283829],[3.090139,43.282951],[3.08855,43.282627],[3.088229,43.282555],[3.087121,43.282269],[3.085973,43.281929],[3.085468,43.281765],[3.084324,43.281357],[3.083871,43.281178],[3.083179,43.280891],[3.082664,43.280659],[3.082113,43.280399],[3.08166,43.280174],[3.081079,43.279865],[3.080246,43.279392],[3.07987,43.279163],[3.079127,43.278687],[3.078299,43.278095],[3.078014,43.277882],[3.077137,43.277184],[3.076622,43.276741],[3.076319,43.276466],[3.075739,43.275902],[3.07532,43.275459],[3.074757,43.274826],[3.074287,43.274242],[3.073893,43.273712],[3.073626,43.273327],[3.073387,43.272964],[3.073153,43.272594],[3.072891,43.272144],[3.07252,43.271427],[3.07237,43.271111],[3.072172,43.270664],[3.071979,43.270176],[3.071815,43.269707],[3.071646,43.269173],[3.071451,43.268433],[3.071377,43.268078],[3.071229,43.267277],[3.0707,43.263454],[3.070662,43.263119],[3.070491,43.261932],[3.06988,43.257473],[3.069665,43.255951],[3.069553,43.255215],[3.069435,43.25462],[3.06934,43.254219],[3.069234,43.253834],[3.069103,43.253399],[3.068872,43.252747],[3.068755,43.252445],[3.0685,43.251846],[3.06825,43.251324],[3.067937,43.250732],[3.067676,43.250278],[3.067389,43.249821],[3.067058,43.249329],[3.066876,43.249073],[3.06657,43.248665],[3.066061,43.248035],[3.065739,43.247669],[3.065418,43.247314],[3.064973,43.246857],[3.064549,43.246441],[3.052744,43.23542],[3.050905,43.233715],[3.050905,43.233715],[3.030215,43.214413],[3.029815,43.214027],[3.029096,43.213364],[3.019566,43.204468],[3.018541,43.203506],[3.018187,43.203163],[3.017977,43.20295],[3.017714,43.202656],[3.017217,43.202057],[3.016703,43.201397],[3.014561,43.198597],[3.014078,43.198017],[3.013726,43.197643],[3.013167,43.197113],[3.012777,43.196762],[3.010049,43.194462],[3.009767,43.194187],[3.009275,43.193748],[3.008588,43.1931],[3.008159,43.192707],[3.005666,43.190617]],[[3.005666,43.190617],[3.008159,43.192707],[3.008588,43.1931],[3.009275,43.193748],[3.009767,43.194187],[3.010049,43.194462],[3.012777,43.196762],[3.013167,43.197113],[3.013726,43.197643],[3.014078,43.198017],[3.014561,43.198597],[3.016703,43.201397],[3.017217,43.202057],[3.017714,43.202656],[3.017977,43.20295],[3.018187,43.203163],[3.018541,43.203506],[3.019566,43.204468],[3.029096,43.213364],[3.029815,43.214027],[3.030215,43.214413],[3.050905,43.233715],[3.050905,43.233715],[3.052744,43.23542],[3.064549,43.246441],[3.064973,43.246857],[3.065418,43.247314],[3.065739,43.247669],[3.066061,43.248035],[3.06657,43.248665],[3.066876,43.249073],[3.067058,43.249329],[3.067389,43.249821],[3.067676,43.250278],[3.067937,43.250732],[3.06825,43.251324],[3.0685,43.251846],[3.068755,43.252445],[3.068872,43.252747],[3.069103,43.253399],[3.069234,43.253834],[3.06934,43.254219],[3.069435,43.25462],[3.069553,43.255215],[3.069665,43.255951],[3.06988,43.257473],[3.070491,43.261932],[3.070662,43.263119],[3.0707,43.263454],[3.071229,43.267277],[3.071377,43.268078],[3.071451,43.268433],[3.071646,43.269173],[3.071815,43.269707],[3.071979,43.270176],[3.072172,43.270664],[3.07237,43.271111],[3.07252,43.271427],[3.072891,43.272144],[3.073153,43.272594],[3.073387,43.272964],[3.073626,43.273327],[3.073893,43.273712],[3.074287,43.274242],[3.074757,43.274826],[3.07532,43.275459],[3.075739,43.275902],[3.076319,43.276466],[3.076622,43.276741],[3.077137,43.277184],[3.078014,43.277882],[3.078299,43.278095],[3.079127,43.278687],[3.07987,43.279163],[3.080246,43.279392],[3.081079,43.279865],[3.08166,43.280174],[3.082113,43.280399],[3.082664,43.280659],[3.083179,43.280891],[3.083871,43.281178],[3.084324,43.281357],[3.085468,43.281765],[3.085973,43.281929],[3.087121,43.282269],[3.088229,43.282555],[3.08855,43.282627],[3.090139,43.282951],[3.094707,43.283829],[3.095941,43.284054],[3.09932,43.284702],[3.099736,43.28479],[3.100521,43.284969],[3.101493,43.28521],[3.102067,43.285374],[3.102596,43.285534],[3.10375,43.285915],[3.104274,43.286106],[3.105307,43.286522],[3.105917,43.286793],[3.106485,43.287056],[3.107128,43.28738],[3.107823,43.287754],[3.108427,43.288097],[3.109011,43.288452],[3.109823,43.288982],[3.110474,43.289444],[3.110737,43.289639],[3.111358,43.290127],[3.111799,43.290497],[3.112195,43.290844],[3.112568,43.291187],[3.112983,43.291595],[3.113386,43.292007],[3.115176,43.293922],[3.12149,43.300644],[3.121826,43.301014],[3.122153,43.301392],[3.12242,43.301712],[3.122878,43.302296],[3.123078,43.30257],[3.123623,43.303379],[3.124134,43.304192],[3.126693,43.308372],[3.12933,43.312603],[3.129611,43.313007],[3.129754,43.313202],[3.129906,43.313396],[3.130226,43.313778],[3.130577,43.314156],[3.130748,43.314323],[3.131128,43.314678],[3.131343,43.314865],[3.13184,43.315266],[3.13238,43.315674],[3.13282,43.315983],[3.133116,43.316177],[3.133445,43.31638],[3.133786,43.31657],[3.134451,43.316902],[3.134688,43.317005],[3.135227,43.317223],[3.136236,43.317574],[3.138399,43.318279],[3.139869,43.318787],[3.141341,43.319309],[3.142091,43.319592],[3.144979,43.320736],[3.145962,43.321136],[3.146733,43.321491],[3.147186,43.32172],[3.147592,43.321934],[3.148311,43.32233],[3.148863,43.322651],[3.149589,43.323101],[3.149873,43.323284],[3.150935,43.324013],[3.155805,43.327377],[3.156724,43.327976],[3.157694,43.328537],[3.15869,43.329071],[3.159715,43.329559],[3.160013,43.329697],[3.160796,43.330013],[3.161869,43.330421],[3.162738,43.330719],[3.163568,43.330967],[3.164147,43.331123],[3.16532,43.331417],[3.171817,43.332867],[3.172996,43.333103],[3.174192,43.333302],[3.175403,43.333447],[3.189572,43.334846],[3.192259,43.335121],[3.209185,43.336781],[3.211451,43.33699],[3.211832,43.337006],[3.212193,43.337009],[3.212525,43.336994],[3.212981,43.336952],[3.213688,43.336861],[3.215704,43.336563],[3.216769,43.336437],[3.218788,43.33614],[3.218788,43.33614],[3.222625,43.335564],[3.224119,43.33535],[3.22498,43.335197],[3.226578,43.334835],[3.227353,43.334641],[3.227756,43.33453],[3.228348,43.334347],[3.229704,43.3339],[3.231888,43.333221],[3.233039,43.33284],[3.233969,43.332554],[3.235433,43.332085],[3.236345,43.331783],[3.236829,43.331612],[3.237569,43.331318],[3.238217,43.331043],[3.238905,43.330719],[3.239933,43.330166],[3.240695,43.329712],[3.241303,43.329319],[3.241989,43.328827],[3.24528,43.326172],[3.245871,43.325703],[3.246385,43.325356],[3.246958,43.325058],[3.247436,43.324837],[3.248103,43.324577],[3.248563,43.324425],[3.249028,43.324287],[3.249557,43.324154],[3.250107,43.324043],[3.250528,43.323971],[3.251059,43.323906],[3.251672,43.323856],[3.252519,43.323833],[3.253088,43.323841],[3.254123,43.323887],[3.256416,43.324013],[3.291316,43.325821],[3.295094,43.326031],[3.296707,43.326099],[3.297624,43.326118],[3.298253,43.326115],[3.29887,43.326092],[3.29944,43.326057],[3.300038,43.326],[3.300596,43.325939],[3.30125,43.325851],[3.301853,43.325756],[3.302446,43.325649],[3.30305,43.325527],[3.303629,43.32539],[3.304221,43.325233],[3.304789,43.325069],[3.305434,43.324867],[3.306093,43.324631],[3.307175,43.324207],[3.307917,43.323895],[3.310235,43.322937],[3.310783,43.322735],[3.311863,43.322414],[3.312513,43.322262],[3.31311,43.322151],[3.313711,43.322048],[3.314332,43.32198],[3.315224,43.321915],[3.328167,43.321209],[3.338785,43.320606],[3.344167,43.320309],[3.39629,43.317383],[3.415915,43.316265],[3.421422,43.315968],[3.426425,43.315685],[3.429084,43.31551],[3.430222,43.315445],[3.434089,43.315254],[3.440455,43.314892],[3.442172,43.314808],[3.443296,43.3148],[3.444264,43.314812],[3.445232,43.314857],[3.446195,43.314926],[3.44753,43.315071],[3.455812,43.316135],[3.458279,43.316437],[3.461104,43.316807],[3.465515,43.317364],[3.465515,43.317364],[3.468505,43.317757],[3.473573,43.318405],[3.474483,43.318512],[3.475045,43.318562],[3.47553,43.318592],[3.47619,43.318607],[3.47676,43.318596],[3.477318,43.318569],[3.477918,43.318516],[3.478514,43.318439],[3.479158,43.318329],[3.479753,43.318207],[3.48031,43.318069],[3.480916,43.317894],[3.481506,43.317696],[3.482084,43.317471],[3.482621,43.317242],[3.483125,43.316998],[3.483628,43.316727],[3.484097,43.316448],[3.484558,43.316147],[3.484998,43.31583],[3.487485,43.313938],[3.488059,43.31353],[3.488556,43.31321],[3.489123,43.312874],[3.489671,43.312576],[3.490316,43.312263],[3.491067,43.311932],[3.491816,43.311634],[3.492505,43.311398],[3.493142,43.311207],[3.493911,43.311005],[3.494752,43.310825],[3.495671,43.310669],[3.496594,43.310555],[3.497425,43.310486],[3.498175,43.310455],[3.498915,43.310448],[3.499528,43.310459],[3.500198,43.310493],[3.500876,43.310551],[3.501565,43.310631],[3.50242,43.310757],[3.527881,43.315559],[3.528606,43.315712],[3.529327,43.315876],[3.530199,43.316109],[3.53106,43.31636],[3.531905,43.316639],[3.532736,43.31694],[3.533695,43.317326],[3.53463,43.317741],[3.535543,43.31818],[3.535543,43.31818],[3.548168,43.324402],[3.551856,43.326206],[3.557494,43.328983],[3.558512,43.329494],[3.560006,43.330273],[3.560988,43.330822],[3.561949,43.331379],[3.562904,43.331959],[3.564291,43.332851],[3.566091,43.334087],[3.567398,43.335049],[3.576851,43.342316],[3.583856,43.347687],[3.586132,43.349415],[3.5879,43.350647],[3.589284,43.35154],[3.593504,43.354168],[3.60639,43.362221],[3.613654,43.36673],[3.618295,43.369637],[3.624928,43.37376],[3.631133,43.377651],[3.639697,43.382992],[3.64251,43.384758],[3.645067,43.386349],[3.646247,43.3871],[3.64713,43.387718],[3.647979,43.388378],[3.648779,43.389061],[3.649163,43.389416],[3.649528,43.389771],[3.649884,43.390137],[3.65056,43.390888],[3.650878,43.391273],[3.651188,43.39167],[3.65233,43.393257],[3.654497,43.396343],[3.656319,43.398918],[3.658265,43.40168],[3.660308,43.404606],[3.661698,43.406574],[3.662141,43.407211],[3.663125,43.4086],[3.663372,43.408924],[3.663859,43.409504],[3.664313,43.409969],[3.66483,43.41045],[3.665111,43.410686],[3.665733,43.411182],[3.666246,43.411541],[3.666749,43.411858],[3.667316,43.412193],[3.667854,43.412472],[3.668533,43.412788],[3.6693,43.413113],[3.669872,43.413322],[3.670426,43.413509],[3.670839,43.413635],[3.671635,43.413845],[3.672383,43.414009],[3.672954,43.414112],[3.673346,43.414173],[3.674142,43.414272],[3.674559,43.41431],[3.675411,43.414368],[3.675877,43.414387],[3.676498,43.414391],[3.677046,43.414375],[3.677615,43.414349],[3.678269,43.414295],[3.678671,43.414257],[3.679133,43.414196],[3.679796,43.414093],[3.680644,43.413925],[3.68106,43.413826],[3.68643,43.412472],[3.686688,43.412411],[3.686987,43.412354],[3.687352,43.412273],[3.687897,43.412128],[3.688401,43.412014],[3.688735,43.411964],[3.6891,43.411926],[3.689262,43.411919],[3.689671,43.411915],[3.690059,43.411934],[3.690494,43.41198],[3.692639,43.412308],[3.693218,43.412388],[3.694524,43.412529],[3.6948,43.412567],[3.696523,43.412899],[3.696523,43.412899],[3.698688,43.413334],[3.700862,43.413826],[3.70359,43.414345],[3.712151,43.416023],[3.720415,43.417664],[3.729701,43.419495],[3.732804,43.420158],[3.73372,43.42038],[3.734315,43.42054],[3.735055,43.42075],[3.73548,43.420879],[3.736855,43.421326],[3.740307,43.422474],[3.74368,43.423546],[3.744522,43.423828],[3.745139,43.424057],[3.745601,43.42424],[3.746306,43.424549],[3.747165,43.424965],[3.747871,43.425343],[3.748249,43.425556],[3.748688,43.425816],[3.749396,43.426258],[3.750132,43.426754],[3.750772,43.427223],[3.751059,43.427444],[3.751618,43.427898],[3.751977,43.428211],[3.752555,43.428741],[3.752915,43.429096],[3.753455,43.429661],[3.753791,43.430038],[3.754274,43.430614],[3.754511,43.430916],[3.7549,43.431442],[3.755324,43.432068],[3.755738,43.432743],[3.756147,43.433502],[3.756336,43.433887],[3.756506,43.434261],[3.756753,43.434864],[3.756891,43.435234],[3.757115,43.435921],[3.757276,43.436508],[3.757458,43.437347],[3.758938,43.444931],[3.758938,43.444931],[3.759178,43.446106],[3.759378,43.446968],[3.759591,43.447777],[3.759689,43.448116],[3.759864,43.448673],[3.759988,43.449039],[3.760273,43.449806],[3.760437,43.450211],[3.760839,43.451107],[3.761065,43.451591],[3.761286,43.452045],[3.76153,43.452526],[3.761699,43.452835],[3.762089,43.453506],[3.762263,43.453781],[3.762734,43.454494],[3.762964,43.454815],[3.773818,43.469448],[3.789403,43.490429],[3.790284,43.491611],[3.791018,43.492561],[3.79178,43.493496],[3.792235,43.49403],[3.792673,43.49453],[3.793126,43.495026],[3.793643,43.495575],[3.794392,43.496349],[3.795123,43.497093],[3.795572,43.49754],[3.796046,43.497978],[3.796419,43.498302],[3.797305,43.49905],[3.798049,43.499672],[3.798702,43.500202],[3.799438,43.500782],[3.799438,43.500782],[3.800126,43.501305],[3.810805,43.509178],[3.837944,43.529163],[3.838395,43.529499],[3.838979,43.529953],[3.839677,43.530529],[3.840156,43.530941],[3.8406,43.531342],[3.840953,43.531673],[3.841299,43.532001],[3.841741,43.53244],[3.842134,43.532848],[3.842824,43.533596],[3.843162,43.533985],[3.843618,43.534538],[3.84405,43.535088],[3.844426,43.535591],[3.84482,43.536144],[3.845208,43.536716],[3.849845,43.543728],[3.849845,43.543728],[3.850172,43.544231],[3.850332,43.544495],[3.85121,43.546066],[3.85148,43.546509],[3.852366,43.547859],[3.85271,43.548378],[3.852954,43.548721],[3.853204,43.549053],[3.853966,43.550026],[3.854174,43.550304],[3.854477,43.550732],[3.857955,43.555965],[3.860913,43.560444],[3.863263,43.563984],[3.871555,43.5765],[3.87255,43.577991],[3.873552,43.579514],[3.873851,43.579994],[3.874177,43.58054],[3.874361,43.580868],[3.874799,43.581696],[3.875116,43.582363],[3.875393,43.582989],[3.875742,43.583858],[3.875953,43.584438],[3.876116,43.58493],[3.876224,43.585289],[3.876379,43.58585],[3.876456,43.586147],[3.876637,43.586952],[3.87677,43.58765],[3.876847,43.588127],[3.876912,43.588596],[3.876991,43.589298],[3.877028,43.589855],[3.877061,43.590691],[3.87719,43.599892],[3.877212,43.600269],[3.877256,43.600567],[3.877303,43.60078],[3.87739,43.601078],[3.877449,43.601231],[3.877696,43.601768],[3.877949,43.602192],[3.878181,43.60252],[3.878376,43.602764],[3.878505,43.602913],[3.878716,43.603127],[3.878911,43.603302],[3.879189,43.603531],[3.880265,43.604282],[3.880265,43.604282],[3.881387,43.605076],[3.881878,43.605431],[3.882298,43.605785],[3.882602,43.606125],[3.882814,43.6064],[3.88294,43.606579],[3.883033,43.606731],[3.883198,43.607067],[3.883344,43.607407],[3.883388,43.607533],[3.88344,43.607731],[3.883474,43.607906],[3.883511,43.608234],[3.883511,43.608521],[3.883503,43.608761],[3.88348,43.608963],[3.883422,43.609299],[3.882927,43.611683],[3.882859,43.612045],[3.882821,43.612366],[3.882809,43.612598],[3.882823,43.612923],[3.882856,43.613163],[3.882899,43.613377],[3.882966,43.613594],[3.883056,43.613842],[3.883209,43.614174],[3.883329,43.614384],[3.883537,43.614697],[3.88376,43.614975],[3.883989,43.615223],[3.884321,43.615547],[3.89094,43.621815],[3.891693,43.622517],[3.8923,43.623035],[3.892757,43.623394],[3.893203,43.623718],[3.893694,43.624054],[3.894195,43.624371],[3.894939,43.624798],[3.895251,43.624966],[3.895837,43.625263],[3.896318,43.625488],[3.897063,43.625809],[3.897316,43.625908],[3.898318,43.626274],[3.932126,43.63726],[3.93572,43.638416],[3.936647,43.638683],[3.937098,43.638798],[3.93766,43.638927],[3.938106,43.639019],[3.938808,43.639149],[3.939725,43.639286],[3.940156,43.639336],[3.9412,43.639431],[3.941761,43.639462],[3.94231,43.639481],[3.943139,43.639488],[3.943672,43.639481],[3.944615,43.639435],[3.945533,43.639359],[3.946025,43.639301],[3.946609,43.639225],[3.947597,43.639061],[3.948367,43.638901],[3.949193,43.638702],[3.955266,43.637066],[3.95835,43.636242],[3.958869,43.636108],[3.959774,43.635906],[3.96071,43.635727],[3.96161,43.635597],[3.962403,43.635509],[3.962894,43.635468],[3.963521,43.635433],[3.96436,43.635406],[3.965083,43.635406],[3.96601,43.635437],[3.966616,43.635471],[3.967646,43.635571],[3.968534,43.635689],[3.969045,43.635777],[3.97004,43.635971],[3.971054,43.636208],[3.971524,43.636333],[3.972327,43.636578],[3.972982,43.636803],[3.973604,43.637035],[3.974251,43.637302],[3.974933,43.637611],[3.975407,43.637844],[3.975826,43.638062],[3.976456,43.638428],[3.976971,43.638741],[3.977502,43.639095],[3.97794,43.639412],[3.978363,43.639725],[3.978818,43.640087],[3.979413,43.640625],[3.979677,43.640884],[3.980747,43.641998],[3.981081,43.642326],[3.981433,43.642658],[3.981835,43.642998],[3.982222,43.643307],[3.982737,43.643688],[3.98316,43.643978],[3.983732,43.644344],[3.984272,43.644665],[3.984628,43.644863],[3.985219,43.645172],[3.985545,43.645332],[3.986046,43.645565],[3.986404,43.645718],[3.986697,43.64584],[3.987751,43.646248],[3.99387,43.648479],[3.996324,43.64938],[3.996857,43.649582],[4.005954,43.652912],[4.008219,43.653736],[4.008219,43.653736],[4.013556,43.655685],[4.016053,43.656612],[4.01927,43.657776],[4.028728,43.661243],[4.03052,43.661892],[4.031775,43.662373],[4.042377,43.666245],[4.045915,43.667511],[4.063729,43.674023],[4.064406,43.674259],[4.066196,43.674923],[4.07191,43.677006],[4.072836,43.677307],[4.073432,43.67749],[4.074121,43.677677],[4.07542,43.677998],[4.076446,43.6782],[4.077314,43.678345],[4.081726,43.679119],[4.084295,43.679558],[4.087118,43.680061],[4.090286,43.680595],[4.093576,43.681164],[4.096029,43.681576],[4.096757,43.681671],[4.097915,43.681808],[4.099075,43.681919],[4.099984,43.681988],[4.100958,43.682045],[4.101572,43.682068],[4.102815,43.682102],[4.105376,43.682087],[4.107269,43.681999],[4.107894,43.68195],[4.108947,43.681843],[4.109802,43.681736],[4.110127,43.681686],[4.112732,43.681259],[4.113621,43.681107],[4.114265,43.680981],[4.115217,43.680767],[4.117714,43.680119],[4.118483,43.679939],[4.119237,43.679787],[4.12044,43.679581],[4.121016,43.679504],[4.122036,43.679382],[4.123397,43.679249],[4.124051,43.679199],[4.124825,43.679157],[4.125071,43.67915],[4.12592,43.679138],[4.126225,43.679146],[4.127345,43.679195],[4.128524,43.679295],[4.129079,43.679352],[4.129754,43.679432],[4.131038,43.679619],[4.131038,43.679619],[4.132324,43.679844],[4.133465,43.680084],[4.134263,43.680279],[4.134916,43.680462],[4.136025,43.680813],[4.136541,43.680988],[4.137597,43.681393],[4.138775,43.6819],[4.13945,43.68222],[4.140872,43.682957],[4.141518,43.683334],[4.142173,43.683735],[4.142715,43.684105],[4.143328,43.684586],[4.144341,43.685341],[4.145119,43.686016],[4.146046,43.686943],[4.146465,43.687412],[4.146875,43.687901],[4.147268,43.688404],[4.147641,43.6889],[4.147944,43.689342],[4.148454,43.690186],[4.148689,43.690609],[4.149548,43.692299],[4.151688,43.696587],[4.151779,43.696796],[4.152307,43.697906],[4.152386,43.698055],[4.153539,43.700386],[4.154226,43.701733],[4.154423,43.702087],[4.154763,43.702667],[4.155389,43.703606],[4.155921,43.704273],[4.15695,43.705452],[4.157568,43.706078],[4.158166,43.706635],[4.159273,43.707531],[4.161375,43.709171],[4.161789,43.709476],[4.163531,43.710796],[4.166262,43.712898],[4.167423,43.713749],[4.16803,43.714165],[4.168686,43.7146],[4.169689,43.715221],[4.170875,43.715912],[4.171483,43.71624],[4.172115,43.716568],[4.174607,43.717762],[4.17974,43.720192],[4.181952,43.721249],[4.192008,43.726009],[4.19675,43.728359],[4.197223,43.728596],[4.197731,43.728859],[4.202111,43.731174],[4.20323,43.731758],[4.20797,43.734268],[4.215431,43.738194],[4.216733,43.738865],[4.217347,43.739162],[4.21816,43.739506],[4.218946,43.739803],[4.218946,43.739803],[4.219602,43.740025],[4.22035,43.740253],[4.221266,43.740494],[4.222065,43.740677],[4.222951,43.740845],[4.223894,43.740986],[4.224545,43.741058],[4.225583,43.74115],[4.226882,43.741249],[4.229314,43.741417],[4.236082,43.741913],[4.236789,43.741974],[4.237314,43.742035],[4.238194,43.742153],[4.238666,43.742233],[4.239082,43.742317],[4.239915,43.742496],[4.240718,43.742702],[4.241732,43.743004],[4.242266,43.743172],[4.242731,43.743343],[4.243795,43.743763],[4.24434,43.744015],[4.244869,43.74427],[4.254584,43.749302],[4.254842,43.749443],[4.255645,43.749905],[4.25627,43.750317],[4.256966,43.750809],[4.257648,43.75135],[4.258043,43.751694],[4.258416,43.752052],[4.25958,43.753262],[4.260039,43.753716],[4.260822,43.75441],[4.26133,43.75481],[4.26184,43.755192],[4.26264,43.755718],[4.263225,43.756081],[4.263884,43.756432],[4.264513,43.756752],[4.264863,43.756916],[4.267916,43.758286],[4.268706,43.758686],[4.269142,43.758919],[4.269939,43.759403],[4.270332,43.759659],[4.27071,43.759914],[4.271179,43.760269],[4.271641,43.760635],[4.272102,43.761032],[4.272517,43.761414],[4.273186,43.762096],[4.273508,43.762459],[4.273819,43.76284],[4.274206,43.763355],[4.274559,43.76387],[4.274879,43.764404],[4.275165,43.764942],[4.275296,43.765209],[4.275933,43.766632],[4.276173,43.767086],[4.276377,43.767448],[4.276608,43.767811],[4.276849,43.768166],[4.277268,43.768726],[4.27756,43.769085],[4.277853,43.769424],[4.27818,43.769772],[4.278495,43.770088],[4.278991,43.770557],[4.279543,43.771019],[4.280169,43.771515],[4.287443,43.777145],[4.289476,43.778706],[4.290536,43.779476],[4.300142,43.786373],[4.30323,43.788578],[4.305227,43.790016],[4.306073,43.790646],[4.306843,43.79126],[4.307593,43.791885],[4.308174,43.792419],[4.308745,43.792961],[4.309295,43.793507],[4.309579,43.7938],[4.309856,43.794098],[4.3104,43.794704],[4.311062,43.795498],[4.311602,43.796185],[4.314818,43.800457],[4.315189,43.800968],[4.316411,43.80257],[4.318367,43.805187],[4.319047,43.806072],[4.319482,43.806602],[4.319864,43.807049],[4.320753,43.808014],[4.321267,43.808537],[4.321609,43.808872],[4.322205,43.809425],[4.322462,43.809658],[4.322963,43.810093],[4.323512,43.810547],[4.324576,43.811375],[4.325125,43.811775],[4.32602,43.812386],[4.326692,43.812832],[4.327346,43.81324],[4.327846,43.81353],[4.327846,43.81353],[4.328544,43.813934],[4.330558,43.815033],[4.336306,43.818138],[4.338573,43.819355],[4.339513,43.819839],[4.340753,43.820412],[4.341532,43.820724],[4.342434,43.821072],[4.343475,43.821411],[4.344486,43.821716],[4.345288,43.821926],[4.347896,43.822525],[4.348929,43.8228],[4.349545,43.822979],[4.350314,43.823227],[4.351479,43.823643],[4.352158,43.823914],[4.353235,43.824387],[4.354218,43.824863],[4.354905,43.825226],[4.356789,43.826321],[4.359453,43.8279],[4.359896,43.828148],[4.36264,43.829762],[4.362829,43.82988],[4.363448,43.830292],[4.363813,43.83057],[4.364482,43.831146],[4.36623,43.832603],[4.36623,43.832603],[4.367022,43.833267],[4.36864,43.834564],[4.369626,43.8354],[4.370951,43.836502],[4.371235,43.836754],[4.3716,43.837101],[4.371924,43.837444],[4.372447,43.838047],[4.372796,43.838539],[4.373147,43.839157],[4.373352,43.83955],[4.373675,43.840309],[4.373851,43.840656],[4.374054,43.841022],[4.374209,43.841267],[4.374573,43.841782],[4.374818,43.842091],[4.375225,43.842545],[4.375865,43.843178],[4.376225,43.843491],[4.376843,43.843956],[4.377327,43.844288],[4.377869,43.844593],[4.37834,43.844845],[4.378978,43.845142],[4.379213,43.845234],[4.380047,43.845524],[4.381751,43.845951],[4.382916,43.846226],[4.386093,43.846897],[4.388421,43.84734],[4.389829,43.847553],[4.391046,43.847702],[4.391816,43.847786],[4.39259,43.847855],[4.395668,43.848064],[4.396505,43.848103],[4.397716,43.848106],[4.397996,43.848095],[4.398803,43.848038],[4.399464,43.847969],[4.404905,43.847229],[4.407514,43.846832],[4.408173,43.846722],[4.408689,43.846622],[4.409447,43.846447],[4.411862,43.845768],[4.41231,43.84565],[4.412764,43.845543],[4.413371,43.845413],[4.414026,43.845291],[4.415931,43.844978],[4.416446,43.844872],[4.416927,43.844753],[4.417938,43.844475],[4.432996,43.840042],[4.436478,43.839012],[4.437283,43.838768],[4.468397,43.829609],[4.478869,43.826515],[4.481813,43.825657],[4.48325,43.825222],[4.493736,43.822132],[4.495247,43.82169],[4.497236,43.821098],[4.498659,43.820652],[4.500068,43.820171],[4.501519,43.819637],[4.50272,43.819157],[4.504185,43.818531],[4.504995,43.818165],[4.505795,43.817783],[4.507449,43.816956],[4.507449,43.816956],[4.50843,43.816425],[4.509727,43.815681],[4.510609,43.815147],[4.511583,43.814522],[4.512133,43.814152],[4.512834,43.813667],[4.513425,43.813248],[4.514125,43.812729],[4.515052,43.812008],[4.515968,43.811256],[4.518082,43.809464],[4.525156,43.803398],[4.529553,43.799648],[4.532635,43.796986],[4.533555,43.796207],[4.539034,43.791515],[4.539816,43.790897],[4.540608,43.790356],[4.541358,43.789928],[4.542134,43.789551],[4.542785,43.789284],[4.543544,43.789009],[4.544231,43.788807],[4.545174,43.788574],[4.54561,43.788494],[4.54619,43.788403],[4.546807,43.788319],[4.547481,43.788261],[4.548146,43.788235],[4.548813,43.788223],[4.549487,43.78825],[4.550141,43.788292],[4.550824,43.788364],[4.551476,43.788467],[4.552133,43.788597],[4.552771,43.788761],[4.553392,43.788929],[4.554008,43.789124],[4.55461,43.789341],[4.555172,43.7896],[4.55572,43.789867],[4.556279,43.790165],[4.556794,43.790485],[4.557266,43.790813],[4.557728,43.791161],[4.560645,43.793552],[4.561152,43.793949],[4.561647,43.794296],[4.562141,43.794617],[4.562674,43.794933],[4.563178,43.795193],[4.563752,43.795452],[4.564332,43.7957],[4.56492,43.79591],[4.56553,43.796112],[4.56693,43.796467],[4.567655,43.796635],[4.56917,43.796974],[4.570639,43.797318],[4.571404,43.797482],[4.572948,43.797756],[4.573722,43.797871],[4.574525,43.797966],[4.576487,43.79818],[4.577572,43.798286],[4.578573,43.798405],[4.579625,43.798561],[4.580689,43.798771],[4.581752,43.799011],[4.582777,43.799274],[4.583881,43.799595],[4.585078,43.800022],[4.586302,43.800495],[4.586908,43.800758],[4.587644,43.801098],[4.588207,43.801376],[4.588778,43.801678],[4.589697,43.802204],[4.592927,43.804203],[4.595768,43.805939],[4.596152,43.806183],[4.596538,43.806412],[4.597403,43.80687],[4.59862,43.807438],[4.599171,43.807667],[4.599657,43.807854],[4.601372,43.80846],[4.602125,43.808685],[4.602805,43.808876],[4.603551,43.809055],[4.605081,43.809361],[4.605823,43.809494],[4.607077,43.809658],[4.607918,43.809753],[4.60873,43.809818],[4.610682,43.809891],[4.611879,43.809868],[4.612566,43.809841],[4.613425,43.809792],[4.614093,43.809731],[4.614834,43.809643],[4.6156,43.80954],[4.616371,43.809414],[4.617132,43.809273],[4.61792,43.809116],[4.61937,43.808804],[4.620374,43.808601],[4.621615,43.808323],[4.622764,43.808029],[4.623543,43.807816],[4.624402,43.807529],[4.625273,43.807205],[4.626956,43.806499],[4.629561,43.805386],[4.63033,43.805092],[4.630978,43.804867],[4.63221,43.804504],[4.633624,43.804119],[4.634314,43.803947],[4.635598,43.803684],[4.636392,43.803543],[4.637866,43.803349],[4.64031,43.803062],[4.643113,43.802757],[4.644864,43.802505],[4.647152,43.802227],[4.647152,43.802227],[4.652246,43.801624],[4.654221,43.801395],[4.654713,43.801319],[4.655694,43.801132],[4.656552,43.800999],[4.656904,43.800926],[4.657076,43.800877],[4.657076,43.800877],[4.657358,43.800797],[4.657779,43.800644],[4.657922,43.800587],[4.658378,43.800354],[4.659264,43.799892],[4.659619,43.799675],[4.659846,43.799519],[4.660023,43.799385],[4.660386,43.799061],[4.660641,43.798809],[4.660888,43.798527],[4.661082,43.798275],[4.661301,43.797955],[4.661434,43.797718],[4.661585,43.797417],[4.661686,43.797188],[4.661805,43.796867],[4.661892,43.796543],[4.661943,43.796246],[4.661972,43.795971],[4.661975,43.795727],[4.661961,43.795486],[4.661924,43.795208],[4.66188,43.795006],[4.661807,43.794731],[4.661731,43.794521],[4.6615,43.793961],[4.660419,43.791451],[4.660296,43.791119],[4.66013,43.790539],[4.660062,43.790276],[4.659904,43.789783],[4.659706,43.789268],[4.65954,43.788868],[4.658222,43.785885],[4.637054,43.736462],[4.635077,43.731827],[4.627741,43.714695],[4.627421,43.713894],[4.627252,43.713413],[4.6271,43.71291],[4.627,43.712551],[4.626919,43.712219],[4.626783,43.711525],[4.626709,43.711056],[4.626667,43.71072],[4.626611,43.710037],[4.626595,43.709702],[4.62659,43.709366],[4.626608,43.708561],[4.62663,43.708229],[4.626672,43.707821],[4.626726,43.707401],[4.626823,43.706841],[4.626943,43.706276],[4.628454,43.70018],[4.630836,43.690666],[4.632038,43.686226],[4.632388,43.684826],[4.632388,43.684826],[4.632483,43.684387],[4.632622,43.683807],[4.632776,43.683258],[4.632918,43.682804],[4.633078,43.682358],[4.633214,43.682011],[4.633451,43.681477],[4.633632,43.681107],[4.63381,43.680767],[4.633991,43.68045],[4.634319,43.679897],[4.634565,43.679504],[4.636061,43.677174],[4.64358,43.665329],[4.645022,43.663052],[4.645236,43.662701],[4.645616,43.662132],[4.64581,43.661861],[4.64621,43.661339],[4.646423,43.661079],[4.646881,43.660564],[4.647106,43.660332],[4.647715,43.659752],[4.648347,43.65921],[4.649002,43.658699],[4.649416,43.658405],[4.649726,43.658192],[4.650325,43.657814],[4.651071,43.657383],[4.651565,43.657124],[4.652138,43.656845],[4.652705,43.65659],[4.653329,43.65633],[4.653976,43.656086],[4.654608,43.655869],[4.654952,43.655762],[4.655377,43.655636],[4.656043,43.655453],[4.656417,43.655361],[4.658766,43.654816],[4.685516,43.64867],[4.697847,43.645844],[4.723777,43.639877],[4.747193,43.634483],[4.800743,43.622128],[4.800743,43.622128],[4.803814,43.621426],[4.852001,43.610275],[4.859384,43.608578],[4.868307,43.606503],[4.870952,43.605907],[4.874131,43.605156],[4.876072,43.604702],[4.903179,43.598415],[4.906325,43.597679],[4.933424,43.5914],[4.945739,43.588531],[4.94736,43.588169],[4.948471,43.587948],[4.94941,43.587776],[4.950831,43.587551],[4.951569,43.587448],[4.952284,43.587357],[4.954385,43.587112],[4.95504,43.587017],[4.955935,43.586853],[4.956499,43.586731],[4.957739,43.586426],[4.962033,43.585335],[4.96318,43.585075],[4.964101,43.58493],[4.965066,43.584801],[4.965892,43.584724],[4.966406,43.58469],[4.967556,43.584648],[4.972146,43.58456],[4.972912,43.584526],[4.973287,43.584503],[4.973936,43.584442],[4.974639,43.584351],[4.975191,43.584259],[4.975808,43.584133],[4.976343,43.584011],[4.976981,43.583836],[4.977669,43.583618],[4.978048,43.583485],[4.978538,43.583298],[4.979028,43.583099],[4.979692,43.582817],[4.980773,43.582386],[4.98124,43.582222],[4.981585,43.582115],[4.98215,43.581955],[4.982777,43.58181],[4.983148,43.58173],[4.983929,43.581608],[4.984258,43.581566],[4.985473,43.581455],[4.986997,43.581356],[4.987949,43.58131],[4.989144,43.581284],[4.990675,43.581306],[4.992216,43.581337],[4.992874,43.581318],[4.99619,43.581104],[4.99699,43.581074],[4.998156,43.581066],[4.999039,43.581047],[4.999471,43.581032],[4.999471,43.581032],[5.002177,43.580883],[5.002968,43.580849],[5.003526,43.580814],[5.00385,43.580788],[5.004301,43.580742],[5.005075,43.580627],[5.005628,43.580524],[5.006214,43.580399],[5.008632,43.579811],[5.015617,43.578136],[5.017843,43.577591],[5.018605,43.57737],[5.01941,43.577084],[5.02014,43.576782],[5.020808,43.576458],[5.021537,43.576054],[5.022262,43.575581],[5.022413,43.575466],[5.023209,43.574829],[5.023646,43.574413],[5.024107,43.573906],[5.024613,43.573246],[5.024963,43.57272],[5.025259,43.572147],[5.025496,43.571636],[5.025651,43.571186],[5.025797,43.570667],[5.026264,43.568752],[5.026513,43.567966],[5.026741,43.567471],[5.027055,43.566906],[5.027394,43.566429],[5.027725,43.566017],[5.028022,43.565704],[5.028419,43.565304],[5.028902,43.564873],[5.029576,43.564327],[5.030018,43.563927],[5.030417,43.563507],[5.030859,43.562973],[5.031462,43.562077],[5.032158,43.561008],[5.033584,43.558895],[5.03414,43.55793],[5.035597,43.555756],[5.036088,43.555088],[5.036623,43.554413],[5.037099,43.553875],[5.037648,43.553284],[5.038126,43.552818],[5.038646,43.552334],[5.039025,43.552021],[5.039621,43.55154],[5.04012,43.551117],[5.040463,43.550797],[5.040851,43.550388],[5.041063,43.550144],[5.042326,43.548603],[5.042599,43.548286],[5.042995,43.54789],[5.043413,43.547516],[5.044,43.547054],[5.044393,43.546768],[5.044861,43.546482],[5.045668,43.546028],[5.046452,43.545578],[5.046751,43.545399],[5.047251,43.545071],[5.047599,43.544823],[5.04799,43.54451],[5.048247,43.544289],[5.04852,43.544033],[5.048911,43.543633],[5.049096,43.543423],[5.049425,43.543018],[5.049621,43.542755],[5.049822,43.542461],[5.050159,43.541889],[5.05026,43.541695],[5.050383,43.541428],[5.050512,43.54113],[5.050662,43.54073],[5.050755,43.540421],[5.050819,43.540154],[5.050895,43.539776],[5.050961,43.539219],[5.05099,43.538795],[5.051023,43.538052],[5.051061,43.537384],[5.051114,43.536911],[5.051149,43.536709],[5.051255,43.536228],[5.051329,43.53598],[5.051416,43.535721],[5.051523,43.535446],[5.051677,43.535114],[5.051885,43.534702],[5.052141,43.534275],[5.05227,43.534081],[5.052477,43.533787],[5.052722,43.533463],[5.053128,43.532993],[5.053608,43.532513],[5.053815,43.53233],[5.054032,43.53215],[5.054388,43.531868],[5.054636,43.531681],[5.054947,43.531464],[5.055498,43.531116],[5.0559,43.530884],[5.056188,43.530727],[5.056767,43.530445],[5.057062,43.530315],[5.057528,43.530125],[5.058208,43.529881],[5.058957,43.529652],[5.059895,43.529411],[5.060222,43.529346],[5.060831,43.529243],[5.061381,43.529167],[5.061768,43.529129],[5.063434,43.529011],[5.067658,43.528751],[5.0693,43.528637],[5.072282,43.528454],[5.073417,43.528397],[5.074259,43.528374],[5.076065,43.528404],[5.083207,43.528721],[5.085001,43.528767],[5.085782,43.528751],[5.08672,43.528683],[5.088356,43.528484],[5.088798,43.528439],[5.089601,43.528374],[5.0904,43.528355],[5.091267,43.528374],[5.091863,43.528423],[5.092399,43.528481],[5.093196,43.528603],[5.093908,43.528744],[5.094395,43.528862],[5.097522,43.529644],[5.100214,43.530331],[5.100729,43.530472],[5.101786,43.5308],[5.105831,43.532101],[5.106439,43.532291],[5.106979,43.53244],[5.107531,43.532578],[5.107867,43.532654],[5.10839,43.532761],[5.114312,43.533905],[5.119894,43.534992],[5.120399,43.535076],[5.12107,43.535168],[5.121582,43.535221],[5.122384,43.535271],[5.122885,43.535282],[5.123536,43.535271],[5.123886,43.535255],[5.124659,43.535198],[5.125392,43.535107],[5.125711,43.535057],[5.126041,43.534996],[5.126555,43.534893],[5.126865,43.534821],[5.127439,43.534664],[5.127846,43.534546],[5.128365,43.534374],[5.129175,43.534061],[5.129576,43.533886],[5.130265,43.533546],[5.130814,43.533237],[5.131244,43.532967],[5.136555,43.529415],[5.141605,43.526054],[5.151003,43.519768],[5.152294,43.518921],[5.153536,43.518066],[5.164197,43.510937],[5.167007,43.509064],[5.188044,43.494968],[5.188785,43.494484],[5.189246,43.494205],[5.189855,43.493877],[5.190479,43.493591],[5.191186,43.493317],[5.192279,43.492989],[5.193247,43.492794],[5.194274,43.492626],[5.195372,43.49255],[5.196264,43.49255],[5.197263,43.492611],[5.19813,43.492725],[5.198956,43.492882],[5.199766,43.493084],[5.200485,43.493305],[5.201271,43.493607],[5.201982,43.493942],[5.202606,43.494297],[5.203376,43.494785],[5.204045,43.495255],[5.204744,43.495766],[5.20513,43.496082],[5.206932,43.4977],[5.208937,43.499531],[5.209509,43.500004],[5.210115,43.500431],[5.210742,43.50082],[5.211467,43.50119],[5.211999,43.501442],[5.212658,43.501732],[5.213303,43.501968],[5.213983,43.502171],[5.214658,43.50235],[5.215579,43.502537],[5.21607,43.502617],[5.216655,43.502689],[5.216967,43.50272],[5.217577,43.502762],[5.218163,43.502781],[5.218615,43.502781],[5.219469,43.50275],[5.220114,43.502701],[5.220704,43.502632],[5.221302,43.502537],[5.221884,43.502426],[5.222465,43.502296],[5.22298,43.502155],[5.223458,43.50201],[5.223778,43.501907],[5.22446,43.501652],[5.224773,43.501518],[5.22534,43.501259],[5.2259,43.500969],[5.226231,43.500782],[5.226598,43.500557],[5.226881,43.500374],[5.22732,43.500057],[5.227658,43.499794],[5.227851,43.499634],[5.228232,43.499298],[5.228525,43.499012],[5.228895,43.498611],[5.229179,43.498272],[5.22932,43.498089],[5.229545,43.497776],[5.229815,43.497356],[5.229921,43.497173],[5.230085,43.496864],[5.23032,43.496357],[5.230454,43.496002],[5.230619,43.495472],[5.230715,43.49506],[5.230784,43.494637],[5.230814,43.494354],[5.230841,43.493885],[5.230848,43.493454],[5.230874,43.484352],[5.230886,43.483925],[5.230918,43.483448],[5.230965,43.483009],[5.231995,43.476311],[5.235467,43.453934],[5.235561,43.4534],[5.235627,43.453098],[5.235744,43.452667],[5.235831,43.4524],[5.235923,43.452148],[5.23602,43.4519],[5.236828,43.450001],[5.237041,43.449459],[5.237178,43.44907],[5.237326,43.448601],[5.237483,43.448006],[5.237577,43.447575],[5.237658,43.447128],[5.23773,43.446598],[5.237784,43.445992],[5.237806,43.445381],[5.237801,43.444859],[5.237788,43.444569],[5.237742,43.444008],[5.237703,43.443684],[5.237617,43.443134],[5.237474,43.442459],[5.237321,43.441875],[5.237138,43.441231],[5.237138,43.441231],[5.23661,43.439327],[5.236482,43.438797],[5.236428,43.438515],[5.236362,43.437954],[5.236342,43.437496],[5.23635,43.436928],[5.236394,43.436481],[5.236468,43.436062],[5.236539,43.43576],[5.236627,43.435459],[5.23674,43.43512],[5.236863,43.434784],[5.236979,43.434517],[5.237103,43.434265],[5.237314,43.433884],[5.23758,43.433456],[5.237735,43.433228],[5.237842,43.433079],[5.238204,43.432629],[5.238531,43.43227],[5.238957,43.43185],[5.239408,43.431461],[5.23983,43.431137],[5.240345,43.430767],[5.243779,43.42844],[5.245629,43.427174],[5.246098,43.426834],[5.246756,43.4263],[5.247276,43.425835],[5.247826,43.425301],[5.248053,43.425064],[5.248682,43.424332],[5.249074,43.423817],[5.249297,43.4235],[5.249469,43.423241],[5.249659,43.422932],[5.249853,43.422596],[5.250025,43.422279],[5.250254,43.42181],[5.250379,43.421532],[5.250549,43.421116],[5.250675,43.420776],[5.250803,43.420376],[5.250894,43.420048],[5.251052,43.419357],[5.25227,43.413406],[5.252379,43.41293],[5.25243,43.412743],[5.252522,43.412437],[5.252639,43.412098],[5.25276,43.411793],[5.252896,43.411491],[5.253085,43.411114],[5.253365,43.410614],[5.253563,43.410297],[5.253888,43.409828],[5.254052,43.409615],[5.254432,43.409161],[5.254612,43.408966],[5.255088,43.408485],[5.255456,43.408142],[5.256443,43.407288],[5.263747,43.401142],[5.264306,43.4007],[5.301735,43.369129],[5.302148,43.368748],[5.303036,43.367847],[5.30334,43.367554],[5.303742,43.367195],[5.304116,43.366898],[5.304521,43.366608],[5.304941,43.366337],[5.305194,43.366184],[5.305601,43.365959],[5.30601,43.365749],[5.30673,43.365406],[5.307639,43.365005],[5.308178,43.364788],[5.308875,43.36454],[5.309492,43.364349],[5.310156,43.364185],[5.310509,43.364109],[5.311176,43.363991],[5.311538,43.363941],[5.311829,43.363907],[5.312295,43.363869],[5.312823,43.363838],[5.31322,43.363831],[5.313782,43.363838],[5.314246,43.363857],[5.315774,43.363945],[5.316464,43.363972],[5.317188,43.363976],[5.318426,43.363956],[5.318849,43.363968],[5.319197,43.36396],[5.32467,43.363724],[5.32781,43.363514],[5.332978,43.3633],[5.333487,43.36327],[5.333986,43.363216],[5.334539,43.363129],[5.334973,43.363029],[5.335772,43.362831],[5.336385,43.362659],[5.336886,43.36248],[5.337201,43.36235],[5.337344,43.362282],[5.337685,43.362106],[5.337914,43.361973],[5.338363,43.361671],[5.339137,43.361122],[5.341501,43.35947],[5.342927,43.358459],[5.34454,43.357334],[5.344836,43.357109],[5.345119,43.356884],[5.345286,43.356739],[5.345636,43.356392],[5.345858,43.356148],[5.347118,43.354607],[5.347242,43.354443],[5.347341,43.354294],[5.347534,43.353977],[5.347701,43.353626],[5.347783,43.353424],[5.348093,43.352562],[5.348145,43.352402],[5.348321,43.351704],[5.348342,43.35154],[5.348488,43.350708],[5.348649,43.3498],[5.348698,43.349556],[5.348733,43.3493],[5.349461,43.345261],[5.34949,43.345142],[5.349636,43.34473],[5.349753,43.34446],[5.350808,43.342178],[5.352563,43.338326],[5.352704,43.338066],[5.352806,43.337902],[5.352911,43.337749],[5.353154,43.337463],[5.353351,43.337269],[5.353579,43.337067],[5.354193,43.336559],[5.354496,43.336285],[5.354736,43.33601],[5.354946,43.335747],[5.355087,43.335552],[5.355226,43.335316],[5.355324,43.33511],[5.355578,43.334473],[5.355928,43.33353],[5.356656,43.330914],[5.35668,43.330715],[5.356868,43.329941],[5.356962,43.329647],[5.357087,43.329361],[5.357247,43.329079],[5.357316,43.328976],[5.357497,43.328739],[5.35837,43.327686],[5.358755,43.327244],[5.359094,43.326939],[5.359315,43.326748],[5.359451,43.326656],[5.360344,43.326138],[5.360639,43.325981],[5.360847,43.325844],[5.360946,43.325768],[5.361195,43.325554],[5.361715,43.324982],[5.362288,43.324333],[5.36233,43.324272],[5.362643,43.323883],[5.363556,43.322788],[5.363692,43.322536],[5.363787,43.322289],[5.363822,43.322163],[5.363918,43.321712],[5.363925,43.321434],[5.363836,43.320679],[5.363791,43.320503],[5.363755,43.320396],[5.363686,43.32024],[5.363461,43.319794],[5.363395,43.319618],[5.363369,43.319519],[5.363351,43.319408],[5.363332,43.31921],[5.363342,43.318993],[5.363368,43.318825],[5.363431,43.318592],[5.363575,43.318241],[5.363829,43.317757],[5.363891,43.31765],[5.36398,43.317524],[5.364079,43.31739],[5.364417,43.316982],[5.364918,43.316406],[5.365014,43.316315],[5.365207,43.316158],[5.365524,43.315937],[5.366014,43.315613],[5.366309,43.31535],[5.36644,43.315216],[5.36656,43.31506],[5.366762,43.314774],[5.367029,43.314308],[5.367615,43.313232],[5.367836,43.312889],[5.367959,43.312717],[5.368139,43.312511],[5.368254,43.312405],[5.368835,43.31197],[5.369103,43.311813],[5.369376,43.311672],[5.369764,43.311527],[5.370221,43.311382],[5.370653,43.31126],[5.371203,43.311188],[5.37176,43.311153],[5.372075,43.311153],[5.372475,43.311192],[5.372993,43.311291],[5.37328,43.311378],[5.373572,43.311485],[5.374758,43.312023],[5.375056,43.312168],[5.376162,43.312679],[5.376469,43.312813],[5.376758,43.31292],[5.377081,43.313026],[5.377431,43.313126],[5.377929,43.313217],[5.378376,43.313271],[5.378762,43.313305],[5.379196,43.313316],[5.379778,43.31329],[5.380079,43.313259],[5.380452,43.313206],[5.3808,43.313137],[5.381133,43.313053],[5.381644,43.312897],[5.382063,43.312725],[5.382631,43.312439],[5.382923,43.312256],[5.383202,43.312054],[5.383491,43.311813],[5.38375,43.311565],[5.384102,43.31115],[5.385263,43.309689],[5.385639,43.309196],[5.385787,43.308971],[5.385899,43.308781],[5.386026,43.308475],[5.386146,43.308064],[5.386178,43.307758],[5.386185,43.307377],[5.386115,43.306973],[5.386075,43.306805],[5.38603,43.30666],[5.38596,43.306469],[5.385888,43.30632],[5.385796,43.306168],[5.385689,43.306026],[5.385493,43.305828],[5.385325,43.305695],[5.38514,43.305573],[5.384992,43.305492],[5.384724,43.30537],[5.38428,43.305187],[5.383767,43.304981],[5.383205,43.304783],[5.383001,43.304699],[5.382802,43.304607],[5.38025,43.303265]],[[3.880265,43.604282],[3.881387,43.605076],[3.881878,43.605431],[3.882298,43.605785],[3.882602,43.606125],[3.882814,43.6064],[3.88294,43.606579],[3.883033,43.606731],[3.883198,43.607067],[3.883344,43.607407],[3.883388,43.607533],[3.88344,43.607731],[3.883474,43.607906],[3.883511,43.608234],[3.883511,43.608521],[3.883503,43.608761],[3.88348,43.608963],[3.883422,43.609299],[3.882927,43.611683],[3.882859,43.612045],[3.882821,43.612366],[3.882809,43.612598],[3.882823,43.612923],[3.882856,43.613163],[3.882899,43.613377],[3.882966,43.613594],[3.883056,43.613842],[3.883209,43.614174],[3.883329,43.614384],[3.883537,43.614697],[3.88376,43.614975],[3.883989,43.615223],[3.884321,43.615547],[3.89094,43.621815],[3.891693,43.622517],[3.8923,43.623035],[3.892757,43.623394],[3.893203,43.623718],[3.893694,43.624054],[3.894195,43.624371],[3.894939,43.624798],[3.895251,43.624966],[3.895837,43.625263],[3.896318,43.625488],[3.897063,43.625809],[3.897316,43.625908],[3.898318,43.626274],[3.932126,43.63726],[3.93572,43.638416],[3.936647,43.638683],[3.937098,43.638798],[3.93766,43.638927],[3.938106,43.639019],[3.938808,43.639149],[3.939725,43.639286],[3.940156,43.639336],[3.9412,43.639431],[3.941761,43.639462],[3.94231,43.639481],[3.943139,43.639488],[3.943672,43.639481],[3.944615,43.639435],[3.945533,43.639359],[3.946025,43.639301],[3.946609,43.639225],[3.947597,43.639061],[3.948367,43.638901],[3.949193,43.638702],[3.955266,43.637066],[3.95835,43.636242],[3.958869,43.636108],[3.959774,43.635906],[3.96071,43.635727],[3.96161,43.635597],[3.962403,43.635509],[3.962894,43.635468],[3.963521,43.635433],[3.96436,43.635406],[3.965083,43.635406],[3.96601,43.635437],[3.966616,43.635471],[3.967646,43.635571],[3.968534,43.635689],[3.969045,43.635777],[3.97004,43.635971],[3.971054,43.636208],[3.971524,43.636333],[3.972327,43.636578],[3.972982,43.636803],[3.973604,43.637035],[3.974251,43.637302],[3.974933,43.637611],[3.975407,43.637844],[3.975826,43.638062],[3.976456,43.638428],[3.976971,43.638741],[3.977502,43.639095],[3.97794,43.639412],[3.978363,43.639725],[3.978818,43.640087],[3.979413,43.640625],[3.979677,43.640884],[3.980747,43.641998],[3.981081,43.642326],[3.981433,43.642658],[3.981835,43.642998],[3.982222,43.643307],[3.982737,43.643688],[3.98316,43.643978],[3.983732,43.644344],[3.984272,43.644665],[3.984628,43.644863],[3.985219,43.645172],[3.985545,43.645332],[3.986046,43.645565],[3.986404,43.645718],[3.986697,43.64584],[3.987751,43.646248],[3.99387,43.648479],[3.996324,43.64938],[3.996857,43.649582],[4.005954,43.652912],[4.008219,43.653736],[4.008219,43.653736],[4.013556,43.655685],[4.016053,43.656612],[4.01927,43.657776],[4.028728,43.661243],[4.03052,43.661892],[4.031775,43.662373],[4.042377,43.666245],[4.045915,43.667511],[4.063729,43.674023],[4.064406,43.674259],[4.066196,43.674923],[4.07191,43.677006],[4.072836,43.677307],[4.073432,43.67749],[4.074121,43.677677],[4.07542,43.677998],[4.076446,43.6782],[4.077314,43.678345],[4.081726,43.679119],[4.084295,43.679558],[4.087118,43.680061],[4.090286,43.680595],[4.093576,43.681164],[4.096029,43.681576],[4.096757,43.681671],[4.097915,43.681808],[4.099075,43.681919],[4.099984,43.681988],[4.100958,43.682045],[4.101572,43.682068],[4.102815,43.682102],[4.105376,43.682087],[4.107269,43.681999],[4.107894,43.68195],[4.108947,43.681843],[4.109802,43.681736],[4.110127,43.681686],[4.112732,43.681259],[4.113621,43.681107],[4.114265,43.680981],[4.115217,43.680767],[4.117714,43.680119],[4.118483,43.679939],[4.119237,43.679787],[4.12044,43.679581],[4.121016,43.679504],[4.122036,43.679382],[4.123397,43.679249],[4.124051,43.679199],[4.124825,43.679157],[4.125071,43.67915],[4.12592,43.679138],[4.126225,43.679146],[4.127345,43.679195],[4.128524,43.679295],[4.129079,43.679352],[4.129754,43.679432],[4.131038,43.679619],[4.131038,43.679619],[4.132324,43.679844],[4.133465,43.680084],[4.134263,43.680279],[4.134916,43.680462],[4.136025,43.680813],[4.136541,43.680988],[4.137597,43.681393],[4.138775,43.6819],[4.13945,43.68222],[4.140872,43.682957],[4.141518,43.683334],[4.142173,43.683735],[4.142715,43.684105],[4.143328,43.684586],[4.144341,43.685341],[4.145119,43.686016],[4.146046,43.686943],[4.146465,43.687412],[4.146875,43.687901],[4.147268,43.688404],[4.147641,43.6889],[4.147944,43.689342],[4.148454,43.690186],[4.148689,43.690609],[4.149548,43.692299],[4.151688,43.696587],[4.151779,43.696796],[4.152307,43.697906],[4.152386,43.698055],[4.153539,43.700386],[4.154226,43.701733],[4.154423,43.702087],[4.154763,43.702667],[4.155389,43.703606],[4.155921,43.704273],[4.15695,43.705452],[4.157568,43.706078],[4.158166,43.706635],[4.159273,43.707531],[4.161375,43.709171],[4.161789,43.709476],[4.163531,43.710796],[4.166262,43.712898],[4.167423,43.713749],[4.16803,43.714165],[4.168686,43.7146],[4.169689,43.715221],[4.170875,43.715912],[4.171483,43.71624],[4.172115,43.716568],[4.174607,43.717762],[4.17974,43.720192],[4.181952,43.721249],[4.192008,43.726009],[4.19675,43.728359],[4.197223,43.728596],[4.197731,43.728859],[4.202111,43.731174],[4.20323,43.731758],[4.20797,43.734268],[4.215431,43.738194],[4.216733,43.738865],[4.217347,43.739162],[4.21816,43.739506],[4.218946,43.739803],[4.218946,43.739803],[4.219602,43.740025],[4.22035,43.740253],[4.221266,43.740494],[4.222065,43.740677],[4.222951,43.740845],[4.223894,43.740986],[4.224545,43.741058],[4.225583,43.74115],[4.226882,43.741249],[4.229314,43.741417],[4.236082,43.741913],[4.236789,43.741974],[4.237314,43.742035],[4.238194,43.742153],[4.238666,43.742233],[4.239082,43.742317],[4.239915,43.742496],[4.240718,43.742702],[4.241732,43.743004],[4.242266,43.743172],[4.242731,43.743343],[4.243795,43.743763],[4.24434,43.744015],[4.244869,43.74427],[4.254584,43.749302],[4.254842,43.749443],[4.255645,43.749905],[4.25627,43.750317],[4.256966,43.750809],[4.257648,43.75135],[4.258043,43.751694],[4.258416,43.752052],[4.25958,43.753262],[4.260039,43.753716],[4.260822,43.75441],[4.26133,43.75481],[4.26184,43.755192],[4.26264,43.755718],[4.263225,43.756081],[4.263884,43.756432],[4.264513,43.756752],[4.264863,43.756916],[4.267916,43.758286],[4.268706,43.758686],[4.269142,43.758919],[4.269939,43.759403],[4.270332,43.759659],[4.27071,43.759914],[4.271179,43.760269],[4.271641,43.760635],[4.272102,43.761032],[4.272517,43.761414],[4.273186,43.762096],[4.273508,43.762459],[4.273819,43.76284],[4.274206,43.763355],[4.274559,43.76387],[4.274879,43.764404],[4.275165,43.764942],[4.275296,43.765209],[4.275933,43.766632],[4.276173,43.767086],[4.276377,43.767448],[4.276608,43.767811],[4.276849,43.768166],[4.277268,43.768726],[4.27756,43.769085],[4.277853,43.769424],[4.27818,43.769772],[4.278495,43.770088],[4.278991,43.770557],[4.279543,43.771019],[4.280169,43.771515],[4.287443,43.777145],[4.289476,43.778706],[4.290536,43.779476],[4.300142,43.786373],[4.30323,43.788578],[4.305227,43.790016],[4.306073,43.790646],[4.306843,43.79126],[4.307593,43.791885],[4.308174,43.792419],[4.308745,43.792961],[4.309295,43.793507],[4.309579,43.7938],[4.309856,43.794098],[4.3104,43.794704],[4.311062,43.795498],[4.311602,43.796185],[4.314818,43.800457],[4.315189,43.800968],[4.316411,43.80257],[4.318367,43.805187],[4.319047,43.806072],[4.319482,43.806602],[4.319864,43.807049],[4.320753,43.808014],[4.321267,43.808537],[4.321609,43.808872],[4.322205,43.809425],[4.322462,43.809658],[4.322963,43.810093],[4.323512,43.810547],[4.324576,43.811375],[4.325125,43.811775],[4.32602,43.812386],[4.326692,43.812832],[4.327346,43.81324],[4.328544,43.813934],[4.330558,43.815033],[4.336306,43.818138],[4.338573,43.819355],[4.339513,43.819839],[4.340753,43.820412],[4.341532,43.820724],[4.342434,43.821072],[4.343475,43.821411],[4.344486,43.821716],[4.345288,43.821926],[4.347896,43.822525],[4.348929,43.8228],[4.349545,43.822979],[4.350314,43.823227],[4.351479,43.823643],[4.352158,43.823914],[4.353235,43.824387],[4.354218,43.824863],[4.354905,43.825226],[4.356789,43.826321],[4.359453,43.8279],[4.359896,43.828148],[4.36264,43.829762],[4.362829,43.82988],[4.363448,43.830292],[4.363813,43.83057],[4.364482,43.831146],[4.36623,43.832603],[4.36623,43.832603],[4.367022,43.833267],[4.36864,43.834564],[4.369626,43.8354],[4.370951,43.836502],[4.371235,43.836754],[4.3716,43.837101],[4.371924,43.837444],[4.372447,43.838047],[4.372796,43.838539],[4.373147,43.839157],[4.373352,43.83955],[4.373675,43.840309],[4.373851,43.840656],[4.374054,43.841022],[4.374209,43.841267],[4.374573,43.841782],[4.374818,43.842091],[4.375225,43.842545],[4.375865,43.843178],[4.376225,43.843491],[4.376843,43.843956],[4.377327,43.844288],[4.377869,43.844593],[4.37834,43.844845],[4.378978,43.845142],[4.379213,43.845234],[4.380047,43.845524],[4.381751,43.845951],[4.382916,43.846226],[4.386093,43.846897],[4.388421,43.84734],[4.389829,43.847553],[4.391046,43.847702],[4.391816,43.847786],[4.39259,43.847855],[4.395668,43.848064],[4.396505,43.848103],[4.397716,43.848106],[4.397996,43.848095],[4.398803,43.848038],[4.399464,43.847969],[4.404905,43.847229],[4.407514,43.846832],[4.408173,43.846722],[4.408689,43.846622],[4.409447,43.846447],[4.411862,43.845768],[4.41231,43.84565],[4.412764,43.845543],[4.413371,43.845413],[4.414026,43.845291],[4.415931,43.844978],[4.416446,43.844872],[4.416927,43.844753],[4.417938,43.844475],[4.432996,43.840042],[4.436478,43.839012],[4.437283,43.838768],[4.468397,43.829609],[4.478869,43.826515],[4.481813,43.825657],[4.48325,43.825222],[4.493736,43.822132],[4.495247,43.82169],[4.497236,43.821098],[4.498659,43.820652],[4.500068,43.820171],[4.501519,43.819637],[4.50272,43.819157],[4.504185,43.818531],[4.504995,43.818165],[4.505795,43.817783],[4.507449,43.816956],[4.507449,43.816956],[4.50843,43.816425],[4.509727,43.815681],[4.510609,43.815147],[4.511583,43.814522],[4.512133,43.814152],[4.512834,43.813667],[4.513425,43.813248],[4.514125,43.812729],[4.515052,43.812008],[4.515968,43.811256],[4.518082,43.809464],[4.525156,43.803398],[4.529553,43.799648],[4.532635,43.796986],[4.533555,43.796207],[4.539034,43.791515],[4.539816,43.790897],[4.540608,43.790356],[4.541358,43.789928],[4.542134,43.789551],[4.542785,43.789284],[4.543544,43.789009],[4.544231,43.788807],[4.545174,43.788574],[4.54561,43.788494],[4.54619,43.788403],[4.546807,43.788319],[4.547481,43.788261],[4.548146,43.788235],[4.548813,43.788223],[4.549487,43.78825],[4.550141,43.788292],[4.550824,43.788364],[4.551476,43.788467],[4.552133,43.788597],[4.552771,43.788761],[4.553392,43.788929],[4.554008,43.789124],[4.55461,43.789341],[4.555172,43.7896],[4.55572,43.789867],[4.556279,43.790165],[4.556794,43.790485],[4.557266,43.790813],[4.557728,43.791161],[4.560645,43.793552],[4.561152,43.793949],[4.561647,43.794296],[4.562141,43.794617],[4.562674,43.794933],[4.563178,43.795193],[4.563752,43.795452],[4.564332,43.7957],[4.56492,43.79591],[4.56553,43.796112],[4.56693,43.796467],[4.567655,43.796635],[4.56917,43.796974],[4.570639,43.797318],[4.571404,43.797482],[4.572948,43.797756],[4.573722,43.797871],[4.574525,43.797966],[4.576487,43.79818],[4.577572,43.798286],[4.578573,43.798405],[4.579625,43.798561],[4.580689,43.798771],[4.581752,43.799011],[4.582777,43.799274],[4.583881,43.799595],[4.585078,43.800022],[4.586302,43.800495],[4.586908,43.800758],[4.587644,43.801098],[4.588207,43.801376],[4.588778,43.801678],[4.589697,43.802204],[4.592927,43.804203],[4.595768,43.805939],[4.596152,43.806183],[4.596538,43.806412],[4.597403,43.80687],[4.59862,43.807438],[4.599171,43.807667],[4.599657,43.807854],[4.601372,43.80846],[4.602125,43.808685],[4.602805,43.808876],[4.603551,43.809055],[4.605081,43.809361],[4.605823,43.809494],[4.607077,43.809658],[4.607918,43.809753],[4.60873,43.809818],[4.610682,43.809891],[4.611879,43.809868],[4.612566,43.809841],[4.613425,43.809792],[4.614093,43.809731],[4.614834,43.809643],[4.6156,43.80954],[4.616371,43.809414],[4.617132,43.809273],[4.61792,43.809116],[4.61937,43.808804],[4.620374,43.808601],[4.621615,43.808323],[4.622764,43.808029],[4.623543,43.807816],[4.624402,43.807529],[4.625273,43.807205],[4.626956,43.806499],[4.629561,43.805386],[4.63033,43.805092],[4.630978,43.804867],[4.63221,43.804504],[4.633624,43.804119],[4.634314,43.803947],[4.635598,43.803684],[4.636392,43.803543],[4.637866,43.803349],[4.64031,43.803062],[4.643113,43.802757],[4.644864,43.802505],[4.646161,43.802345],[4.652246,43.801624],[4.654221,43.801395],[4.654713,43.801319],[4.655694,43.801132],[4.656552,43.800999],[4.656904,43.800926],[4.657076,43.800877],[4.657076,43.800877],[4.657358,43.800797],[4.657779,43.800644],[4.657922,43.800587],[4.658378,43.800354],[4.659264,43.799892],[4.659619,43.799675],[4.659846,43.799519],[4.660023,43.799385],[4.660386,43.799061],[4.660641,43.798809],[4.660888,43.798527],[4.661082,43.798275],[4.661301,43.797955],[4.661434,43.797718],[4.661585,43.797417],[4.661686,43.797188],[4.661805,43.796867],[4.661892,43.796543],[4.661943,43.796246],[4.661972,43.795971],[4.661975,43.795727],[4.661961,43.795486],[4.661924,43.795208],[4.66188,43.795006],[4.661807,43.794731],[4.661731,43.794521],[4.6615,43.793961],[4.660419,43.791451],[4.660296,43.791119],[4.66013,43.790539],[4.660062,43.790276],[4.659904,43.789783],[4.659706,43.789268],[4.65954,43.788868],[4.658222,43.785885],[4.637054,43.736462],[4.635077,43.731827],[4.627741,43.714695],[4.627421,43.713894],[4.627252,43.713413],[4.6271,43.71291],[4.627,43.712551],[4.626919,43.712219],[4.626783,43.711525],[4.626709,43.711056],[4.626667,43.71072],[4.626611,43.710037],[4.626595,43.709702],[4.62659,43.709366],[4.626608,43.708561],[4.62663,43.708229],[4.626672,43.707821],[4.626726,43.707401],[4.626823,43.706841],[4.626943,43.706276],[4.628454,43.70018],[4.630836,43.690666],[4.632038,43.686226],[4.632388,43.684826],[4.632388,43.684826],[4.632483,43.684387],[4.632622,43.683807],[4.632776,43.683258],[4.632918,43.682804],[4.633078,43.682358],[4.633214,43.682011],[4.633451,43.681477],[4.633632,43.681107],[4.63381,43.680767],[4.633991,43.68045],[4.634319,43.679897],[4.634565,43.679504],[4.636061,43.677174],[4.64358,43.665329],[4.645022,43.663052],[4.645236,43.662701],[4.645616,43.662132],[4.64581,43.661861],[4.64621,43.661339],[4.646423,43.661079],[4.646881,43.660564],[4.647106,43.660332],[4.647715,43.659752],[4.648347,43.65921],[4.649002,43.658699],[4.649416,43.658405],[4.649726,43.658192],[4.650325,43.657814],[4.651071,43.657383],[4.651565,43.657124],[4.652138,43.656845],[4.652705,43.65659],[4.653329,43.65633],[4.653976,43.656086],[4.654608,43.655869],[4.654952,43.655762],[4.655377,43.655636],[4.656043,43.655453],[4.656417,43.655361],[4.658766,43.654816],[4.685516,43.64867],[4.697847,43.645844],[4.723777,43.639877],[4.747193,43.634483],[4.800743,43.622128],[4.800743,43.622128],[4.803814,43.621426],[4.852001,43.610275],[4.859384,43.608578],[4.868307,43.606503],[4.870952,43.605907],[4.874131,43.605156],[4.876072,43.604702],[4.903179,43.598415],[4.906325,43.597679],[4.933424,43.5914],[4.945739,43.588531],[4.94736,43.588169],[4.948471,43.587948],[4.94941,43.587776],[4.950831,43.587551],[4.951569,43.587448],[4.952284,43.587357],[4.954385,43.587112],[4.95504,43.587017],[4.955935,43.586853],[4.956499,43.586731],[4.957739,43.586426],[4.962033,43.585335],[4.96318,43.585075],[4.964101,43.58493],[4.965066,43.584801],[4.965892,43.584724],[4.966406,43.58469],[4.967556,43.584648],[4.972146,43.58456],[4.972912,43.584526],[4.973287,43.584503],[4.973936,43.584442],[4.974639,43.584351],[4.975191,43.584259],[4.975808,43.584133],[4.976343,43.584011],[4.976981,43.583836],[4.977669,43.583618],[4.978048,43.583485],[4.978538,43.583298],[4.979028,43.583099],[4.979692,43.582817],[4.980773,43.582386],[4.98124,43.582222],[4.981585,43.582115],[4.98215,43.581955],[4.982777,43.58181],[4.983148,43.58173],[4.983929,43.581608],[4.984258,43.581566],[4.985473,43.581455],[4.986997,43.581356],[4.987949,43.58131],[4.989144,43.581284],[4.990675,43.581306],[4.992216,43.581337],[4.992874,43.581318],[4.99619,43.581104],[4.99699,43.581074],[4.998156,43.581066],[4.999039,43.581047],[4.999471,43.581032],[4.999471,43.581032],[5.002177,43.580883],[5.002968,43.580849],[5.003526,43.580814],[5.00385,43.580788],[5.004301,43.580742],[5.005075,43.580627],[5.005628,43.580524],[5.006214,43.580399],[5.008632,43.579811],[5.015617,43.578136],[5.017843,43.577591],[5.018605,43.57737],[5.01941,43.577084],[5.02014,43.576782],[5.020808,43.576458],[5.021537,43.576054],[5.022262,43.575581],[5.022413,43.575466],[5.023209,43.574829],[5.023646,43.574413],[5.024107,43.573906],[5.024613,43.573246],[5.024963,43.57272],[5.025259,43.572147],[5.025496,43.571636],[5.025651,43.571186],[5.025797,43.570667],[5.026264,43.568752],[5.026513,43.567966],[5.026741,43.567471],[5.027055,43.566906],[5.027394,43.566429],[5.027725,43.566017],[5.028419,43.565304],[5.028902,43.564873],[5.029576,43.564327],[5.030018,43.563927],[5.030417,43.563507],[5.030859,43.562973],[5.031462,43.562077],[5.032158,43.561008],[5.033584,43.558895],[5.03414,43.55793],[5.035597,43.555756],[5.036088,43.555088],[5.036623,43.554413],[5.037099,43.553875],[5.037648,43.553284],[5.038126,43.552818],[5.038646,43.552334],[5.039025,43.552021],[5.039621,43.55154],[5.04012,43.551117],[5.040463,43.550797],[5.040851,43.550388],[5.041063,43.550144],[5.042326,43.548603],[5.042599,43.548286],[5.042995,43.54789],[5.043413,43.547516],[5.044,43.547054],[5.044393,43.546768],[5.044861,43.546482],[5.045668,43.546028],[5.046452,43.545578],[5.046751,43.545399],[5.047251,43.545071],[5.047599,43.544823],[5.04799,43.54451],[5.048247,43.544289],[5.04852,43.544033],[5.048911,43.543633],[5.049096,43.543423],[5.049425,43.543018],[5.049621,43.542755],[5.049822,43.542461],[5.050159,43.541889],[5.05026,43.541695],[5.050383,43.541428],[5.050512,43.54113],[5.050662,43.54073],[5.050755,43.540421],[5.050819,43.540154],[5.050895,43.539776],[5.050961,43.539219],[5.05099,43.538795],[5.051023,43.538052],[5.051061,43.537384],[5.051114,43.536911],[5.051149,43.536709],[5.051255,43.536228],[5.051329,43.53598],[5.051416,43.535721],[5.051523,43.535446],[5.051677,43.535114],[5.051885,43.534702],[5.051987,43.534527],[5.052141,43.534275],[5.05227,43.534081],[5.052477,43.533787],[5.052722,43.533463],[5.053128,43.532993],[5.053608,43.532513],[5.053815,43.53233],[5.054032,43.53215],[5.054388,43.531868],[5.054636,43.531681],[5.054947,43.531464],[5.055498,43.531116],[5.0559,43.530884],[5.056188,43.530727],[5.056767,43.530445],[5.057062,43.530315],[5.057528,43.530125],[5.058208,43.529881],[5.058957,43.529652],[5.059895,43.529411],[5.060222,43.529346],[5.060831,43.529243],[5.061381,43.529167],[5.061768,43.529129],[5.063434,43.529011],[5.067658,43.528751],[5.0693,43.528637],[5.072282,43.528454],[5.073417,43.528397],[5.074259,43.528374],[5.076065,43.528404],[5.083207,43.528721],[5.085001,43.528767],[5.085782,43.528751],[5.08672,43.528683],[5.088356,43.528484],[5.088798,43.528439],[5.089601,43.528374],[5.0904,43.528355],[5.091267,43.528374],[5.091863,43.528423],[5.092399,43.528481],[5.093196,43.528603],[5.093908,43.528744],[5.094395,43.528862],[5.097522,43.529644],[5.100214,43.530331],[5.100729,43.530472],[5.101786,43.5308],[5.105831,43.532101],[5.106439,43.532291],[5.106979,43.53244],[5.107531,43.532578],[5.107867,43.532654],[5.10839,43.532761],[5.114312,43.533905],[5.119894,43.534992],[5.120399,43.535076],[5.12107,43.535168],[5.121582,43.535221],[5.122384,43.535271],[5.122885,43.535282],[5.123536,43.535271],[5.123886,43.535255],[5.124659,43.535198],[5.125392,43.535107],[5.126041,43.534996],[5.126555,43.534893],[5.126865,43.534821],[5.127439,43.534664],[5.127846,43.534546],[5.128365,43.534374],[5.129175,43.534061],[5.129576,43.533886],[5.130265,43.533546],[5.130814,43.533237],[5.131244,43.532967],[5.136555,43.529415],[5.141605,43.526054],[5.151003,43.519768],[5.152294,43.518921],[5.153536,43.518066],[5.164197,43.510937],[5.167007,43.509064],[5.188044,43.494968],[5.188785,43.494484],[5.189246,43.494205],[5.189855,43.493877],[5.190479,43.493591],[5.191186,43.493317],[5.192279,43.492989],[5.193247,43.492794],[5.194274,43.492626],[5.195372,43.49255],[5.196264,43.49255],[5.197263,43.492611],[5.19813,43.492725],[5.198956,43.492882],[5.199766,43.493084],[5.200485,43.493305],[5.201271,43.493607],[5.201982,43.493942],[5.202606,43.494297],[5.203376,43.494785],[5.204045,43.495255],[5.204744,43.495766],[5.20513,43.496082],[5.206932,43.4977],[5.208937,43.499531],[5.209509,43.500004],[5.210115,43.500431],[5.210742,43.50082],[5.211467,43.50119],[5.211999,43.501442],[5.212658,43.501732],[5.213303,43.501968],[5.213983,43.502171],[5.214658,43.50235],[5.215579,43.502537],[5.21607,43.502617],[5.216655,43.502689],[5.216967,43.50272],[5.217577,43.502762],[5.218163,43.502781],[5.218615,43.502781],[5.219469,43.50275],[5.220114,43.502701],[5.220704,43.502632],[5.221302,43.502537],[5.221884,43.502426],[5.222465,43.502296],[5.22298,43.502155],[5.223458,43.50201],[5.223778,43.501907],[5.224122,43.501781],[5.22446,43.501652],[5.224773,43.501518],[5.22534,43.501259],[5.2259,43.500969],[5.226231,43.500782],[5.226598,43.500557],[5.226881,43.500374],[5.22732,43.500057],[5.227658,43.499794],[5.227851,43.499634],[5.228232,43.499298],[5.228525,43.499012],[5.228895,43.498611],[5.229179,43.498272],[5.22932,43.498089],[5.229545,43.497776],[5.229815,43.497356],[5.229921,43.497173],[5.230085,43.496864],[5.23032,43.496357],[5.230454,43.496002],[5.230619,43.495472],[5.230715,43.49506],[5.230784,43.494637],[5.230814,43.494354],[5.230841,43.493885],[5.230848,43.493454],[5.230866,43.486614],[5.230866,43.486614],[5.230874,43.484352],[5.230886,43.483925],[5.230918,43.483448],[5.230965,43.483009],[5.231995,43.476311],[5.235467,43.453934],[5.235561,43.4534],[5.235627,43.453098],[5.235744,43.452667],[5.235831,43.4524],[5.23602,43.4519],[5.236828,43.450001],[5.237041,43.449459],[5.237178,43.44907],[5.237326,43.448601],[5.237483,43.448006],[5.237577,43.447575],[5.237658,43.447128],[5.23773,43.446598],[5.237784,43.445992],[5.237806,43.445381],[5.237801,43.444859],[5.237788,43.444569],[5.237742,43.444008],[5.237703,43.443684],[5.237617,43.443134],[5.237474,43.442459],[5.237321,43.441875],[5.237138,43.441231],[5.237138,43.441231],[5.23661,43.439327],[5.236482,43.438797],[5.236428,43.438515],[5.236362,43.437954],[5.236342,43.437496],[5.23635,43.436928],[5.236394,43.436481],[5.236468,43.436062],[5.236539,43.43576],[5.236627,43.435459],[5.23674,43.43512],[5.236863,43.434784],[5.236979,43.434517],[5.237103,43.434265],[5.237314,43.433884],[5.23758,43.433456],[5.237735,43.433228],[5.237842,43.433079],[5.238204,43.432629],[5.238531,43.43227],[5.238957,43.43185],[5.239408,43.431461],[5.23983,43.431137],[5.240345,43.430767],[5.243779,43.42844],[5.245629,43.427174],[5.246098,43.426834],[5.246756,43.4263],[5.247276,43.425835],[5.247826,43.425301],[5.248053,43.425064],[5.248682,43.424332],[5.249074,43.423817],[5.249297,43.4235],[5.249469,43.423241],[5.249659,43.422932],[5.249853,43.422596],[5.250025,43.422279],[5.250254,43.42181],[5.250379,43.421532],[5.250549,43.421116],[5.250675,43.420776],[5.250803,43.420376],[5.250894,43.420048],[5.251052,43.419357],[5.25227,43.413406],[5.252379,43.41293],[5.25243,43.412743],[5.252522,43.412437],[5.252639,43.412098],[5.25276,43.411793],[5.252896,43.411491],[5.253085,43.411114],[5.253365,43.410614],[5.253563,43.410297],[5.253888,43.409828],[5.254052,43.409615],[5.254432,43.409161],[5.254612,43.408966],[5.255088,43.408485],[5.255456,43.408142],[5.256443,43.407288],[5.263747,43.401142],[5.264306,43.4007],[5.301735,43.369129],[5.302148,43.368748],[5.303036,43.367847],[5.30334,43.367554],[5.303742,43.367195],[5.304116,43.366898],[5.304521,43.366608],[5.304941,43.366337],[5.305194,43.366184],[5.305601,43.365959],[5.30601,43.365749],[5.30673,43.365406],[5.307639,43.365005],[5.308178,43.364788],[5.308875,43.36454],[5.309492,43.364349],[5.310156,43.364185],[5.310509,43.364109],[5.311176,43.363991],[5.311538,43.363941],[5.311829,43.363907],[5.312295,43.363869],[5.312823,43.363838],[5.31322,43.363831],[5.313782,43.363838],[5.314246,43.363857],[5.315774,43.363945],[5.316464,43.363972],[5.317188,43.363976],[5.318426,43.363956],[5.318849,43.363968],[5.319197,43.36396],[5.32467,43.363724],[5.32781,43.363514],[5.332978,43.3633],[5.333487,43.36327],[5.333986,43.363216],[5.334539,43.363129],[5.334973,43.363029],[5.335772,43.362831],[5.336385,43.362659],[5.336886,43.36248],[5.337201,43.36235],[5.337344,43.362282],[5.337685,43.362106],[5.337914,43.361973],[5.338363,43.361671],[5.339137,43.361122],[5.341501,43.35947],[5.342927,43.358459],[5.34454,43.357334],[5.344836,43.357109],[5.345119,43.356884],[5.345286,43.356739],[5.345636,43.356392],[5.345858,43.356148],[5.347118,43.354607],[5.347242,43.354443],[5.347341,43.354294],[5.347534,43.353977],[5.347701,43.353626],[5.347783,43.353424],[5.348093,43.352562],[5.348145,43.352402],[5.348321,43.351704],[5.348342,43.35154],[5.348488,43.350708],[5.348649,43.3498],[5.348698,43.349556],[5.348733,43.3493],[5.349461,43.345261],[5.34949,43.345142],[5.349636,43.34473],[5.349753,43.34446],[5.350808,43.342178],[5.352563,43.338326],[5.352704,43.338066],[5.352806,43.337902],[5.352911,43.337749],[5.353154,43.337463],[5.353351,43.337269],[5.353579,43.337067],[5.354193,43.336559],[5.354496,43.336285],[5.354736,43.33601],[5.354946,43.335747],[5.355087,43.335552],[5.355226,43.335316],[5.355324,43.33511],[5.355578,43.334473],[5.355928,43.33353],[5.356656,43.330914],[5.35668,43.330715],[5.356868,43.329941],[5.356962,43.329647],[5.357087,43.329361],[5.357247,43.329079],[5.357316,43.328976],[5.357497,43.328739],[5.35837,43.327686],[5.358755,43.327244],[5.359094,43.326939],[5.359315,43.326748],[5.359451,43.326656],[5.360344,43.326138],[5.360639,43.325981],[5.360847,43.325844],[5.360946,43.325768],[5.361195,43.325554],[5.361715,43.324982],[5.362288,43.324333],[5.36233,43.324272],[5.362643,43.323883],[5.363556,43.322788],[5.363692,43.322536],[5.363787,43.322289],[5.363822,43.322163],[5.363918,43.321712],[5.363925,43.321434],[5.363836,43.320679],[5.363791,43.320503],[5.363755,43.320396],[5.363686,43.32024],[5.363461,43.319794],[5.363395,43.319618],[5.363369,43.319519],[5.363351,43.319408],[5.363332,43.31921],[5.363342,43.318993],[5.363368,43.318825],[5.363431,43.318592],[5.363575,43.318241],[5.363829,43.317757],[5.363891,43.31765],[5.36398,43.317524],[5.364079,43.31739],[5.364417,43.316982],[5.364918,43.316406],[5.365014,43.316315],[5.365207,43.316158],[5.365524,43.315937],[5.366014,43.315613],[5.366309,43.31535],[5.36644,43.315216],[5.36656,43.31506],[5.366762,43.314774],[5.367029,43.314308],[5.367615,43.313232],[5.367836,43.312889],[5.367959,43.312717],[5.368139,43.312511],[5.368254,43.312405],[5.368835,43.31197],[5.369103,43.311813],[5.369376,43.311672],[5.369764,43.311527],[5.370221,43.311382],[5.370653,43.31126],[5.371203,43.311188],[5.37176,43.311153],[5.372075,43.311153],[5.372475,43.311192],[5.372993,43.311291],[5.37328,43.311378],[5.373572,43.311485],[5.374758,43.312023],[5.375056,43.312168],[5.376162,43.312679],[5.376469,43.312813],[5.376758,43.31292],[5.377081,43.313026],[5.377431,43.313126],[5.377929,43.313217],[5.378376,43.313271],[5.378762,43.313305],[5.379196,43.313316],[5.379778,43.31329],[5.380079,43.313259],[5.380452,43.313206],[5.3808,43.313137],[5.381133,43.313053],[5.381644,43.312897],[5.382063,43.312725],[5.382631,43.312439],[5.382923,43.312256],[5.383202,43.312054],[5.383491,43.311813],[5.38375,43.311565],[5.384102,43.31115],[5.385263,43.309689],[5.385639,43.309196],[5.385787,43.308971],[5.385899,43.308781],[5.386026,43.308475],[5.386146,43.308064],[5.386178,43.307758],[5.386185,43.307377],[5.386115,43.306973],[5.386075,43.306805],[5.38603,43.30666],[5.38596,43.306469],[5.385888,43.30632],[5.385796,43.306168],[5.385689,43.306026],[5.385493,43.305828],[5.385325,43.305695],[5.38514,43.305573],[5.384992,43.305492],[5.384724,43.30537],[5.38428,43.305187],[5.383767,43.304981],[5.383205,43.304783],[5.383001,43.304699],[5.382802,43.304607],[5.38025,43.303265]]]}},{"type":"Feature","properties":{"route_name":"Ligne M1","type":"Metro","network":"RTM Metro","color":"#009FE3","is_station":true,"station_name":"Baille"},"geometry":{"type":"Point","coordinates":[5.391992500000001,43.28812875]}},{"type":"Feature","properties":{"route_name":"Ligne M1","type":"Metro","network":"RTM Metro","color":"#009FE3","is_station":true,"station_name":"Castellane"},"geometry":{"type":"Point","coordinates":[5.384532,43.28615675]}},{"type":"Feature","properties":{"route_name":"Ligne M1","type":"Metro","network":"RTM Metro","color":"#009FE3","is_station":true,"station_name":"Chartreux"},"geometry":{"type":"Point","coordinates":[5.4014395,43.309132500000004]}},{"type":"Feature","properties":{"route_name":"Ligne M1","type":"Metro","network":"RTM Metro","color":"#009FE3","is_station":true,"station_name":"Cinq Avenues Longchamp"},"geometry":{"type":"Point","coordinates":[5.396109750000001,43.3040805]}},{"type":"Feature","properties":{"route_name":"Ligne M1","type":"Metro","network":"RTM Metro","color":"#009FE3","is_station":true,"station_name":"Colbert"},"geometry":{"type":"Point","coordinates":[5.3743680000000005,43.3003075]}},{"type":"Feature","properties":{"route_name":"Ligne M1","type":"Metro","network":"RTM Metro","color":"#009FE3","is_station":true,"station_name":"Estrangin"},"geometry":{"type":"Point","coordinates":[5.37799525,43.290319499999995]}},{"type":"Feature","properties":{"route_name":"Ligne M1","type":"Metro","network":"RTM Metro","color":"#009FE3","is_station":true,"station_name":"Frais Vallon"},"geometry":{"type":"Point","coordinates":[5.42322975,43.32550375]}},{"type":"Feature","properties":{"route_name":"Ligne M1","type":"Metro","network":"RTM Metro","color":"#009FE3","is_station":true,"station_name":"La Blancarde"},"geometry":{"type":"Point","coordinates":[5.4061615,43.295474]}},{"type":"Feature","properties":{"route_name":"Ligne M1","type":"Metro","network":"RTM Metro","color":"#009FE3","is_station":true,"station_name":"La Fourragère"},"geometry":{"type":"Point","coordinates":[5.4242105,43.303877]}},{"type":"Feature","properties":{"route_name":"Ligne M1","type":"Metro","network":"RTM Metro","color":"#009FE3","is_station":true,"station_name":"La Rose"},"geometry":{"type":"Point","coordinates":[5.4296875,43.3331175]}},{"type":"Feature","properties":{"route_name":"Ligne M1","type":"Metro","network":"RTM Metro","color":"#009FE3","is_station":true,"station_name":"La Timone"},"geometry":{"type":"Point","coordinates":[5.400436,43.29114725]}},{"type":"Feature","properties":{"route_name":"Ligne M1","type":"Metro","network":"RTM Metro","color":"#009FE3","is_station":true,"station_name":"Louis Armand"},"geometry":{"type":"Point","coordinates":[5.41359375,43.299982]}},{"type":"Feature","properties":{"route_name":"Ligne M1","type":"Metro","network":"RTM Metro","color":"#009FE3","is_station":true,"station_name":"Malpassé"},"geometry":{"type":"Point","coordinates":[5.41643575,43.320965]}},{"type":"Feature","properties":{"route_name":"Ligne M1","type":"Metro","network":"RTM Metro","color":"#009FE3","is_station":true,"station_name":"Réformés Canebière"},"geometry":{"type":"Point","coordinates":[5.38618275,43.30041025]}},{"type":"Feature","properties":{"route_name":"Ligne M1","type":"Metro","network":"RTM Metro","color":"#009FE3","is_station":true,"station_name":"Saint-Barnabé"},"geometry":{"type":"Point","coordinates":[5.418605250000001,43.3032795]}},{"type":"Feature","properties":{"route_name":"Ligne M1","type":"Metro","network":"RTM Metro","color":"#009FE3","is_station":true,"station_name":"Saint-Charles"},"geometry":{"type":"Point","coordinates":[5.380128750000001,43.30235025]}},{"type":"Feature","properties":{"route_name":"Ligne M1","type":"Metro","network":"RTM Metro","color":"#009FE3","is_station":true,"station_name":"Saint-Just"},"geometry":{"type":"Point","coordinates":[5.40641475,43.31544875]}},{"type":"Feature","properties":{"route_name":"Ligne M1","type":"Metro","network":"RTM Metro","color":"#009FE3","is_station":true,"station_name":"Vieux-Port"},"geometry":{"type":"Point","coordinates":[5.374214,43.29564675]}},{"type":"Feature","properties":{"route_name":"Ligne M2","type":"Metro","network":"RTM Metro","color":"#E30613","is_station":true,"station_name":"Bougainville"},"geometry":{"type":"Point","coordinates":[5.37140725,43.320845250000005]}},{"type":"Feature","properties":{"route_name":"Ligne M2","type":"Metro","network":"RTM Metro","color":"#E30613","is_station":true,"station_name":"Castellane"},"geometry":{"type":"Point","coordinates":[5.38438225,43.2851595]}},{"type":"Feature","properties":{"route_name":"Ligne M2","type":"Metro","network":"RTM Metro","color":"#E30613","is_station":true,"station_name":"Désirée Clary"},"geometry":{"type":"Point","coordinates":[5.3723475,43.30936425]}},{"type":"Feature","properties":{"route_name":"Ligne M2","type":"Metro","network":"RTM Metro","color":"#E30613","is_station":true,"station_name":"Gèze"},"geometry":{"type":"Point","coordinates":[5.36730308,43.327938360000005]}},{"type":"Feature","properties":{"route_name":"Ligne M2","type":"Metro","network":"RTM Metro","color":"#E30613","is_station":true,"station_name":"Joliette"},"geometry":{"type":"Point","coordinates":[5.36792025,43.303895499999996]}},{"type":"Feature","properties":{"route_name":"Ligne M2","type":"Metro","network":"RTM Metro","color":"#E30613","is_station":true,"station_name":"Jules Guesde"},"geometry":{"type":"Point","coordinates":[5.37400525,43.301978500000004]}},{"type":"Feature","properties":{"route_name":"Ligne M2","type":"Metro","network":"RTM Metro","color":"#E30613","is_station":true,"station_name":"National"},"geometry":{"type":"Point","coordinates":[5.3730240049999995,43.315124]}},{"type":"Feature","properties":{"route_name":"Ligne M2","type":"Metro","network":"RTM Metro","color":"#E30613","is_station":true,"station_name":"Noailles"},"geometry":{"type":"Point","coordinates":[5.381244499999999,43.296777]}},{"type":"Feature","properties":{"route_name":"Ligne M2","type":"Metro","network":"RTM Metro","color":"#E30613","is_station":true,"station_name":"Notre-Dame du Mont"},"geometry":{"type":"Point","coordinates":[5.3836635,43.292819249999994]}},{"type":"Feature","properties":{"route_name":"Ligne M2","type":"Metro","network":"RTM Metro","color":"#E30613","is_station":true,"station_name":"Périer"},"geometry":{"type":"Point","coordinates":[5.38763875,43.27939225]}},{"type":"Feature","properties":{"route_name":"Ligne M2","type":"Metro","network":"RTM Metro","color":"#E30613","is_station":true,"station_name":"Rond-Point du Prado"},"geometry":{"type":"Point","coordinates":[5.3925730000000005,43.2714085]}},{"type":"Feature","properties":{"route_name":"Ligne M2","type":"Metro","network":"RTM Metro","color":"#E30613","is_station":true,"station_name":"Saint-Charles"},"geometry":{"type":"Point","coordinates":[5.38013225,43.302346]}},{"type":"Feature","properties":{"route_name":"Ligne M2","type":"Metro","network":"RTM Metro","color":"#E30613","is_station":true,"station_name":"Sainte-Marguerite Dromel"},"geometry":{"type":"Point","coordinates":[5.4021645,43.27058125]}},{"type":"Feature","properties":{"route_name":"Ligne T1","type":"Tram","network":"RTM Tram","color":"#F28C00","is_station":true,"station_name":"Air Bel"},"geometry":{"type":"Point","coordinates":[5.4290575,43.294306500000005]}},{"type":"Feature","properties":{"route_name":"Ligne T1","type":"Tram","network":"RTM Tram","color":"#F28C00","is_station":true,"station_name":"Camas"},"geometry":{"type":"Point","coordinates":[5.3931450000000005,43.295404]}},{"type":"Feature","properties":{"route_name":"Ligne T1","type":"Tram","network":"RTM Tram","color":"#F28C00","is_station":true,"station_name":"Eugène Pierre"},"geometry":{"type":"Point","coordinates":[5.389652,43.295184000000006]}},{"type":"Feature","properties":{"route_name":"Ligne T1","type":"Tram","network":"RTM Tram","color":"#F28C00","is_station":true,"station_name":"George"},"geometry":{"type":"Point","coordinates":[5.397364,43.295634]}},{"type":"Feature","properties":{"route_name":"Ligne T1","type":"Tram","network":"RTM Tram","color":"#F28C00","is_station":true,"station_name":"Jean Martin"},"geometry":{"type":"Point","coordinates":[5.401707,43.295902]}},{"type":"Feature","properties":{"route_name":"Ligne T1","type":"Tram","network":"RTM Tram","color":"#F28C00","is_station":true,"station_name":"La Blancarde"},"geometry":{"type":"Point","coordinates":[5.4062615,43.2957385]}},{"type":"Feature","properties":{"route_name":"Ligne T1","type":"Tram","network":"RTM Tram","color":"#F28C00","is_station":true,"station_name":"La Boiseraie"},"geometry":{"type":"Point","coordinates":[5.42255,43.294951499999996]}},{"type":"Feature","properties":{"route_name":"Ligne T1","type":"Tram","network":"RTM Tram","color":"#F28C00","is_station":true,"station_name":"La Grognarde"},"geometry":{"type":"Point","coordinates":[5.4323065,43.2946245]}},{"type":"Feature","properties":{"route_name":"Ligne T1","type":"Tram","network":"RTM Tram","color":"#F28C00","is_station":true,"station_name":"La Parette"},"geometry":{"type":"Point","coordinates":[5.419242,43.295011]}},{"type":"Feature","properties":{"route_name":"Ligne T1","type":"Tram","network":"RTM Tram","color":"#F28C00","is_station":true,"station_name":"Les Caillols"},"geometry":{"type":"Point","coordinates":[5.4440535,43.2947465]}},{"type":"Feature","properties":{"route_name":"Ligne T1","type":"Tram","network":"RTM Tram","color":"#F28C00","is_station":true,"station_name":"Noailles"},"geometry":{"type":"Point","coordinates":[5.381109,43.297158]}},{"type":"Feature","properties":{"route_name":"Ligne T1","type":"Tram","network":"RTM Tram","color":"#F28C00","is_station":true,"station_name":"Saint-Pierre"},"geometry":{"type":"Point","coordinates":[5.414212,43.291847000000004]}},{"type":"Feature","properties":{"route_name":"Ligne T1","type":"Tram","network":"RTM Tram","color":"#F28C00","is_station":true,"station_name":"Sainte-Thérèse"},"geometry":{"type":"Point","coordinates":[5.409619,43.294117]}},{"type":"Feature","properties":{"route_name":"Ligne T1","type":"Tram","network":"RTM Tram","color":"#F28C00","is_station":true,"station_name":"William Booth"},"geometry":{"type":"Point","coordinates":[5.43684,43.292660999999995]}},{"type":"Feature","properties":{"route_name":"Ligne T2","type":"Tram","network":"RTM Tram","color":"#F4E718","is_station":true,"station_name":"Arenc Euroméditerranée"},"geometry":{"type":"Point","coordinates":[5.3681435,43.313316]}},{"type":"Feature","properties":{"route_name":"Ligne T2","type":"Tram","network":"RTM Tram","color":"#F4E718","is_station":true,"station_name":"Belsunce Alcazar"},"geometry":{"type":"Point","coordinates":[5.3766865,43.2985065]}},{"type":"Feature","properties":{"route_name":"Ligne T2","type":"Tram","network":"RTM Tram","color":"#F4E718","is_station":true,"station_name":"Canebière Capucins"},"geometry":{"type":"Point","coordinates":[5.378923,43.296833]}},{"type":"Feature","properties":{"route_name":"Ligne T2","type":"Tram","network":"RTM Tram","color":"#F4E718","is_station":true,"station_name":"Cinq Avenues"},"geometry":{"type":"Point","coordinates":[5.3970985,43.302308]}},{"type":"Feature","properties":{"route_name":"Ligne T2","type":"Tram","network":"RTM Tram","color":"#F4E718","is_station":true,"station_name":"Euroméditerranée Le Silo"},"geometry":{"type":"Point","coordinates":[5.3681515,43.3086945]}},{"type":"Feature","properties":{"route_name":"Ligne T2","type":"Tram","network":"RTM Tram","color":"#F4E718","is_station":true,"station_name":"Foch Boisson"},"geometry":{"type":"Point","coordinates":[5.4032925,43.2981315]}},{"type":"Feature","properties":{"route_name":"Ligne T2","type":"Tram","network":"RTM Tram","color":"#F4E718","is_station":true,"station_name":"Foch Sakakini"},"geometry":{"type":"Point","coordinates":[5.400101,43.3002995]}},{"type":"Feature","properties":{"route_name":"Ligne T2","type":"Tram","network":"RTM Tram","color":"#F4E718","is_station":true,"station_name":"Joliette"},"geometry":{"type":"Point","coordinates":[5.3672094999999995,43.3054315]}},{"type":"Feature","properties":{"route_name":"Ligne T2","type":"Tram","network":"RTM Tram","color":"#F4E718","is_station":true,"station_name":"La Blancarde"},"geometry":{"type":"Point","coordinates":[5.405492000000001,43.296640499999995]}},{"type":"Feature","properties":{"route_name":"Ligne T2","type":"Tram","network":"RTM Tram","color":"#F4E718","is_station":true,"station_name":"Longchamp National"},"geometry":{"type":"Point","coordinates":[5.388612500000001,43.301546]}},{"type":"Feature","properties":{"route_name":"Ligne T2","type":"Tram","network":"RTM Tram","color":"#F4E718","is_station":true,"station_name":"Noailles"},"geometry":{"type":"Point","coordinates":[5.3815539999999995,43.297819000000004]}},{"type":"Feature","properties":{"route_name":"Ligne T2","type":"Tram","network":"RTM Tram","color":"#F4E718","is_station":true,"station_name":"Palais Longchamp"},"geometry":{"type":"Point","coordinates":[5.392427,43.303298999999996]}},{"type":"Feature","properties":{"route_name":"Ligne T2","type":"Tram","network":"RTM Tram","color":"#F4E718","is_station":true,"station_name":"Réformés Canebière"},"geometry":{"type":"Point","coordinates":[5.385517999999999,43.300066]}},{"type":"Feature","properties":{"route_name":"Ligne T2","type":"Tram","network":"RTM Tram","color":"#F4E718","is_station":true,"station_name":"République Dames"},"geometry":{"type":"Point","coordinates":[5.369358500000001,43.302187]}},{"type":"Feature","properties":{"route_name":"Ligne T2","type":"Tram","network":"RTM Tram","color":"#F4E718","is_station":true,"station_name":"Sadi Carnot"},"geometry":{"type":"Point","coordinates":[5.371259,43.299884000000006]}},{"type":"Feature","properties":{"route_name":"Ligne T3","type":"Tram","network":"RTM Tram","color":"#95C11F","is_station":true,"station_name":"Arenc Euroméditerranée"},"geometry":{"type":"Point","coordinates":[5.3681435,43.313316]}},{"type":"Feature","properties":{"route_name":"Ligne T3","type":"Tram","network":"RTM Tram","color":"#95C11F","is_station":true,"station_name":"Aubert Ganay"},"geometry":{"type":"Point","coordinates":[5.403115465,43.266022285000005]}},{"type":"Feature","properties":{"route_name":"Ligne T3","type":"Tram","network":"RTM Tram","color":"#95C11F","is_station":true,"station_name":"Belsunce Alcazar"},"geometry":{"type":"Point","coordinates":[5.3766865,43.2985065]}},{"type":"Feature","properties":{"route_name":"Ligne T3","type":"Tram","network":"RTM Tram","color":"#95C11F","is_station":true,"station_name":"Cantini Rouet"},"geometry":{"type":"Point","coordinates":[5.39487292,43.27987369]}},{"type":"Feature","properties":{"route_name":"Ligne T3","type":"Tram","network":"RTM Tram","color":"#95C11F","is_station":true,"station_name":"Castellane"},"geometry":{"type":"Point","coordinates":[5.384659715,43.2854216]}},{"type":"Feature","properties":{"route_name":"Ligne T3","type":"Tram","network":"RTM Tram","color":"#95C11F","is_station":true,"station_name":"Cours Saint-Louis"},"geometry":{"type":"Point","coordinates":[5.378039,43.295898]}},{"type":"Feature","properties":{"route_name":"Ligne T3","type":"Tram","network":"RTM Tram","color":"#95C11F","is_station":true,"station_name":"Euroméditerranée Le Silo"},"geometry":{"type":"Point","coordinates":[5.3681515,43.3086945]}},{"type":"Feature","properties":{"route_name":"Ligne T3","type":"Tram","network":"RTM Tram","color":"#95C11F","is_station":true,"station_name":"Gèze"},"geometry":{"type":"Point","coordinates":[5.36627558,43.32702562]}},{"type":"Feature","properties":{"route_name":"Ligne T3","type":"Tram","network":"RTM Tram","color":"#95C11F","is_station":true,"station_name":"Hôpital Sainte-Marguerite"},"geometry":{"type":"Point","coordinates":[5.408739495,43.25943436]}},{"type":"Feature","properties":{"route_name":"Ligne T3","type":"Tram","network":"RTM Tram","color":"#95C11F","is_station":true,"station_name":"Joliette"},"geometry":{"type":"Point","coordinates":[5.3672094999999995,43.3054315]}},{"type":"Feature","properties":{"route_name":"Ligne T3","type":"Tram","network":"RTM Tram","color":"#95C11F","is_station":true,"station_name":"La Gaye"},"geometry":{"type":"Point","coordinates":[5.41120976,43.25654769]}},{"type":"Feature","properties":{"route_name":"Ligne T3","type":"Tram","network":"RTM Tram","color":"#95C11F","is_station":true,"station_name":"Parc du 26ème Centenaire"},"geometry":{"type":"Point","coordinates":[5.390314605,43.282369235]}},{"type":"Feature","properties":{"route_name":"Ligne T3","type":"Tram","network":"RTM Tram","color":"#95C11F","is_station":true,"station_name":"Parc Sévigné"},"geometry":{"type":"Point","coordinates":[5.40486522,43.261848740000005]}},{"type":"Feature","properties":{"route_name":"Ligne T3","type":"Tram","network":"RTM Tram","color":"#95C11F","is_station":true,"station_name":"Place de Rome"},"geometry":{"type":"Point","coordinates":[5.3806685,43.29142]}},{"type":"Feature","properties":{"route_name":"Ligne T3","type":"Tram","network":"RTM Tram","color":"#95C11F","is_station":true,"station_name":"Place Ferrié"},"geometry":{"type":"Point","coordinates":[5.399268435,43.276970320000004]}},{"type":"Feature","properties":{"route_name":"Ligne T3","type":"Tram","network":"RTM Tram","color":"#95C11F","is_station":true,"station_name":"République Dames"},"geometry":{"type":"Point","coordinates":[5.369358500000001,43.302187]}},{"type":"Feature","properties":{"route_name":"Ligne T3","type":"Tram","network":"RTM Tram","color":"#95C11F","is_station":true,"station_name":"Rome Davso"},"geometry":{"type":"Point","coordinates":[5.3793714999999995,43.293582]}},{"type":"Feature","properties":{"route_name":"Ligne T3","type":"Tram","network":"RTM Tram","color":"#95C11F","is_station":true,"station_name":"Rome Dragon"},"geometry":{"type":"Point","coordinates":[5.3819715,43.2891165]}},{"type":"Feature","properties":{"route_name":"Ligne T3","type":"Tram","network":"RTM Tram","color":"#95C11F","is_station":true,"station_name":"Sadi Carnot"},"geometry":{"type":"Point","coordinates":[5.371259,43.299884000000006]}},{"type":"Feature","properties":{"route_name":"Ligne T3","type":"Tram","network":"RTM Tram","color":"#95C11F","is_station":true,"station_name":"Sainte-Marguerite Dromel"},"geometry":{"type":"Point","coordinates":[5.402073095,43.271206594999995]}},{"type":"Feature","properties":{"route_name":"Ligne T3","type":"Tram","network":"RTM Tram","color":"#95C11F","is_station":true,"station_name":"Salengro Bachas"},"geometry":{"type":"Point","coordinates":[5.36903807,43.31722011]}},{"type":"Feature","properties":{"route_name":"Ligne T3","type":"Tram","network":"RTM Tram","color":"#95C11F","is_station":true,"station_name":"Salengro Cougit"},"geometry":{"type":"Point","coordinates":[5.367585845,43.32154546]}},{"type":"Feature","properties":{"route_name":"Ligne T","type":"Tram","network":"Les Lignes de l'Agglo Tram","color":"#FF0000","is_station":true,"station_name":"Château Blanc"},"geometry":{"type":"Point","coordinates":[5.5500455,43.281774]}},{"type":"Feature","properties":{"route_name":"Ligne T","type":"Tram","network":"Les Lignes de l'Agglo Tram","color":"#FF0000","is_station":true,"station_name":"Gare"},"geometry":{"type":"Point","coordinates":[5.565769,43.295761]}},{"type":"Feature","properties":{"route_name":"Ligne T","type":"Tram","network":"Les Lignes de l'Agglo Tram","color":"#FF0000","is_station":true,"station_name":"La Tourtelle"},"geometry":{"type":"Point","coordinates":[5.5545435,43.2856005]}},{"type":"Feature","properties":{"route_name":"Ligne T","type":"Tram","network":"Les Lignes de l'Agglo Tram","color":"#FF0000","is_station":true,"station_name":"Le Charrel"},"geometry":{"type":"Point","coordinates":[5.551099,43.279148]}},{"type":"Feature","properties":{"route_name":"Ligne T","type":"Tram","network":"Les Lignes de l'Agglo Tram","color":"#FF0000","is_station":true,"station_name":"Martin Luther King"},"geometry":{"type":"Point","coordinates":[5.562792,43.2929475]}},{"type":"Feature","properties":{"route_name":"Ligne T","type":"Tram","network":"Les Lignes de l'Agglo Tram","color":"#FF0000","is_station":true,"station_name":"Piscine Alain Bernard / Oasis du Charrel"},"geometry":{"type":"Point","coordinates":[5.548051999999999,43.284582]}},{"type":"Feature","properties":{"route_name":"Ligne T","type":"Tram","network":"Les Lignes de l'Agglo Tram","color":"#FF0000","is_station":true,"station_name":"Ravel Decroix"},"geometry":{"type":"Point","coordinates":[5.5599565,43.290427]}},{"type":"Feature","properties":{"route_name":"Ligne C2","type":"Commuter Rail","network":"TER ZOU!","color":"#0749FF","is_station":true,"station_name":"Aix-en-Provence"},"geometry":{"type":"Point","coordinates":[5.44533,43.522903]}},{"type":"Feature","properties":{"route_name":"Ligne C2","type":"Commuter Rail","network":"TER ZOU!","color":"#0749FF","is_station":true,"station_name":"Château-Arnoux-Saint-Auban"},"geometry":{"type":"Point","coordinates":[5.997435,44.061463]}},{"type":"Feature","properties":{"route_name":"Ligne C2","type":"Commuter Rail","network":"TER ZOU!","color":"#0749FF","is_station":true,"station_name":"Gardanne"},"geometry":{"type":"Point","coordinates":[5.463324,43.456023]}},{"type":"Feature","properties":{"route_name":"Ligne C2","type":"Commuter Rail","network":"TER ZOU!","color":"#0749FF","is_station":true,"station_name":"La Brillanne - Oraison"},"geometry":{"type":"Point","coordinates":[5.892371,43.924823]}},{"type":"Feature","properties":{"route_name":"Ligne C2","type":"Commuter Rail","network":"TER ZOU!","color":"#0749FF","is_station":true,"station_name":"Manosque - Gréoux-les-Bains"},"geometry":{"type":"Point","coordinates":[5.793324,43.823194]}},{"type":"Feature","properties":{"route_name":"Ligne C2","type":"Commuter Rail","network":"TER ZOU!","color":"#0749FF","is_station":true,"station_name":"Marseille Saint-Charles"},"geometry":{"type":"Point","coordinates":[5.380407,43.302666]}},{"type":"Feature","properties":{"route_name":"Ligne C2","type":"Commuter Rail","network":"TER ZOU!","color":"#0749FF","is_station":true,"station_name":"Meyrargues"},"geometry":{"type":"Point","coordinates":[5.539566,43.644037]}},{"type":"Feature","properties":{"route_name":"Ligne C2","type":"Commuter Rail","network":"TER ZOU!","color":"#0749FF","is_station":true,"station_name":"Picon Busserine"},"geometry":{"type":"Point","coordinates":[5.392746,43.330999]}},{"type":"Feature","properties":{"route_name":"Ligne C2","type":"Commuter Rail","network":"TER ZOU!","color":"#0749FF","is_station":true,"station_name":"Saint-Antoine"},"geometry":{"type":"Point","coordinates":[5.35781,43.369599]}},{"type":"Feature","properties":{"route_name":"Ligne C2","type":"Commuter Rail","network":"TER ZOU!","color":"#0749FF","is_station":true,"station_name":"Saint-Joseph le Castellas"},"geometry":{"type":"Point","coordinates":[5.377083,43.351911]}},{"type":"Feature","properties":{"route_name":"Ligne C2","type":"Commuter Rail","network":"TER ZOU!","color":"#0749FF","is_station":true,"station_name":"Sainte-Marthe en Provence"},"geometry":{"type":"Point","coordinates":[5.390403,43.33928]}},{"type":"Feature","properties":{"route_name":"Ligne C2","type":"Commuter Rail","network":"TER ZOU!","color":"#0749FF","is_station":true,"station_name":"Septèmes"},"geometry":{"type":"Point","coordinates":[5.370158,43.403151]}},{"type":"Feature","properties":{"route_name":"Ligne C2","type":"Commuter Rail","network":"TER ZOU!","color":"#0749FF","is_station":true,"station_name":"Simiane"},"geometry":{"type":"Point","coordinates":[5.426058,43.434751]}},{"type":"Feature","properties":{"route_name":"Ligne C2","type":"Commuter Rail","network":"TER ZOU!","color":"#0749FF","is_station":true,"station_name":"Sisteron"},"geometry":{"type":"Point","coordinates":[5.946575,44.19022]}},{"type":"Feature","properties":{"route_name":"Ligne C4","type":"Commuter Rail","network":"TER ZOU!","color":"#0749FF","is_station":true,"station_name":"Carry-le-Rouet"},"geometry":{"type":"Point","coordinates":[5.153658,43.336615]}},{"type":"Feature","properties":{"route_name":"Ligne C4","type":"Commuter Rail","network":"TER ZOU!","color":"#0749FF","is_station":true,"station_name":"Croix Sainte"},"geometry":{"type":"Point","coordinates":[5.019645,43.408832]}},{"type":"Feature","properties":{"route_name":"Ligne C4","type":"Commuter Rail","network":"TER ZOU!","color":"#0749FF","is_station":true,"station_name":"Fos-sur-Mer"},"geometry":{"type":"Point","coordinates":[4.974578,43.42807]}},{"type":"Feature","properties":{"route_name":"Ligne C4","type":"Commuter Rail","network":"TER ZOU!","color":"#0749FF","is_station":true,"station_name":"Istres"},"geometry":{"type":"Point","coordinates":[4.98043,43.515428]}},{"type":"Feature","properties":{"route_name":"Ligne C4","type":"Commuter Rail","network":"TER ZOU!","color":"#0749FF","is_station":true,"station_name":"L'Estaque"},"geometry":{"type":"Point","coordinates":[5.321342,43.363646]}},{"type":"Feature","properties":{"route_name":"Ligne C4","type":"Commuter Rail","network":"TER ZOU!","color":"#0749FF","is_station":true,"station_name":"La Couronne Carro"},"geometry":{"type":"Point","coordinates":[5.051718,43.339853]}},{"type":"Feature","properties":{"route_name":"Ligne C4","type":"Commuter Rail","network":"TER ZOU!","color":"#0749FF","is_station":true,"station_name":"La Redonne Ensuès"},"geometry":{"type":"Point","coordinates":[5.197619,43.334471]}},{"type":"Feature","properties":{"route_name":"Ligne C4","type":"Commuter Rail","network":"TER ZOU!","color":"#0749FF","is_station":true,"station_name":"Marseille Arenc Euroméditerranée"},"geometry":{"type":"Point","coordinates":[5.36801,43.312247]}},{"type":"Feature","properties":{"route_name":"Ligne C4","type":"Commuter Rail","network":"TER ZOU!","color":"#0749FF","is_station":true,"station_name":"Marseille Saint-Charles"},"geometry":{"type":"Point","coordinates":[5.380407,43.302666]}},{"type":"Feature","properties":{"route_name":"Ligne C4","type":"Commuter Rail","network":"TER ZOU!","color":"#0749FF","is_station":true,"station_name":"Martigues"},"geometry":{"type":"Point","coordinates":[5.025762,43.392914]}},{"type":"Feature","properties":{"route_name":"Ligne C4","type":"Commuter Rail","network":"TER ZOU!","color":"#0749FF","is_station":true,"station_name":"Miramas"},"geometry":{"type":"Point","coordinates":[4.999565,43.580737]}},{"type":"Feature","properties":{"route_name":"Ligne C4","type":"Commuter Rail","network":"TER ZOU!","color":"#0749FF","is_station":true,"station_name":"Niolon"},"geometry":{"type":"Point","coordinates":[5.25692,43.340224]}},{"type":"Feature","properties":{"route_name":"Ligne C4","type":"Commuter Rail","network":"TER ZOU!","color":"#0749FF","is_station":true,"station_name":"Port-de-Bouc"},"geometry":{"type":"Point","coordinates":[4.984676,43.407203]}},{"type":"Feature","properties":{"route_name":"Ligne C4","type":"Commuter Rail","network":"TER ZOU!","color":"#0749FF","is_station":true,"station_name":"Rassuen"},"geometry":{"type":"Point","coordinates":[4.973105,43.496661]}},{"type":"Feature","properties":{"route_name":"Ligne C4","type":"Commuter Rail","network":"TER ZOU!","color":"#0749FF","is_station":true,"station_name":"Sausset-les-Pins"},"geometry":{"type":"Point","coordinates":[5.109992,43.332879]}},{"type":"Feature","properties":{"route_name":"Ligne C5","type":"Commuter Rail","network":"TER ZOU!","color":"#0749FF","is_station":true,"station_name":"Aubagne"},"geometry":{"type":"Point","coordinates":[5.566322,43.296073]}},{"type":"Feature","properties":{"route_name":"Ligne C5","type":"Commuter Rail","network":"TER ZOU!","color":"#0749FF","is_station":true,"station_name":"La Barasse"},"geometry":{"type":"Point","coordinates":[5.482365,43.285319]}},{"type":"Feature","properties":{"route_name":"Ligne C5","type":"Commuter Rail","network":"TER ZOU!","color":"#0749FF","is_station":true,"station_name":"La Penne-sur-Huveaune"},"geometry":{"type":"Point","coordinates":[5.515552,43.284688]}},{"type":"Feature","properties":{"route_name":"Ligne C5","type":"Commuter Rail","network":"TER ZOU!","color":"#0749FF","is_station":true,"station_name":"La Pomme"},"geometry":{"type":"Point","coordinates":[5.441279,43.290481]}},{"type":"Feature","properties":{"route_name":"Ligne C5","type":"Commuter Rail","network":"TER ZOU!","color":"#0749FF","is_station":true,"station_name":"Marseille Blancarde"},"geometry":{"type":"Point","coordinates":[5.406588,43.296195]}},{"type":"Feature","properties":{"route_name":"Ligne C5","type":"Commuter Rail","network":"TER ZOU!","color":"#0749FF","is_station":true,"station_name":"Marseille Saint-Charles"},"geometry":{"type":"Point","coordinates":[5.380407,43.302666]}},{"type":"Feature","properties":{"route_name":"Ligne C5","type":"Commuter Rail","network":"TER ZOU!","color":"#0749FF","is_station":true,"station_name":"Saint-Marcel"},"geometry":{"type":"Point","coordinates":[5.467117,43.2882]}},{"type":"Feature","properties":{"route_name":"Ligne C6","type":"Commuter Rail","network":"TER ZOU!","color":"#0749FF","is_station":true,"station_name":"Aubagne"},"geometry":{"type":"Point","coordinates":[5.566322,43.296073]}},{"type":"Feature","properties":{"route_name":"Ligne C6","type":"Commuter Rail","network":"TER ZOU!","color":"#0749FF","is_station":true,"station_name":"Bandol"},"geometry":{"type":"Point","coordinates":[5.750128,43.140385]}},{"type":"Feature","properties":{"route_name":"Ligne C6","type":"Commuter Rail","network":"TER ZOU!","color":"#0749FF","is_station":true,"station_name":"Cassis"},"geometry":{"type":"Point","coordinates":[5.553138,43.234079]}},{"type":"Feature","properties":{"route_name":"Ligne C6","type":"Commuter Rail","network":"TER ZOU!","color":"#0749FF","is_station":true,"station_name":"Hyères"},"geometry":{"type":"Point","coordinates":[6.124207,43.108902]}},{"type":"Feature","properties":{"route_name":"Ligne C6","type":"Commuter Rail","network":"TER ZOU!","color":"#0749FF","is_station":true,"station_name":"La Ciotat-Ceyreste"},"geometry":{"type":"Point","coordinates":[5.632741,43.199602]}},{"type":"Feature","properties":{"route_name":"Ligne C6","type":"Commuter Rail","network":"TER ZOU!","color":"#0749FF","is_station":true,"station_name":"La Crau"},"geometry":{"type":"Point","coordinates":[6.068664,43.144949]}},{"type":"Feature","properties":{"route_name":"Ligne C6","type":"Commuter Rail","network":"TER ZOU!","color":"#0749FF","is_station":true,"station_name":"La Garde"},"geometry":{"type":"Point","coordinates":[6.010069,43.118739]}},{"type":"Feature","properties":{"route_name":"Ligne C6","type":"Commuter Rail","network":"TER ZOU!","color":"#0749FF","is_station":true,"station_name":"La Pauline"},"geometry":{"type":"Point","coordinates":[6.035043,43.136244]}},{"type":"Feature","properties":{"route_name":"Ligne C6","type":"Commuter Rail","network":"TER ZOU!","color":"#0749FF","is_station":true,"station_name":"La Penne-sur-Huveaune"},"geometry":{"type":"Point","coordinates":[5.515552,43.284688]}},{"type":"Feature","properties":{"route_name":"Ligne C6","type":"Commuter Rail","network":"TER ZOU!","color":"#0749FF","is_station":true,"station_name":"La Seyne - Six Fours"},"geometry":{"type":"Point","coordinates":[5.876969,43.11702]}},{"type":"Feature","properties":{"route_name":"Ligne C6","type":"Commuter Rail","network":"TER ZOU!","color":"#0749FF","is_station":true,"station_name":"Marseille Blancarde"},"geometry":{"type":"Point","coordinates":[5.406588,43.296195]}},{"type":"Feature","properties":{"route_name":"Ligne C6","type":"Commuter Rail","network":"TER ZOU!","color":"#0749FF","is_station":true,"station_name":"Marseille Saint-Charles"},"geometry":{"type":"Point","coordinates":[5.380407,43.302666]}},{"type":"Feature","properties":{"route_name":"Ligne C6","type":"Commuter Rail","network":"TER ZOU!","color":"#0749FF","is_station":true,"station_name":"Ollioules - Sanary-sur-Mer"},"geometry":{"type":"Point","coordinates":[5.825015,43.122578]}},{"type":"Feature","properties":{"route_name":"Ligne C6","type":"Commuter Rail","network":"TER ZOU!","color":"#0749FF","is_station":true,"station_name":"Saint-Cyr Les Lecques - La Cadière"},"geometry":{"type":"Point","coordinates":[5.703819,43.185506]}},{"type":"Feature","properties":{"route_name":"Ligne C6","type":"Commuter Rail","network":"TER ZOU!","color":"#0749FF","is_station":true,"station_name":"Saint-Marcel"},"geometry":{"type":"Point","coordinates":[5.467117,43.2882]}},{"type":"Feature","properties":{"route_name":"Ligne C6","type":"Commuter Rail","network":"TER ZOU!","color":"#0749FF","is_station":true,"station_name":"Toulon"},"geometry":{"type":"Point","coordinates":[5.929404,43.128353]}},{"type":"Feature","properties":{"route_name":"Ligne C6","type":"Commuter Rail","network":"TER ZOU!","color":"#0749FF","is_station":true,"station_name":"Toulon Sainte-Musse"},"geometry":{"type":"Point","coordinates":[5.972433,43.125008]}},{"type":"Feature","properties":{"route_name":"Ligne C7","type":"Commuter Rail","network":"TER ZOU!","color":"#0749FF","is_station":true,"station_name":"Avignon Centre"},"geometry":{"type":"Point","coordinates":[4.805269,43.941923]}},{"type":"Feature","properties":{"route_name":"Ligne C7","type":"Commuter Rail","network":"TER ZOU!","color":"#0749FF","is_station":true,"station_name":"Avignon TGV"},"geometry":{"type":"Point","coordinates":[4.786136,43.92194]}},{"type":"Feature","properties":{"route_name":"Ligne C7","type":"Commuter Rail","network":"TER ZOU!","color":"#0749FF","is_station":true,"station_name":"Cavaillon"},"geometry":{"type":"Point","coordinates":[5.043714,43.834703]}},{"type":"Feature","properties":{"route_name":"Ligne C7","type":"Commuter Rail","network":"TER ZOU!","color":"#0749FF","is_station":true,"station_name":"Gadagne"},"geometry":{"type":"Point","coordinates":[4.956824,43.929699]}},{"type":"Feature","properties":{"route_name":"Ligne C7","type":"Commuter Rail","network":"TER ZOU!","color":"#0749FF","is_station":true,"station_name":"L'Estaque"},"geometry":{"type":"Point","coordinates":[5.321342,43.363646]}},{"type":"Feature","properties":{"route_name":"Ligne C7","type":"Commuter Rail","network":"TER ZOU!","color":"#0749FF","is_station":true,"station_name":"L'Isle-sur-Sorgue - Fontaine-V"},"geometry":{"type":"Point","coordinates":[5.047606,43.917398]}},{"type":"Feature","properties":{"route_name":"Ligne C7","type":"Commuter Rail","network":"TER ZOU!","color":"#0749FF","is_station":true,"station_name":"Lamanon"},"geometry":{"type":"Point","coordinates":[5.091369,43.700033]}},{"type":"Feature","properties":{"route_name":"Ligne C7","type":"Commuter Rail","network":"TER ZOU!","color":"#0749FF","is_station":true,"station_name":"Le Thor"},"geometry":{"type":"Point","coordinates":[4.996271,43.926507]}},{"type":"Feature","properties":{"route_name":"Ligne C7","type":"Commuter Rail","network":"TER ZOU!","color":"#0749FF","is_station":true,"station_name":"Marseille Saint-Charles"},"geometry":{"type":"Point","coordinates":[5.380407,43.302666]}},{"type":"Feature","properties":{"route_name":"Ligne C7","type":"Commuter Rail","network":"TER ZOU!","color":"#0749FF","is_station":true,"station_name":"Miramas"},"geometry":{"type":"Point","coordinates":[4.999565,43.580737]}},{"type":"Feature","properties":{"route_name":"Ligne C7","type":"Commuter Rail","network":"TER ZOU!","color":"#0749FF","is_station":true,"station_name":"Montfavet"},"geometry":{"type":"Point","coordinates":[4.87404,43.932679]}},{"type":"Feature","properties":{"route_name":"Ligne C7","type":"Commuter Rail","network":"TER ZOU!","color":"#0749FF","is_station":true,"station_name":"Morières-lès-Avignon"},"geometry":{"type":"Point","coordinates":[4.908206,43.941502]}},{"type":"Feature","properties":{"route_name":"Ligne C7","type":"Commuter Rail","network":"TER ZOU!","color":"#0749FF","is_station":true,"station_name":"Orgon"},"geometry":{"type":"Point","coordinates":[5.045683,43.785932]}},{"type":"Feature","properties":{"route_name":"Ligne C7","type":"Commuter Rail","network":"TER ZOU!","color":"#0749FF","is_station":true,"station_name":"Pas des Lanciers"},"geometry":{"type":"Point","coordinates":[5.253825,43.409709]}},{"type":"Feature","properties":{"route_name":"Ligne C7","type":"Commuter Rail","network":"TER ZOU!","color":"#0749FF","is_station":true,"station_name":"Rognac"},"geometry":{"type":"Point","coordinates":[5.230664,43.486632]}},{"type":"Feature","properties":{"route_name":"Ligne C7","type":"Commuter Rail","network":"TER ZOU!","color":"#0749FF","is_station":true,"station_name":"Saint-Chamas"},"geometry":{"type":"Point","coordinates":[5.040265,43.551161]}},{"type":"Feature","properties":{"route_name":"Ligne C7","type":"Commuter Rail","network":"TER ZOU!","color":"#0749FF","is_station":true,"station_name":"Saint-Saturnin-lès-Avignon"},"geometry":{"type":"Point","coordinates":[4.935321,43.95318]}},{"type":"Feature","properties":{"route_name":"Ligne C7","type":"Commuter Rail","network":"TER ZOU!","color":"#0749FF","is_station":true,"station_name":"Salon"},"geometry":{"type":"Point","coordinates":[5.088588,43.639082]}},{"type":"Feature","properties":{"route_name":"Ligne C7","type":"Commuter Rail","network":"TER ZOU!","color":"#0749FF","is_station":true,"station_name":"Sénas"},"geometry":{"type":"Point","coordinates":[5.073345,43.741003]}},{"type":"Feature","properties":{"route_name":"Ligne C7","type":"Commuter Rail","network":"TER ZOU!","color":"#0749FF","is_station":true,"station_name":"Vitrolles Aéroport Marseille P"},"geometry":{"type":"Point","coordinates":[5.237122,43.441734]}},{"type":"Feature","properties":{"route_name":"Ligne K6","type":"Commuter Rail","network":"TER ZOU!","color":"#BF005F","is_station":true,"station_name":"Aubagne"},"geometry":{"type":"Point","coordinates":[5.566322,43.296073]}},{"type":"Feature","properties":{"route_name":"Ligne K6","type":"Commuter Rail","network":"TER ZOU!","color":"#BF005F","is_station":true,"station_name":"Cassis"},"geometry":{"type":"Point","coordinates":[5.553138,43.234079]}},{"type":"Feature","properties":{"route_name":"Ligne K6","type":"Commuter Rail","network":"TER ZOU!","color":"#BF005F","is_station":true,"station_name":"La Ciotat-Ceyreste"},"geometry":{"type":"Point","coordinates":[5.632741,43.199602]}},{"type":"Feature","properties":{"route_name":"Ligne K6","type":"Commuter Rail","network":"TER ZOU!","color":"#BF005F","is_station":true,"station_name":"La Penne-sur-Huveaune"},"geometry":{"type":"Point","coordinates":[5.515552,43.284688]}},{"type":"Feature","properties":{"route_name":"Ligne K6","type":"Commuter Rail","network":"TER ZOU!","color":"#BF005F","is_station":true,"station_name":"La Seyne - Six Fours"},"geometry":{"type":"Point","coordinates":[5.876969,43.11702]}},{"type":"Feature","properties":{"route_name":"Ligne K6","type":"Commuter Rail","network":"TER ZOU!","color":"#BF005F","is_station":true,"station_name":"Marseille Blancarde"},"geometry":{"type":"Point","coordinates":[5.406588,43.296195]}},{"type":"Feature","properties":{"route_name":"Ligne K6","type":"Commuter Rail","network":"TER ZOU!","color":"#BF005F","is_station":true,"station_name":"Marseille Saint-Charles"},"geometry":{"type":"Point","coordinates":[5.380407,43.302666]}},{"type":"Feature","properties":{"route_name":"Ligne K6","type":"Commuter Rail","network":"TER ZOU!","color":"#BF005F","is_station":true,"station_name":"Ollioules - Sanary-sur-Mer"},"geometry":{"type":"Point","coordinates":[5.825015,43.122578]}},{"type":"Feature","properties":{"route_name":"Ligne K6","type":"Commuter Rail","network":"TER ZOU!","color":"#BF005F","is_station":true,"station_name":"Saint-Marcel"},"geometry":{"type":"Point","coordinates":[5.467117,43.2882]}},{"type":"Feature","properties":{"route_name":"Ligne K6","type":"Commuter Rail","network":"TER ZOU!","color":"#BF005F","is_station":true,"station_name":"Toulon"},"geometry":{"type":"Point","coordinates":[5.929404,43.128353]}},{"type":"Feature","properties":{"route_name":"Ligne K7","type":"Commuter Rail","network":"TER ZOU!","color":"#BF005F","is_station":true,"station_name":"Arles"},"geometry":{"type":"Point","coordinates":[4.632105,43.684863]}},{"type":"Feature","properties":{"route_name":"Ligne K7","type":"Commuter Rail","network":"TER ZOU!","color":"#BF005F","is_station":true,"station_name":"Avignon Centre"},"geometry":{"type":"Point","coordinates":[4.805269,43.941923]}},{"type":"Feature","properties":{"route_name":"Ligne K7","type":"Commuter Rail","network":"TER ZOU!","color":"#BF005F","is_station":true,"station_name":"L'Estaque"},"geometry":{"type":"Point","coordinates":[5.321342,43.363646]}},{"type":"Feature","properties":{"route_name":"Ligne K7","type":"Commuter Rail","network":"TER ZOU!","color":"#BF005F","is_station":true,"station_name":"Marseille Saint-Charles"},"geometry":{"type":"Point","coordinates":[5.380407,43.302666]}},{"type":"Feature","properties":{"route_name":"Ligne K7","type":"Commuter Rail","network":"TER ZOU!","color":"#BF005F","is_station":true,"station_name":"Miramas"},"geometry":{"type":"Point","coordinates":[4.999565,43.580737]}},{"type":"Feature","properties":{"route_name":"Ligne K7","type":"Commuter Rail","network":"TER ZOU!","color":"#BF005F","is_station":true,"station_name":"Pas des Lanciers"},"geometry":{"type":"Point","coordinates":[5.253825,43.409709]}},{"type":"Feature","properties":{"route_name":"Ligne K7","type":"Commuter Rail","network":"TER ZOU!","color":"#BF005F","is_station":true,"station_name":"Rognac"},"geometry":{"type":"Point","coordinates":[5.230664,43.486632]}},{"type":"Feature","properties":{"route_name":"Ligne K7","type":"Commuter Rail","network":"TER ZOU!","color":"#BF005F","is_station":true,"station_name":"Saint-Chamas"},"geometry":{"type":"Point","coordinates":[5.040265,43.551161]}},{"type":"Feature","properties":{"route_name":"Ligne K7","type":"Commuter Rail","network":"TER ZOU!","color":"#BF005F","is_station":true,"station_name":"Saint-Martin-de-Crau"},"geometry":{"type":"Point","coordinates":[4.800331,43.622351]}},{"type":"Feature","properties":{"route_name":"Ligne K7","type":"Commuter Rail","network":"TER ZOU!","color":"#BF005F","is_station":true,"station_name":"Vitrolles Aéroport Marseille P"},"geometry":{"type":"Point","coordinates":[5.237122,43.441734]}},{"type":"Feature","properties":{"route_name":"Ligne K9","type":"Commuter Rail","network":"TER ZOU!","color":"#BF005F","is_station":true,"station_name":"Agde"},"geometry":{"type":"Point","coordinates":[3.466203,43.31728]}},{"type":"Feature","properties":{"route_name":"Ligne K9","type":"Commuter Rail","network":"TER ZOU!","color":"#BF005F","is_station":true,"station_name":"Arles"},"geometry":{"type":"Point","coordinates":[4.632105,43.684863]}},{"type":"Feature","properties":{"route_name":"Ligne K9","type":"Commuter Rail","network":"TER ZOU!","color":"#BF005F","is_station":true,"station_name":"Baillargues"},"geometry":{"type":"Point","coordinates":[4.007159,43.653323]}},{"type":"Feature","properties":{"route_name":"Ligne K9","type":"Commuter Rail","network":"TER ZOU!","color":"#BF005F","is_station":true,"station_name":"Beaucaire"},"geometry":{"type":"Point","coordinates":[4.647087,43.80209]}},{"type":"Feature","properties":{"route_name":"Ligne K9","type":"Commuter Rail","network":"TER ZOU!","color":"#BF005F","is_station":true,"station_name":"Béziers"},"geometry":{"type":"Point","coordinates":[3.218895,43.336295]}},{"type":"Feature","properties":{"route_name":"Ligne K9","type":"Commuter Rail","network":"TER ZOU!","color":"#BF005F","is_station":true,"station_name":"Coursan"},"geometry":{"type":"Point","coordinates":[3.050946,43.233731]}},{"type":"Feature","properties":{"route_name":"Ligne K9","type":"Commuter Rail","network":"TER ZOU!","color":"#BF005F","is_station":true,"station_name":"Frontignan"},"geometry":{"type":"Point","coordinates":[3.758689,43.444934]}},{"type":"Feature","properties":{"route_name":"Ligne K9","type":"Commuter Rail","network":"TER ZOU!","color":"#BF005F","is_station":true,"station_name":"Lunel"},"geometry":{"type":"Point","coordinates":[4.131086,43.679392]}},{"type":"Feature","properties":{"route_name":"Ligne K9","type":"Commuter Rail","network":"TER ZOU!","color":"#BF005F","is_station":true,"station_name":"Marseillan Plage"},"geometry":{"type":"Point","coordinates":[3.535629,43.318258]}},{"type":"Feature","properties":{"route_name":"Ligne K9","type":"Commuter Rail","network":"TER ZOU!","color":"#BF005F","is_station":true,"station_name":"Marseille Saint-Charles"},"geometry":{"type":"Point","coordinates":[5.380407000000001,43.30266600000001]}},{"type":"Feature","properties":{"route_name":"Ligne K9","type":"Commuter Rail","network":"TER ZOU!","color":"#BF005F","is_station":true,"station_name":"Miramas"},"geometry":{"type":"Point","coordinates":[4.999565,43.580737]}},{"type":"Feature","properties":{"route_name":"Ligne K9","type":"Commuter Rail","network":"TER ZOU!","color":"#BF005F","is_station":true,"station_name":"Montpellier Saint-Roch"},"geometry":{"type":"Point","coordinates":[3.8806740000000004,43.604738]}},{"type":"Feature","properties":{"route_name":"Ligne K9","type":"Commuter Rail","network":"TER ZOU!","color":"#BF005F","is_station":true,"station_name":"Narbonne"},"geometry":{"type":"Point","coordinates":[3.005667,43.190618]}},{"type":"Feature","properties":{"route_name":"Ligne K9","type":"Commuter Rail","network":"TER ZOU!","color":"#BF005F","is_station":true,"station_name":"Nîmes Centre"},"geometry":{"type":"Point","coordinates":[4.365872,43.832313]}},{"type":"Feature","properties":{"route_name":"Ligne K9","type":"Commuter Rail","network":"TER ZOU!","color":"#BF005F","is_station":true,"station_name":"Nîmes Pont du Gard"},"geometry":{"type":"Point","coordinates":[4.507678,43.816809]}},{"type":"Feature","properties":{"route_name":"Ligne K9","type":"Commuter Rail","network":"TER ZOU!","color":"#BF005F","is_station":true,"station_name":"Rognac"},"geometry":{"type":"Point","coordinates":[5.230664,43.486632]}},{"type":"Feature","properties":{"route_name":"Ligne K9","type":"Commuter Rail","network":"TER ZOU!","color":"#BF005F","is_station":true,"station_name":"Saint-Césaire"},"geometry":{"type":"Point","coordinates":[4.327634,43.813345]}},{"type":"Feature","properties":{"route_name":"Ligne K9","type":"Commuter Rail","network":"TER ZOU!","color":"#BF005F","is_station":true,"station_name":"Saint-Martin-de-Crau"},"geometry":{"type":"Point","coordinates":[4.800331,43.622351]}},{"type":"Feature","properties":{"route_name":"Ligne K9","type":"Commuter Rail","network":"TER ZOU!","color":"#BF005F","is_station":true,"station_name":"Sète"},"geometry":{"type":"Point","coordinates":[3.696571,43.412641]}},{"type":"Feature","properties":{"route_name":"Ligne K9","type":"Commuter Rail","network":"TER ZOU!","color":"#BF005F","is_station":true,"station_name":"Tarascon-sur-Rhône"},"geometry":{"type":"Point","coordinates":[4.657206,43.801331]}},{"type":"Feature","properties":{"route_name":"Ligne K9","type":"Commuter Rail","network":"TER ZOU!","color":"#BF005F","is_station":true,"station_name":"Vergèze - Codognan"},"geometry":{"type":"Point","coordinates":[4.218911,43.73978400000001]}},{"type":"Feature","properties":{"route_name":"Ligne K9","type":"Commuter Rail","network":"TER ZOU!","color":"#BF005F","is_station":true,"station_name":"Vias"},"geometry":{"type":"Point","coordinates":[3.425356,43.315653]}},{"type":"Feature","properties":{"route_name":"Ligne K9","type":"Commuter Rail","network":"TER ZOU!","color":"#BF005F","is_station":true,"station_name":"Vic - Mireval"},"geometry":{"type":"Point","coordinates":[3.799379,43.500704]}},{"type":"Feature","properties":{"route_name":"Ligne K9","type":"Commuter Rail","network":"TER ZOU!","color":"#BF005F","is_station":true,"station_name":"Villeneuve-lès-Maguelone"},"geometry":{"type":"Point","coordinates":[3.849887,43.543728]}},{"type":"Feature","properties":{"route_name":"Ligne K9","type":"Commuter Rail","network":"TER ZOU!","color":"#BF005F","is_station":true,"station_name":"Vitrolles Aéroport Marseille P"},"geometry":{"type":"Point","coordinates":[5.237122,43.441734]}}]}
