{"type":"FeatureCollection","features":[{"type":"Feature","geometry":{"type":"LineString","coordinates":[[-90.128132,29.948818],[-90.12819,29.94886],[-90.12828,29.94878],[-90.128363,29.948703],[-90.128445,29.948625],[-90.128528,29.948548],[-90.12861,29.94847],[-90.128718,29.94837],[-90.128825,29.94827],[-90.128933,29.94817],[-90.129033,29.948074],[-90.129132,29.947978],[-90.129232,29.947882],[-90.129332,29.947786],[-90.129432,29.94769],[-90.129531,29.947593],[-90.129631,29.947497],[-90.129731,29.947401],[-90.129632,29.947348],[-90.129741,29.947397],[-90.129868,29.947293],[-90.129995,29.94719],[-90.130093,29.9471],[-90.13019,29.94701],[-90.130283,29.946923],[-90.130375,29.946835],[-90.130468,29.946748],[-90.13056,29.94666],[-90.130645,29.94658],[-90.13073,29.9465],[-90.130815,29.94642],[-90.1309,29.94634],[-90.130985,29.94626],[-90.13107,29.94618],[-90.131155,29.9461],[-90.13124,29.94602],[-90.13122,29.945999],[-90.13124,29.94602],[-90.13131,29.94595],[-90.131404,29.945861],[-90.131498,29.945773],[-90.131591,29.945684],[-90.131685,29.945595],[-90.131779,29.945506],[-90.131873,29.945418],[-90.131966,29.945329],[-90.13206,29.94524],[-90.132146,29.945159],[-90.132233,29.945078],[-90.132319,29.944996],[-90.132405,29.944915],[-90.132491,29.944834],[-90.132578,29.944753],[-90.132664,29.944671],[-90.13275,29.94459],[-90.132703,29.944559],[-90.13275,29.94459],[-90.13281,29.94453],[-90.13294,29.944415],[-90.13307,29.9443],[-90.133163,29.944213],[-90.133255,29.944125],[-90.133348,29.944038],[-90.13344,29.94395],[-90.13352,29.94388],[-90.13362,29.94379],[-90.13372,29.9437],[-90.133865,29.94356],[-90.13401,29.94342],[-90.13414,29.9433],[-90.134081,29.943246],[-90.13414,29.9433],[-90.13421,29.94323],[-90.13435,29.9431],[-90.13424,29.94303],[-90.13413,29.94296],[-90.13398,29.94283],[-90.13384,29.942718],[-90.1337,29.942605],[-90.13356,29.942493],[-90.13342,29.94238],[-90.13336,29.94234],[-90.133267,29.942263],[-90.133175,29.942185],[-90.133082,29.942108],[-90.13299,29.94203],[-90.132895,29.941953],[-90.1328,29.941875],[-90.132705,29.941798],[-90.13261,29.94172],[-90.132505,29.941635],[-90.1324,29.94155],[-90.132277,29.941453],[-90.132155,29.941355],[-90.132012,29.941276],[-90.131869,29.941196],[-90.131779,29.941125],[-90.131689,29.941053],[-90.131599,29.940982],[-90.131508,29.94091],[-90.131418,29.940839],[-90.131328,29.940767],[-90.131238,29.940696],[-90.131148,29.940624],[-90.131058,29.940553],[-90.130968,29.940481],[-90.130877,29.94041],[-90.130787,29.940338],[-90.130697,29.940267],[-90.130607,29.940195],[-90.130517,29.940124],[-90.130427,29.940053],[-90.130323,29.940035],[-90.130346,29.939987],[-90.130242,29.939876],[-90.130139,29.939764],[-90.130035,29.939652],[-90.129931,29.93954],[-90.129845,29.93947],[-90.129759,29.9394],[-90.129672,29.93933],[-90.129586,29.93926],[-90.1295,29.93919],[-90.129399,29.939108],[-90.129297,29.939025],[-90.129196,29.938943],[-90.129095,29.93886],[-90.128994,29.938778],[-90.128892,29.938695],[-90.128791,29.938613],[-90.12869,29.93853],[-90.12854,29.93841],[-90.12839,29.93829],[-90.12834,29.93825],[-90.12825,29.93819],[-90.128189,29.93825],[-90.12825,29.93819],[-90.128142,29.93811],[-90.128035,29.93803],[-90.127927,29.93795],[-90.12782,29.93787],[-90.12773,29.937805],[-90.12764,29.93774],[-90.12755,29.937675],[-90.12746,29.93761],[-90.12737,29.937545],[-90.12728,29.93748],[-90.12721,29.93743],[-90.12711,29.93736],[-90.127005,29.937325],[-90.1269,29.93729],[-90.126962,29.937341],[-90.1269,29.93729],[-90.12694,29.93723],[-90.12686,29.93719],[-90.126772,29.937128],[-90.126685,29.937065],[-90.126597,29.937003],[-90.12651,29.93694],[-90.126422,29.936878],[-90.126335,29.936815],[-90.126247,29.936753],[-90.12616,29.93669],[-90.126074,29.936628],[-90.125987,29.936565],[-90.125901,29.936503],[-90.125815,29.93644],[-90.125729,29.936378],[-90.125642,29.936315],[-90.125556,29.936253],[-90.12547,29.93619],[-90.12533,29.93609],[-90.125302,29.936119],[-90.12533,29.93609],[-90.125235,29.936025],[-90.12514,29.93596],[-90.125032,29.935885],[-90.124925,29.93581],[-90.124817,29.935735],[-90.12471,29.93566],[-90.12454,29.93554],[-90.12437,29.93542],[-90.1242,29.9353],[-90.12403,29.93518],[-90.124015,29.935197],[-90.12403,29.93518],[-90.12403,29.93517],[-90.1239,29.93508],[-90.123785,29.935],[-90.12367,29.93492],[-90.12365,29.93491],[-90.12361,29.93487],[-90.123507,29.934798],[-90.123405,29.934725],[-90.123302,29.934653],[-90.1232,29.93458],[-90.123095,29.934505],[-90.12299,29.93443],[-90.122885,29.934355],[-90.12278,29.93428],[-90.122714,29.93435],[-90.12278,29.93428],[-90.12267,29.934205],[-90.12256,29.93413],[-90.1225,29.93409],[-90.12234,29.93398],[-90.12218,29.93387],[-90.122015,29.933755],[-90.12185,29.93364],[-90.1217,29.933583],[-90.12173,29.93356],[-90.12165,29.9335],[-90.121535,29.933415],[-90.12142,29.93333],[-90.121275,29.933228],[-90.12113,29.933125],[-90.120985,29.933023],[-90.12084,29.93292],[-90.120801,29.932956],[-90.12084,29.93292],[-90.12078,29.93288],[-90.120687,29.932815],[-90.120595,29.93275],[-90.120502,29.932685],[-90.12041,29.93262],[-90.120245,29.932505],[-90.12008,29.93239],[-90.11999,29.932328],[-90.1199,29.932265],[-90.11981,29.932203],[-90.11972,29.93214],[-90.119625,29.93207],[-90.11953,29.932],[-90.11942,29.93191],[-90.119382,29.931951],[-90.11942,29.93191],[-90.11934,29.93185],[-90.119237,29.93178],[-90.119135,29.93171],[-90.119032,29.93164],[-90.11893,29.93157],[-90.118797,29.93148],[-90.118665,29.93139],[-90.118532,29.9313],[-90.1184,29.93121],[-90.11824,29.9311],[-90.118213,29.931132],[-90.11824,29.9311],[-90.11811,29.93101],[-90.117952,29.930913],[-90.117795,29.930815],[-90.117637,29.930718],[-90.11748,29.93062],[-90.117355,29.93055],[-90.11723,29.93048],[-90.117075,29.9304],[-90.11692,29.93032],[-90.11676,29.93023],[-90.116741,29.930256],[-90.11676,29.93023],[-90.11667,29.93019],[-90.1166,29.93015],[-90.116492,29.930098],[-90.116385,29.930045],[-90.116277,29.929993],[-90.11617,29.92994],[-90.116062,29.929888],[-90.115955,29.929835],[-90.115847,29.929783],[-90.11574,29.92973],[-90.115557,29.929645],[-90.115375,29.92956],[-90.115192,29.929475],[-90.11501,29.92939],[-90.114973,29.92945],[-90.11501,29.92939],[-90.11491,29.92934],[-90.114795,29.929286],[-90.11468,29.929233],[-90.114565,29.929179],[-90.11445,29.929125],[-90.114335,29.929071],[-90.11422,29.929018],[-90.114105,29.928964],[-90.11399,29.92891],[-90.113886,29.92886],[-90.113782,29.92881],[-90.113679,29.92876],[-90.113575,29.92871],[-90.113471,29.92866],[-90.113367,29.92861],[-90.113264,29.92856],[-90.11316,29.92851],[-90.113147,29.928537],[-90.11316,29.92851],[-90.11307,29.92847],[-90.11297,29.92842],[-90.112815,29.928348],[-90.11266,29.928275],[-90.112505,29.928203],[-90.11235,29.92813],[-90.112165,29.928043],[-90.11198,29.927955],[-90.111795,29.927868],[-90.111683,29.927852],[-90.111572,29.927836],[-90.1116,29.92778],[-90.11153,29.92775],[-90.111345,29.92766],[-90.11116,29.92757],[-90.110975,29.92748],[-90.11079,29.92739],[-90.11075,29.927453],[-90.11066,29.92745],[-90.11066,29.9274],[-90.11067,29.92733],[-90.110554,29.927276],[-90.110437,29.927223],[-90.110321,29.927169],[-90.110205,29.927115],[-90.110089,29.927061],[-90.109972,29.927008],[-90.109856,29.926954],[-90.10974,29.9269],[-90.109635,29.92685],[-90.10953,29.9268],[-90.109425,29.92675],[-90.10932,29.9267],[-90.10925,29.92667],[-90.109075,29.92659],[-90.1089,29.92651],[-90.108875,29.92654],[-90.1089,29.92651],[-90.10882,29.92647],[-90.108702,29.926415],[-90.108585,29.92636],[-90.108467,29.926305],[-90.10835,29.92625],[-90.1083,29.92624],[-90.10822,29.92621],[-90.10817,29.92619],[-90.10806,29.92617],[-90.10795,29.92615],[-90.10784,29.92613],[-90.10773,29.92611],[-90.107575,29.926075],[-90.10742,29.92604],[-90.10724,29.92603],[-90.107125,29.926025],[-90.10701,29.92602],[-90.106885,29.92603],[-90.10676,29.92604],[-90.106767,29.926074],[-90.10676,29.92604],[-90.1067,29.92605],[-90.106558,29.92606],[-90.106415,29.92607],[-90.106273,29.92608],[-90.10613,29.92609],[-90.105988,29.9261],[-90.105845,29.92611],[-90.105703,29.92612],[-90.10556,29.92613],[-90.105424,29.926141],[-90.105288,29.926153],[-90.105151,29.926164],[-90.105015,29.926175],[-90.104879,29.926186],[-90.104743,29.926198],[-90.104606,29.926209],[-90.10447,29.92622],[-90.10447,29.926257],[-90.10447,29.92622],[-90.10442,29.92622],[-90.104275,29.926235],[-90.10413,29.92625],[-90.10393,29.92626],[-90.103778,29.926273],[-90.103625,29.926285],[-90.103473,29.926298],[-90.10332,29.92631],[-90.10314,29.926325],[-90.10296,29.92634],[-90.1028,29.926353],[-90.10264,29.926365],[-90.10248,29.926378],[-90.10232,29.92639],[-90.102319,29.92641],[-90.10232,29.92639],[-90.10218,29.9264],[-90.10203,29.92641],[-90.10193,29.92642],[-90.101775,29.92643],[-90.10162,29.92644],[-90.101465,29.92645],[-90.10131,29.92646],[-90.10115,29.92647],[-90.100975,29.926485],[-90.1008,29.9265],[-90.100663,29.92651],[-90.100525,29.92652],[-90.100388,29.92653],[-90.10025,29.92654],[-90.100113,29.92655],[-90.099975,29.92656],[-90.099838,29.92657],[-90.0997,29.92658],[-90.099545,29.926595],[-90.09939,29.92661],[-90.099408,29.926636],[-90.09939,29.92661],[-90.099273,29.92662],[-90.099155,29.92663],[-90.099038,29.92664],[-90.09892,29.92665],[-90.09874,29.92666],[-90.09856,29.92667],[-90.098438,29.92668],[-90.098315,29.92669],[-90.098193,29.9267],[-90.09807,29.92671],[-90.09793,29.926723],[-90.09779,29.926735],[-90.09765,29.926748],[-90.097516,29.926792],[-90.09751,29.92675],[-90.09743,29.92676],[-90.097303,29.92677],[-90.097175,29.92678],[-90.097048,29.92679],[-90.09692,29.9268],[-90.096793,29.92681],[-90.096665,29.92682],[-90.096538,29.92683],[-90.09641,29.92684],[-90.096225,29.92686],[-90.09604,29.92688],[-90.095855,29.9269],[-90.09567,29.92692],[-90.095675,29.926947],[-90.09567,29.9269],[-90.09557,29.92691],[-90.0955,29.92692],[-90.095388,29.92694],[-90.095275,29.92696],[-90.095163,29.92698],[-90.09505,29.927],[-90.0949,29.927025],[-90.09475,29.92705],[-90.09459,29.92709],[-90.094473,29.927123],[-90.094355,29.927155],[-90.094238,29.927188],[-90.09412,29.92722],[-90.094003,29.927255],[-90.093885,29.92729],[-90.093768,29.927325],[-90.09365,29.92736],[-90.09347,29.92742],[-90.09338,29.92745],[-90.093399,29.927492],[-90.09338,29.92745],[-90.09327,29.927495],[-90.09316,29.92754],[-90.09313,29.92755],[-90.092935,29.92762],[-90.09274,29.92769],[-90.09255,29.92775],[-90.0924,29.927805],[-90.09225,29.92786],[-90.09211,29.92791],[-90.09197,29.92796],[-90.09193,29.92797],[-90.091745,29.92804],[-90.09156,29.92811],[-90.091579,29.928151],[-90.09156,29.92811],[-90.09146,29.92814],[-90.09133,29.92821],[-90.09124,29.92824],[-90.091103,29.92829],[-90.090965,29.92834],[-90.090828,29.92839],[-90.09069,29.92844],[-90.09058,29.92848],[-90.09047,29.92852],[-90.09036,29.92856],[-90.09025,29.9286],[-90.09009,29.92865],[-90.089898,29.928733],[-90.089705,29.928815],[-90.089513,29.928898],[-90.08932,29.92898],[-90.08917,29.929065],[-90.089039,29.929178],[-90.08902,29.92915],[-90.08892,29.9292],[-90.088818,29.929259],[-90.088715,29.929318],[-90.088613,29.929376],[-90.08851,29.929435],[-90.088408,29.929494],[-90.088305,29.929553],[-90.088203,29.929611],[-90.0881,29.92967],[-90.08801,29.92973],[-90.087853,29.929818],[-90.087695,29.929905],[-90.087538,29.929993],[-90.08738,29.93008],[-90.087402,29.930105],[-90.08738,29.93007],[-90.0873,29.93011],[-90.08719,29.930173],[-90.08708,29.930235],[-90.08697,29.930298],[-90.08686,29.93036],[-90.08675,29.93042],[-90.08664,29.93048],[-90.08648,29.930573],[-90.08632,29.930665],[-90.08616,29.930758],[-90.086065,29.930834],[-90.08597,29.93091],[-90.086025,29.930881],[-90.08597,29.93091],[-90.08594,29.93088],[-90.085835,29.930939],[-90.08573,29.930998],[-90.085625,29.931056],[-90.08552,29.931115],[-90.085415,29.931174],[-90.08531,29.931233],[-90.085205,29.931291],[-90.0851,29.93135],[-90.08492,29.931453],[-90.08474,29.931555],[-90.08456,29.931658],[-90.08438,29.93176],[-90.084395,29.931773],[-90.08438,29.93176],[-90.08429,29.93181],[-90.084175,29.931873],[-90.08406,29.931935],[-90.083945,29.931998],[-90.08383,29.93206],[-90.083655,29.93216],[-90.08348,29.93226],[-90.083378,29.932318],[-90.083275,29.932375],[-90.083173,29.932433],[-90.08307,29.93249],[-90.08292,29.932575],[-90.08277,29.93266],[-90.08278,29.932683],[-90.08277,29.93266],[-90.08268,29.93271],[-90.082523,29.9328],[-90.082365,29.93289],[-90.082208,29.93298],[-90.08205,29.93307],[-90.081885,29.93318],[-90.08172,29.93329],[-90.08156,29.93339],[-90.081451,29.93346],[-90.081343,29.93353],[-90.081234,29.9336],[-90.081125,29.93367],[-90.081016,29.93374],[-90.080908,29.93381],[-90.080799,29.93388],[-90.08069,29.93395],[-90.080705,29.933975],[-90.08069,29.93395],[-90.08061,29.934],[-90.08053,29.93406],[-90.080378,29.934158],[-90.080225,29.934255],[-90.080073,29.934353],[-90.07992,29.93445],[-90.07981,29.93452],[-90.0797,29.93459],[-90.079738,29.934632],[-90.0797,29.93459],[-90.07959,29.93467],[-90.079499,29.93473],[-90.079408,29.93479],[-90.079316,29.93485],[-90.079225,29.93491],[-90.079134,29.93497],[-90.079043,29.93503],[-90.078951,29.93509],[-90.07886,29.93515],[-90.07877,29.93521],[-90.078788,29.935231],[-90.07877,29.93521],[-90.07871,29.93526],[-90.078563,29.935378],[-90.078415,29.935495],[-90.078268,29.935613],[-90.07812,29.93573],[-90.07802,29.935808],[-90.07792,29.935885],[-90.07782,29.935963],[-90.07772,29.93604],[-90.0776,29.93614],[-90.077637,29.93617],[-90.0776,29.93614],[-90.07753,29.93621],[-90.07749,29.93625],[-90.07745,29.9363],[-90.07742,29.93634],[-90.0774,29.93636],[-90.077295,29.936503],[-90.07719,29.936645],[-90.077085,29.936788],[-90.07698,29.93693],[-90.07688,29.937065],[-90.07678,29.9372],[-90.07668,29.937335],[-90.07658,29.93747],[-90.0765,29.93757],[-90.076555,29.937595],[-90.0765,29.93757],[-90.07646,29.93763],[-90.076358,29.937765],[-90.076255,29.9379],[-90.076153,29.938035],[-90.07605,29.93817],[-90.07594,29.93831],[-90.075845,29.938438],[-90.07575,29.938565],[-90.075655,29.938693],[-90.07556,29.93882],[-90.07548,29.93894],[-90.075515,29.938961],[-90.07548,29.93894],[-90.07543,29.93902],[-90.07539,29.93908],[-90.0753,29.9392],[-90.07521,29.93932],[-90.07513,29.93942],[-90.07503,29.93956],[-90.07501,29.93958],[-90.074945,29.939665],[-90.07488,29.93975],[-90.07485,29.93979],[-90.07482,29.93983],[-90.07475,29.939925],[-90.07468,29.94002],[-90.07462,29.940103],[-90.07456,29.940185],[-90.0745,29.940268],[-90.07444,29.94035],[-90.074487,29.940371],[-90.07444,29.94035],[-90.07436,29.94045],[-90.074295,29.94055],[-90.07423,29.94065],[-90.07411,29.94081],[-90.07399,29.94097],[-90.07387,29.94113],[-90.07375,29.94129],[-90.073673,29.941395],[-90.073595,29.9415],[-90.073518,29.941605],[-90.07344,29.94171],[-90.07338,29.94181],[-90.0733,29.941908],[-90.07322,29.942005],[-90.07314,29.942103],[-90.07306,29.9422],[-90.073,29.94229],[-90.07296,29.94235],[-90.07288,29.94245],[-90.07277,29.9426],[-90.07274,29.94264],[-90.07271,29.94268],[-90.07266,29.94274],[-90.07266,29.94275],[-90.072702,29.94277],[-90.07266,29.94275],[-90.07262,29.94281],[-90.07257,29.94287],[-90.07255,29.94289],[-90.07253,29.94289],[-90.07251,29.94289],[-90.07249,29.94289],[-90.07244,29.94289],[-90.07242,29.94289],[-90.0724,29.9429],[-90.07236,29.9429],[-90.07232,29.94291],[-90.07228,29.94293],[-90.07225,29.94294],[-90.07223,29.94295],[-90.07219,29.94297],[-90.07216,29.94299],[-90.07213,29.94301],[-90.07212,29.94301],[-90.0721,29.94304],[-90.07207,29.94307],[-90.07204,29.9431],[-90.07202,29.94314],[-90.072,29.94317],[-90.07199,29.94321],[-90.07199,29.94323],[-90.07198,29.94325],[-90.07198,29.94327],[-90.07198,29.94329],[-90.07197,29.94331],[-90.07197,29.94333],[-90.07198,29.94336],[-90.07198,29.9434],[-90.07199,29.94344],[-90.072,29.94346],[-90.07201,29.94347],[-90.07201,29.94349],[-90.07202,29.94351],[-90.07204,29.94354],[-90.07206,29.94357],[-90.07207,29.94358],[-90.0721,29.94361],[-90.07213,29.94363],[-90.07216,29.94366],[-90.07219,29.94368],[-90.0722,29.94368],[-90.07224,29.9437],[-90.07228,29.94372],[-90.07232,29.94373],[-90.07234,29.94374],[-90.07237,29.94374],[-90.07241,29.94375],[-90.07245,29.94375],[-90.07247,29.94375],[-90.0725,29.94375],[-90.07254,29.94375],[-90.07256,29.94375],[-90.07258,29.94374],[-90.0726,29.94374],[-90.07262,29.94373],[-90.07263,29.94373],[-90.07265,29.94373],[-90.07267,29.94372],[-90.07268,29.94371],[-90.07271,29.9437],[-90.07275,29.94368],[-90.0728,29.94368],[-90.07282,29.94369],[-90.07287,29.9437],[-90.0729,29.94371],[-90.07292,29.94373],[-90.07296,29.94375],[-90.07306,29.943815],[-90.07316,29.94388],[-90.07327,29.94395],[-90.0734,29.94404],[-90.073361,29.94404],[-90.0734,29.94404],[-90.07352,29.9441],[-90.07357,29.94413],[-90.073525,29.94425],[-90.07348,29.94437],[-90.07345,29.94452],[-90.0734,29.94467],[-90.07335,29.94484],[-90.073319,29.944944],[-90.073288,29.945048],[-90.073256,29.945151],[-90.073225,29.945255],[-90.073194,29.945359],[-90.073163,29.945463],[-90.073131,29.945566],[-90.0731,29.94567],[-90.073065,29.94578],[-90.07303,29.94589],[-90.073001,29.945994],[-90.072972,29.946099],[-90.072879,29.946074],[-90.072972,29.946113],[-90.072918,29.946296],[-90.072865,29.946479],[-90.072811,29.946662],[-90.072758,29.946845],[-90.072704,29.947028],[-90.07265,29.947211],[-90.072597,29.947394],[-90.072543,29.947577],[-90.072439,29.947569],[-90.072543,29.947582],[-90.072483,29.947765],[-90.072423,29.947948],[-90.072375,29.948105],[-90.072328,29.948263],[-90.07228,29.94842],[-90.07228,29.94843],[-90.07225,29.94853],[-90.07222,29.94861],[-90.07219,29.94872],[-90.07215,29.948855],[-90.07211,29.94899],[-90.07207,29.94914],[-90.07204,29.949235],[-90.07201,29.94933],[-90.071965,29.94949],[-90.07192,29.94965],[-90.071843,29.949621],[-90.07192,29.94965],[-90.07187,29.94978],[-90.07183,29.94995],[-90.07178,29.95009],[-90.07174,29.950225],[-90.0717,29.95036],[-90.07166,29.950495],[-90.07162,29.95063],[-90.07158,29.95076],[-90.07154,29.95091],[-90.07149,29.95106],[-90.07144,29.95123],[-90.07139,29.9514],[-90.071355,29.951515],[-90.07132,29.95163],[-90.071285,29.951745],[-90.07125,29.95186],[-90.071191,29.951849],[-90.07125,29.95186],[-90.07122,29.95196],[-90.07118,29.95208],[-90.071135,29.9522],[-90.07109,29.95232],[-90.07107,29.95239],[-90.071,29.952555],[-90.07093,29.95272],[-90.07084,29.952821],[-90.07075,29.952923],[-90.07066,29.953024],[-90.07057,29.953125],[-90.07048,29.953226],[-90.07039,29.953328],[-90.0703,29.953429],[-90.070165,29.9535]]},"properties":{"route_name":"12","type":"Streetcar","network":"NORTA","color":"#006737"}},{"type":"Feature","geometry":{"type":"LineString","coordinates":[[-90.120829,29.955552],[-90.121045,29.95553],[-90.12115,29.95543],[-90.12124,29.95535],[-90.12133,29.95527],[-90.12149,29.95514],[-90.121615,29.95502],[-90.121738,29.9549],[-90.12182,29.95482],[-90.121908,29.95474],[-90.121995,29.95466],[-90.122083,29.95458],[-90.122111,29.954448],[-90.122218,29.954395],[-90.122325,29.954341],[-90.12242,29.954253],[-90.122515,29.954164],[-90.12261,29.954075],[-90.122705,29.953986],[-90.1228,29.953898],[-90.122895,29.953809],[-90.12299,29.95372],[-90.123076,29.95364],[-90.123163,29.95356],[-90.123249,29.95348],[-90.123335,29.9534],[-90.123421,29.95332],[-90.123508,29.95324],[-90.123594,29.95316],[-90.12368,29.95308],[-90.123623,29.95303],[-90.12368,29.95308],[-90.12374,29.95302],[-90.123835,29.952931],[-90.12393,29.952843],[-90.124025,29.952754],[-90.12412,29.952665],[-90.124215,29.952576],[-90.12431,29.952488],[-90.124405,29.952399],[-90.1245,29.95231],[-90.124584,29.952229],[-90.124668,29.952148],[-90.124751,29.952066],[-90.124835,29.951985],[-90.124919,29.951904],[-90.125003,29.951823],[-90.125086,29.951741],[-90.12517,29.95166],[-90.125124,29.951624],[-90.12517,29.95166],[-90.12525,29.95159],[-90.12533,29.951515],[-90.12541,29.95144],[-90.12549,29.951365],[-90.12557,29.95129],[-90.125675,29.951193],[-90.12578,29.951095],[-90.125885,29.950998],[-90.12599,29.9509],[-90.126086,29.950814],[-90.126183,29.950728],[-90.126279,29.950641],[-90.126375,29.950555],[-90.126471,29.950469],[-90.126568,29.950383],[-90.12667,29.950287],[-90.126771,29.950192],[-90.126873,29.950096],[-90.126974,29.95],[-90.127076,29.949905],[-90.127178,29.949809],[-90.127279,29.949713],[-90.127381,29.949617],[-90.127397,29.949505],[-90.12746,29.94955],[-90.12753,29.94949],[-90.127613,29.94941],[-90.127695,29.94933],[-90.127778,29.94925],[-90.12786,29.94917],[-90.127943,29.949093],[-90.128025,29.949015],[-90.128108,29.948938],[-90.12819,29.94886],[-90.128132,29.948818],[-90.12819,29.94886],[-90.12828,29.94878],[-90.128363,29.948703],[-90.128445,29.948625],[-90.128528,29.948548],[-90.12861,29.94847],[-90.128718,29.94837],[-90.128825,29.94827],[-90.128933,29.94817],[-90.129033,29.948074],[-90.129132,29.947978],[-90.129232,29.947882],[-90.129332,29.947786],[-90.129432,29.94769],[-90.129531,29.947593],[-90.129631,29.947497],[-90.129731,29.947401],[-90.129632,29.947348],[-90.129741,29.947397],[-90.129868,29.947293],[-90.129995,29.94719],[-90.130093,29.9471],[-90.13019,29.94701],[-90.130283,29.946923],[-90.130375,29.946835],[-90.130468,29.946748],[-90.13056,29.94666],[-90.130645,29.94658],[-90.13073,29.9465],[-90.130815,29.94642],[-90.1309,29.94634],[-90.130985,29.94626],[-90.13107,29.94618],[-90.131155,29.9461],[-90.13124,29.94602],[-90.13122,29.945999],[-90.13124,29.94602],[-90.13131,29.94595],[-90.131404,29.945861],[-90.131498,29.945773],[-90.131591,29.945684],[-90.131685,29.945595],[-90.131779,29.945506],[-90.131873,29.945418],[-90.131966,29.945329],[-90.13206,29.94524],[-90.132146,29.945159],[-90.132233,29.945078],[-90.132319,29.944996],[-90.132405,29.944915],[-90.132491,29.944834],[-90.132578,29.944753],[-90.132664,29.944671],[-90.13275,29.94459],[-90.132703,29.944559],[-90.13275,29.94459],[-90.13281,29.94453],[-90.13294,29.944415],[-90.13307,29.9443],[-90.133163,29.944213],[-90.133255,29.944125],[-90.133348,29.944038],[-90.13344,29.94395],[-90.13352,29.94388],[-90.13362,29.94379],[-90.13372,29.9437],[-90.133865,29.94356],[-90.13401,29.94342],[-90.13414,29.9433],[-90.134081,29.943246],[-90.13414,29.9433],[-90.13421,29.94323],[-90.13435,29.9431],[-90.13424,29.94303],[-90.13413,29.94296],[-90.13398,29.94283],[-90.13384,29.942718],[-90.1337,29.942605],[-90.13356,29.942493],[-90.13342,29.94238],[-90.13336,29.94234],[-90.133267,29.942263],[-90.133175,29.942185],[-90.133082,29.942108],[-90.13299,29.94203],[-90.132895,29.941953],[-90.1328,29.941875],[-90.132705,29.941798],[-90.13261,29.94172],[-90.132505,29.941635],[-90.1324,29.94155],[-90.132277,29.941453],[-90.132155,29.941355],[-90.132012,29.941276],[-90.131869,29.941196],[-90.131779,29.941125],[-90.131689,29.941053],[-90.131599,29.940982],[-90.131508,29.94091],[-90.131418,29.940839],[-90.131328,29.940767],[-90.131238,29.940696],[-90.131148,29.940624],[-90.131058,29.940553],[-90.130968,29.940481],[-90.130877,29.94041],[-90.130787,29.940338],[-90.130697,29.940267],[-90.130607,29.940195],[-90.130517,29.940124],[-90.130427,29.940053],[-90.130323,29.940035],[-90.130346,29.939987],[-90.130242,29.939876],[-90.130139,29.939764],[-90.130035,29.939652],[-90.129931,29.93954],[-90.129845,29.93947],[-90.129759,29.9394],[-90.129672,29.93933],[-90.129586,29.93926],[-90.1295,29.93919],[-90.129399,29.939108],[-90.129297,29.939025],[-90.129196,29.938943],[-90.129095,29.93886],[-90.128994,29.938778],[-90.128892,29.938695],[-90.128791,29.938613],[-90.12869,29.93853],[-90.12854,29.93841],[-90.12839,29.93829],[-90.12834,29.93825],[-90.12825,29.93819],[-90.128189,29.93825],[-90.12825,29.93819],[-90.128142,29.93811],[-90.128035,29.93803],[-90.127927,29.93795],[-90.12782,29.93787],[-90.12773,29.937805],[-90.12764,29.93774],[-90.12755,29.937675],[-90.12746,29.93761],[-90.12737,29.937545],[-90.12728,29.93748],[-90.12721,29.93743],[-90.12711,29.93736],[-90.127005,29.937325],[-90.1269,29.93729],[-90.126962,29.937341],[-90.1269,29.93729],[-90.12694,29.93723],[-90.12686,29.93719],[-90.126772,29.937128],[-90.126685,29.937065],[-90.126597,29.937003],[-90.12651,29.93694],[-90.126422,29.936878],[-90.126335,29.936815],[-90.126247,29.936753],[-90.12616,29.93669],[-90.126074,29.936628],[-90.125987,29.936565],[-90.125901,29.936503],[-90.125815,29.93644],[-90.125729,29.936378],[-90.125642,29.936315],[-90.125556,29.936253],[-90.12547,29.93619],[-90.12533,29.93609],[-90.125302,29.936119],[-90.12533,29.93609],[-90.125235,29.936025],[-90.12514,29.93596],[-90.125032,29.935885],[-90.124925,29.93581],[-90.124817,29.935735],[-90.12471,29.93566],[-90.12454,29.93554],[-90.12437,29.93542],[-90.1242,29.9353],[-90.12403,29.93518],[-90.124015,29.935197],[-90.12403,29.93518],[-90.12403,29.93517],[-90.1239,29.93508],[-90.123785,29.935],[-90.12367,29.93492],[-90.12365,29.93491],[-90.12361,29.93487],[-90.123507,29.934798],[-90.123405,29.934725],[-90.123302,29.934653],[-90.1232,29.93458],[-90.123095,29.934505],[-90.12299,29.93443],[-90.122885,29.934355],[-90.12278,29.93428],[-90.122714,29.93435],[-90.12278,29.93428],[-90.12267,29.934205],[-90.12256,29.93413],[-90.1225,29.93409],[-90.12234,29.93398],[-90.12218,29.93387],[-90.122015,29.933755],[-90.12185,29.93364],[-90.1217,29.933583],[-90.121651,29.933495],[-90.121556,29.933427],[-90.12146,29.933358],[-90.121364,29.933289],[-90.121269,29.93322],[-90.121173,29.933151],[-90.121078,29.933082],[-90.120982,29.933013],[-90.120887,29.932944],[-90.120801,29.932956],[-90.120783,29.932886],[-90.120669,29.932806],[-90.120554,29.932725],[-90.120439,29.932644],[-90.120324,29.932563],[-90.12021,29.932482],[-90.120095,29.932402],[-90.11998,29.932321],[-90.119866,29.93224],[-90.119763,29.932166],[-90.11966,29.932091],[-90.119557,29.932017],[-90.119455,29.931942],[-90.119382,29.931951],[-90.119384,29.931878],[-90.119294,29.931817],[-90.119204,29.931756],[-90.119114,29.931695],[-90.119024,29.931634],[-90.118934,29.931573],[-90.118845,29.931512],[-90.118755,29.931451],[-90.118665,29.93139],[-90.118532,29.9313],[-90.1184,29.93121],[-90.11824,29.9311],[-90.118213,29.931132],[-90.11824,29.9311],[-90.11811,29.93101],[-90.117952,29.930913],[-90.117795,29.930815],[-90.117637,29.930718],[-90.11748,29.93062],[-90.117355,29.93055],[-90.11723,29.93048],[-90.117075,29.9304],[-90.11692,29.93032],[-90.11676,29.93023],[-90.116741,29.930256],[-90.11676,29.93023],[-90.11667,29.93019],[-90.1166,29.93015],[-90.116492,29.930098],[-90.116385,29.930045],[-90.116277,29.929993],[-90.11617,29.92994],[-90.116062,29.929888],[-90.115955,29.929835],[-90.115847,29.929783],[-90.11574,29.92973],[-90.115557,29.929645],[-90.115375,29.92956],[-90.115192,29.929475],[-90.11501,29.92939],[-90.114973,29.92945],[-90.11501,29.92939],[-90.11491,29.92934],[-90.114795,29.929286],[-90.11468,29.929233],[-90.114565,29.929179],[-90.11445,29.929125],[-90.114335,29.929071],[-90.11422,29.929018],[-90.114105,29.928964],[-90.11399,29.92891],[-90.113886,29.92886],[-90.113782,29.92881],[-90.113679,29.92876],[-90.113575,29.92871],[-90.113471,29.92866],[-90.113367,29.92861],[-90.113264,29.92856],[-90.11316,29.92851],[-90.113147,29.928537],[-90.11316,29.92851],[-90.11307,29.92847],[-90.11297,29.92842],[-90.112815,29.928348],[-90.11266,29.928275],[-90.112505,29.928203],[-90.11235,29.92813],[-90.112165,29.928043],[-90.11198,29.927955],[-90.111795,29.927868],[-90.111683,29.927852],[-90.111572,29.927836],[-90.1116,29.92778],[-90.11153,29.92775],[-90.111345,29.92766],[-90.11116,29.92757],[-90.110975,29.92748],[-90.11079,29.92739],[-90.11075,29.927453],[-90.11066,29.92745],[-90.11066,29.9274],[-90.11067,29.92733],[-90.110554,29.927276],[-90.110437,29.927223],[-90.110321,29.927169],[-90.110205,29.927115],[-90.110089,29.927061],[-90.109972,29.927008],[-90.109856,29.926954],[-90.10974,29.9269],[-90.109635,29.92685],[-90.10953,29.9268],[-90.109425,29.92675],[-90.10932,29.9267],[-90.10925,29.92667],[-90.109075,29.92659],[-90.1089,29.92651],[-90.108875,29.92654],[-90.1089,29.92651],[-90.10882,29.92647],[-90.108702,29.926415],[-90.108585,29.92636],[-90.108467,29.926305],[-90.10835,29.92625],[-90.1083,29.92624],[-90.10822,29.92621],[-90.10817,29.92619],[-90.10806,29.92617],[-90.10795,29.92615],[-90.10784,29.92613],[-90.10773,29.92611],[-90.107575,29.926075],[-90.10742,29.92604],[-90.10724,29.92603],[-90.107125,29.926025],[-90.10701,29.92602],[-90.106885,29.92603],[-90.10676,29.92604],[-90.106767,29.926074],[-90.10676,29.92604],[-90.1067,29.92605],[-90.106558,29.92606],[-90.106415,29.92607],[-90.106273,29.92608],[-90.10613,29.92609],[-90.105988,29.9261],[-90.105845,29.92611],[-90.105703,29.92612],[-90.10556,29.92613],[-90.105424,29.926141],[-90.105288,29.926153],[-90.105151,29.926164],[-90.105015,29.926175],[-90.104879,29.926186],[-90.104743,29.926198],[-90.104606,29.926209],[-90.10447,29.92622],[-90.10447,29.926257],[-90.10447,29.92622],[-90.10442,29.92622],[-90.104275,29.926235],[-90.10413,29.92625],[-90.10393,29.92626],[-90.103778,29.926273],[-90.103625,29.926285],[-90.103473,29.926298],[-90.10332,29.92631],[-90.10314,29.926325],[-90.10296,29.92634],[-90.1028,29.926353],[-90.10264,29.926365],[-90.10248,29.926378],[-90.10232,29.92639],[-90.102319,29.92641],[-90.10232,29.92639],[-90.10218,29.9264],[-90.10203,29.92641],[-90.10193,29.92642],[-90.101775,29.92643],[-90.10162,29.92644],[-90.101465,29.92645],[-90.10131,29.92646],[-90.10115,29.92647],[-90.100975,29.926485],[-90.1008,29.9265],[-90.100663,29.92651],[-90.100525,29.92652],[-90.100388,29.92653],[-90.10025,29.92654],[-90.100113,29.92655],[-90.099975,29.92656],[-90.099838,29.92657],[-90.0997,29.92658],[-90.099545,29.926595],[-90.09939,29.92661],[-90.099408,29.926636],[-90.09939,29.92661],[-90.099273,29.92662],[-90.099155,29.92663],[-90.099038,29.92664],[-90.09892,29.92665],[-90.09874,29.92666],[-90.09856,29.92667],[-90.098438,29.92668],[-90.098315,29.92669],[-90.098193,29.9267],[-90.09807,29.92671],[-90.09793,29.926723],[-90.09779,29.926735],[-90.09765,29.926748],[-90.097516,29.926792],[-90.09751,29.92675],[-90.09743,29.92676],[-90.097303,29.92677],[-90.097175,29.92678],[-90.097048,29.92679],[-90.09692,29.9268],[-90.096793,29.92681],[-90.096665,29.92682],[-90.096538,29.92683],[-90.09641,29.92684],[-90.096225,29.92686],[-90.09604,29.92688],[-90.095855,29.9269],[-90.09567,29.92692],[-90.095675,29.926947],[-90.09567,29.9269],[-90.09557,29.92691],[-90.0955,29.92692],[-90.095388,29.92694],[-90.095275,29.92696],[-90.095163,29.92698],[-90.09505,29.927],[-90.0949,29.927025],[-90.09475,29.92705],[-90.09459,29.92709],[-90.094473,29.927123],[-90.094355,29.927155],[-90.094238,29.927188],[-90.09412,29.92722],[-90.094003,29.927255],[-90.093885,29.92729],[-90.093768,29.927325],[-90.09365,29.92736],[-90.09347,29.92742],[-90.09338,29.92745],[-90.093399,29.927492],[-90.09338,29.92745],[-90.09327,29.927495],[-90.09316,29.92754],[-90.09313,29.92755],[-90.092935,29.92762],[-90.09274,29.92769],[-90.09255,29.92775],[-90.0924,29.927805],[-90.09225,29.92786],[-90.09211,29.92791],[-90.09197,29.92796],[-90.09193,29.92797],[-90.091745,29.92804],[-90.09156,29.92811],[-90.091579,29.928151],[-90.09156,29.92811],[-90.09146,29.92814],[-90.09133,29.92821],[-90.09124,29.92824],[-90.091103,29.92829],[-90.090965,29.92834],[-90.090828,29.92839],[-90.09069,29.92844],[-90.09058,29.92848],[-90.09047,29.92852],[-90.09036,29.92856],[-90.09025,29.9286],[-90.09009,29.92865],[-90.089898,29.928733],[-90.089705,29.928815],[-90.089513,29.928898],[-90.08932,29.92898],[-90.08917,29.929065],[-90.089039,29.929178],[-90.088925,29.929197],[-90.088743,29.929298],[-90.088561,29.9294],[-90.088379,29.929501],[-90.088197,29.929603],[-90.088015,29.929704],[-90.087833,29.929806],[-90.087651,29.929908],[-90.087469,29.930009],[-90.087402,29.930105],[-90.08738,29.93007],[-90.0873,29.93011],[-90.08719,29.930173],[-90.08708,29.930235],[-90.08697,29.930298],[-90.08686,29.93036],[-90.08675,29.93042],[-90.08664,29.93048],[-90.08648,29.930573],[-90.08632,29.930665],[-90.08616,29.930758],[-90.086065,29.930834],[-90.08597,29.93091],[-90.086025,29.930881],[-90.08597,29.93091],[-90.08594,29.93088],[-90.085835,29.930939],[-90.08573,29.930998],[-90.085625,29.931056],[-90.08552,29.931115],[-90.085415,29.931174],[-90.08531,29.931233],[-90.085205,29.931291],[-90.0851,29.93135],[-90.08492,29.931453],[-90.08474,29.931555],[-90.08456,29.931658],[-90.08438,29.93176],[-90.084395,29.931773],[-90.08438,29.93176],[-90.08429,29.93181],[-90.084175,29.931873],[-90.08406,29.931935],[-90.083945,29.931998],[-90.08383,29.93206],[-90.083655,29.93216],[-90.08348,29.93226],[-90.083378,29.932318],[-90.083275,29.932375],[-90.083173,29.932433],[-90.08307,29.93249],[-90.08292,29.932575],[-90.08277,29.93266],[-90.08278,29.932683],[-90.08277,29.93266],[-90.08268,29.93271],[-90.082523,29.9328],[-90.082365,29.93289],[-90.082208,29.93298],[-90.08205,29.93307],[-90.081885,29.93318],[-90.08172,29.93329],[-90.08156,29.93339],[-90.081451,29.93346],[-90.081343,29.93353],[-90.081234,29.9336],[-90.081125,29.93367],[-90.081016,29.93374],[-90.080908,29.93381],[-90.080799,29.93388],[-90.08069,29.93395],[-90.080705,29.933975],[-90.08069,29.93395],[-90.08061,29.934],[-90.08053,29.93406],[-90.080378,29.934158],[-90.080225,29.934255],[-90.080073,29.934353],[-90.07992,29.93445],[-90.07981,29.93452],[-90.0797,29.93459],[-90.079738,29.934632],[-90.0797,29.93459],[-90.07959,29.93467],[-90.079499,29.93473],[-90.079408,29.93479],[-90.079316,29.93485],[-90.079225,29.93491],[-90.079134,29.93497],[-90.079043,29.93503],[-90.078951,29.93509],[-90.07886,29.93515],[-90.07877,29.93521],[-90.078788,29.935231],[-90.07877,29.93521],[-90.07871,29.93526],[-90.078563,29.935378],[-90.078415,29.935495],[-90.078268,29.935613],[-90.07812,29.93573],[-90.07802,29.935808],[-90.07792,29.935885],[-90.07782,29.935963],[-90.07772,29.93604],[-90.0776,29.93614],[-90.077637,29.93617],[-90.0776,29.93614],[-90.07753,29.93621],[-90.07749,29.93625],[-90.07745,29.9363],[-90.07742,29.93634],[-90.0774,29.93636],[-90.077295,29.936503],[-90.07719,29.936645],[-90.077085,29.936788],[-90.07698,29.93693],[-90.07688,29.937065],[-90.07678,29.9372],[-90.07668,29.937335],[-90.07658,29.93747],[-90.0765,29.93757],[-90.076555,29.937595],[-90.0765,29.93757],[-90.07646,29.93763],[-90.076358,29.937765],[-90.076255,29.9379],[-90.076153,29.938035],[-90.07605,29.93817],[-90.07594,29.93831],[-90.075845,29.938438],[-90.07575,29.938565],[-90.075655,29.938693],[-90.07556,29.93882],[-90.07548,29.93894],[-90.075515,29.938961],[-90.07548,29.93894],[-90.07543,29.93902],[-90.07539,29.93908],[-90.0753,29.9392],[-90.07521,29.93932],[-90.07513,29.93942],[-90.07503,29.93956],[-90.07501,29.93958],[-90.074945,29.939665],[-90.07488,29.93975],[-90.07485,29.93979],[-90.07482,29.93983],[-90.07475,29.939925],[-90.07468,29.94002],[-90.07462,29.940103],[-90.07456,29.940185],[-90.0745,29.940268],[-90.074487,29.940371],[-90.07444,29.94035],[-90.07436,29.94045],[-90.074295,29.94055],[-90.07423,29.94065],[-90.07411,29.94081],[-90.07399,29.94097],[-90.07387,29.94113],[-90.07375,29.94129],[-90.073673,29.941395],[-90.073595,29.9415],[-90.073518,29.941605],[-90.07344,29.94171],[-90.07338,29.94181],[-90.0733,29.941908],[-90.07322,29.942005],[-90.07314,29.942103],[-90.07306,29.9422],[-90.073,29.94229],[-90.07296,29.94235],[-90.07288,29.94245],[-90.07277,29.9426],[-90.07274,29.94264],[-90.07271,29.94268],[-90.07266,29.94274],[-90.07266,29.94275],[-90.072702,29.94277],[-90.07266,29.94275],[-90.07262,29.94281],[-90.07257,29.94287],[-90.07255,29.94289],[-90.07253,29.94289],[-90.07251,29.94289],[-90.07249,29.94289],[-90.07244,29.94289],[-90.07242,29.94289],[-90.0724,29.9429],[-90.07236,29.9429],[-90.07232,29.94291],[-90.07228,29.94293],[-90.07225,29.94294],[-90.07223,29.94295],[-90.07219,29.94297],[-90.07216,29.94299],[-90.07213,29.94301],[-90.07212,29.94301],[-90.0721,29.94304],[-90.07207,29.94307],[-90.07204,29.9431],[-90.07202,29.94314],[-90.072,29.94317],[-90.07199,29.94321],[-90.07199,29.94323],[-90.07198,29.94325],[-90.07198,29.94327],[-90.07198,29.94329],[-90.07197,29.94331],[-90.07197,29.94333],[-90.07198,29.94336],[-90.07198,29.9434],[-90.07199,29.94344],[-90.072,29.94346],[-90.07201,29.94347],[-90.07201,29.94349],[-90.07202,29.94351],[-90.07204,29.94354],[-90.07206,29.94357],[-90.07207,29.94358],[-90.0721,29.94361],[-90.07213,29.94363],[-90.07216,29.94366],[-90.07219,29.94368],[-90.0722,29.94368],[-90.07224,29.9437],[-90.07228,29.94372],[-90.07232,29.94373],[-90.07234,29.94374],[-90.07237,29.94374],[-90.07241,29.94375],[-90.07245,29.94375],[-90.07247,29.94375],[-90.0725,29.94375],[-90.07254,29.94375],[-90.07256,29.94375],[-90.07258,29.94374],[-90.0726,29.94374],[-90.07262,29.94373],[-90.07263,29.94373],[-90.07265,29.94373],[-90.07267,29.94372],[-90.07268,29.94371],[-90.07271,29.9437],[-90.07275,29.94368],[-90.0728,29.94368],[-90.07282,29.94369],[-90.07287,29.9437],[-90.0729,29.94371],[-90.07292,29.94373],[-90.07296,29.94375],[-90.07306,29.943815],[-90.07316,29.94388],[-90.07327,29.94395],[-90.0734,29.94404],[-90.073361,29.94404],[-90.0734,29.94404],[-90.07352,29.9441],[-90.07357,29.94413],[-90.073525,29.94425],[-90.07348,29.94437],[-90.07345,29.94452],[-90.0734,29.94467],[-90.07335,29.94484],[-90.073319,29.944944],[-90.073288,29.945048],[-90.073256,29.945151],[-90.073225,29.945255],[-90.073194,29.945359],[-90.073163,29.945463],[-90.073131,29.945566],[-90.0731,29.94567],[-90.073065,29.94578],[-90.07303,29.94589],[-90.073001,29.945994],[-90.072972,29.946099],[-90.072879,29.946074],[-90.072972,29.946113],[-90.072918,29.946296],[-90.072865,29.946479],[-90.072811,29.946662],[-90.072758,29.946845],[-90.072704,29.947028],[-90.07265,29.947211],[-90.072597,29.947394],[-90.072543,29.947577],[-90.072439,29.947569],[-90.072543,29.947582],[-90.072483,29.947765],[-90.072423,29.947948],[-90.072375,29.948105],[-90.072328,29.948263],[-90.07228,29.94842],[-90.07228,29.94843],[-90.07225,29.94853],[-90.07222,29.94861],[-90.07219,29.94872],[-90.07215,29.948855],[-90.07211,29.94899],[-90.07207,29.94914],[-90.07204,29.949235],[-90.07201,29.94933],[-90.071965,29.94949],[-90.07192,29.94965],[-90.071843,29.949621],[-90.07192,29.94965],[-90.07187,29.94978],[-90.07183,29.94995],[-90.07178,29.95009],[-90.07174,29.950225],[-90.0717,29.95036],[-90.07166,29.950495],[-90.07162,29.95063],[-90.07158,29.95076],[-90.07154,29.95091],[-90.07149,29.95106],[-90.07144,29.95123],[-90.07139,29.9514],[-90.071355,29.951515],[-90.07132,29.95163],[-90.071285,29.951745],[-90.07125,29.95186],[-90.071191,29.951849],[-90.07125,29.95186],[-90.07122,29.95196],[-90.07118,29.95208],[-90.071135,29.9522],[-90.07109,29.95232],[-90.07107,29.95239],[-90.071,29.952555],[-90.07093,29.95272],[-90.07084,29.952821],[-90.07075,29.952923],[-90.07066,29.953024],[-90.07057,29.953125],[-90.07048,29.953226],[-90.07039,29.953328],[-90.0703,29.953429],[-90.070165,29.9535]]},"properties":{"route_name":"12","type":"Streetcar","network":"NORTA","color":"#006737"}},{"type":"Feature","geometry":{"type":"LineString","coordinates":[[-90.070165,29.9535],[-90.07021,29.95353],[-90.070135,29.953615],[-90.07006,29.9537],[-90.06997,29.95364],[-90.069797,29.953523],[-90.069625,29.953405],[-90.069452,29.953288],[-90.06928,29.95317],[-90.06918,29.9531],[-90.06924,29.95302],[-90.06929,29.95295],[-90.069403,29.952793],[-90.069515,29.952635],[-90.069628,29.952478],[-90.06974,29.95232],[-90.06975,29.9523],[-90.06981,29.952339],[-90.06975,29.9523],[-90.06981,29.95221],[-90.06984,29.95216],[-90.06985,29.95214],[-90.06986,29.95212],[-90.06987,29.95209],[-90.06988,29.95204],[-90.06992,29.951903],[-90.06996,29.951765],[-90.07,29.951628],[-90.07004,29.95149],[-90.07009,29.951325],[-90.07014,29.95116],[-90.070242,29.951184],[-90.07014,29.95116],[-90.07018,29.95106],[-90.07021,29.95094],[-90.070245,29.95081],[-90.07028,29.95068],[-90.07031,29.95061],[-90.07034,29.95048],[-90.07038,29.95037],[-90.0704,29.9503],[-90.070433,29.950188],[-90.070465,29.950075],[-90.070498,29.949963],[-90.07054,29.9498],[-90.070638,29.949819],[-90.07054,29.9498],[-90.07058,29.94967],[-90.07062,29.94951],[-90.070655,29.949393],[-90.07069,29.949275],[-90.070725,29.949158],[-90.07076,29.94904],[-90.07079,29.94894],[-90.07084,29.94886],[-90.070865,29.948748],[-90.07089,29.948635],[-90.070915,29.948523],[-90.07094,29.94841],[-90.07097,29.94832],[-90.071,29.94822],[-90.07103,29.94812],[-90.071121,29.948135],[-90.07103,29.94812],[-90.07105,29.94805],[-90.07111,29.94788],[-90.07116,29.94774],[-90.071195,29.94762],[-90.07123,29.9475],[-90.071254,29.947435],[-90.071316,29.947454],[-90.071254,29.947433],[-90.071291,29.947319],[-90.071329,29.947206],[-90.071366,29.947093],[-90.071403,29.94698],[-90.07144,29.946866],[-90.071478,29.946753],[-90.071515,29.94664],[-90.071552,29.946526],[-90.071575,29.94641],[-90.071598,29.946294],[-90.07162,29.946178],[-90.071643,29.946062],[-90.07171,29.946061],[-90.071649,29.946052],[-90.071679,29.945954],[-90.071709,29.945856],[-90.07174,29.945758],[-90.07177,29.94566],[-90.07181,29.945525],[-90.07185,29.94539],[-90.07189,29.945253],[-90.07193,29.945115],[-90.07197,29.944978],[-90.07201,29.94484],[-90.07206,29.94468],[-90.07211,29.94452],[-90.072177,29.944539],[-90.07211,29.94452],[-90.07211,29.94451],[-90.07215,29.94439],[-90.07218,29.944285],[-90.07221,29.94418],[-90.07225,29.94408],[-90.07228,29.943985],[-90.07231,29.94389],[-90.07234,29.94374],[-90.07237,29.94374],[-90.07241,29.94375],[-90.07245,29.94375],[-90.07247,29.94375],[-90.0725,29.94375],[-90.07254,29.94375],[-90.07256,29.94375],[-90.07258,29.94374],[-90.0726,29.94374],[-90.07262,29.94373],[-90.07263,29.94373],[-90.07265,29.94373],[-90.07267,29.94372],[-90.07268,29.94371],[-90.07271,29.9437],[-90.07275,29.94368],[-90.07278,29.94366],[-90.0728,29.94365],[-90.07282,29.94363],[-90.07284,29.94361],[-90.07287,29.94358],[-90.07288,29.94356],[-90.07289,29.94355],[-90.07291,29.94353],[-90.07292,29.9435],[-90.07293,29.94347],[-90.07295,29.94343],[-90.07296,29.9434],[-90.07296,29.94338],[-90.07297,29.94336],[-90.07297,29.94332],[-90.07297,29.9433],[-90.07296,29.94328],[-90.07296,29.94326],[-90.07296,29.94324],[-90.07295,29.94323],[-90.07295,29.94321],[-90.07294,29.94317],[-90.07293,29.94316],[-90.07292,29.94313],[-90.0729,29.9431],[-90.07288,29.94306],[-90.07287,29.94301],[-90.07286,29.94298],[-90.07285,29.94296],[-90.07285,29.94294],[-90.07284,29.94292],[-90.07284,29.94291],[-90.07284,29.9429],[-90.07284,29.94289],[-90.07284,29.94288],[-90.07285,29.94287],[-90.07285,29.94286],[-90.07286,29.94286],[-90.07286,29.94285],[-90.07288,29.94281],[-90.0729,29.94278],[-90.07292,29.94275],[-90.072895,29.942722],[-90.07292,29.94275],[-90.07294,29.94272],[-90.073,29.94264],[-90.0731,29.942505],[-90.0732,29.94237],[-90.07324,29.94231],[-90.073313,29.942208],[-90.073385,29.942105],[-90.073458,29.942003],[-90.07353,29.9419],[-90.07361,29.94179],[-90.07369,29.94168],[-90.073805,29.941535],[-90.07392,29.94139],[-90.074,29.941283],[-90.07408,29.941175],[-90.07416,29.941068],[-90.07424,29.94096],[-90.074315,29.94086],[-90.07439,29.94076],[-90.07447,29.940655],[-90.07455,29.94055],[-90.07467,29.94039],[-90.07462,29.940358],[-90.07467,29.94039],[-90.07476,29.94027],[-90.074838,29.940165],[-90.074915,29.94006],[-90.074993,29.939955],[-90.07507,29.93985],[-90.075135,29.939763],[-90.0752,29.939675],[-90.075265,29.939588],[-90.07533,29.9395],[-90.07543,29.93936],[-90.07553,29.93923],[-90.075488,29.939208],[-90.07553,29.93923],[-90.07558,29.93917],[-90.07561,29.93911],[-90.075674,29.939024],[-90.075738,29.938938],[-90.075801,29.938851],[-90.075865,29.938765],[-90.075929,29.938679],[-90.075993,29.938593],[-90.076056,29.938506],[-90.07612,29.93842],[-90.076215,29.938293],[-90.07631,29.938165],[-90.076405,29.938038],[-90.0765,29.93791],[-90.07657,29.93782],[-90.076498,29.937784],[-90.07657,29.93782],[-90.07664,29.93773],[-90.076704,29.937643],[-90.076768,29.937555],[-90.076831,29.937468],[-90.076895,29.93738],[-90.076959,29.937293],[-90.077023,29.937205],[-90.077086,29.937118],[-90.07715,29.93703],[-90.07725,29.936898],[-90.07735,29.936765],[-90.07745,29.936633],[-90.07755,29.9365],[-90.07763,29.93639],[-90.077585,29.936363],[-90.07763,29.93639],[-90.07768,29.93633],[-90.07783,29.93619],[-90.077933,29.936105],[-90.078035,29.93602],[-90.078138,29.935935],[-90.07824,29.93585],[-90.078333,29.935775],[-90.078425,29.9357],[-90.078518,29.935625],[-90.07861,29.93555],[-90.07877,29.93543],[-90.078739,29.935406],[-90.07877,29.93543],[-90.07882,29.93539],[-90.07896,29.935295],[-90.0791,29.9352],[-90.07925,29.9351],[-90.079343,29.93504],[-90.079435,29.93498],[-90.079528,29.93492],[-90.07962,29.93486],[-90.079579,29.934816],[-90.07962,29.93486],[-90.0797,29.9348],[-90.079816,29.934728],[-90.079933,29.934655],[-90.080049,29.934583],[-90.080165,29.93451],[-90.080281,29.934438],[-90.080433,29.934344],[-90.080585,29.93425],[-90.080559,29.93419],[-90.080597,29.934241],[-90.080709,29.934162],[-90.08082,29.934083],[-90.08094,29.934005],[-90.08106,29.933928],[-90.08118,29.93385],[-90.0813,29.933773],[-90.08142,29.933695],[-90.08154,29.933618],[-90.08166,29.93354],[-90.08183,29.93344],[-90.08199,29.93333],[-90.082085,29.933265],[-90.08218,29.9332],[-90.082305,29.933128],[-90.08243,29.933055],[-90.082555,29.932983],[-90.08268,29.93291],[-90.082645,29.932859],[-90.08268,29.93291],[-90.08278,29.93285],[-90.08288,29.932794],[-90.08298,29.932738],[-90.08308,29.932681],[-90.08318,29.932625],[-90.08328,29.932569],[-90.08338,29.932513],[-90.08348,29.932456],[-90.08358,29.9324],[-90.083768,29.932298],[-90.083955,29.932195],[-90.084143,29.932093],[-90.08433,29.93199],[-90.084303,29.931956],[-90.08433,29.93199],[-90.08439,29.93195],[-90.084491,29.931893],[-90.084593,29.931835],[-90.084694,29.931778],[-90.084795,29.93172],[-90.084896,29.931663],[-90.084998,29.931605],[-90.085099,29.931548],[-90.0852,29.93149],[-90.085385,29.931388],[-90.08557,29.931285],[-90.085755,29.931183],[-90.08594,29.93108],[-90.085908,29.931044],[-90.08594,29.93108],[-90.08605,29.93102],[-90.086223,29.930923],[-90.086395,29.930825],[-90.086568,29.930728],[-90.08674,29.93063],[-90.086885,29.930548],[-90.08703,29.930465],[-90.087175,29.930383],[-90.08732,29.9303],[-90.087303,29.930288],[-90.08732,29.9303],[-90.08741,29.93025],[-90.08751,29.930194],[-90.08761,29.930138],[-90.08771,29.930081],[-90.08781,29.930025],[-90.08791,29.929969],[-90.08801,29.929913],[-90.08811,29.929856],[-90.08821,29.9298],[-90.088395,29.929698],[-90.08858,29.929595],[-90.088765,29.929493],[-90.08895,29.92939],[-90.08892,29.929344],[-90.08895,29.92939],[-90.08903,29.92934],[-90.089125,29.92929],[-90.08922,29.92924],[-90.089315,29.92919],[-90.08941,29.92914],[-90.08948,29.92911],[-90.089665,29.92903],[-90.08985,29.92895],[-90.08998,29.92889],[-90.09012,29.92883],[-90.09019,29.9288],[-90.09032,29.92875],[-90.090475,29.928695],[-90.09063,29.92864],[-90.09067,29.92862],[-90.09082,29.92857],[-90.09091,29.92853],[-90.09099,29.92851],[-90.09107,29.92848],[-90.09124,29.92842],[-90.09141,29.92836],[-90.09155,29.92831],[-90.09163,29.92828],[-90.091765,29.92823],[-90.0919,29.92818],[-90.091878,29.928143],[-90.0919,29.92818],[-90.09199,29.92815],[-90.09205,29.92813],[-90.092198,29.928078],[-90.092345,29.928025],[-90.092493,29.927973],[-90.09264,29.92792],[-90.09281,29.92785],[-90.092955,29.927798],[-90.0931,29.927745],[-90.093245,29.927693],[-90.09339,29.92764],[-90.0934,29.92764],[-90.09351,29.9276],[-90.09362,29.92756],[-90.093592,29.927509],[-90.09362,29.92756],[-90.09371,29.92753],[-90.093853,29.927488],[-90.093995,29.927445],[-90.094138,29.927403],[-90.09428,29.92736],[-90.09446,29.92731],[-90.09464,29.92726],[-90.0948,29.92723],[-90.09488,29.92721],[-90.09507,29.92718],[-90.09524,29.92715],[-90.0954,29.927125],[-90.09556,29.9271],[-90.095553,29.927075],[-90.09556,29.9271],[-90.09562,29.92709],[-90.095828,29.92707],[-90.096035,29.92705],[-90.096243,29.92703],[-90.09645,29.92701],[-90.096653,29.926995],[-90.096855,29.92698],[-90.097058,29.926965],[-90.09726,29.92695],[-90.09745,29.92693],[-90.09759,29.92692],[-90.09773,29.92691],[-90.097726,29.926873],[-90.09773,29.92691],[-90.097895,29.9269],[-90.09806,29.92689],[-90.09819,29.92688],[-90.09832,29.92687],[-90.09845,29.92686],[-90.09858,29.92685],[-90.098755,29.926835],[-90.09893,29.92682],[-90.0991,29.926808],[-90.09927,29.926795],[-90.09944,29.926783],[-90.09961,29.92677],[-90.099601,29.926715],[-90.09961,29.92677],[-90.09972,29.92676],[-90.099858,29.926749],[-90.099995,29.926738],[-90.100133,29.926726],[-90.10027,29.926715],[-90.100408,29.926704],[-90.100545,29.926693],[-90.100683,29.926681],[-90.10082,29.92667],[-90.100995,29.92666],[-90.10117,29.92665],[-90.10138,29.92663],[-90.10159,29.926615],[-90.1018,29.9266],[-90.1018,29.926572],[-90.1018,29.9266],[-90.10195,29.92659],[-90.10205,29.92658],[-90.1022,29.92656],[-90.102355,29.92655],[-90.10251,29.92654],[-90.102635,29.92653],[-90.10276,29.92652],[-90.102885,29.92651],[-90.10301,29.9265],[-90.10317,29.926485],[-90.10333,29.92647],[-90.10345,29.926463],[-90.10357,29.926455],[-90.10369,29.926448],[-90.10381,29.92644],[-90.10402,29.92642],[-90.1042,29.926405],[-90.10438,29.92639],[-90.10438,29.926364],[-90.10438,29.92639],[-90.10444,29.92639],[-90.104595,29.926378],[-90.10475,29.926365],[-90.104905,29.926353],[-90.10506,29.92634],[-90.10519,29.92633],[-90.10532,29.92632],[-90.10545,29.92631],[-90.10558,29.9263],[-90.105716,29.92629],[-90.105853,29.92628],[-90.105989,29.92627],[-90.106125,29.92626],[-90.106261,29.92625],[-90.106398,29.92624],[-90.106534,29.92623],[-90.10667,29.92622],[-90.106663,29.926191],[-90.10667,29.92622],[-90.10671,29.92622],[-90.106905,29.92621],[-90.1071,29.9262],[-90.10724,29.92621],[-90.10738,29.92622],[-90.10742,29.92623],[-90.10763,29.92626],[-90.10771,29.92627],[-90.10785,29.9263],[-90.10799,29.92633],[-90.10811,29.926365],[-90.10823,29.9264],[-90.10824,29.92641],[-90.10841,29.92647],[-90.108507,29.926518],[-90.108605,29.926565],[-90.108702,29.926613],[-90.1088,29.92666],[-90.108935,29.92672],[-90.10907,29.92678],[-90.109087,29.926747],[-90.10907,29.92678],[-90.10917,29.92682],[-90.109295,29.92688],[-90.10942,29.92694],[-90.109545,29.927],[-90.10967,29.92706],[-90.10974,29.92709],[-90.109855,29.927145],[-90.10997,29.9272],[-90.110085,29.927255],[-90.1102,29.92731],[-90.110315,29.927365],[-90.11043,29.92742],[-90.110545,29.927475],[-90.11066,29.92753],[-90.11084,29.927618],[-90.11102,29.927705],[-90.1112,29.927793],[-90.11138,29.92788],[-90.111417,29.927817],[-90.11138,29.92788],[-90.1115,29.92794],[-90.11164,29.928],[-90.111835,29.92809],[-90.11203,29.92818],[-90.112165,29.928245],[-90.1123,29.92831],[-90.112422,29.928368],[-90.112545,29.928425],[-90.112667,29.928483],[-90.11279,29.92854],[-90.1128,29.928518],[-90.11279,29.92854],[-90.11292,29.9286],[-90.11302,29.92866],[-90.113136,29.928715],[-90.113252,29.92877],[-90.113369,29.928825],[-90.113485,29.92888],[-90.113601,29.928935],[-90.113717,29.92899],[-90.113834,29.929045],[-90.11395,29.9291],[-90.114145,29.92919],[-90.11434,29.92928],[-90.11446,29.92934],[-90.11458,29.9294],[-90.114768,29.929404],[-90.11474,29.92945],[-90.11486,29.92951],[-90.114962,29.92956],[-90.115065,29.92961],[-90.115167,29.92966],[-90.11527,29.92971],[-90.115372,29.92976],[-90.115475,29.92981],[-90.115577,29.92986],[-90.11568,29.92991],[-90.115865,29.929993],[-90.11605,29.930075],[-90.116235,29.930158],[-90.11642,29.93024],[-90.116451,29.930198],[-90.11642,29.93024],[-90.11655,29.9303],[-90.116697,29.93038],[-90.116845,29.93046],[-90.116992,29.93054],[-90.11714,29.93062],[-90.117255,29.930685],[-90.11737,29.93075],[-90.11739,29.93076],[-90.11753,29.930843],[-90.11767,29.930925],[-90.11781,29.931008],[-90.11795,29.93109],[-90.117973,29.931059],[-90.11795,29.93109],[-90.11805,29.93115],[-90.118182,29.931245],[-90.118315,29.93134],[-90.118447,29.931435],[-90.11858,29.93153],[-90.118712,29.931625],[-90.118845,29.93172],[-90.118977,29.931815],[-90.11911,29.93191],[-90.119139,29.931874],[-90.11911,29.93191],[-90.11924,29.932],[-90.119335,29.93207],[-90.11943,29.93214],[-90.119525,29.93221],[-90.11962,29.93228],[-90.119715,29.932348],[-90.11981,29.932415],[-90.119905,29.932483],[-90.12,29.93255],[-90.120145,29.93265],[-90.12029,29.93275],[-90.12042,29.93284],[-90.12055,29.93293],[-90.120581,29.932891],[-90.12055,29.93293],[-90.12062,29.93297],[-90.120715,29.93304],[-90.12081,29.93311],[-90.120905,29.93318],[-90.121,29.93325],[-90.12109,29.93332],[-90.12125,29.93344],[-90.12133,29.9335],[-90.12146,29.93358],[-90.121501,29.933539],[-90.12146,29.93358],[-90.12153,29.93363],[-90.12162,29.933695],[-90.12171,29.93376],[-90.121797,29.93382],[-90.121885,29.93388],[-90.121972,29.93394],[-90.12206,29.934],[-90.122195,29.9341],[-90.12233,29.9342],[-90.12236,29.934161],[-90.12233,29.9342],[-90.12239,29.93424],[-90.12243,29.93427],[-90.12253,29.93434],[-90.12254,29.93435],[-90.122675,29.934445],[-90.12281,29.93454],[-90.122945,29.934635],[-90.12308,29.93473],[-90.123182,29.934803],[-90.123285,29.934875],[-90.123387,29.934948],[-90.12349,29.93502],[-90.123585,29.935085],[-90.12368,29.93515],[-90.123714,29.935111],[-90.12368,29.93515],[-90.12376,29.93521],[-90.12384,29.93527],[-90.12385,29.93527],[-90.123952,29.935345],[-90.124055,29.93542],[-90.124157,29.935495],[-90.12426,29.93557],[-90.12442,29.93568],[-90.12458,29.93579],[-90.124676,29.935858],[-90.124772,29.935925],[-90.124869,29.935993],[-90.124965,29.93606],[-90.125061,29.936128],[-90.125212,29.936189],[-90.125364,29.936249],[-90.125429,29.936331],[-90.125494,29.936412],[-90.125601,29.936491],[-90.125709,29.93657],[-90.125817,29.936649],[-90.125924,29.936729],[-90.126032,29.936808],[-90.12614,29.936887],[-90.126247,29.936966],[-90.126355,29.937045],[-90.126507,29.937153],[-90.12666,29.93726],[-90.126705,29.937213],[-90.12666,29.93726],[-90.12675,29.93732],[-90.12683,29.93738],[-90.126916,29.937443],[-90.127002,29.937505],[-90.127089,29.937568],[-90.127175,29.93763],[-90.127261,29.937693],[-90.127347,29.937755],[-90.127434,29.937818],[-90.12752,29.93788],[-90.127655,29.93798],[-90.12779,29.93808],[-90.12788,29.938145],[-90.12797,29.93821],[-90.12806,29.938275],[-90.12815,29.93834],[-90.12818,29.938308],[-90.12815,29.93834],[-90.12822,29.93839],[-90.128305,29.938455],[-90.12839,29.93852],[-90.128475,29.938585],[-90.12856,29.93865],[-90.12857,29.93866],[-90.128705,29.938765],[-90.12884,29.93887],[-90.12899,29.93899],[-90.12914,29.93911],[-90.12926,29.939205],[-90.12938,29.9393],[-90.129465,29.93937],[-90.12955,29.93944],[-90.12965,29.93952],[-90.12972,29.93957],[-90.12982,29.939653],[-90.129938,29.939713],[-90.130055,29.939772],[-90.130173,29.939832],[-90.130291,29.939891],[-90.13022,29.939971],[-90.130335,29.940066],[-90.130451,29.940161],[-90.130566,29.940256],[-90.130682,29.94035],[-90.130798,29.940445],[-90.130913,29.94054],[-90.131029,29.940635],[-90.131145,29.94073],[-90.13126,29.940825],[-90.131376,29.94092],[-90.131492,29.941015],[-90.131607,29.94111],[-90.131723,29.941205],[-90.131839,29.9413],[-90.131954,29.941395],[-90.13207,29.94149],[-90.132165,29.941568],[-90.13226,29.941645],[-90.132355,29.941723],[-90.13245,29.9418],[-90.132472,29.941779],[-90.13245,29.9418],[-90.1325,29.94183],[-90.132594,29.941906],[-90.132687,29.941983],[-90.132781,29.942059],[-90.132875,29.942135],[-90.132969,29.942211],[-90.133062,29.942288],[-90.133156,29.942364],[-90.13325,29.94244],[-90.133365,29.942533],[-90.13348,29.942625],[-90.133595,29.942718],[-90.13371,29.94281],[-90.13386,29.942935],[-90.13401,29.94306],[-90.133915,29.943155],[-90.13382,29.94325],[-90.133893,29.943307],[-90.13382,29.94325],[-90.13373,29.94333],[-90.13359,29.94346],[-90.133455,29.94359],[-90.13332,29.94372],[-90.133244,29.94379],[-90.133168,29.94386],[-90.133091,29.94393],[-90.133015,29.944],[-90.132939,29.94407],[-90.132863,29.94414],[-90.132786,29.94421],[-90.13271,29.94428],[-90.132779,29.944336],[-90.13271,29.94428],[-90.13261,29.94437],[-90.1325,29.944475],[-90.13239,29.94458],[-90.132258,29.944705],[-90.132125,29.94483],[-90.131993,29.944955],[-90.13186,29.94508],[-90.131758,29.945178],[-90.131655,29.945275],[-90.131553,29.945373],[-90.13145,29.94547],[-90.13132,29.945595],[-90.13119,29.94572],[-90.131267,29.94578],[-90.13119,29.94572],[-90.13111,29.94578],[-90.13097,29.945915],[-90.13083,29.94605],[-90.13074,29.94614],[-90.13065,29.94623],[-90.130505,29.946365],[-90.13036,29.9465],[-90.13024,29.946613],[-90.13012,29.946725],[-90.13,29.946838],[-90.12988,29.94695],[-90.12978,29.94704],[-90.12968,29.94713],[-90.129727,29.947173],[-90.12968,29.94713],[-90.12961,29.9472],[-90.12952,29.947285],[-90.12943,29.94737],[-90.129325,29.947468],[-90.12922,29.947565],[-90.129115,29.947663],[-90.12901,29.94776],[-90.128925,29.947835],[-90.12884,29.94791],[-90.128755,29.947989],[-90.12867,29.948068],[-90.128585,29.948146],[-90.1285,29.948225],[-90.128415,29.948304],[-90.12833,29.948383],[-90.128245,29.948461],[-90.12816,29.94854],[-90.128239,29.9486],[-90.12816,29.94854],[-90.12809,29.94861],[-90.12798,29.948715],[-90.12787,29.94882],[-90.127735,29.948945],[-90.1276,29.94907],[-90.127465,29.949195],[-90.12733,29.94932],[-90.127243,29.949403],[-90.127155,29.949485],[-90.127068,29.949568],[-90.12698,29.94965],[-90.126893,29.949733],[-90.126805,29.949815],[-90.126718,29.949898],[-90.126674,29.95002],[-90.12663,29.94998],[-90.12656,29.95005],[-90.126435,29.950168],[-90.12631,29.950285],[-90.126185,29.950403],[-90.12606,29.95052],[-90.12594,29.95063],[-90.12582,29.95074],[-90.125734,29.950821],[-90.125648,29.950903],[-90.125561,29.950984],[-90.125475,29.951065],[-90.125389,29.951146],[-90.125303,29.951228],[-90.125216,29.951309],[-90.12513,29.95139],[-90.125179,29.951429],[-90.12513,29.95139],[-90.12507,29.95144],[-90.124975,29.95153],[-90.12488,29.95162],[-90.124785,29.95171],[-90.12469,29.9518],[-90.124595,29.95189],[-90.1245,29.95198],[-90.124405,29.95207],[-90.12431,29.95216],[-90.124225,29.952241],[-90.12414,29.952323],[-90.124055,29.952404],[-90.12397,29.952485],[-90.123885,29.952566],[-90.1238,29.952648],[-90.123715,29.952729],[-90.12363,29.95281],[-90.123669,29.95284],[-90.12363,29.95281],[-90.12356,29.95287],[-90.123423,29.952998],[-90.123285,29.953125],[-90.123148,29.953253],[-90.12301,29.95338],[-90.12292,29.95346],[-90.1228,29.95357],[-90.122715,29.953651],[-90.12263,29.953733],[-90.122545,29.953814],[-90.12246,29.953895],[-90.122375,29.953976],[-90.12229,29.954058],[-90.122205,29.954139],[-90.122151,29.954248],[-90.12211,29.95421],[-90.12204,29.95428],[-90.121933,29.95438],[-90.121825,29.95448],[-90.121718,29.95458],[-90.12161,29.95468],[-90.121515,29.954765],[-90.12142,29.95485],[-90.12129,29.95498],[-90.12115,29.95512],[-90.12101,29.955255],[-90.12087,29.95539],[-90.120829,29.955552]]},"properties":{"route_name":"12","type":"Streetcar","network":"NORTA","color":"#006737"}},{"type":"Feature","geometry":{"type":"LineString","coordinates":[[-90.078192,29.945495],[-90.078054,29.945472],[-90.077916,29.945448],[-90.077746,29.945449],[-90.077598,29.945484],[-90.077451,29.945519],[-90.077338,29.945612],[-90.077225,29.945706],[-90.077149,29.945795],[-90.077073,29.945885],[-90.076996,29.945974],[-90.07692,29.946064],[-90.076898,29.946168],[-90.076877,29.946273],[-90.076855,29.946377],[-90.076834,29.946482],[-90.076811,29.946654],[-90.076789,29.946826],[-90.07677,29.947014],[-90.076751,29.947201],[-90.076725,29.947301],[-90.076699,29.9474],[-90.076672,29.947499],[-90.076646,29.947598],[-90.07662,29.947697],[-90.076594,29.947797],[-90.076568,29.947896],[-90.076542,29.947995],[-90.076502,29.948118],[-90.076463,29.94824],[-90.076424,29.948363],[-90.076384,29.948485],[-90.076345,29.948608],[-90.076305,29.94873],[-90.076266,29.948853],[-90.076227,29.948975],[-90.076199,29.949069],[-90.076172,29.949163],[-90.076145,29.949257],[-90.076117,29.949351],[-90.07609,29.949444],[-90.076063,29.949538],[-90.076035,29.949632],[-90.076008,29.949726],[-90.075981,29.94982],[-90.075953,29.949914],[-90.075926,29.950007],[-90.075899,29.950101],[-90.075871,29.950195],[-90.075844,29.950289],[-90.075817,29.950383],[-90.07579,29.950477],[-90.075745,29.950569],[-90.075729,29.950674],[-90.075712,29.950778],[-90.075696,29.950883],[-90.07568,29.950988],[-90.075687,29.951139],[-90.075695,29.95129],[-90.075703,29.951441],[-90.07571,29.951592],[-90.075701,29.951728],[-90.075692,29.951864],[-90.075682,29.951999],[-90.075673,29.952135],[-90.075647,29.952231],[-90.075622,29.952326],[-90.075596,29.952421],[-90.075571,29.952517],[-90.075545,29.952612],[-90.07552,29.952707],[-90.075494,29.952802],[-90.075469,29.952898],[-90.075415,29.953057],[-90.075362,29.953216],[-90.075308,29.953375],[-90.075254,29.953534],[-90.075201,29.953693],[-90.075147,29.953852],[-90.075093,29.954011],[-90.07504,29.95417],[-90.074959,29.954333],[-90.074879,29.954495],[-90.074735,29.954608],[-90.074591,29.95472],[-90.074511,29.954816],[-90.074432,29.954913],[-90.074352,29.955009],[-90.074272,29.955105],[-90.074193,29.955201],[-90.074113,29.955298],[-90.074033,29.955394],[-90.073954,29.95549],[-90.073853,29.95559],[-90.073752,29.955689],[-90.073652,29.955789],[-90.073551,29.955889],[-90.0734,29.95594],[-90.073236,29.955934],[-90.073143,29.955859],[-90.07305,29.955784],[-90.072919,29.955719],[-90.072771,29.955715],[-90.072647,29.955789],[-90.072528,29.955921],[-90.072409,29.956052],[-90.072289,29.956184],[-90.07217,29.956315],[-90.072091,29.956405],[-90.072012,29.956494],[-90.071933,29.956584],[-90.071853,29.956673],[-90.071774,29.956762],[-90.071695,29.956852],[-90.071615,29.956941],[-90.071536,29.95703],[-90.071426,29.957151],[-90.071316,29.957272],[-90.071206,29.957393],[-90.071096,29.957514],[-90.070975,29.957653],[-90.070854,29.957793],[-90.070734,29.957932],[-90.070613,29.958072],[-90.070544,29.958149],[-90.070475,29.958226],[-90.070406,29.958303],[-90.070337,29.95838],[-90.070268,29.958457],[-90.070198,29.958534],[-90.070129,29.958611],[-90.07006,29.958688],[-90.069991,29.958765],[-90.069922,29.958841],[-90.069853,29.958918],[-90.069784,29.958995],[-90.069715,29.959072],[-90.069646,29.959149],[-90.069576,29.959226],[-90.069507,29.959303],[-90.069416,29.959403],[-90.069324,29.959502],[-90.069232,29.959602],[-90.069141,29.959701],[-90.069049,29.959801],[-90.068957,29.9599],[-90.068866,29.96],[-90.068774,29.960099],[-90.068701,29.960182],[-90.068629,29.960266],[-90.068556,29.960349],[-90.068484,29.960433],[-90.068411,29.960516],[-90.068338,29.9606],[-90.068266,29.960683],[-90.068193,29.960767],[-90.068085,29.960891],[-90.067977,29.961015],[-90.067869,29.961139],[-90.067761,29.961263],[-90.067643,29.961386],[-90.067525,29.961508],[-90.067452,29.96159],[-90.067379,29.961672],[-90.067306,29.961754],[-90.067233,29.961836],[-90.06716,29.961918],[-90.067086,29.962],[-90.067013,29.962082],[-90.06694,29.962164],[-90.066857,29.962259],[-90.066773,29.962353],[-90.06669,29.962448],[-90.066607,29.962543],[-90.066524,29.962637],[-90.06644,29.962732],[-90.066357,29.962827],[-90.066274,29.962921],[-90.06619,29.963016],[-90.066107,29.963111],[-90.066024,29.963206],[-90.06594,29.9633],[-90.065857,29.963395],[-90.065774,29.96349],[-90.06569,29.963584],[-90.065607,29.963679],[-90.065487,29.96381],[-90.065368,29.963941],[-90.065248,29.964071],[-90.065129,29.964202],[-90.065009,29.964333],[-90.06489,29.964464],[-90.06477,29.964595],[-90.064651,29.964725],[-90.064538,29.964857],[-90.064425,29.964989],[-90.064312,29.965121],[-90.064199,29.965253],[-90.064086,29.965385],[-90.063973,29.965516],[-90.06386,29.965648],[-90.063747,29.96578],[-90.063677,29.96586],[-90.063606,29.96594],[-90.063536,29.966019],[-90.063465,29.966099],[-90.063395,29.966179],[-90.063324,29.966259],[-90.063254,29.966339],[-90.063183,29.966418],[-90.063095,29.966516],[-90.063006,29.966614],[-90.062917,29.966712],[-90.062828,29.96681],[-90.062739,29.966908],[-90.06265,29.967006],[-90.062561,29.967103],[-90.062473,29.967201],[-90.062351,29.967327],[-90.06223,29.967453],[-90.062108,29.96758],[-90.061987,29.967706],[-90.061846,29.967783],[-90.061705,29.96786],[-90.061565,29.967937],[-90.061424,29.968015],[-90.0613,29.968056],[-90.061177,29.968098],[-90.061054,29.96814],[-90.06093,29.968182],[-90.060812,29.968199],[-90.060693,29.968215],[-90.060575,29.968232],[-90.060457,29.968248],[-90.0603,29.968251],[-90.060144,29.968253],[-90.060009,29.968262],[-90.059874,29.968271],[-90.059739,29.968281],[-90.059604,29.96829],[-90.059429,29.96831],[-90.059253,29.968329],[-90.059077,29.968349],[-90.058902,29.968369],[-90.058791,29.968394],[-90.05868,29.968419],[-90.05857,29.968444],[-90.058459,29.968469],[-90.058349,29.968494],[-90.058238,29.968519],[-90.058127,29.968544],[-90.058017,29.968569],[-90.057854,29.968571],[-90.057691,29.968574],[-90.057529,29.968577],[-90.057366,29.96858]]},"properties":{"route_name":"46","type":"Streetcar","network":"NORTA","color":"#B94BBC"}},{"type":"Feature","geometry":{"type":"LineString","coordinates":[[-90.057366,29.96858],[-90.0574,29.96867],[-90.057569,29.968568],[-90.057773,29.968556],[-90.057976,29.968544],[-90.058179,29.968532],[-90.0583,29.968507],[-90.058421,29.968482],[-90.058541,29.968457],[-90.058662,29.968432],[-90.058783,29.968407],[-90.058892,29.968385],[-90.059001,29.968363],[-90.05911,29.968341],[-90.059219,29.968319],[-90.059337,29.968309],[-90.059455,29.968299],[-90.059573,29.968288],[-90.059691,29.968278],[-90.059809,29.968268],[-90.059927,29.968258],[-90.060045,29.968248],[-90.060163,29.968238],[-90.060298,29.968246],[-90.060411,29.968235],[-90.060525,29.968224],[-90.060643,29.968209],[-90.060761,29.968194],[-90.060895,29.968182],[-90.061055,29.968132],[-90.061215,29.968083],[-90.061326,29.968045],[-90.061438,29.968008],[-90.061552,29.967943],[-90.061666,29.967879],[-90.06178,29.967815],[-90.061894,29.967751],[-90.061989,29.967663],[-90.062085,29.967575],[-90.062181,29.967488],[-90.062277,29.9674],[-90.062351,29.967318],[-90.062424,29.967235],[-90.062498,29.967153],[-90.062572,29.96707],[-90.062646,29.966988],[-90.062719,29.966906],[-90.062793,29.966823],[-90.062867,29.966741],[-90.06294,29.966658],[-90.063014,29.966576],[-90.063088,29.966494],[-90.063162,29.966411],[-90.063235,29.966329],[-90.063309,29.966246],[-90.063383,29.966164],[-90.063456,29.966082],[-90.063545,29.965985],[-90.063634,29.965889],[-90.063722,29.965792],[-90.063811,29.965696],[-90.063843,29.965682],[-90.063917,29.965594],[-90.06399,29.965505],[-90.064064,29.965417],[-90.064137,29.965328],[-90.064211,29.96524],[-90.064285,29.965151],[-90.064358,29.965063],[-90.064432,29.964975],[-90.064509,29.964888],[-90.064586,29.964801],[-90.064663,29.964714],[-90.06474,29.964628],[-90.064817,29.964541],[-90.064894,29.964454],[-90.064972,29.964367],[-90.065049,29.96428],[-90.065126,29.964194],[-90.065203,29.964107],[-90.06528,29.96402],[-90.065357,29.963933],[-90.065434,29.963847],[-90.065511,29.96376],[-90.065588,29.963673],[-90.065666,29.963586],[-90.065718,29.963559],[-90.065792,29.963475],[-90.065865,29.96339],[-90.065939,29.963306],[-90.066013,29.963222],[-90.066086,29.963138],[-90.06616,29.963053],[-90.066234,29.962969],[-90.066307,29.962885],[-90.066381,29.9628],[-90.066455,29.962716],[-90.066528,29.962632],[-90.066602,29.962548],[-90.066676,29.962463],[-90.066749,29.962379],[-90.066823,29.962295],[-90.066897,29.962211],[-90.067007,29.962087],[-90.067118,29.961964],[-90.067229,29.96184],[-90.067339,29.961717],[-90.06745,29.961593],[-90.067561,29.96147],[-90.067671,29.961346],[-90.067782,29.961223],[-90.067879,29.96114],[-90.067954,29.961055],[-90.068028,29.960971],[-90.068103,29.960886],[-90.068178,29.960802],[-90.068253,29.960717],[-90.068327,29.960633],[-90.068402,29.960548],[-90.068477,29.960463],[-90.068552,29.960379],[-90.068626,29.960294],[-90.068701,29.96021],[-90.068776,29.960125],[-90.06885,29.960041],[-90.068925,29.959956],[-90.069,29.959871],[-90.069075,29.959787],[-90.069172,29.959678],[-90.069269,29.95957],[-90.069366,29.959462],[-90.069463,29.959353],[-90.06956,29.959245],[-90.069657,29.959136],[-90.069754,29.959028],[-90.069851,29.958919],[-90.069948,29.958811],[-90.070045,29.958702],[-90.070142,29.958594],[-90.070239,29.958486],[-90.070336,29.958377],[-90.070434,29.958269],[-90.070531,29.95816],[-90.070628,29.958052],[-90.070708,29.957974],[-90.0708,29.957865],[-90.070892,29.957756],[-90.070984,29.957647],[-90.071076,29.957539],[-90.07118,29.957422],[-90.071285,29.957306],[-90.07139,29.95719],[-90.071495,29.957073],[-90.0716,29.956957],[-90.071705,29.95684],[-90.071809,29.956724],[-90.071914,29.956608],[-90.072019,29.956491],[-90.072124,29.956375],[-90.072229,29.956259],[-90.072333,29.956142],[-90.072438,29.956026],[-90.072543,29.95591],[-90.072648,29.955793],[-90.072753,29.955677],[-90.072927,29.955793],[-90.073101,29.955909],[-90.073247,29.956002],[-90.073394,29.956095],[-90.073547,29.956116],[-90.073619,29.956033],[-90.073691,29.95595],[-90.073763,29.955868],[-90.073835,29.955785],[-90.073907,29.955702],[-90.073979,29.95562],[-90.074051,29.955537],[-90.074123,29.955454],[-90.074195,29.955371],[-90.074267,29.955289],[-90.074339,29.955206],[-90.074412,29.955123],[-90.074484,29.95504],[-90.074556,29.954958],[-90.074628,29.954875],[-90.0747,29.954792],[-90.074692,29.9548],[-90.074758,29.954692],[-90.074825,29.954584],[-90.074891,29.954476],[-90.074958,29.954369],[-90.075001,29.954256],[-90.075044,29.954144],[-90.075087,29.954032],[-90.07513,29.95392],[-90.075172,29.953808],[-90.075215,29.953696],[-90.075258,29.953584],[-90.075301,29.953472],[-90.075341,29.953337],[-90.075381,29.953203],[-90.075421,29.953069],[-90.075461,29.952935],[-90.075501,29.952801],[-90.075541,29.952666],[-90.075581,29.952532],[-90.07562,29.952398],[-90.075649,29.952235],[-90.075677,29.952071],[-90.075705,29.951908],[-90.075733,29.951745],[-90.075741,29.951575],[-90.075749,29.951405],[-90.075756,29.951235],[-90.075764,29.951065],[-90.075796,29.950903],[-90.075828,29.950741],[-90.075859,29.95058],[-90.075891,29.950418],[-90.075929,29.9503],[-90.075966,29.950182],[-90.076003,29.950064],[-90.076041,29.949946],[-90.076078,29.949828],[-90.076116,29.94971],[-90.076153,29.949592],[-90.07619,29.949474],[-90.076224,29.949357],[-90.076257,29.949239],[-90.07629,29.949121],[-90.076323,29.949003],[-90.076356,29.948885],[-90.07639,29.948767],[-90.076423,29.948649],[-90.076456,29.948531],[-90.076489,29.948413],[-90.076522,29.948296],[-90.076556,29.948178],[-90.076589,29.94806],[-90.076622,29.947942],[-90.076655,29.947824],[-90.076688,29.947706],[-90.076722,29.947588],[-90.076756,29.94743],[-90.076791,29.947271],[-90.076814,29.947121],[-90.076838,29.946972],[-90.076861,29.946822],[-90.076884,29.946672],[-90.076884,29.946573],[-90.076884,29.946475],[-90.076902,29.946365],[-90.076919,29.946256],[-90.076983,29.946117],[-90.077071,29.945964],[-90.077158,29.945812],[-90.077253,29.945694],[-90.077348,29.945575],[-90.07747,29.945518],[-90.077592,29.945461],[-90.077747,29.945451],[-90.077901,29.94544],[-90.078046,29.945468],[-90.078192,29.945495]]},"properties":{"route_name":"46","type":"Streetcar","network":"NORTA","color":"#B94BBC"}},{"type":"Feature","geometry":{"type":"LineString","coordinates":[[-90.110564,29.98277],[-90.11057,29.98269],[-90.1106,29.98269],[-90.11066,29.98268],[-90.1107,29.98266],[-90.11074,29.98263],[-90.11078,29.98259],[-90.11078,29.98244],[-90.110785,29.9823],[-90.11079,29.98216],[-90.11092,29.98211],[-90.111095,29.98204],[-90.11127,29.98197],[-90.11128,29.98195],[-90.11128,29.98193],[-90.11129,29.98192],[-90.1113,29.9819],[-90.11131,29.98187],[-90.11132,29.98185],[-90.11132,29.98183],[-90.11131,29.98176],[-90.1113,29.98169],[-90.11129,29.98168],[-90.11129,29.98166],[-90.11128,29.98163],[-90.11121,29.9816],[-90.11113,29.98154],[-90.11098,29.98144],[-90.110835,29.981343],[-90.11069,29.981245],[-90.110545,29.981148],[-90.1104,29.98105],[-90.11033,29.98101],[-90.1102,29.98092],[-90.110107,29.980855],[-90.110015,29.98079],[-90.109922,29.980725],[-90.10983,29.98066],[-90.10972,29.980585],[-90.10961,29.98051],[-90.10946,29.98041],[-90.10931,29.98031],[-90.109182,29.980223],[-90.109055,29.980135],[-90.108927,29.980048],[-90.1088,29.97996],[-90.10875,29.97994],[-90.10873,29.97992],[-90.10872,29.97991],[-90.108659,29.979974],[-90.10872,29.97991],[-90.10869,29.97989],[-90.10864,29.97986],[-90.108525,29.97978],[-90.10841,29.9797],[-90.108272,29.979608],[-90.108135,29.979515],[-90.107997,29.979423],[-90.10786,29.97933],[-90.107725,29.97924],[-90.10759,29.97915],[-90.10745,29.979055],[-90.10731,29.97896],[-90.107217,29.978898],[-90.107125,29.978835],[-90.107032,29.978773],[-90.10694,29.97871],[-90.10688,29.97877],[-90.10685,29.9788],[-90.106785,29.978755],[-90.10685,29.9788],[-90.10688,29.97877],[-90.10694,29.97871],[-90.106825,29.978631],[-90.10671,29.978553],[-90.106595,29.978474],[-90.10648,29.978395],[-90.106365,29.978316],[-90.10625,29.978238],[-90.106135,29.978159],[-90.10602,29.97808],[-90.105902,29.978003],[-90.105785,29.977925],[-90.105667,29.977848],[-90.10555,29.97777],[-90.105437,29.977693],[-90.105325,29.977615],[-90.105212,29.977538],[-90.1051,29.97746],[-90.10501,29.9774],[-90.104979,29.97744],[-90.10501,29.9774],[-90.104906,29.97733],[-90.104802,29.97726],[-90.104699,29.97719],[-90.104595,29.97712],[-90.104491,29.97705],[-90.104387,29.97698],[-90.104284,29.97691],[-90.10418,29.97684],[-90.104066,29.976763],[-90.103952,29.976685],[-90.103839,29.976608],[-90.103725,29.97653],[-90.103611,29.976453],[-90.103497,29.976375],[-90.103384,29.976298],[-90.10327,29.97622],[-90.10319,29.97617],[-90.103129,29.976237],[-90.10319,29.97617],[-90.103067,29.976085],[-90.102945,29.976],[-90.102822,29.975915],[-90.1027,29.97583],[-90.102605,29.97577],[-90.10251,29.97571],[-90.10235,29.97559],[-90.102185,29.97548],[-90.10202,29.97537],[-90.10193,29.97531],[-90.10184,29.97525],[-90.1017,29.97516],[-90.10157,29.97507],[-90.10144,29.97498],[-90.10139,29.97495],[-90.10131,29.97489],[-90.101172,29.974798],[-90.101035,29.974705],[-90.100897,29.974613],[-90.10076,29.97452],[-90.100675,29.974455],[-90.10059,29.97439],[-90.1005,29.97433],[-90.10043,29.97428],[-90.100371,29.974352],[-90.10043,29.97428],[-90.10027,29.97418],[-90.100165,29.974107],[-90.10006,29.974035],[-90.099954,29.973962],[-90.099849,29.973889],[-90.099744,29.973817],[-90.099639,29.973744],[-90.099533,29.973671],[-90.099428,29.973599],[-90.099323,29.973526],[-90.099218,29.973453],[-90.099112,29.973381],[-90.099007,29.973308],[-90.098902,29.973235],[-90.098797,29.973163],[-90.098692,29.97309],[-90.098586,29.973017],[-90.098514,29.973097],[-90.098576,29.972999],[-90.098432,29.972912],[-90.098288,29.972824],[-90.098144,29.972737],[-90.098,29.97265],[-90.097895,29.972575],[-90.09779,29.9725],[-90.09769,29.97244],[-90.09762,29.97239],[-90.097477,29.972293],[-90.097335,29.972195],[-90.097192,29.972098],[-90.09705,29.972],[-90.09696,29.97194],[-90.09693,29.97192],[-90.0969,29.9719],[-90.09686,29.97187],[-90.0968,29.97193],[-90.096745,29.971899],[-90.0968,29.97193],[-90.09686,29.97187],[-90.09679,29.97183],[-90.09666,29.97174],[-90.09653,29.97165],[-90.09648,29.97162],[-90.096385,29.971555],[-90.09629,29.97149],[-90.096195,29.971425],[-90.0961,29.97136],[-90.09604,29.97132],[-90.095945,29.971254],[-90.09585,29.971188],[-90.095755,29.971121],[-90.09566,29.971055],[-90.095565,29.970989],[-90.09547,29.970923],[-90.095375,29.970856],[-90.09528,29.97079],[-90.095212,29.970868],[-90.09528,29.97079],[-90.09522,29.97075],[-90.09508,29.97066],[-90.095,29.97061],[-90.094865,29.970518],[-90.09473,29.970425],[-90.094595,29.970333],[-90.09446,29.97024],[-90.09437,29.97018],[-90.09422,29.97008],[-90.09413,29.97001],[-90.09401,29.969935],[-90.09389,29.96986],[-90.09381,29.9698],[-90.093751,29.969875],[-90.09381,29.9698],[-90.093715,29.969738],[-90.09362,29.969675],[-90.093525,29.969613],[-90.09343,29.96955],[-90.09334,29.96948],[-90.09318,29.96938],[-90.09307,29.969305],[-90.09296,29.96923],[-90.092857,29.969159],[-90.092755,29.969088],[-90.092652,29.969016],[-90.09255,29.968945],[-90.092447,29.968874],[-90.092345,29.968803],[-90.092242,29.968731],[-90.09214,29.96866],[-90.092075,29.968731],[-90.09214,29.96866],[-90.09205,29.96861],[-90.091927,29.968525],[-90.091805,29.96844],[-90.091682,29.968355],[-90.09156,29.96827],[-90.09151,29.96824],[-90.09143,29.96818],[-90.09133,29.96812],[-90.091266,29.968183],[-90.09133,29.96812],[-90.091195,29.96803],[-90.09106,29.96794],[-90.09097,29.96787],[-90.09095,29.96786],[-90.090805,29.96776],[-90.09066,29.96766],[-90.09064,29.96765],[-90.09058,29.96761],[-90.090457,29.967528],[-90.090335,29.967445],[-90.090212,29.967363],[-90.09009,29.96728],[-90.089995,29.967215],[-90.0899,29.96715],[-90.08983,29.9671],[-90.08974,29.96704],[-90.08959,29.966935],[-90.08944,29.96683],[-90.08933,29.966758],[-90.08922,29.966685],[-90.08911,29.966613],[-90.089,29.96654],[-90.088935,29.966606],[-90.088793,29.96651],[-90.08865,29.966414],[-90.088508,29.966318],[-90.088365,29.966222],[-90.088223,29.966126],[-90.088081,29.966031],[-90.087938,29.965935],[-90.087796,29.965839],[-90.087678,29.965761],[-90.08756,29.965683],[-90.087455,29.96558],[-90.087351,29.965477],[-90.087246,29.965373],[-90.087142,29.96527],[-90.087035,29.9652],[-90.086927,29.96513],[-90.08682,29.96506],[-90.086655,29.96495],[-90.08649,29.96484],[-90.08639,29.96477],[-90.08629,29.9647],[-90.086155,29.96461],[-90.08602,29.96452],[-90.08589,29.96443],[-90.085816,29.964509],[-90.08589,29.96443],[-90.08578,29.96436],[-90.085687,29.964298],[-90.085595,29.964235],[-90.085502,29.964173],[-90.08541,29.96411],[-90.08529,29.96403],[-90.08513,29.96392],[-90.08497,29.96381],[-90.084859,29.963735],[-90.084747,29.96366],[-90.084636,29.963585],[-90.084525,29.96351],[-90.084414,29.963435],[-90.084302,29.96336],[-90.084191,29.963285],[-90.08408,29.96321],[-90.08402,29.96328],[-90.083951,29.963243],[-90.08402,29.96328],[-90.08408,29.96321],[-90.08395,29.963123],[-90.08382,29.963035],[-90.08369,29.962948],[-90.08356,29.96286],[-90.083472,29.9628],[-90.083385,29.96274],[-90.083297,29.96268],[-90.08321,29.96262],[-90.08306,29.96252],[-90.08295,29.962445],[-90.08284,29.96237],[-90.08273,29.962295],[-90.08262,29.96222],[-90.08254,29.96216],[-90.082467,29.962243],[-90.08254,29.96216],[-90.08243,29.96209],[-90.082335,29.962025],[-90.08224,29.96196],[-90.08212,29.96188],[-90.081975,29.961785],[-90.08183,29.96169],[-90.081705,29.9616],[-90.08158,29.96151],[-90.08144,29.96142],[-90.08137,29.96137],[-90.081271,29.961304],[-90.081172,29.961238],[-90.081074,29.961171],[-90.080975,29.961105],[-90.080876,29.961039],[-90.080777,29.960973],[-90.080679,29.960906],[-90.08058,29.96084],[-90.0805,29.96079],[-90.080438,29.960859],[-90.0805,29.96079],[-90.0804,29.960721],[-90.0803,29.960653],[-90.0802,29.960584],[-90.0801,29.960515],[-90.08,29.960446],[-90.0799,29.960378],[-90.0798,29.960309],[-90.0797,29.96024],[-90.079591,29.960166],[-90.079482,29.960093],[-90.079374,29.960019],[-90.079265,29.959945],[-90.079156,29.959871],[-90.079047,29.959798],[-90.078939,29.959724],[-90.07883,29.95965],[-90.0787,29.95957],[-90.078565,29.959475],[-90.07843,29.95938],[-90.078325,29.959305],[-90.07822,29.95923],[-90.078156,29.959296],[-90.07822,29.95923],[-90.07805,29.95911],[-90.07795,29.95904],[-90.07794,29.95903],[-90.07792,29.95902],[-90.07791,29.95901],[-90.07784,29.95897],[-90.07782,29.95895],[-90.0778,29.95894],[-90.07778,29.95893],[-90.07773,29.95889],[-90.07756,29.95878],[-90.07742,29.958685],[-90.07728,29.95859],[-90.07714,29.9585],[-90.07704,29.95843],[-90.07694,29.95836],[-90.07684,29.958295],[-90.07674,29.95823],[-90.07666,29.95817],[-90.07654,29.95809],[-90.076435,29.95802],[-90.07633,29.95795],[-90.07617,29.95784],[-90.07601,29.95773],[-90.075895,29.957653],[-90.07578,29.957575],[-90.075665,29.957498],[-90.07555,29.95742],[-90.07551,29.957485],[-90.07555,29.95742],[-90.0754,29.95732],[-90.07525,29.95721],[-90.07509,29.957105],[-90.07493,29.957],[-90.07483,29.95693],[-90.07471,29.95685],[-90.07464,29.9568],[-90.07449,29.9567],[-90.07434,29.95659],[-90.07422,29.95651],[-90.07417,29.95648],[-90.0741,29.95643],[-90.07407,29.95641],[-90.07404,29.95639],[-90.07401,29.95637],[-90.073895,29.95629],[-90.07378,29.95621],[-90.07364,29.95612],[-90.07359,29.95609],[-90.07355,29.95606],[-90.07346,29.956],[-90.07342,29.95597],[-90.07337,29.95593],[-90.07324,29.95585],[-90.07309,29.95574],[-90.07305,29.955784],[-90.07309,29.95574],[-90.072995,29.95568],[-90.0729,29.95562],[-90.07277,29.95554],[-90.072667,29.95547],[-90.072565,29.9554],[-90.072429,29.955308],[-90.072293,29.955216],[-90.072158,29.955124],[-90.072022,29.955032],[-90.071886,29.95494],[-90.07175,29.954848],[-90.071615,29.954755],[-90.071479,29.954663],[-90.071343,29.954571],[-90.071207,29.954479],[-90.071072,29.954387],[-90.070936,29.954295],[-90.0708,29.954203],[-90.070664,29.954111],[-90.070529,29.954019],[-90.070393,29.953927],[-90.070217,29.953843],[-90.070041,29.953759],[-90.069894,29.953641],[-90.069746,29.953524],[-90.069599,29.953406],[-90.069452,29.953288],[-90.06928,29.95317],[-90.06918,29.9531],[-90.06905,29.95301],[-90.0689,29.95291],[-90.06875,29.95281],[-90.06861,29.952715],[-90.06847,29.95262],[-90.06832,29.95252],[-90.06822,29.952455],[-90.06812,29.95239],[-90.06809,29.95237],[-90.06802,29.95232],[-90.068002,29.952342],[-90.06802,29.95232],[-90.06796,29.95228],[-90.06792,29.95226],[-90.06783,29.95219],[-90.06771,29.95211],[-90.06759,29.95203],[-90.06744,29.95193],[-90.06737,29.95189],[-90.06726,29.95181],[-90.06716,29.95174],[-90.06706,29.95167],[-90.06689,29.951555],[-90.06672,29.95144],[-90.06658,29.95134],[-90.06653,29.95131],[-90.066437,29.951243],[-90.066345,29.951175],[-90.066252,29.951108],[-90.06616,29.95104],[-90.066065,29.950975],[-90.06597,29.95091],[-90.06581,29.95079],[-90.065751,29.950859],[-90.06581,29.95079],[-90.06575,29.95075],[-90.06562,29.95067],[-90.06549,29.95059],[-90.06533,29.95048],[-90.065165,29.95037],[-90.065,29.95026],[-90.064835,29.95015],[-90.064728,29.950123],[-90.064622,29.950095]]},"properties":{"route_name":"47","type":"Streetcar","network":"NORTA","color":"#FFCB05"}},{"type":"Feature","geometry":{"type":"LineString","coordinates":[[-90.088935,29.966606],[-90.088793,29.96651],[-90.08865,29.966414],[-90.088508,29.966318],[-90.088365,29.966222],[-90.088223,29.966126],[-90.088081,29.966031],[-90.087938,29.965935],[-90.087796,29.965839],[-90.087678,29.965761],[-90.08756,29.965683],[-90.087455,29.96558],[-90.087351,29.965477],[-90.087246,29.965373],[-90.087142,29.96527],[-90.087035,29.9652],[-90.086927,29.96513],[-90.08682,29.96506],[-90.086655,29.96495],[-90.08649,29.96484],[-90.08639,29.96477],[-90.08629,29.9647],[-90.086155,29.96461],[-90.08602,29.96452],[-90.08589,29.96443],[-90.085816,29.964509],[-90.08589,29.96443],[-90.08578,29.96436],[-90.085687,29.964298],[-90.085595,29.964235],[-90.085502,29.964173],[-90.08541,29.96411],[-90.08529,29.96403],[-90.08513,29.96392],[-90.08497,29.96381],[-90.084859,29.963735],[-90.084747,29.96366],[-90.084636,29.963585],[-90.084525,29.96351],[-90.084414,29.963435],[-90.084302,29.96336],[-90.084191,29.963285],[-90.08408,29.96321],[-90.08402,29.96328],[-90.083951,29.963243],[-90.08402,29.96328],[-90.08408,29.96321],[-90.08395,29.963123],[-90.08382,29.963035],[-90.08369,29.962948],[-90.08356,29.96286],[-90.083472,29.9628],[-90.083385,29.96274],[-90.083297,29.96268],[-90.08321,29.96262],[-90.08306,29.96252],[-90.08295,29.962445],[-90.08284,29.96237],[-90.08273,29.962295],[-90.08262,29.96222],[-90.08254,29.96216],[-90.082467,29.962243],[-90.08254,29.96216],[-90.08243,29.96209],[-90.082335,29.962025],[-90.08224,29.96196],[-90.08212,29.96188],[-90.081975,29.961785],[-90.08183,29.96169],[-90.081705,29.9616],[-90.08158,29.96151],[-90.08144,29.96142],[-90.08137,29.96137],[-90.081271,29.961304],[-90.081172,29.961238],[-90.081074,29.961171],[-90.080975,29.961105],[-90.080876,29.961039],[-90.080777,29.960973],[-90.080679,29.960906],[-90.08058,29.96084],[-90.0805,29.96079],[-90.080438,29.960859],[-90.0805,29.96079],[-90.0804,29.960721],[-90.0803,29.960653],[-90.0802,29.960584],[-90.0801,29.960515],[-90.08,29.960446],[-90.0799,29.960378],[-90.0798,29.960309],[-90.0797,29.96024],[-90.079591,29.960166],[-90.079482,29.960093],[-90.079374,29.960019],[-90.079265,29.959945],[-90.079156,29.959871],[-90.079047,29.959798],[-90.078939,29.959724],[-90.07883,29.95965],[-90.0787,29.95957],[-90.078565,29.959475],[-90.07843,29.95938],[-90.078325,29.959305],[-90.07822,29.95923],[-90.078156,29.959296],[-90.07822,29.95923],[-90.07805,29.95911],[-90.07795,29.95904],[-90.07794,29.95903],[-90.07792,29.95902],[-90.07791,29.95901],[-90.07784,29.95897],[-90.07782,29.95895],[-90.0778,29.95894],[-90.07778,29.95893],[-90.07773,29.95889],[-90.07756,29.95878],[-90.07742,29.958685],[-90.07728,29.95859],[-90.07714,29.9585],[-90.07704,29.95843],[-90.07694,29.95836],[-90.07684,29.958295],[-90.07674,29.95823],[-90.07666,29.95817],[-90.07654,29.95809],[-90.076435,29.95802],[-90.07633,29.95795],[-90.07617,29.95784],[-90.07601,29.95773],[-90.075895,29.957653],[-90.07578,29.957575],[-90.075665,29.957498],[-90.07555,29.95742],[-90.07551,29.957485],[-90.07555,29.95742],[-90.0754,29.95732],[-90.07525,29.95721],[-90.07509,29.957105],[-90.07493,29.957],[-90.07483,29.95693],[-90.07471,29.95685],[-90.07464,29.9568],[-90.07449,29.9567],[-90.07434,29.95659],[-90.07422,29.95651],[-90.07417,29.95648],[-90.0741,29.95643],[-90.07407,29.95641],[-90.07404,29.95639],[-90.07401,29.95637],[-90.073895,29.95629],[-90.07378,29.95621],[-90.07364,29.95612],[-90.07359,29.95609],[-90.07355,29.95606],[-90.07346,29.956],[-90.07342,29.95597],[-90.07337,29.95593],[-90.07324,29.95585],[-90.07309,29.95574],[-90.07305,29.955784],[-90.07309,29.95574],[-90.072995,29.95568],[-90.0729,29.95562],[-90.07277,29.95554],[-90.072667,29.95547],[-90.072565,29.9554],[-90.072429,29.955308],[-90.072293,29.955216],[-90.072158,29.955124],[-90.072022,29.955032],[-90.071886,29.95494],[-90.07175,29.954848],[-90.071615,29.954755],[-90.071479,29.954663],[-90.071343,29.954571],[-90.071207,29.954479],[-90.071072,29.954387],[-90.070936,29.954295],[-90.0708,29.954203],[-90.070664,29.954111],[-90.070529,29.954019],[-90.070393,29.953927],[-90.070217,29.953843],[-90.070041,29.953759],[-90.069894,29.953641],[-90.069746,29.953524],[-90.069599,29.953406],[-90.069452,29.953288],[-90.06928,29.95317],[-90.06918,29.9531],[-90.06905,29.95301],[-90.0689,29.95291],[-90.06875,29.95281],[-90.06861,29.952715],[-90.06847,29.95262],[-90.06832,29.95252],[-90.06822,29.952455],[-90.06812,29.95239],[-90.06809,29.95237],[-90.06802,29.95232],[-90.068002,29.952342],[-90.06802,29.95232],[-90.06796,29.95228],[-90.06792,29.95226],[-90.06783,29.95219],[-90.06771,29.95211],[-90.06759,29.95203],[-90.06744,29.95193],[-90.06737,29.95189],[-90.06726,29.95181],[-90.06716,29.95174],[-90.06706,29.95167],[-90.06689,29.951555],[-90.06672,29.95144],[-90.06658,29.95134],[-90.06653,29.95131],[-90.066437,29.951243],[-90.066345,29.951175],[-90.066252,29.951108],[-90.06616,29.95104],[-90.066065,29.950975],[-90.06597,29.95091],[-90.06581,29.95079],[-90.065751,29.950859],[-90.06581,29.95079],[-90.06575,29.95075],[-90.06562,29.95067],[-90.06549,29.95059],[-90.06533,29.95048],[-90.065165,29.95037],[-90.065,29.95026],[-90.064835,29.95015],[-90.064728,29.950123],[-90.064622,29.950095]]},"properties":{"route_name":"47","type":"Streetcar","network":"NORTA","color":"#FFCB05"}},{"type":"Feature","geometry":{"type":"LineString","coordinates":[[-90.064622,29.950095],[-90.06465,29.95002],[-90.064525,29.94994],[-90.0644,29.94986],[-90.06432,29.9498],[-90.06427,29.94977],[-90.06423,29.94973],[-90.06415,29.94974],[-90.06401,29.94977],[-90.06403,29.94984],[-90.06405,29.94988],[-90.06408,29.94991],[-90.064195,29.950005],[-90.06431,29.9501],[-90.064425,29.95018],[-90.06454,29.95026],[-90.06457,29.95028],[-90.0647,29.950365],[-90.06483,29.95045],[-90.06485,29.95047],[-90.06495,29.950535],[-90.06505,29.9506],[-90.06517,29.95068],[-90.06527,29.950745],[-90.06537,29.95081],[-90.065462,29.950873],[-90.065555,29.950935],[-90.065647,29.950998],[-90.06574,29.95106],[-90.065793,29.951016],[-90.06574,29.95106],[-90.06587,29.951145],[-90.066,29.95123],[-90.06607,29.9513],[-90.066192,29.95138],[-90.066315,29.95146],[-90.066437,29.95154],[-90.06656,29.95162],[-90.06666,29.951688],[-90.06676,29.951755],[-90.06686,29.951823],[-90.06696,29.95189],[-90.06711,29.95199],[-90.06723,29.95207],[-90.06739,29.95217],[-90.06748,29.95223],[-90.06759,29.9523],[-90.06768,29.95236],[-90.06782,29.952455],[-90.06796,29.95255],[-90.068,29.95258],[-90.068036,29.952537],[-90.068,29.95258],[-90.06803,29.9526],[-90.06812,29.95266],[-90.068215,29.95273],[-90.06831,29.9528],[-90.06839,29.95285],[-90.06853,29.95295],[-90.06861,29.953],[-90.06874,29.95309],[-90.06887,29.95318],[-90.069,29.95327],[-90.0691,29.953338],[-90.0692,29.953405],[-90.0693,29.953473],[-90.0694,29.95354],[-90.069565,29.95365],[-90.06973,29.95376],[-90.069772,29.953711],[-90.06973,29.95376],[-90.0699,29.95388],[-90.070062,29.95399],[-90.070225,29.9541],[-90.070387,29.95421],[-90.07055,29.95432],[-90.07067,29.9544],[-90.07079,29.95448],[-90.070892,29.95455],[-90.070995,29.95462],[-90.071097,29.95469],[-90.0712,29.95476],[-90.07137,29.95488],[-90.07154,29.955],[-90.0717,29.9551],[-90.07184,29.95518],[-90.071936,29.955246],[-90.072032,29.955313],[-90.072129,29.955379],[-90.072225,29.955445],[-90.072321,29.955511],[-90.072417,29.955578],[-90.072514,29.955644],[-90.07261,29.95571],[-90.07274,29.9558],[-90.07288,29.9559],[-90.07302,29.956],[-90.073101,29.955909],[-90.07302,29.956],[-90.07311,29.95606],[-90.0732,29.95612],[-90.073345,29.95621],[-90.07349,29.9563],[-90.07358,29.95637],[-90.07362,29.9564],[-90.07376,29.9565],[-90.073855,29.956555],[-90.07395,29.95661],[-90.07407,29.9567],[-90.074195,29.956785],[-90.07432,29.95687],[-90.07448,29.95697],[-90.07462,29.95707],[-90.074727,29.957143],[-90.074835,29.957215],[-90.074942,29.957288],[-90.07505,29.95736],[-90.0751,29.9574],[-90.075165,29.957333],[-90.0751,29.9574],[-90.07524,29.95749],[-90.07541,29.95761],[-90.0755,29.95767],[-90.07559,29.95773],[-90.075715,29.957815],[-90.07584,29.9579],[-90.07593,29.95796],[-90.07602,29.95802],[-90.07619,29.95814],[-90.076305,29.958215],[-90.07642,29.95829],[-90.07653,29.95836],[-90.07664,29.95844],[-90.07679,29.95854],[-90.076885,29.958605],[-90.07698,29.95867],[-90.07708,29.958738],[-90.07718,29.958805],[-90.07728,29.958873],[-90.07738,29.95894],[-90.07747,29.959005],[-90.07756,29.95907],[-90.07764,29.95913],[-90.07766,29.95914],[-90.07768,29.95915],[-90.07771,29.95917],[-90.07778,29.95922],[-90.07779,29.95923],[-90.0778,29.95924],[-90.07783,29.95925],[-90.0779,29.9593],[-90.078035,29.95939],[-90.07817,29.95948],[-90.07821,29.95951],[-90.078252,29.95946],[-90.07821,29.95951],[-90.07826,29.95955],[-90.07835,29.95961],[-90.07845,29.959675],[-90.07855,29.95974],[-90.07868,29.95983],[-90.07882,29.959923],[-90.07896,29.960015],[-90.0791,29.960108],[-90.07924,29.9602],[-90.0794,29.960305],[-90.07956,29.96041],[-90.07973,29.960523],[-90.0799,29.960635],[-90.08007,29.960748],[-90.08024,29.96086],[-90.08035,29.96094],[-90.080413,29.960878],[-90.08035,29.96094],[-90.08037,29.96096],[-90.08044,29.961],[-90.08055,29.96108],[-90.080645,29.961144],[-90.08074,29.961208],[-90.080835,29.961271],[-90.08093,29.961335],[-90.081025,29.961399],[-90.08112,29.961463],[-90.081215,29.961526],[-90.08131,29.96159],[-90.08144,29.96168],[-90.08153,29.96174],[-90.08155,29.96175],[-90.081667,29.961833],[-90.081785,29.961915],[-90.081902,29.961998],[-90.08202,29.96208],[-90.08209,29.96213],[-90.082185,29.962195],[-90.08228,29.96226],[-90.08239,29.96233],[-90.0825,29.9624],[-90.082569,29.962319],[-90.0825,29.9624],[-90.08263,29.96249],[-90.08277,29.962585],[-90.08291,29.96268],[-90.08306,29.96278],[-90.08318,29.96286],[-90.0833,29.96294],[-90.08342,29.96302],[-90.08354,29.9631],[-90.08366,29.96319],[-90.08377,29.963265],[-90.08388,29.96334],[-90.083939,29.963274],[-90.08388,29.96334],[-90.08395,29.96338],[-90.084095,29.96348],[-90.08424,29.96358],[-90.08437,29.96367],[-90.08448,29.963745],[-90.08459,29.96382],[-90.0847,29.963895],[-90.08481,29.96397],[-90.084972,29.964078],[-90.085135,29.964185],[-90.085297,29.964293],[-90.08546,29.9644],[-90.08562,29.96451],[-90.08578,29.96462],[-90.085852,29.964545],[-90.08578,29.96462],[-90.08588,29.96469],[-90.08601,29.964775],[-90.08614,29.96486],[-90.08623,29.96492],[-90.08634,29.964995],[-90.08645,29.96507],[-90.08656,29.965145],[-90.08667,29.96522],[-90.08682,29.96532],[-90.08692,29.965395],[-90.08702,29.96547],[-90.08712,29.965545],[-90.08722,29.96562],[-90.08737,29.96571],[-90.0875,29.9658],[-90.08761,29.96587],[-90.087655,29.965811],[-90.08761,29.96587],[-90.08776,29.96597],[-90.08784,29.96602],[-90.087965,29.966105],[-90.08809,29.96619],[-90.08816,29.96624],[-90.08827,29.966315],[-90.08838,29.96639],[-90.088485,29.96646],[-90.08859,29.96653],[-90.08875,29.96664],[-90.0889,29.96674],[-90.088916,29.966624],[-90.0889,29.96674],[-90.08898,29.96679],[-90.0891,29.966875],[-90.08922,29.96696],[-90.08934,29.96704],[-90.089465,29.967125],[-90.08959,29.96721],[-90.08975,29.96732],[-90.08991,29.96743],[-90.090055,29.967525],[-90.0902,29.96762],[-90.09029,29.96768],[-90.09035,29.96772],[-90.09042,29.96777],[-90.09044,29.96778],[-90.09049,29.96781],[-90.09066,29.96793],[-90.090755,29.967995],[-90.09085,29.96806],[-90.09094,29.968125],[-90.09103,29.96819],[-90.09117,29.96828],[-90.091239,29.968199],[-90.09117,29.96828],[-90.09127,29.96835],[-90.09143,29.968458],[-90.091575,29.968552],[-90.09172,29.968647],[-90.091866,29.968741],[-90.092011,29.968835],[-90.09208,29.968748],[-90.092019,29.968845],[-90.092155,29.968938],[-90.092292,29.969031],[-90.092428,29.969124],[-90.092564,29.969217],[-90.092701,29.96931],[-90.092837,29.969404],[-90.092974,29.969497],[-90.09311,29.96959],[-90.093215,29.96966],[-90.09332,29.96973],[-90.093407,29.96979],[-90.093495,29.96985],[-90.093582,29.96991],[-90.09367,29.96997],[-90.093732,29.969894],[-90.09367,29.96997],[-90.09375,29.97002],[-90.09391,29.97013],[-90.09407,29.97024],[-90.09421,29.97035],[-90.0943,29.97041],[-90.09439,29.97047],[-90.09448,29.97053],[-90.09457,29.97059],[-90.09469,29.97067],[-90.09481,29.97075],[-90.09493,29.97083],[-90.09507,29.97092],[-90.09512,29.97085],[-90.09515,29.97081],[-90.09518,29.97079],[-90.09524,29.970849],[-90.09518,29.97079],[-90.09515,29.97081],[-90.09512,29.97085],[-90.09507,29.97092],[-90.095165,29.970985],[-90.09526,29.97105],[-90.095355,29.971115],[-90.09545,29.97118],[-90.095537,29.97124],[-90.095625,29.9713],[-90.095712,29.97136],[-90.0958,29.97142],[-90.09584,29.97145],[-90.09589,29.97148],[-90.09595,29.97152],[-90.096046,29.971584],[-90.096142,29.971648],[-90.096239,29.971711],[-90.096335,29.971775],[-90.096431,29.971839],[-90.096527,29.971903],[-90.096624,29.971966],[-90.09672,29.97203],[-90.09677,29.97197],[-90.09673,29.971924],[-90.09677,29.97197],[-90.09672,29.97203],[-90.09681,29.9721],[-90.09698,29.972215],[-90.09715,29.97233],[-90.09732,29.972445],[-90.09749,29.97256],[-90.09754,29.97259],[-90.09767,29.972675],[-90.0978,29.97276],[-90.09791,29.97284],[-90.09802,29.97292],[-90.098135,29.972964],[-90.09825,29.973009],[-90.098366,29.973053],[-90.098481,29.973097],[-90.098553,29.973176],[-90.098624,29.973255],[-90.098696,29.973334],[-90.098768,29.973412],[-90.09886,29.973477],[-90.098953,29.973541],[-90.099045,29.973605],[-90.099138,29.973669],[-90.09923,29.973733],[-90.099323,29.973798],[-90.099415,29.973862],[-90.099508,29.973926],[-90.0996,29.97399],[-90.099693,29.974054],[-90.099785,29.974119],[-90.099878,29.974183],[-90.099971,29.974247],[-90.100063,29.974311],[-90.100156,29.974375],[-90.100248,29.974439],[-90.100334,29.974411],[-90.100434,29.974497],[-90.100534,29.974583],[-90.100635,29.974669],[-90.100735,29.974755],[-90.10087,29.97485],[-90.10097,29.974918],[-90.10107,29.974985],[-90.10117,29.975053],[-90.10127,29.97512],[-90.10144,29.97524],[-90.101565,29.975325],[-90.10169,29.97541],[-90.10182,29.975495],[-90.10195,29.97558],[-90.102075,29.975665],[-90.1022,29.97575],[-90.10226,29.97579],[-90.102415,29.975895],[-90.10257,29.976],[-90.10265,29.97605],[-90.1027,29.97609],[-90.102787,29.97615],[-90.102875,29.97621],[-90.102962,29.97627],[-90.10305,29.97633],[-90.103088,29.976283],[-90.10305,29.97633],[-90.10312,29.97638],[-90.103224,29.97645],[-90.103327,29.97652],[-90.103431,29.97659],[-90.103535,29.97666],[-90.103639,29.97673],[-90.103742,29.9768],[-90.103846,29.97687],[-90.10395,29.97694],[-90.10405,29.977],[-90.104155,29.977073],[-90.10426,29.977145],[-90.104365,29.977218],[-90.10447,29.97729],[-90.104575,29.977363],[-90.10468,29.977435],[-90.104785,29.977508],[-90.10489,29.97758],[-90.104936,29.977529],[-90.10489,29.97758],[-90.10496,29.97762],[-90.10512,29.97773],[-90.105265,29.97783],[-90.105362,29.977885],[-90.105459,29.97794],[-90.105555,29.977995],[-90.105652,29.97805],[-90.105749,29.978105],[-90.105846,29.97816],[-90.105943,29.978215],[-90.106039,29.978271],[-90.106136,29.978326],[-90.106233,29.978381],[-90.10633,29.978436],[-90.106427,29.978491],[-90.106524,29.978546],[-90.10662,29.978601],[-90.106717,29.978656],[-90.106814,29.978711],[-90.106924,29.978825],[-90.107034,29.97894],[-90.107145,29.979054],[-90.107255,29.979168],[-90.10741,29.97927],[-90.10745,29.97931],[-90.107585,29.9794],[-90.10772,29.97949],[-90.107829,29.979561],[-90.107937,29.979633],[-90.108046,29.979704],[-90.108155,29.979775],[-90.108264,29.979846],[-90.108372,29.979918],[-90.108481,29.979989],[-90.10859,29.98006],[-90.108641,29.980001],[-90.10859,29.98006],[-90.10865,29.9801],[-90.10873,29.98015],[-90.10878,29.98018],[-90.10882,29.98021],[-90.10885,29.98022],[-90.108965,29.980285],[-90.10908,29.98035],[-90.1091,29.98036],[-90.10916,29.9804],[-90.10926,29.98046],[-90.10932,29.98051],[-90.109462,29.98061],[-90.109605,29.98071],[-90.109747,29.98081],[-90.10989,29.98091],[-90.10996,29.98096],[-90.110055,29.981028],[-90.11015,29.981095],[-90.110245,29.981163],[-90.11034,29.98123],[-90.110445,29.981298],[-90.11055,29.981365],[-90.110655,29.981433],[-90.11076,29.9815],[-90.1108,29.98153],[-90.11086,29.98157],[-90.11103,29.98167],[-90.11111,29.98172],[-90.111215,29.981775],[-90.11132,29.98183],[-90.11119,29.98188],[-90.11112,29.98191],[-90.111005,29.981953],[-90.11089,29.981995],[-90.110775,29.982038],[-90.11066,29.98208],[-90.11054,29.98213],[-90.11042,29.98218],[-90.11038,29.98229],[-90.11038,29.98239],[-90.11038,29.98249],[-90.11038,29.98256],[-90.11044,29.98263],[-90.11047,29.98265],[-90.11052,29.98268],[-90.11056,29.98269],[-90.110564,29.98277]]},"properties":{"route_name":"47","type":"Streetcar","network":"NORTA","color":"#FFCB05"}},{"type":"Feature","geometry":{"type":"LineString","coordinates":[[-90.100334,29.974411],[-90.10029,29.97446],[-90.10042,29.97454],[-90.10044,29.97454],[-90.1005,29.97459],[-90.1006,29.97466],[-90.100735,29.974755],[-90.10087,29.97485],[-90.10097,29.974918],[-90.10107,29.974985],[-90.10117,29.975053],[-90.10127,29.97512],[-90.10144,29.97524],[-90.101565,29.975325],[-90.10169,29.97541],[-90.10182,29.975495],[-90.10195,29.97558],[-90.102075,29.975665],[-90.1022,29.97575],[-90.10226,29.97579],[-90.102415,29.975895],[-90.10257,29.976],[-90.10265,29.97605],[-90.1027,29.97609],[-90.102787,29.97615],[-90.102875,29.97621],[-90.102962,29.97627],[-90.10305,29.97633],[-90.103088,29.976283],[-90.10305,29.97633],[-90.10312,29.97638],[-90.103224,29.97645],[-90.103327,29.97652],[-90.103431,29.97659],[-90.103535,29.97666],[-90.103639,29.97673],[-90.103742,29.9768],[-90.103846,29.97687],[-90.10395,29.97694],[-90.10405,29.977],[-90.104155,29.977073],[-90.10426,29.977145],[-90.104365,29.977218],[-90.10447,29.97729],[-90.104575,29.977363],[-90.10468,29.977435],[-90.104785,29.977508],[-90.10489,29.97758],[-90.104936,29.977529],[-90.10489,29.97758],[-90.10496,29.97762],[-90.10512,29.97773],[-90.105265,29.97783],[-90.105362,29.977885],[-90.105459,29.97794],[-90.105555,29.977995],[-90.105652,29.97805],[-90.105749,29.978105],[-90.105846,29.97816],[-90.105943,29.978215],[-90.106039,29.978271],[-90.106136,29.978326],[-90.106233,29.978381],[-90.10633,29.978436],[-90.106427,29.978491],[-90.106524,29.978546],[-90.10662,29.978601],[-90.106717,29.978656],[-90.106814,29.978711],[-90.106924,29.978825],[-90.107034,29.97894],[-90.107145,29.979054],[-90.107255,29.979168],[-90.10741,29.97927],[-90.10745,29.97931],[-90.107585,29.9794],[-90.10772,29.97949],[-90.107829,29.979561],[-90.107937,29.979633],[-90.108046,29.979704],[-90.108155,29.979775],[-90.108264,29.979846],[-90.108372,29.979918],[-90.108481,29.979989],[-90.10859,29.98006],[-90.108641,29.980001],[-90.10859,29.98006],[-90.10865,29.9801],[-90.10873,29.98015],[-90.10878,29.98018],[-90.10882,29.98021],[-90.10885,29.98022],[-90.108965,29.980285],[-90.10908,29.98035],[-90.1091,29.98036],[-90.10916,29.9804],[-90.10926,29.98046],[-90.10932,29.98051],[-90.109462,29.98061],[-90.109605,29.98071],[-90.109747,29.98081],[-90.10989,29.98091],[-90.10996,29.98096],[-90.110055,29.981028],[-90.11015,29.981095],[-90.110245,29.981163],[-90.11034,29.98123],[-90.110445,29.981298],[-90.11055,29.981365],[-90.110655,29.981433],[-90.11076,29.9815],[-90.1108,29.98153],[-90.11086,29.98157],[-90.11103,29.98167],[-90.11111,29.98172],[-90.111215,29.981775],[-90.11132,29.98183],[-90.11119,29.98188],[-90.11112,29.98191],[-90.111005,29.981953],[-90.11089,29.981995],[-90.110775,29.982038],[-90.11066,29.98208],[-90.11054,29.98213],[-90.11042,29.98218],[-90.11038,29.98229],[-90.11038,29.98239],[-90.11038,29.98249],[-90.11038,29.98256],[-90.11044,29.98263],[-90.11047,29.98265],[-90.11052,29.98268],[-90.11056,29.98269],[-90.110564,29.98277]]},"properties":{"route_name":"47","type":"Streetcar","network":"NORTA","color":"#FFCB05"}},{"type":"Feature","geometry":{"type":"LineString","coordinates":[[-90.064622,29.950095],[-90.06465,29.95002],[-90.064525,29.94994],[-90.0644,29.94986],[-90.06432,29.9498],[-90.06427,29.94977],[-90.06423,29.94973],[-90.06415,29.94974],[-90.06401,29.94977],[-90.06403,29.94984],[-90.06405,29.94988],[-90.06408,29.94991],[-90.064195,29.950005],[-90.06431,29.9501],[-90.064425,29.95018],[-90.06454,29.95026],[-90.06457,29.95028],[-90.0647,29.950365],[-90.06483,29.95045],[-90.06485,29.95047],[-90.06495,29.950535],[-90.06505,29.9506],[-90.06517,29.95068],[-90.06527,29.950745],[-90.06537,29.95081],[-90.065462,29.950873],[-90.065555,29.950935],[-90.065647,29.950998],[-90.06574,29.95106],[-90.065793,29.951016],[-90.06574,29.95106],[-90.06587,29.951145],[-90.066,29.95123],[-90.06607,29.9513],[-90.066192,29.95138],[-90.066315,29.95146],[-90.066437,29.95154],[-90.06656,29.95162],[-90.06666,29.951688],[-90.06676,29.951755],[-90.06686,29.951823],[-90.06696,29.95189],[-90.06711,29.95199],[-90.06723,29.95207],[-90.06739,29.95217],[-90.06748,29.95223],[-90.06759,29.9523],[-90.06768,29.95236],[-90.06782,29.952455],[-90.06796,29.95255],[-90.068,29.95258],[-90.068036,29.952537],[-90.068,29.95258],[-90.06803,29.9526],[-90.06812,29.95266],[-90.068215,29.95273],[-90.06831,29.9528],[-90.06839,29.95285],[-90.06853,29.95295],[-90.06861,29.953],[-90.06874,29.95309],[-90.06887,29.95318],[-90.069,29.95327],[-90.0691,29.953338],[-90.0692,29.953405],[-90.0693,29.953473],[-90.0694,29.95354],[-90.069565,29.95365],[-90.06973,29.95376],[-90.069772,29.953711],[-90.06973,29.95376],[-90.0699,29.95388],[-90.070062,29.95399],[-90.070225,29.9541],[-90.070387,29.95421],[-90.07055,29.95432],[-90.07067,29.9544],[-90.07079,29.95448],[-90.070892,29.95455],[-90.070995,29.95462],[-90.071097,29.95469],[-90.0712,29.95476],[-90.07137,29.95488],[-90.07154,29.955],[-90.0717,29.9551],[-90.07184,29.95518],[-90.071936,29.955246],[-90.072032,29.955313],[-90.072129,29.955379],[-90.072225,29.955445],[-90.072321,29.955511],[-90.072417,29.955578],[-90.072514,29.955644],[-90.07261,29.95571],[-90.07274,29.9558],[-90.07288,29.9559],[-90.07302,29.956],[-90.073101,29.955909],[-90.07302,29.956],[-90.07311,29.95606],[-90.0732,29.95612],[-90.073345,29.95621],[-90.07349,29.9563],[-90.07358,29.95637],[-90.07362,29.9564],[-90.07376,29.9565],[-90.073855,29.956555],[-90.07395,29.95661],[-90.07407,29.9567],[-90.074195,29.956785],[-90.07432,29.95687],[-90.07448,29.95697],[-90.07462,29.95707],[-90.074727,29.957143],[-90.074835,29.957215],[-90.074942,29.957288],[-90.07505,29.95736],[-90.0751,29.9574],[-90.075165,29.957333],[-90.0751,29.9574],[-90.07524,29.95749],[-90.07541,29.95761],[-90.0755,29.95767],[-90.07559,29.95773],[-90.075715,29.957815],[-90.07584,29.9579],[-90.07593,29.95796],[-90.07602,29.95802],[-90.07619,29.95814],[-90.076305,29.958215],[-90.07642,29.95829],[-90.07653,29.95836],[-90.07664,29.95844],[-90.07679,29.95854],[-90.076885,29.958605],[-90.07698,29.95867],[-90.07708,29.958738],[-90.07718,29.958805],[-90.07728,29.958873],[-90.07738,29.95894],[-90.07747,29.959005],[-90.07756,29.95907],[-90.07764,29.95913],[-90.07766,29.95914],[-90.07768,29.95915],[-90.07771,29.95917],[-90.07778,29.95922],[-90.07779,29.95923],[-90.0778,29.95924],[-90.07783,29.95925],[-90.0779,29.9593],[-90.078035,29.95939],[-90.07817,29.95948],[-90.07821,29.95951],[-90.078252,29.95946],[-90.07821,29.95951],[-90.07826,29.95955],[-90.07835,29.95961],[-90.07845,29.959675],[-90.07855,29.95974],[-90.07868,29.95983],[-90.07882,29.959923],[-90.07896,29.960015],[-90.0791,29.960108],[-90.07924,29.9602],[-90.0794,29.960305],[-90.07956,29.96041],[-90.07973,29.960523],[-90.0799,29.960635],[-90.08007,29.960748],[-90.08024,29.96086],[-90.08035,29.96094],[-90.080413,29.960878],[-90.08035,29.96094],[-90.08037,29.96096],[-90.08044,29.961],[-90.08055,29.96108],[-90.080645,29.961144],[-90.08074,29.961208],[-90.080835,29.961271],[-90.08093,29.961335],[-90.081025,29.961399],[-90.08112,29.961463],[-90.081215,29.961526],[-90.08131,29.96159],[-90.08144,29.96168],[-90.08153,29.96174],[-90.08155,29.96175],[-90.081667,29.961833],[-90.081785,29.961915],[-90.081902,29.961998],[-90.08202,29.96208],[-90.08209,29.96213],[-90.082185,29.962195],[-90.08228,29.96226],[-90.08239,29.96233],[-90.0825,29.9624],[-90.082569,29.962319],[-90.0825,29.9624],[-90.08263,29.96249],[-90.08277,29.962585],[-90.08291,29.96268],[-90.08306,29.96278],[-90.08318,29.96286],[-90.0833,29.96294],[-90.08342,29.96302],[-90.08354,29.9631],[-90.08366,29.96319],[-90.08377,29.963265],[-90.08388,29.96334],[-90.083939,29.963274],[-90.08388,29.96334],[-90.08395,29.96338],[-90.084095,29.96348],[-90.08424,29.96358],[-90.08437,29.96367],[-90.08448,29.963745],[-90.08459,29.96382],[-90.0847,29.963895],[-90.08481,29.96397],[-90.084972,29.964078],[-90.085135,29.964185],[-90.085297,29.964293],[-90.08546,29.9644],[-90.08562,29.96451],[-90.08578,29.96462],[-90.085852,29.964545],[-90.08578,29.96462],[-90.08588,29.96469],[-90.08601,29.964775],[-90.08614,29.96486],[-90.08623,29.96492],[-90.08634,29.964995],[-90.08645,29.96507],[-90.08656,29.965145],[-90.08667,29.96522],[-90.08682,29.96532],[-90.08692,29.965395],[-90.08702,29.96547],[-90.08712,29.965545],[-90.08722,29.96562],[-90.08737,29.96571],[-90.0875,29.9658],[-90.08761,29.96587],[-90.087655,29.965811],[-90.08761,29.96587],[-90.08776,29.96597],[-90.08784,29.96602],[-90.087965,29.966105],[-90.08809,29.96619],[-90.08816,29.96624],[-90.08827,29.966315],[-90.08838,29.96639],[-90.088485,29.96646],[-90.08859,29.96653],[-90.08875,29.96664],[-90.088916,29.966624]]},"properties":{"route_name":"47","type":"Streetcar","network":"NORTA","color":"#FFCB05"}},{"type":"Feature","geometry":{"type":"LineString","coordinates":[[-90.090149,29.983838],[-90.09026,29.98391],[-90.0903,29.98386],[-90.09038,29.98378],[-90.09047,29.98371],[-90.09057,29.98365],[-90.09063,29.98362],[-90.09067,29.98359],[-90.09074,29.98356],[-90.09085,29.98352],[-90.09104,29.98345],[-90.091145,29.98341],[-90.09125,29.98337],[-90.09131,29.98333],[-90.09146,29.98323],[-90.09155,29.98317],[-90.09163,29.98309],[-90.09171,29.983],[-90.09178,29.98294],[-90.09182,29.9829],[-90.091906,29.982818],[-90.091993,29.982735],[-90.092079,29.982653],[-90.092165,29.98257],[-90.092251,29.982488],[-90.092338,29.982405],[-90.092424,29.982323],[-90.09251,29.98224],[-90.092613,29.982145],[-90.092715,29.98205],[-90.092818,29.981955],[-90.09292,29.98186],[-90.093016,29.98177],[-90.093113,29.98168],[-90.093209,29.98159],[-90.093305,29.9815],[-90.093401,29.98141],[-90.093498,29.98132],[-90.093594,29.98123],[-90.09369,29.98114],[-90.093818,29.98102],[-90.093945,29.9809],[-90.094073,29.98078],[-90.0942,29.98066],[-90.09416,29.98063],[-90.09411,29.9806],[-90.094068,29.98064],[-90.09411,29.9806],[-90.09416,29.98063],[-90.0942,29.98066],[-90.09434,29.98052],[-90.094425,29.98044],[-90.09451,29.98036],[-90.094595,29.98028],[-90.09468,29.9802],[-90.094765,29.98012],[-90.09485,29.98004],[-90.094935,29.97996],[-90.09502,29.97988],[-90.09515,29.97976],[-90.09528,29.97964],[-90.09542,29.97951],[-90.095555,29.97939],[-90.09569,29.97927],[-90.095805,29.97916],[-90.09592,29.97905],[-90.095883,29.979021],[-90.09592,29.97905],[-90.09606,29.97893],[-90.096156,29.978839],[-90.096253,29.978748],[-90.096349,29.978656],[-90.096445,29.978565],[-90.096541,29.978474],[-90.096638,29.978383],[-90.096734,29.978291],[-90.09683,29.9782],[-90.09691,29.97813],[-90.09703,29.97801],[-90.0971,29.97795],[-90.09719,29.977865],[-90.09728,29.97778],[-90.097385,29.97768],[-90.09749,29.97758],[-90.09754,29.97753],[-90.09763,29.97745],[-90.097596,29.977418],[-90.09763,29.97745],[-90.09777,29.977318],[-90.09791,29.977185],[-90.09805,29.977053],[-90.09819,29.97692],[-90.098295,29.976823],[-90.098416,29.976705],[-90.098536,29.976588],[-90.098657,29.97647],[-90.098777,29.976353],[-90.098858,29.976231],[-90.0989,29.97626],[-90.09898,29.97619],[-90.09905,29.97612],[-90.0992,29.97598],[-90.09924,29.97594],[-90.0993,29.97588],[-90.09939,29.9758],[-90.09946,29.97574],[-90.099538,29.975668],[-90.099615,29.975595],[-90.099693,29.975523],[-90.09977,29.97545],[-90.099848,29.975378],[-90.099925,29.975305],[-90.100003,29.975233],[-90.10008,29.97516],[-90.10022,29.97502],[-90.10024,29.97501],[-90.10028,29.97497],[-90.100379,29.974841],[-90.100478,29.974713],[-90.100576,29.974584],[-90.100675,29.974455],[-90.10059,29.97439],[-90.1005,29.97433],[-90.10043,29.97428],[-90.100371,29.974352]]},"properties":{"route_name":"48","type":"Streetcar","network":"NORTA","color":"#C72127"}},{"type":"Feature","geometry":{"type":"LineString","coordinates":[[-90.090149,29.983838],[-90.09026,29.98391],[-90.0903,29.98386],[-90.09038,29.98378],[-90.09047,29.98371],[-90.09057,29.98365],[-90.09063,29.98362],[-90.09067,29.98359],[-90.09074,29.98356],[-90.09085,29.98352],[-90.09104,29.98345],[-90.091145,29.98341],[-90.09125,29.98337],[-90.09131,29.98333],[-90.09146,29.98323],[-90.09155,29.98317],[-90.09163,29.98309],[-90.09171,29.983],[-90.09178,29.98294],[-90.09182,29.9829],[-90.091906,29.982818],[-90.091993,29.982735],[-90.092079,29.982653],[-90.092165,29.98257],[-90.092251,29.982488],[-90.092338,29.982405],[-90.092424,29.982323],[-90.09251,29.98224],[-90.092613,29.982145],[-90.092715,29.98205],[-90.092818,29.981955],[-90.09292,29.98186],[-90.093016,29.98177],[-90.093113,29.98168],[-90.093209,29.98159],[-90.093305,29.9815],[-90.093401,29.98141],[-90.093498,29.98132],[-90.093594,29.98123],[-90.09369,29.98114],[-90.093818,29.98102],[-90.093945,29.9809],[-90.094073,29.98078],[-90.0942,29.98066],[-90.09416,29.98063],[-90.09411,29.9806],[-90.094068,29.98064],[-90.09411,29.9806],[-90.09416,29.98063],[-90.0942,29.98066],[-90.09434,29.98052],[-90.094425,29.98044],[-90.09451,29.98036],[-90.094595,29.98028],[-90.09468,29.9802],[-90.094765,29.98012],[-90.09485,29.98004],[-90.094935,29.97996],[-90.09502,29.97988],[-90.09515,29.97976],[-90.09528,29.97964],[-90.09542,29.97951],[-90.095555,29.97939],[-90.09569,29.97927],[-90.095805,29.97916],[-90.09592,29.97905],[-90.095883,29.979021],[-90.09592,29.97905],[-90.09606,29.97893],[-90.096156,29.978839],[-90.096253,29.978748],[-90.096349,29.978656],[-90.096445,29.978565],[-90.096541,29.978474],[-90.096638,29.978383],[-90.096734,29.978291],[-90.09683,29.9782],[-90.09691,29.97813],[-90.09703,29.97801],[-90.0971,29.97795],[-90.09719,29.977865],[-90.09728,29.97778],[-90.097385,29.97768],[-90.09749,29.97758],[-90.09754,29.97753],[-90.09763,29.97745],[-90.097596,29.977418],[-90.09763,29.97745],[-90.09777,29.977318],[-90.09791,29.977185],[-90.09805,29.977053],[-90.09819,29.97692],[-90.098295,29.976823],[-90.0984,29.976725],[-90.098505,29.976628],[-90.09861,29.97653],[-90.098695,29.976455],[-90.09878,29.97638],[-90.0989,29.97626],[-90.098858,29.976231],[-90.0989,29.97626],[-90.09898,29.97619],[-90.09905,29.97612],[-90.0992,29.97598],[-90.09924,29.97594],[-90.0993,29.97588],[-90.09939,29.9758],[-90.09946,29.97574],[-90.099538,29.975668],[-90.099615,29.975595],[-90.099693,29.975523],[-90.09977,29.97545],[-90.099848,29.975378],[-90.099925,29.975305],[-90.100003,29.975233],[-90.10008,29.97516],[-90.10022,29.97502],[-90.10024,29.97501],[-90.10028,29.97497],[-90.100379,29.974841],[-90.100478,29.974713],[-90.100576,29.974584],[-90.100675,29.974455],[-90.10059,29.97439],[-90.1005,29.97433],[-90.10043,29.97428],[-90.100371,29.974352],[-90.10043,29.97428],[-90.10027,29.97418],[-90.100165,29.974107],[-90.10006,29.974035],[-90.099954,29.973962],[-90.099849,29.973889],[-90.099744,29.973817],[-90.099639,29.973744],[-90.099533,29.973671],[-90.099428,29.973599],[-90.099323,29.973526],[-90.099218,29.973453],[-90.099112,29.973381],[-90.099007,29.973308],[-90.098902,29.973235],[-90.098797,29.973163],[-90.098692,29.97309],[-90.098586,29.973017],[-90.098514,29.973097],[-90.098576,29.972999],[-90.098432,29.972912],[-90.098288,29.972824],[-90.098144,29.972737],[-90.098,29.97265],[-90.097895,29.972575],[-90.09779,29.9725],[-90.09769,29.97244],[-90.09762,29.97239],[-90.097477,29.972293],[-90.097335,29.972195],[-90.097192,29.972098],[-90.09705,29.972],[-90.09696,29.97194],[-90.09693,29.97192],[-90.0969,29.9719],[-90.09686,29.97187],[-90.0968,29.97193],[-90.096745,29.971899],[-90.0968,29.97193],[-90.09686,29.97187],[-90.09679,29.97183],[-90.09666,29.97174],[-90.09653,29.97165],[-90.09648,29.97162],[-90.096385,29.971555],[-90.09629,29.97149],[-90.096195,29.971425],[-90.0961,29.97136],[-90.09604,29.97132],[-90.095945,29.971254],[-90.09585,29.971188],[-90.095755,29.971121],[-90.09566,29.971055],[-90.095565,29.970989],[-90.09547,29.970923],[-90.095375,29.970856],[-90.09528,29.97079],[-90.095212,29.970868],[-90.09528,29.97079],[-90.09522,29.97075],[-90.09508,29.97066],[-90.095,29.97061],[-90.094865,29.970518],[-90.09473,29.970425],[-90.094595,29.970333],[-90.09446,29.97024],[-90.09437,29.97018],[-90.09422,29.97008],[-90.09413,29.97001],[-90.09401,29.969935],[-90.09389,29.96986],[-90.09381,29.9698],[-90.093751,29.969875],[-90.09381,29.9698],[-90.093715,29.969738],[-90.09362,29.969675],[-90.093525,29.969613],[-90.09343,29.96955],[-90.09334,29.96948],[-90.09318,29.96938],[-90.09307,29.969305],[-90.09296,29.96923],[-90.092857,29.969159],[-90.092755,29.969088],[-90.092652,29.969016],[-90.09255,29.968945],[-90.092447,29.968874],[-90.092345,29.968803],[-90.092242,29.968731],[-90.092075,29.968731],[-90.09214,29.96866],[-90.09205,29.96861],[-90.091927,29.968525],[-90.091805,29.96844],[-90.091682,29.968355],[-90.09156,29.96827],[-90.09151,29.96824],[-90.09143,29.96818],[-90.09133,29.96812],[-90.091266,29.968183],[-90.09133,29.96812],[-90.091195,29.96803],[-90.09106,29.96794],[-90.09097,29.96787],[-90.09095,29.96786],[-90.090805,29.96776],[-90.09066,29.96766],[-90.09064,29.96765],[-90.09058,29.96761],[-90.090457,29.967528],[-90.090335,29.967445],[-90.090212,29.967363],[-90.09009,29.96728],[-90.089995,29.967215],[-90.0899,29.96715],[-90.08983,29.9671],[-90.08974,29.96704],[-90.08959,29.966935],[-90.08944,29.96683],[-90.08933,29.966758],[-90.08922,29.966685],[-90.08911,29.966613],[-90.089,29.96654],[-90.088935,29.966606],[-90.088793,29.96651],[-90.08865,29.966414],[-90.088508,29.966318],[-90.088365,29.966222],[-90.088223,29.966126],[-90.088081,29.966031],[-90.087938,29.965935],[-90.087796,29.965839],[-90.087678,29.965761],[-90.08756,29.965683],[-90.087455,29.96558],[-90.087351,29.965477],[-90.087246,29.965373],[-90.087142,29.96527],[-90.087035,29.9652],[-90.086927,29.96513],[-90.08682,29.96506],[-90.086655,29.96495],[-90.08649,29.96484],[-90.08639,29.96477],[-90.08629,29.9647],[-90.086155,29.96461],[-90.08602,29.96452],[-90.08589,29.96443],[-90.085816,29.964509],[-90.08589,29.96443],[-90.08578,29.96436],[-90.085687,29.964298],[-90.085595,29.964235],[-90.085502,29.964173],[-90.08541,29.96411],[-90.08529,29.96403],[-90.08513,29.96392],[-90.08497,29.96381],[-90.084859,29.963735],[-90.084747,29.96366],[-90.084636,29.963585],[-90.084525,29.96351],[-90.084414,29.963435],[-90.084302,29.96336],[-90.084191,29.963285],[-90.08408,29.96321],[-90.08402,29.96328],[-90.083951,29.963243],[-90.08402,29.96328],[-90.08408,29.96321],[-90.08395,29.963123],[-90.08382,29.963035],[-90.08369,29.962948],[-90.08356,29.96286],[-90.083472,29.9628],[-90.083385,29.96274],[-90.083297,29.96268],[-90.08321,29.96262],[-90.08306,29.96252],[-90.08295,29.962445],[-90.08284,29.96237],[-90.08273,29.962295],[-90.08262,29.96222],[-90.08254,29.96216],[-90.082467,29.962243],[-90.08254,29.96216],[-90.08243,29.96209],[-90.082335,29.962025],[-90.08224,29.96196],[-90.08212,29.96188],[-90.081975,29.961785],[-90.08183,29.96169],[-90.081705,29.9616],[-90.08158,29.96151],[-90.08144,29.96142],[-90.08137,29.96137],[-90.081271,29.961304],[-90.081172,29.961238],[-90.081074,29.961171],[-90.080975,29.961105],[-90.080876,29.961039],[-90.080777,29.960973],[-90.080679,29.960906],[-90.08058,29.96084],[-90.0805,29.96079],[-90.080438,29.960859],[-90.0805,29.96079],[-90.0804,29.960721],[-90.0803,29.960653],[-90.0802,29.960584],[-90.0801,29.960515],[-90.08,29.960446],[-90.0799,29.960378],[-90.0798,29.960309],[-90.0797,29.96024],[-90.079591,29.960166],[-90.079482,29.960093],[-90.079374,29.960019],[-90.079265,29.959945],[-90.079156,29.959871],[-90.079047,29.959798],[-90.078939,29.959724],[-90.07883,29.95965],[-90.0787,29.95957],[-90.078565,29.959475],[-90.07843,29.95938],[-90.078325,29.959305],[-90.07822,29.95923],[-90.078156,29.959296],[-90.07822,29.95923],[-90.07805,29.95911],[-90.07795,29.95904],[-90.07794,29.95903],[-90.07792,29.95902],[-90.07791,29.95901],[-90.07784,29.95897],[-90.07782,29.95895],[-90.0778,29.95894],[-90.07778,29.95893],[-90.07773,29.95889],[-90.07756,29.95878],[-90.07742,29.958685],[-90.07728,29.95859],[-90.07714,29.9585],[-90.07704,29.95843],[-90.07694,29.95836],[-90.07684,29.958295],[-90.07674,29.95823],[-90.07666,29.95817],[-90.07654,29.95809],[-90.076435,29.95802],[-90.07633,29.95795],[-90.07617,29.95784],[-90.07601,29.95773],[-90.075895,29.957653],[-90.07578,29.957575],[-90.075665,29.957498],[-90.07555,29.95742],[-90.07551,29.957485],[-90.07555,29.95742],[-90.0754,29.95732],[-90.07525,29.95721],[-90.07509,29.957105],[-90.07493,29.957],[-90.07483,29.95693],[-90.07471,29.95685],[-90.07464,29.9568],[-90.07449,29.9567],[-90.07434,29.95659],[-90.07422,29.95651],[-90.07417,29.95648],[-90.0741,29.95643],[-90.07407,29.95641],[-90.07404,29.95639],[-90.07401,29.95637],[-90.073895,29.95629],[-90.07378,29.95621],[-90.07364,29.95612],[-90.07359,29.95609],[-90.07355,29.95606],[-90.07346,29.956],[-90.07342,29.95597],[-90.07337,29.95593],[-90.07324,29.95585],[-90.07309,29.95574],[-90.07305,29.955784],[-90.07309,29.95574],[-90.072995,29.95568],[-90.0729,29.95562],[-90.07277,29.95554],[-90.072667,29.95547],[-90.072565,29.9554],[-90.072429,29.955308],[-90.072293,29.955216],[-90.072158,29.955124],[-90.072022,29.955032],[-90.071886,29.95494],[-90.07175,29.954848],[-90.071615,29.954755],[-90.071479,29.954663],[-90.071343,29.954571],[-90.071207,29.954479],[-90.071072,29.954387],[-90.070936,29.954295],[-90.0708,29.954203],[-90.070664,29.954111],[-90.070529,29.954019],[-90.070393,29.953927],[-90.070217,29.953843],[-90.070041,29.953759],[-90.069894,29.953641],[-90.069746,29.953524],[-90.069599,29.953406],[-90.069452,29.953288],[-90.06928,29.95317],[-90.06918,29.9531],[-90.06905,29.95301],[-90.0689,29.95291],[-90.06875,29.95281],[-90.06861,29.952715],[-90.06847,29.95262],[-90.06832,29.95252],[-90.06822,29.952455],[-90.06812,29.95239],[-90.06809,29.95237],[-90.06802,29.95232],[-90.068002,29.952342],[-90.06802,29.95232],[-90.06796,29.95228],[-90.06792,29.95226],[-90.06783,29.95219],[-90.06771,29.95211],[-90.06759,29.95203],[-90.06744,29.95193],[-90.06737,29.95189],[-90.06726,29.95181],[-90.06716,29.95174],[-90.06706,29.95167],[-90.06689,29.951555],[-90.06672,29.95144],[-90.06658,29.95134],[-90.06653,29.95131],[-90.066437,29.951243],[-90.066345,29.951175],[-90.066252,29.951108],[-90.06616,29.95104],[-90.066065,29.950975],[-90.06597,29.95091],[-90.06581,29.95079],[-90.065751,29.950859],[-90.06581,29.95079],[-90.06575,29.95075],[-90.06562,29.95067],[-90.06549,29.95059],[-90.06533,29.95048],[-90.065165,29.95037],[-90.065,29.95026],[-90.064835,29.95015],[-90.064728,29.950123],[-90.064622,29.950095]]},"properties":{"route_name":"48","type":"Streetcar","network":"NORTA","color":"#C72127"}},{"type":"Feature","geometry":{"type":"LineString","coordinates":[[-90.064622,29.950095],[-90.06465,29.95002],[-90.064525,29.94994],[-90.0644,29.94986],[-90.06432,29.9498],[-90.06427,29.94977],[-90.06423,29.94973],[-90.06415,29.94974],[-90.06401,29.94977],[-90.06403,29.94984],[-90.06405,29.94988],[-90.06408,29.94991],[-90.064195,29.950005],[-90.06431,29.9501],[-90.064425,29.95018],[-90.06454,29.95026],[-90.06457,29.95028],[-90.0647,29.950365],[-90.06483,29.95045],[-90.06485,29.95047],[-90.06495,29.950535],[-90.06505,29.9506],[-90.06517,29.95068],[-90.06527,29.950745],[-90.06537,29.95081],[-90.065462,29.950873],[-90.065555,29.950935],[-90.065647,29.950998],[-90.06574,29.95106],[-90.065793,29.951016],[-90.06574,29.95106],[-90.06587,29.951145],[-90.066,29.95123],[-90.06607,29.9513],[-90.066192,29.95138],[-90.066315,29.95146],[-90.066437,29.95154],[-90.06656,29.95162],[-90.06666,29.951688],[-90.06676,29.951755],[-90.06686,29.951823],[-90.06696,29.95189],[-90.06711,29.95199],[-90.06723,29.95207],[-90.06739,29.95217],[-90.06748,29.95223],[-90.06759,29.9523],[-90.06768,29.95236],[-90.06782,29.952455],[-90.06796,29.95255],[-90.068,29.95258],[-90.068036,29.952537],[-90.068,29.95258],[-90.06803,29.9526],[-90.06812,29.95266],[-90.068215,29.95273],[-90.06831,29.9528],[-90.06839,29.95285],[-90.06853,29.95295],[-90.06861,29.953],[-90.06874,29.95309],[-90.06887,29.95318],[-90.069,29.95327],[-90.0691,29.953338],[-90.0692,29.953405],[-90.0693,29.953473],[-90.0694,29.95354],[-90.069565,29.95365],[-90.06973,29.95376],[-90.069772,29.953711],[-90.06973,29.95376],[-90.0699,29.95388],[-90.070062,29.95399],[-90.070225,29.9541],[-90.070387,29.95421],[-90.07055,29.95432],[-90.07067,29.9544],[-90.07079,29.95448],[-90.070892,29.95455],[-90.070995,29.95462],[-90.071097,29.95469],[-90.0712,29.95476],[-90.07137,29.95488],[-90.07154,29.955],[-90.0717,29.9551],[-90.07184,29.95518],[-90.071936,29.955246],[-90.072032,29.955313],[-90.072129,29.955379],[-90.072225,29.955445],[-90.072321,29.955511],[-90.072417,29.955578],[-90.072514,29.955644],[-90.07261,29.95571],[-90.07274,29.9558],[-90.07288,29.9559],[-90.07302,29.956],[-90.073101,29.955909],[-90.07302,29.956],[-90.07311,29.95606],[-90.0732,29.95612],[-90.073345,29.95621],[-90.07349,29.9563],[-90.07358,29.95637],[-90.07362,29.9564],[-90.07376,29.9565],[-90.073855,29.956555],[-90.07395,29.95661],[-90.07407,29.9567],[-90.074195,29.956785],[-90.07432,29.95687],[-90.07448,29.95697],[-90.07462,29.95707],[-90.074727,29.957143],[-90.074835,29.957215],[-90.074942,29.957288],[-90.07505,29.95736],[-90.0751,29.9574],[-90.075165,29.957333],[-90.0751,29.9574],[-90.07524,29.95749],[-90.07541,29.95761],[-90.0755,29.95767],[-90.07559,29.95773],[-90.075715,29.957815],[-90.07584,29.9579],[-90.07593,29.95796],[-90.07602,29.95802],[-90.07619,29.95814],[-90.076305,29.958215],[-90.07642,29.95829],[-90.07653,29.95836],[-90.07664,29.95844],[-90.07679,29.95854],[-90.076885,29.958605],[-90.07698,29.95867],[-90.07708,29.958738],[-90.07718,29.958805],[-90.07728,29.958873],[-90.07738,29.95894],[-90.07747,29.959005],[-90.07756,29.95907],[-90.07764,29.95913],[-90.07766,29.95914],[-90.07768,29.95915],[-90.07771,29.95917],[-90.07778,29.95922],[-90.07779,29.95923],[-90.0778,29.95924],[-90.07783,29.95925],[-90.0779,29.9593],[-90.078035,29.95939],[-90.07817,29.95948],[-90.07821,29.95951],[-90.078252,29.95946],[-90.07821,29.95951],[-90.07826,29.95955],[-90.07835,29.95961],[-90.07845,29.959675],[-90.07855,29.95974],[-90.07868,29.95983],[-90.07882,29.959923],[-90.07896,29.960015],[-90.0791,29.960108],[-90.07924,29.9602],[-90.0794,29.960305],[-90.07956,29.96041],[-90.07973,29.960523],[-90.0799,29.960635],[-90.08007,29.960748],[-90.08024,29.96086],[-90.08035,29.96094],[-90.080413,29.960878],[-90.08035,29.96094],[-90.08037,29.96096],[-90.08044,29.961],[-90.08055,29.96108],[-90.080645,29.961144],[-90.08074,29.961208],[-90.080835,29.961271],[-90.08093,29.961335],[-90.081025,29.961399],[-90.08112,29.961463],[-90.081215,29.961526],[-90.08131,29.96159],[-90.08144,29.96168],[-90.08153,29.96174],[-90.08155,29.96175],[-90.081667,29.961833],[-90.081785,29.961915],[-90.081902,29.961998],[-90.08202,29.96208],[-90.08209,29.96213],[-90.082185,29.962195],[-90.08228,29.96226],[-90.08239,29.96233],[-90.0825,29.9624],[-90.082569,29.962319],[-90.0825,29.9624],[-90.08263,29.96249],[-90.08277,29.962585],[-90.08291,29.96268],[-90.08306,29.96278],[-90.08318,29.96286],[-90.0833,29.96294],[-90.08342,29.96302],[-90.08354,29.9631],[-90.08366,29.96319],[-90.08377,29.963265],[-90.08388,29.96334],[-90.083939,29.963274],[-90.08388,29.96334],[-90.08395,29.96338],[-90.084095,29.96348],[-90.08424,29.96358],[-90.08437,29.96367],[-90.08448,29.963745],[-90.08459,29.96382],[-90.0847,29.963895],[-90.08481,29.96397],[-90.084972,29.964078],[-90.085135,29.964185],[-90.085297,29.964293],[-90.08546,29.9644],[-90.08562,29.96451],[-90.08578,29.96462],[-90.085852,29.964545],[-90.08578,29.96462],[-90.08588,29.96469],[-90.08601,29.964775],[-90.08614,29.96486],[-90.08623,29.96492],[-90.08634,29.964995],[-90.08645,29.96507],[-90.08656,29.965145],[-90.08667,29.96522],[-90.08682,29.96532],[-90.08692,29.965395],[-90.08702,29.96547],[-90.08712,29.965545],[-90.08722,29.96562],[-90.08737,29.96571],[-90.0875,29.9658],[-90.08761,29.96587],[-90.087655,29.965811],[-90.08761,29.96587],[-90.08776,29.96597],[-90.08784,29.96602],[-90.087965,29.966105],[-90.08809,29.96619],[-90.08816,29.96624],[-90.08827,29.966315],[-90.08838,29.96639],[-90.088485,29.96646],[-90.08859,29.96653],[-90.08875,29.96664],[-90.0889,29.96674],[-90.088916,29.966624],[-90.0889,29.96674],[-90.08898,29.96679],[-90.0891,29.966875],[-90.08922,29.96696],[-90.08934,29.96704],[-90.089465,29.967125],[-90.08959,29.96721],[-90.08975,29.96732],[-90.08991,29.96743],[-90.090055,29.967525],[-90.0902,29.96762],[-90.09029,29.96768],[-90.09035,29.96772],[-90.09042,29.96777],[-90.09044,29.96778],[-90.09049,29.96781],[-90.09066,29.96793],[-90.090755,29.967995],[-90.09085,29.96806],[-90.09094,29.968125],[-90.09103,29.96819],[-90.09117,29.96828],[-90.091239,29.968199],[-90.09117,29.96828],[-90.09127,29.96835],[-90.09143,29.968458],[-90.091575,29.968552],[-90.09172,29.968647],[-90.091866,29.968741],[-90.092011,29.968835],[-90.09208,29.968748],[-90.092019,29.968845],[-90.092155,29.968938],[-90.092292,29.969031],[-90.092428,29.969124],[-90.092564,29.969217],[-90.092701,29.96931],[-90.092837,29.969404],[-90.092974,29.969497],[-90.09311,29.96959],[-90.093215,29.96966],[-90.09332,29.96973],[-90.093407,29.96979],[-90.093495,29.96985],[-90.093582,29.96991],[-90.09367,29.96997],[-90.093732,29.969894],[-90.09367,29.96997],[-90.09375,29.97002],[-90.09391,29.97013],[-90.09407,29.97024],[-90.09421,29.97035],[-90.0943,29.97041],[-90.09439,29.97047],[-90.09448,29.97053],[-90.09457,29.97059],[-90.09469,29.97067],[-90.09481,29.97075],[-90.09493,29.97083],[-90.09507,29.97092],[-90.09512,29.97085],[-90.09515,29.97081],[-90.09518,29.97079],[-90.09524,29.970849],[-90.09518,29.97079],[-90.09515,29.97081],[-90.09512,29.97085],[-90.09507,29.97092],[-90.095165,29.970985],[-90.09526,29.97105],[-90.095355,29.971115],[-90.09545,29.97118],[-90.095537,29.97124],[-90.095625,29.9713],[-90.095712,29.97136],[-90.0958,29.97142],[-90.09584,29.97145],[-90.09589,29.97148],[-90.09595,29.97152],[-90.096046,29.971584],[-90.096142,29.971648],[-90.096239,29.971711],[-90.096335,29.971775],[-90.096431,29.971839],[-90.096527,29.971903],[-90.096624,29.971966],[-90.09672,29.97203],[-90.09677,29.97197],[-90.09673,29.971924],[-90.09677,29.97197],[-90.09672,29.97203],[-90.09681,29.9721],[-90.09698,29.972215],[-90.09715,29.97233],[-90.09732,29.972445],[-90.09749,29.97256],[-90.09754,29.97259],[-90.09767,29.972675],[-90.0978,29.97276],[-90.09791,29.97284],[-90.09802,29.97292],[-90.09817,29.97301],[-90.09832,29.97312],[-90.098452,29.973201],[-90.098481,29.973097],[-90.09846,29.973194],[-90.098577,29.97327],[-90.098694,29.973346],[-90.098811,29.973422],[-90.098928,29.973498],[-90.099045,29.973574],[-90.099163,29.97365],[-90.09928,29.973726],[-90.099397,29.973803],[-90.099514,29.973879],[-90.099631,29.973955],[-90.099748,29.974031],[-90.099865,29.974107],[-90.099983,29.974183],[-90.1001,29.974259],[-90.100217,29.974335],[-90.100334,29.974411],[-90.100411,29.974491],[-90.100488,29.974572],[-90.100395,29.974659],[-90.100303,29.974746],[-90.10021,29.974833],[-90.100118,29.97492],[-90.100026,29.975007],[-90.099933,29.975095],[-90.099841,29.975182],[-90.099749,29.975269],[-90.099656,29.975356],[-90.099564,29.975443],[-90.099471,29.97553],[-90.099379,29.975617],[-90.099287,29.975705],[-90.099194,29.975792],[-90.099102,29.975879],[-90.09901,29.975966],[-90.098996,29.976037],[-90.0989,29.97609],[-90.098803,29.976144],[-90.098707,29.976197],[-90.09861,29.97625],[-90.098525,29.97633],[-90.09844,29.97641],[-90.098335,29.97651],[-90.09823,29.97661],[-90.098125,29.97671],[-90.09802,29.97681],[-90.097885,29.976935],[-90.09775,29.97706],[-90.09769,29.97712],[-90.09762,29.97718],[-90.09747,29.97732],[-90.097538,29.977374],[-90.09747,29.97732],[-90.09747,29.97733],[-90.09738,29.97742],[-90.09735,29.97744],[-90.09726,29.977525],[-90.09717,29.97761],[-90.09708,29.977695],[-90.09699,29.97778],[-90.096908,29.977858],[-90.096825,29.977935],[-90.096743,29.978013],[-90.09666,29.97809],[-90.096528,29.978215],[-90.096395,29.97834],[-90.096263,29.978465],[-90.09613,29.97859],[-90.09601,29.978705],[-90.09589,29.97882],[-90.095745,29.978955],[-90.095711,29.97905],[-90.095676,29.979145],[-90.095582,29.979232],[-90.095488,29.97932],[-90.095394,29.979407],[-90.0953,29.979494],[-90.095206,29.979581],[-90.095112,29.979669],[-90.095018,29.979756],[-90.094924,29.979843],[-90.094829,29.97993],[-90.094735,29.980018],[-90.094641,29.980105],[-90.094547,29.980192],[-90.094453,29.980279],[-90.094359,29.980367],[-90.094265,29.980454],[-90.094171,29.980541],[-90.09409,29.98058],[-90.09403,29.98055],[-90.0939,29.98067],[-90.09377,29.98079],[-90.093643,29.980909],[-90.093515,29.981028],[-90.093388,29.981146],[-90.09326,29.981265],[-90.093133,29.981384],[-90.093005,29.981503],[-90.092878,29.981621],[-90.09275,29.98174],[-90.09262,29.98186],[-90.09253,29.98194],[-90.092445,29.982025],[-90.09236,29.98211],[-90.092259,29.982204],[-90.092158,29.982298],[-90.092056,29.982391],[-90.091955,29.982485],[-90.091854,29.982579],[-90.091753,29.982673],[-90.091651,29.982766],[-90.09155,29.98286],[-90.0915,29.98291],[-90.09143,29.98297],[-90.09138,29.98302],[-90.09132,29.98308],[-90.09129,29.98311],[-90.09127,29.98313],[-90.09124,29.98316],[-90.09121,29.98318],[-90.09115,29.98322],[-90.09099,29.98331],[-90.09094,29.98333],[-90.09085,29.98337],[-90.09076,29.98341],[-90.09073,29.98342],[-90.090615,29.983465],[-90.0905,29.98351],[-90.09035,29.98359],[-90.09018,29.98369],[-90.090149,29.983838]]},"properties":{"route_name":"48","type":"Streetcar","network":"NORTA","color":"#C72127"}},{"type":"Feature","geometry":{"type":"LineString","coordinates":[[-90.062521,29.944088],[-90.062499,29.944242],[-90.062517,29.944417],[-90.062536,29.944593],[-90.062554,29.944769],[-90.062573,29.944945],[-90.062603,29.945104],[-90.062633,29.945263],[-90.062663,29.945423],[-90.062693,29.945582],[-90.062722,29.945683],[-90.062751,29.945785],[-90.06278,29.945886],[-90.06281,29.945988],[-90.062839,29.946089],[-90.062868,29.946191],[-90.062897,29.946292],[-90.062926,29.946393],[-90.06295,29.946531],[-90.062974,29.946668],[-90.062998,29.946806],[-90.063022,29.946944],[-90.063047,29.947081],[-90.063071,29.947219],[-90.063095,29.947356],[-90.063119,29.947494],[-90.063151,29.947645],[-90.063182,29.947796],[-90.063285,29.947828],[-90.063211,29.947913],[-90.063233,29.94809],[-90.063255,29.948268],[-90.063268,29.94839],[-90.06328,29.948513],[-90.063293,29.948636],[-90.063305,29.948759],[-90.063313,29.948896],[-90.063321,29.949033],[-90.063329,29.94917],[-90.063336,29.949307],[-90.063349,29.949409],[-90.063362,29.949511],[-90.063374,29.949613],[-90.063387,29.949715],[-90.063419,29.949836],[-90.063451,29.949957],[-90.063499,29.95011],[-90.063509,29.950153],[-90.06354,29.950319],[-90.063571,29.950485],[-90.063589,29.950636],[-90.063606,29.950787],[-90.063624,29.950937],[-90.063641,29.951088],[-90.063658,29.951243],[-90.063676,29.951398],[-90.063693,29.951552],[-90.063711,29.951707],[-90.063719,29.951875],[-90.063728,29.952042],[-90.063736,29.952209],[-90.063745,29.952376],[-90.063729,29.952514],[-90.063714,29.952651],[-90.063707,29.952735],[-90.063687,29.952843],[-90.063671,29.952955],[-90.063642,29.953116],[-90.063612,29.953276],[-90.063583,29.953436],[-90.063554,29.953596],[-90.063524,29.953756],[-90.063495,29.953917],[-90.063466,29.954077],[-90.063436,29.954237],[-90.063381,29.954408],[-90.063326,29.954578],[-90.06327,29.954749],[-90.063215,29.95492],[-90.063143,29.95506],[-90.063072,29.9552],[-90.063,29.95534],[-90.062928,29.95548],[-90.062873,29.955586],[-90.062818,29.955693],[-90.062711,29.955783],[-90.062605,29.955874],[-90.062485,29.956006],[-90.062366,29.956139],[-90.062247,29.956271],[-90.062127,29.956404],[-90.062014,29.956532],[-90.061901,29.956661],[-90.061788,29.95679],[-90.061675,29.956919],[-90.061562,29.957047],[-90.061449,29.957176],[-90.061336,29.957305],[-90.061223,29.957434],[-90.061104,29.957576],[-90.060999,29.957713],[-90.060894,29.95785],[-90.060821,29.957926],[-90.060749,29.958002],[-90.060615,29.958144],[-90.060481,29.958285],[-90.060347,29.958427],[-90.060213,29.958568],[-90.060121,29.958651],[-90.060029,29.958734],[-90.059937,29.958818],[-90.059845,29.958901],[-90.059753,29.958984],[-90.059661,29.959067],[-90.05957,29.95915],[-90.059478,29.959233],[-90.059383,29.959311],[-90.059287,29.959389],[-90.059192,29.959467],[-90.059097,29.959545],[-90.058991,29.959627],[-90.058885,29.95971],[-90.058779,29.959792],[-90.058673,29.959874],[-90.058518,29.959979],[-90.058362,29.960084],[-90.058207,29.960189],[-90.058052,29.960294],[-90.057897,29.960399],[-90.057741,29.960504],[-90.057586,29.960609],[-90.057431,29.960714],[-90.057295,29.960806],[-90.05716,29.960899]]},"properties":{"route_name":"49","type":"Streetcar","network":"NORTA","color":"#0700FD"}},{"type":"Feature","geometry":{"type":"Point","coordinates":[-90.05716,29.960899]},"properties":{"route_name":"49","type":"Streetcar","network":"NORTA","color":"#0700FD","is_station":true,"station_name":"French Market Station"}},{"type":"Feature","geometry":{"type":"Point","coordinates":[-90.095676,29.979145]},"properties":{"route_name":"48","type":"Streetcar","network":"NORTA","color":"#C72127","is_station":true,"station_name":"N. Carrollton At Orleans (Out) Station"}},{"type":"Feature","geometry":{"type":"Point","coordinates":[-90.062521,29.944088]},"properties":{"route_name":"49","type":"Streetcar","network":"NORTA","color":"#0700FD","is_station":true,"station_name":"Julia Station"}},{"type":"Feature","geometry":{"type":"Point","coordinates":[-90.120829,29.955552]},"properties":{"route_name":"12","type":"Streetcar","network":"NORTA","color":"#006737","is_station":true,"station_name":"S. Carrollton Ave. At S. Claiborne Ave. Station"}},{"type":"Feature","geometry":{"type":"Point","coordinates":[-90.122111,29.954448]},"properties":{"route_name":"12","type":"Streetcar","network":"NORTA","color":"#006737","is_station":true,"station_name":"S. Carrollton Ave. At Sycamore St. Station"}},{"type":"Feature","geometry":{"type":"Point","coordinates":[-90.123623,29.95303]},"properties":{"route_name":"12","type":"Streetcar","network":"NORTA","color":"#006737","is_station":true,"station_name":"S. Carrollton Ave At Spruce St Station"}},{"type":"Feature","geometry":{"type":"Point","coordinates":[-90.125124,29.951624]},"properties":{"route_name":"12","type":"Streetcar","network":"NORTA","color":"#006737","is_station":true,"station_name":"S. Carrollton Ave At Hickory St Station"}},{"type":"Feature","geometry":{"type":"Point","coordinates":[-90.127397,29.949505]},"properties":{"route_name":"12","type":"Streetcar","network":"NORTA","color":"#006737","is_station":true,"station_name":"S. Carrollton Ave At Jeannette St Station"}},{"type":"Feature","geometry":{"type":"Point","coordinates":[-90.128132,29.948818]},"properties":{"route_name":"12","type":"Streetcar","network":"NORTA","color":"#006737","is_station":true,"station_name":"S. Carrollton Ave At Willow St Station"}},{"type":"Feature","geometry":{"type":"Point","coordinates":[-90.129632,29.947348]},"properties":{"route_name":"12","type":"Streetcar","network":"NORTA","color":"#006737","is_station":true,"station_name":"S. Carrollton Ave At Oak St Station"}},{"type":"Feature","geometry":{"type":"Point","coordinates":[-90.13122,29.945999]},"properties":{"route_name":"12","type":"Streetcar","network":"NORTA","color":"#006737","is_station":true,"station_name":"S. Carrollton Ave At Freret St Station"}},{"type":"Feature","geometry":{"type":"Point","coordinates":[-90.132703,29.944559]},"properties":{"route_name":"12","type":"Streetcar","network":"NORTA","color":"#006737","is_station":true,"station_name":"S. Carrollton Ave At Maple St Station"}},{"type":"Feature","geometry":{"type":"Point","coordinates":[-90.134081,29.943246]},"properties":{"route_name":"12","type":"Streetcar","network":"NORTA","color":"#006737","is_station":true,"station_name":"S. Carrollton Ave At St Charles Ave Station"}},{"type":"Feature","geometry":{"type":"Point","coordinates":[-90.130323,29.940035]},"properties":{"route_name":"12","type":"Streetcar","network":"NORTA","color":"#006737","is_station":true,"station_name":"St Charles Ave At Hillary St Station"}},{"type":"Feature","geometry":{"type":"Point","coordinates":[-90.128189,29.93825]},"properties":{"route_name":"12","type":"Streetcar","network":"NORTA","color":"#006737","is_station":true,"station_name":"St Charles Ave At Lowerline St Station"}},{"type":"Feature","geometry":{"type":"Point","coordinates":[-90.126962,29.937341]},"properties":{"route_name":"12","type":"Streetcar","network":"NORTA","color":"#006737","is_station":true,"station_name":"St Charles Ave At Broadway St Station"}},{"type":"Feature","geometry":{"type":"Point","coordinates":[-90.094068,29.98064]},"properties":{"route_name":"48","type":"Streetcar","network":"NORTA","color":"#C72127","is_station":true,"station_name":"N. Carrollton At Dumaine (In) Station"}},{"type":"Feature","geometry":{"type":"Point","coordinates":[-90.095883,29.979021]},"properties":{"route_name":"48","type":"Streetcar","network":"NORTA","color":"#C72127","is_station":true,"station_name":"N. Carrollton At Orleans (In) Station"}},{"type":"Feature","geometry":{"type":"Point","coordinates":[-90.125302,29.936119]},"properties":{"route_name":"12","type":"Streetcar","network":"NORTA","color":"#006737","is_station":true,"station_name":"St Charles Ave At Walnut St Station"}},{"type":"Feature","geometry":{"type":"Point","coordinates":[-90.097596,29.977418]},"properties":{"route_name":"48","type":"Streetcar","network":"NORTA","color":"#C72127","is_station":true,"station_name":"N. Carrollton At St Louis (In) Station"}},{"type":"Feature","geometry":{"type":"Point","coordinates":[-90.098858,29.976231]},"properties":{"route_name":"48","type":"Streetcar","network":"NORTA","color":"#C72127","is_station":true,"station_name":"N. Carrollton At Bienville (In) Station"}},{"type":"Feature","geometry":{"type":"Point","coordinates":[-90.124015,29.935197]},"properties":{"route_name":"12","type":"Streetcar","network":"NORTA","color":"#006737","is_station":true,"station_name":"St Charles Ave At Tulane University Station"}},{"type":"Feature","geometry":{"type":"Point","coordinates":[-90.098996,29.976037]},"properties":{"route_name":"48","type":"Streetcar","network":"NORTA","color":"#C72127","is_station":true,"station_name":"N. Carrollton At Bienville (Out) Station"}},{"type":"Feature","geometry":{"type":"Point","coordinates":[-90.122714,29.93435]},"properties":{"route_name":"12","type":"Streetcar","network":"NORTA","color":"#006737","is_station":true,"station_name":"St Charles Ave At Tulane/Loyola Station"}},{"type":"Feature","geometry":{"type":"Point","coordinates":[-90.1217,29.933583]},"properties":{"route_name":"12","type":"Streetcar","network":"NORTA","color":"#006737","is_station":true,"station_name":"St Charles Ave At Exposition Station"}},{"type":"Feature","geometry":{"type":"Point","coordinates":[-90.120801,29.932956]},"properties":{"route_name":"12","type":"Streetcar","network":"NORTA","color":"#006737","is_station":true,"station_name":"St Charles Ave At Calhoun St Station"}},{"type":"Feature","geometry":{"type":"Point","coordinates":[-90.119382,29.931951]},"properties":{"route_name":"12","type":"Streetcar","network":"NORTA","color":"#006737","is_station":true,"station_name":"St Charles Ave At Webster St Station"}},{"type":"Feature","geometry":{"type":"Point","coordinates":[-90.118213,29.931132]},"properties":{"route_name":"12","type":"Streetcar","network":"NORTA","color":"#006737","is_station":true,"station_name":"St Charles Ave At State St Station"}},{"type":"Feature","geometry":{"type":"Point","coordinates":[-90.116741,29.930256]},"properties":{"route_name":"12","type":"Streetcar","network":"NORTA","color":"#006737","is_station":true,"station_name":"St Charles Ave At Nashville Ave Station"}},{"type":"Feature","geometry":{"type":"Point","coordinates":[-90.111572,29.927836]},"properties":{"route_name":"12","type":"Streetcar","network":"NORTA","color":"#006737","is_station":true,"station_name":"St Charles Ave At Valmont St Station"}},{"type":"Feature","geometry":{"type":"Point","coordinates":[-90.11075,29.927453]},"properties":{"route_name":"12","type":"Streetcar","network":"NORTA","color":"#006737","is_station":true,"station_name":"St Charles Ave At Dufossat St Station"}},{"type":"Feature","geometry":{"type":"Point","coordinates":[-90.108875,29.92654]},"properties":{"route_name":"12","type":"Streetcar","network":"NORTA","color":"#006737","is_station":true,"station_name":"St Charles Ave At Robert St Station"}},{"type":"Feature","geometry":{"type":"Point","coordinates":[-90.106767,29.926074]},"properties":{"route_name":"12","type":"Streetcar","network":"NORTA","color":"#006737","is_station":true,"station_name":"St Charles Ave At Bordeaux St Station"}},{"type":"Feature","geometry":{"type":"Point","coordinates":[-90.10447,29.926257]},"properties":{"route_name":"12","type":"Streetcar","network":"NORTA","color":"#006737","is_station":true,"station_name":"St Charles Ave At Cadiz St Station"}},{"type":"Feature","geometry":{"type":"Point","coordinates":[-90.102319,29.92641]},"properties":{"route_name":"12","type":"Streetcar","network":"NORTA","color":"#006737","is_station":true,"station_name":"St Charles Ave At Napoleon Ave Station"}},{"type":"Feature","geometry":{"type":"Point","coordinates":[-90.099408,29.926636]},"properties":{"route_name":"12","type":"Streetcar","network":"NORTA","color":"#006737","is_station":true,"station_name":"St Charles Ave At Milan St Station"}},{"type":"Feature","geometry":{"type":"Point","coordinates":[-90.097516,29.926792]},"properties":{"route_name":"12","type":"Streetcar","network":"NORTA","color":"#006737","is_station":true,"station_name":"St Charles Ave At Constantinople St Station"}},{"type":"Feature","geometry":{"type":"Point","coordinates":[-90.095675,29.926947]},"properties":{"route_name":"12","type":"Streetcar","network":"NORTA","color":"#006737","is_station":true,"station_name":"St Charles Ave At Peniston St Station"}},{"type":"Feature","geometry":{"type":"Point","coordinates":[-90.093399,29.927492]},"properties":{"route_name":"12","type":"Streetcar","network":"NORTA","color":"#006737","is_station":true,"station_name":"St Charles Ave At Foucher St Station"}},{"type":"Feature","geometry":{"type":"Point","coordinates":[-90.091579,29.928151]},"properties":{"route_name":"12","type":"Streetcar","network":"NORTA","color":"#006737","is_station":true,"station_name":"St Charles Ave At Louisiana Ave Station"}},{"type":"Feature","geometry":{"type":"Point","coordinates":[-90.08892,29.929344]},"properties":{"route_name":"12","type":"Streetcar","network":"NORTA","color":"#006737","is_station":true,"station_name":"St Charles Ave At Eighth Street Station"}},{"type":"Feature","geometry":{"type":"Point","coordinates":[-90.087402,29.930105]},"properties":{"route_name":"12","type":"Streetcar","network":"NORTA","color":"#006737","is_station":true,"station_name":"St Charles Ave At Sixth Street Station"}},{"type":"Feature","geometry":{"type":"Point","coordinates":[-90.086025,29.930881]},"properties":{"route_name":"12","type":"Streetcar","network":"NORTA","color":"#006737","is_station":true,"station_name":"St Charles Ave At Washington Ave Station"}},{"type":"Feature","geometry":{"type":"Point","coordinates":[-90.084395,29.931773]},"properties":{"route_name":"12","type":"Streetcar","network":"NORTA","color":"#006737","is_station":true,"station_name":"St Charles Ave At Third Street Station"}},{"type":"Feature","geometry":{"type":"Point","coordinates":[-90.08278,29.932683]},"properties":{"route_name":"12","type":"Streetcar","network":"NORTA","color":"#006737","is_station":true,"station_name":"St Charles Ave At First Street Station"}},{"type":"Feature","geometry":{"type":"Point","coordinates":[-90.080705,29.933975]},"properties":{"route_name":"12","type":"Streetcar","network":"NORTA","color":"#006737","is_station":true,"station_name":"St Charles Ave At Jackson Ave Station"}},{"type":"Feature","geometry":{"type":"Point","coordinates":[-90.078788,29.935231]},"properties":{"route_name":"12","type":"Streetcar","network":"NORTA","color":"#006737","is_station":true,"station_name":"St Charles Ave At St Andrew St Station"}},{"type":"Feature","geometry":{"type":"Point","coordinates":[-90.077637,29.93617]},"properties":{"route_name":"12","type":"Streetcar","network":"NORTA","color":"#006737","is_station":true,"station_name":"St Charles Ave At Felicity St Station"}},{"type":"Feature","geometry":{"type":"Point","coordinates":[-90.076555,29.937595]},"properties":{"route_name":"12","type":"Streetcar","network":"NORTA","color":"#006737","is_station":true,"station_name":"St Charles Ave At Euterpe St Station"}},{"type":"Feature","geometry":{"type":"Point","coordinates":[-90.075515,29.938961]},"properties":{"route_name":"12","type":"Streetcar","network":"NORTA","color":"#006737","is_station":true,"station_name":"St. Charles Ave. At Ml King Blvd. Station"}},{"type":"Feature","geometry":{"type":"Point","coordinates":[-90.074487,29.940371]},"properties":{"route_name":"12","type":"Streetcar","network":"NORTA","color":"#006737","is_station":true,"station_name":"St Charles At Erato Station"}},{"type":"Feature","geometry":{"type":"Point","coordinates":[-90.072702,29.94277]},"properties":{"route_name":"12","type":"Streetcar","network":"NORTA","color":"#006737","is_station":true,"station_name":"St Charles Ave At Howard Ave Station"}},{"type":"Feature","geometry":{"type":"Point","coordinates":[-90.072879,29.946074]},"properties":{"route_name":"12","type":"Streetcar","network":"NORTA","color":"#006737","is_station":true,"station_name":"Carondelet St At Julia St Station"}},{"type":"Feature","geometry":{"type":"Point","coordinates":[-90.072439,29.947569]},"properties":{"route_name":"12","type":"Streetcar","network":"NORTA","color":"#006737","is_station":true,"station_name":"Carondelet St At Girod St Station"}},{"type":"Feature","geometry":{"type":"Point","coordinates":[-90.071843,29.949621]},"properties":{"route_name":"12","type":"Streetcar","network":"NORTA","color":"#006737","is_station":true,"station_name":"Carondeletst At Poydras St Station"}},{"type":"Feature","geometry":{"type":"Point","coordinates":[-90.071191,29.951849]},"properties":{"route_name":"12","type":"Streetcar","network":"NORTA","color":"#006737","is_station":true,"station_name":"Carondelet St At Gravier St Station"}},{"type":"Feature","geometry":{"type":"Point","coordinates":[-90.070165,29.9535]},"properties":{"route_name":"12","type":"Streetcar","network":"NORTA","color":"#006737","is_station":true,"station_name":"Canal St At Carondelet St Station"}},{"type":"Feature","geometry":{"type":"Point","coordinates":[-90.06981,29.952339]},"properties":{"route_name":"12","type":"Streetcar","network":"NORTA","color":"#006737","is_station":true,"station_name":"St Charles Ave At Common St Station"}},{"type":"Feature","geometry":{"type":"Point","coordinates":[-90.070638,29.949819]},"properties":{"route_name":"12","type":"Streetcar","network":"NORTA","color":"#006737","is_station":true,"station_name":"St Charles Ave At Poydras St Station"}},{"type":"Feature","geometry":{"type":"Point","coordinates":[-90.071121,29.948135]},"properties":{"route_name":"12","type":"Streetcar","network":"NORTA","color":"#006737","is_station":true,"station_name":"St Charles Ave At Lafayette St Station"}},{"type":"Feature","geometry":{"type":"Point","coordinates":[-90.072177,29.944539]},"properties":{"route_name":"12","type":"Streetcar","network":"NORTA","color":"#006737","is_station":true,"station_name":"St Charles Ave At St Joseph St Station"}},{"type":"Feature","geometry":{"type":"Point","coordinates":[-90.072895,29.942722]},"properties":{"route_name":"12","type":"Streetcar","network":"NORTA","color":"#006737","is_station":true,"station_name":"St Charles Ave At Howard Ave Station"}},{"type":"Feature","geometry":{"type":"Point","coordinates":[-90.075488,29.939208]},"properties":{"route_name":"12","type":"Streetcar","network":"NORTA","color":"#006737","is_station":true,"station_name":"St Charles Ave At Ml King Blvd Station"}},{"type":"Feature","geometry":{"type":"Point","coordinates":[-90.076498,29.937784]},"properties":{"route_name":"12","type":"Streetcar","network":"NORTA","color":"#006737","is_station":true,"station_name":"St Charles Ave At Euterpe St Station"}},{"type":"Feature","geometry":{"type":"Point","coordinates":[-90.077585,29.936363]},"properties":{"route_name":"12","type":"Streetcar","network":"NORTA","color":"#006737","is_station":true,"station_name":"St Charles Ave At Felicity St Station"}},{"type":"Feature","geometry":{"type":"Point","coordinates":[-90.078739,29.935406]},"properties":{"route_name":"12","type":"Streetcar","network":"NORTA","color":"#006737","is_station":true,"station_name":"St Charles Ave At St Andrew St Station"}},{"type":"Feature","geometry":{"type":"Point","coordinates":[-90.082645,29.932859]},"properties":{"route_name":"12","type":"Streetcar","network":"NORTA","color":"#006737","is_station":true,"station_name":"St Charles Ave At First Street Station"}},{"type":"Feature","geometry":{"type":"Point","coordinates":[-90.084303,29.931956]},"properties":{"route_name":"12","type":"Streetcar","network":"NORTA","color":"#006737","is_station":true,"station_name":"St Charles Ave At Third Street Station"}},{"type":"Feature","geometry":{"type":"Point","coordinates":[-90.085908,29.931044]},"properties":{"route_name":"12","type":"Streetcar","network":"NORTA","color":"#006737","is_station":true,"station_name":"St Charles Ave At Washington Ave Station"}},{"type":"Feature","geometry":{"type":"Point","coordinates":[-90.087303,29.930288]},"properties":{"route_name":"12","type":"Streetcar","network":"NORTA","color":"#006737","is_station":true,"station_name":"St Charles Ave At Sixth Street Station"}},{"type":"Feature","geometry":{"type":"Point","coordinates":[-90.093592,29.927509]},"properties":{"route_name":"12","type":"Streetcar","network":"NORTA","color":"#006737","is_station":true,"station_name":"St Charles Ave At Foucher St Station"}},{"type":"Feature","geometry":{"type":"Point","coordinates":[-90.095553,29.927075]},"properties":{"route_name":"12","type":"Streetcar","network":"NORTA","color":"#006737","is_station":true,"station_name":"St Charles Ave At Peniston St Station"}},{"type":"Feature","geometry":{"type":"Point","coordinates":[-90.097726,29.926873]},"properties":{"route_name":"12","type":"Streetcar","network":"NORTA","color":"#006737","is_station":true,"station_name":"St Charles Ave At Constantinople St Station"}},{"type":"Feature","geometry":{"type":"Point","coordinates":[-90.099601,29.926715]},"properties":{"route_name":"12","type":"Streetcar","network":"NORTA","color":"#006737","is_station":true,"station_name":"St Charles Ave At Milan St Station"}},{"type":"Feature","geometry":{"type":"Point","coordinates":[-90.10438,29.926364]},"properties":{"route_name":"12","type":"Streetcar","network":"NORTA","color":"#006737","is_station":true,"station_name":"St Charles Ave At Cadiz St Station"}},{"type":"Feature","geometry":{"type":"Point","coordinates":[-90.094171,29.980541]},"properties":{"route_name":"48","type":"Streetcar","network":"NORTA","color":"#C72127","is_station":true,"station_name":"N. Carrollton At Dumaine (Out) Station"}},{"type":"Feature","geometry":{"type":"Point","coordinates":[-90.106663,29.926191]},"properties":{"route_name":"12","type":"Streetcar","network":"NORTA","color":"#006737","is_station":true,"station_name":"St Charles Ave At Bordeaux St Station"}},{"type":"Feature","geometry":{"type":"Point","coordinates":[-90.109087,29.926747]},"properties":{"route_name":"12","type":"Streetcar","network":"NORTA","color":"#006737","is_station":true,"station_name":"St Charles Ave At Robert St Station"}},{"type":"Feature","geometry":{"type":"Point","coordinates":[-90.111417,29.927817]},"properties":{"route_name":"12","type":"Streetcar","network":"NORTA","color":"#006737","is_station":true,"station_name":"St Charles Ave At Valmont St Station"}},{"type":"Feature","geometry":{"type":"Point","coordinates":[-90.114768,29.929404]},"properties":{"route_name":"12","type":"Streetcar","network":"NORTA","color":"#006737","is_station":true,"station_name":"St Charles Ave At Joseph St Station"}},{"type":"Feature","geometry":{"type":"Point","coordinates":[-90.116451,29.930198]},"properties":{"route_name":"12","type":"Streetcar","network":"NORTA","color":"#006737","is_station":true,"station_name":"St Charles Ave At Nashville Ave Station"}},{"type":"Feature","geometry":{"type":"Point","coordinates":[-90.079738,29.934632]},"properties":{"route_name":"12","type":"Streetcar","network":"NORTA","color":"#006737","is_station":true,"station_name":"St Charles Ave At Josephine St Station"}},{"type":"Feature","geometry":{"type":"Point","coordinates":[-90.117973,29.931059]},"properties":{"route_name":"12","type":"Streetcar","network":"NORTA","color":"#006737","is_station":true,"station_name":"St Charles Ave At State St Station"}},{"type":"Feature","geometry":{"type":"Point","coordinates":[-90.119139,29.931874]},"properties":{"route_name":"12","type":"Streetcar","network":"NORTA","color":"#006737","is_station":true,"station_name":"St Charles Ave At Webster St Station"}},{"type":"Feature","geometry":{"type":"Point","coordinates":[-90.120581,29.932891]},"properties":{"route_name":"12","type":"Streetcar","network":"NORTA","color":"#006737","is_station":true,"station_name":"St Charles Ave At Calhoun St Station"}},{"type":"Feature","geometry":{"type":"Point","coordinates":[-90.121501,29.933539]},"properties":{"route_name":"12","type":"Streetcar","network":"NORTA","color":"#006737","is_station":true,"station_name":"St Charles Ave At Exposition Station"}},{"type":"Feature","geometry":{"type":"Point","coordinates":[-90.12236,29.934161]},"properties":{"route_name":"12","type":"Streetcar","network":"NORTA","color":"#006737","is_station":true,"station_name":"St Charles Ave At Tulane/Loyola Station"}},{"type":"Feature","geometry":{"type":"Point","coordinates":[-90.123714,29.935111]},"properties":{"route_name":"12","type":"Streetcar","network":"NORTA","color":"#006737","is_station":true,"station_name":"St Charles Ave At Tulane University Station"}},{"type":"Feature","geometry":{"type":"Point","coordinates":[-90.125364,29.936249]},"properties":{"route_name":"12","type":"Streetcar","network":"NORTA","color":"#006737","is_station":true,"station_name":"St Charles Ave At Walnut St Station"}},{"type":"Feature","geometry":{"type":"Point","coordinates":[-90.131869,29.941196]},"properties":{"route_name":"12","type":"Streetcar","network":"NORTA","color":"#006737","is_station":true,"station_name":"St Charles Ave At Burdette St Station"}},{"type":"Feature","geometry":{"type":"Point","coordinates":[-90.12818,29.938308]},"properties":{"route_name":"12","type":"Streetcar","network":"NORTA","color":"#006737","is_station":true,"station_name":"St Charles Ave At Lowerline St Station"}},{"type":"Feature","geometry":{"type":"Point","coordinates":[-90.130291,29.939891]},"properties":{"route_name":"12","type":"Streetcar","network":"NORTA","color":"#006737","is_station":true,"station_name":"St Charles Ave At Hillary St Station"}},{"type":"Feature","geometry":{"type":"Point","coordinates":[-90.133893,29.943307]},"properties":{"route_name":"12","type":"Streetcar","network":"NORTA","color":"#006737","is_station":true,"station_name":"S. Carrollton Ave At St Charles Ave Station"}},{"type":"Feature","geometry":{"type":"Point","coordinates":[-90.063285,29.947828]},"properties":{"route_name":"49","type":"Streetcar","network":"NORTA","color":"#0700FD","is_station":true,"station_name":"Poydras Station"}},{"type":"Feature","geometry":{"type":"Point","coordinates":[-90.132779,29.944336]},"properties":{"route_name":"12","type":"Streetcar","network":"NORTA","color":"#006737","is_station":true,"station_name":"S. Carrollton Ave At Maple St Station"}},{"type":"Feature","geometry":{"type":"Point","coordinates":[-90.131267,29.94578]},"properties":{"route_name":"12","type":"Streetcar","network":"NORTA","color":"#006737","is_station":true,"station_name":"S. Carrollton Ave At Freret St Station"}},{"type":"Feature","geometry":{"type":"Point","coordinates":[-90.129727,29.947173]},"properties":{"route_name":"12","type":"Streetcar","network":"NORTA","color":"#006737","is_station":true,"station_name":"S. Carrollton Ave At Oak St Station"}},{"type":"Feature","geometry":{"type":"Point","coordinates":[-90.126674,29.95002]},"properties":{"route_name":"12","type":"Streetcar","network":"NORTA","color":"#006737","is_station":true,"station_name":"S Carrollton Ave At Birch St Station"}},{"type":"Feature","geometry":{"type":"Point","coordinates":[-90.125179,29.951429]},"properties":{"route_name":"12","type":"Streetcar","network":"NORTA","color":"#006737","is_station":true,"station_name":"S. Carrollton Ave At Hickory St Station"}},{"type":"Feature","geometry":{"type":"Point","coordinates":[-90.123669,29.95284]},"properties":{"route_name":"12","type":"Streetcar","network":"NORTA","color":"#006737","is_station":true,"station_name":"S Carrollton Aveat Spruce St Station"}},{"type":"Feature","geometry":{"type":"Point","coordinates":[-90.122151,29.954248]},"properties":{"route_name":"12","type":"Streetcar","network":"NORTA","color":"#006737","is_station":true,"station_name":"S. Carrollton  Ave At Sycamore St Station"}},{"type":"Feature","geometry":{"type":"Point","coordinates":[-90.07171,29.946061]},"properties":{"route_name":"12","type":"Streetcar","network":"NORTA","color":"#006737","is_station":true,"station_name":"St Charles Ave At Julia St Station"}},{"type":"Feature","geometry":{"type":"Point","coordinates":[-90.082467,29.962243]},"properties":{"route_name":"48","type":"Streetcar","network":"NORTA","color":"#C72127","is_station":true,"station_name":"Canal At Galvez (In) Station"}},{"type":"Feature","geometry":{"type":"Point","coordinates":[-90.082467,29.962243]},"properties":{"route_name":"47","type":"Streetcar","network":"NORTA","color":"#FFCB05","is_station":true,"station_name":"Canal At Galvez (In) Station"}},{"type":"Feature","geometry":{"type":"Point","coordinates":[-90.126705,29.937213]},"properties":{"route_name":"12","type":"Streetcar","network":"NORTA","color":"#006737","is_station":true,"station_name":"St Charles Ave & Broadway St Station"}},{"type":"Feature","geometry":{"type":"Point","coordinates":[-90.113147,29.928537]},"properties":{"route_name":"12","type":"Streetcar","network":"NORTA","color":"#006737","is_station":true,"station_name":"St Charles Ave At Jefferson Ave Station"}},{"type":"Feature","geometry":{"type":"Point","coordinates":[-90.080559,29.93419]},"properties":{"route_name":"12","type":"Streetcar","network":"NORTA","color":"#006737","is_station":true,"station_name":"St Charles Ave And Jackson Ave Station"}},{"type":"Feature","geometry":{"type":"Point","coordinates":[-90.06352,29.950157]},"properties":{"route_name":"49","type":"Streetcar","network":"NORTA","color":"#0700FD","is_station":true,"station_name":"Canal Street Station"}},{"type":"Feature","geometry":{"type":"Point","coordinates":[-90.089039,29.929178]},"properties":{"route_name":"12","type":"Streetcar","network":"NORTA","color":"#006737","is_station":true,"station_name":"St Charles At Eighth Street Station"}},{"type":"Feature","geometry":{"type":"Point","coordinates":[-90.063749,29.952733]},"properties":{"route_name":"49","type":"Streetcar","network":"NORTA","color":"#0700FD","is_station":true,"station_name":"Bienville Station"}},{"type":"Feature","geometry":{"type":"Point","coordinates":[-90.070242,29.951184]},"properties":{"route_name":"12","type":"Streetcar","network":"NORTA","color":"#006737","is_station":true,"station_name":"St Charles Ave At Union St Station"}},{"type":"Feature","geometry":{"type":"Point","coordinates":[-90.079579,29.934816]},"properties":{"route_name":"12","type":"Streetcar","network":"NORTA","color":"#006737","is_station":true,"station_name":"St Charles Ave At Josephine St Station"}},{"type":"Feature","geometry":{"type":"Point","coordinates":[-90.059082,29.959532]},"properties":{"route_name":"49","type":"Streetcar","network":"NORTA","color":"#0700FD","is_station":true,"station_name":"Ursulines Station"}},{"type":"Feature","geometry":{"type":"Point","coordinates":[-90.060784,29.957956]},"properties":{"route_name":"49","type":"Streetcar","network":"NORTA","color":"#0700FD","is_station":true,"station_name":"Dumaine Station"}},{"type":"Feature","geometry":{"type":"Point","coordinates":[-90.062783,29.955713]},"properties":{"route_name":"49","type":"Streetcar","network":"NORTA","color":"#0700FD","is_station":true,"station_name":"Toulouse Station"}},{"type":"Feature","geometry":{"type":"Point","coordinates":[-90.06375,29.952687]},"properties":{"route_name":"49","type":"Streetcar","network":"NORTA","color":"#0700FD","is_station":true,"station_name":"Bienville Station"}},{"type":"Feature","geometry":{"type":"Point","coordinates":[-90.063334,29.948186]},"properties":{"route_name":"49","type":"Streetcar","network":"NORTA","color":"#0700FD","is_station":true,"station_name":"Poydras Station"}},{"type":"Feature","geometry":{"type":"Point","coordinates":[-90.07305,29.955784]},"properties":{"route_name":"48","type":"Streetcar","network":"NORTA","color":"#C72127","is_station":true,"station_name":"Canal At S. Rampart Station"}},{"type":"Feature","geometry":{"type":"Point","coordinates":[-90.07305,29.955784]},"properties":{"route_name":"46","type":"Streetcar","network":"NORTA","color":"#B94BBC","is_station":true,"station_name":"Canal At S. Rampart Station"}},{"type":"Feature","geometry":{"type":"Point","coordinates":[-90.07305,29.955784]},"properties":{"route_name":"47","type":"Streetcar","network":"NORTA","color":"#FFCB05","is_station":true,"station_name":"Canal At S. Rampart Station"}},{"type":"Feature","geometry":{"type":"Point","coordinates":[-90.082569,29.962319]},"properties":{"route_name":"48","type":"Streetcar","network":"NORTA","color":"#C72127","is_station":true,"station_name":"Canal At Galvez (Out) Station"}},{"type":"Feature","geometry":{"type":"Point","coordinates":[-90.082569,29.962319]},"properties":{"route_name":"47","type":"Streetcar","network":"NORTA","color":"#FFCB05","is_station":true,"station_name":"Canal At Galvez (Out) Station"}},{"type":"Feature","geometry":{"type":"Point","coordinates":[-90.08756,29.965683]},"properties":{"route_name":"48","type":"Streetcar","network":"NORTA","color":"#C72127","is_station":true,"station_name":"Canal At S. Broad Station"}},{"type":"Feature","geometry":{"type":"Point","coordinates":[-90.08756,29.965683]},"properties":{"route_name":"47","type":"Streetcar","network":"NORTA","color":"#FFCB05","is_station":true,"station_name":"Canal At S. Broad Station"}},{"type":"Feature","geometry":{"type":"Point","coordinates":[-90.088935,29.966606]},"properties":{"route_name":"48","type":"Streetcar","network":"NORTA","color":"#C72127","is_station":true,"station_name":"Canal At S. White Station"}},{"type":"Feature","geometry":{"type":"Point","coordinates":[-90.088935,29.966606]},"properties":{"route_name":"47","type":"Streetcar","network":"NORTA","color":"#FFCB05","is_station":true,"station_name":"Canal At S. White Station"}},{"type":"Feature","geometry":{"type":"Point","coordinates":[-90.100371,29.974352]},"properties":{"route_name":"48","type":"Streetcar","network":"NORTA","color":"#C72127","is_station":true,"station_name":"Canal At S. Carrollton Station"}},{"type":"Feature","geometry":{"type":"Point","coordinates":[-90.100371,29.974352]},"properties":{"route_name":"47","type":"Streetcar","network":"NORTA","color":"#FFCB05","is_station":true,"station_name":"Canal At S. Carrollton Station"}},{"type":"Feature","geometry":{"type":"Point","coordinates":[-90.100334,29.974411]},"properties":{"route_name":"48","type":"Streetcar","network":"NORTA","color":"#C72127","is_station":true,"station_name":"Canal At N. Carrollton Station"}},{"type":"Feature","geometry":{"type":"Point","coordinates":[-90.100334,29.974411]},"properties":{"route_name":"47","type":"Streetcar","network":"NORTA","color":"#FFCB05","is_station":true,"station_name":"Canal At N. Carrollton Station"}},{"type":"Feature","geometry":{"type":"Point","coordinates":[-90.087655,29.965811]},"properties":{"route_name":"48","type":"Streetcar","network":"NORTA","color":"#C72127","is_station":true,"station_name":"Canal At N. Broad Station"}},{"type":"Feature","geometry":{"type":"Point","coordinates":[-90.087655,29.965811]},"properties":{"route_name":"47","type":"Streetcar","network":"NORTA","color":"#FFCB05","is_station":true,"station_name":"Canal At N. Broad Station"}},{"type":"Feature","geometry":{"type":"Point","coordinates":[-90.073101,29.955909]},"properties":{"route_name":"48","type":"Streetcar","network":"NORTA","color":"#C72127","is_station":true,"station_name":"Canal At N. Rampart Station"}},{"type":"Feature","geometry":{"type":"Point","coordinates":[-90.073101,29.955909]},"properties":{"route_name":"46","type":"Streetcar","network":"NORTA","color":"#B94BBC","is_station":true,"station_name":"Canal At N. Rampart Station"}},{"type":"Feature","geometry":{"type":"Point","coordinates":[-90.073101,29.955909]},"properties":{"route_name":"47","type":"Streetcar","network":"NORTA","color":"#FFCB05","is_station":true,"station_name":"Canal At N. Rampart Station"}},{"type":"Feature","geometry":{"type":"Point","coordinates":[-90.110564,29.98277]},"properties":{"route_name":"47","type":"Streetcar","network":"NORTA","color":"#FFCB05","is_station":true,"station_name":"Cemeteries Transit Terminal Station"}},{"type":"Feature","geometry":{"type":"Point","coordinates":[-90.07551,29.957485]},"properties":{"route_name":"48","type":"Streetcar","network":"NORTA","color":"#C72127","is_station":true,"station_name":"Canal At Lasalle (In) Station"}},{"type":"Feature","geometry":{"type":"Point","coordinates":[-90.07551,29.957485]},"properties":{"route_name":"47","type":"Streetcar","network":"NORTA","color":"#FFCB05","is_station":true,"station_name":"Canal At Lasalle (In) Station"}},{"type":"Feature","geometry":{"type":"Point","coordinates":[-90.092075,29.968731]},"properties":{"route_name":"48","type":"Streetcar","network":"NORTA","color":"#C72127","is_station":true,"station_name":"Canal At Lopez (In) Station"}},{"type":"Feature","geometry":{"type":"Point","coordinates":[-90.092075,29.968731]},"properties":{"route_name":"47","type":"Streetcar","network":"NORTA","color":"#FFCB05","is_station":true,"station_name":"Canal At Lopez (In) Station"}},{"type":"Feature","geometry":{"type":"Point","coordinates":[-90.093751,29.969875]},"properties":{"route_name":"48","type":"Streetcar","network":"NORTA","color":"#C72127","is_station":true,"station_name":"Canal St. At Norman C. Francis Pkwy.  (In) Station"}},{"type":"Feature","geometry":{"type":"Point","coordinates":[-90.093751,29.969875]},"properties":{"route_name":"47","type":"Streetcar","network":"NORTA","color":"#FFCB05","is_station":true,"station_name":"Canal St. At Norman C. Francis Pkwy.  (In) Station"}},{"type":"Feature","geometry":{"type":"Point","coordinates":[-90.095212,29.970868]},"properties":{"route_name":"48","type":"Streetcar","network":"NORTA","color":"#C72127","is_station":true,"station_name":"Canal At Clark (In) Station"}},{"type":"Feature","geometry":{"type":"Point","coordinates":[-90.095212,29.970868]},"properties":{"route_name":"47","type":"Streetcar","network":"NORTA","color":"#FFCB05","is_station":true,"station_name":"Canal At Clark (In) Station"}},{"type":"Feature","geometry":{"type":"Point","coordinates":[-90.096745,29.971899]},"properties":{"route_name":"48","type":"Streetcar","network":"NORTA","color":"#C72127","is_station":true,"station_name":"Canal At Telemachus (In) Station"}},{"type":"Feature","geometry":{"type":"Point","coordinates":[-90.096745,29.971899]},"properties":{"route_name":"47","type":"Streetcar","network":"NORTA","color":"#FFCB05","is_station":true,"station_name":"Canal At Telemachus (In) Station"}},{"type":"Feature","geometry":{"type":"Point","coordinates":[-90.098514,29.973097]},"properties":{"route_name":"48","type":"Streetcar","network":"NORTA","color":"#C72127","is_station":true,"station_name":"Canal At Scott (In) Station"}},{"type":"Feature","geometry":{"type":"Point","coordinates":[-90.098514,29.973097]},"properties":{"route_name":"47","type":"Streetcar","network":"NORTA","color":"#FFCB05","is_station":true,"station_name":"Canal At Scott (In) Station"}},{"type":"Feature","geometry":{"type":"Point","coordinates":[-90.104979,29.97744]},"properties":{"route_name":"47","type":"Streetcar","network":"NORTA","color":"#FFCB05","is_station":true,"station_name":"Canal At Murat (In) Station"}},{"type":"Feature","geometry":{"type":"Point","coordinates":[-90.106785,29.978755]},"properties":{"route_name":"47","type":"Streetcar","network":"NORTA","color":"#FFCB05","is_station":true,"station_name":"Canal At Saint Patrick (In) Station"}},{"type":"Feature","geometry":{"type":"Point","coordinates":[-90.106814,29.978711]},"properties":{"route_name":"47","type":"Streetcar","network":"NORTA","color":"#FFCB05","is_station":true,"station_name":"Canal At Saint Patrick (Out) Station"}},{"type":"Feature","geometry":{"type":"Point","coordinates":[-90.104936,29.977529]},"properties":{"route_name":"47","type":"Streetcar","network":"NORTA","color":"#FFCB05","is_station":true,"station_name":"Canal At Murat (Out) Station"}},{"type":"Feature","geometry":{"type":"Point","coordinates":[-90.103088,29.976283]},"properties":{"route_name":"47","type":"Streetcar","network":"NORTA","color":"#FFCB05","is_station":true,"station_name":"Canal At Hennessy (Out) Station"}},{"type":"Feature","geometry":{"type":"Point","coordinates":[-90.098481,29.973097]},"properties":{"route_name":"48","type":"Streetcar","network":"NORTA","color":"#C72127","is_station":true,"station_name":"Canal At Scott (Out) Station"}},{"type":"Feature","geometry":{"type":"Point","coordinates":[-90.098481,29.973097]},"properties":{"route_name":"47","type":"Streetcar","network":"NORTA","color":"#FFCB05","is_station":true,"station_name":"Canal At Scott (Out) Station"}},{"type":"Feature","geometry":{"type":"Point","coordinates":[-90.09673,29.971924]},"properties":{"route_name":"48","type":"Streetcar","network":"NORTA","color":"#C72127","is_station":true,"station_name":"Canal At Telemachus (Out) Station"}},{"type":"Feature","geometry":{"type":"Point","coordinates":[-90.09673,29.971924]},"properties":{"route_name":"47","type":"Streetcar","network":"NORTA","color":"#FFCB05","is_station":true,"station_name":"Canal At Telemachus (Out) Station"}},{"type":"Feature","geometry":{"type":"Point","coordinates":[-90.09524,29.970849]},"properties":{"route_name":"48","type":"Streetcar","network":"NORTA","color":"#C72127","is_station":true,"station_name":"Canal At Clark (Out) Station"}},{"type":"Feature","geometry":{"type":"Point","coordinates":[-90.09524,29.970849]},"properties":{"route_name":"47","type":"Streetcar","network":"NORTA","color":"#FFCB05","is_station":true,"station_name":"Canal At Clark (Out) Station"}},{"type":"Feature","geometry":{"type":"Point","coordinates":[-90.093732,29.969894]},"properties":{"route_name":"48","type":"Streetcar","network":"NORTA","color":"#C72127","is_station":true,"station_name":"Canal St. At Norman C. Francis Pkwy. (Out) Station"}},{"type":"Feature","geometry":{"type":"Point","coordinates":[-90.093732,29.969894]},"properties":{"route_name":"47","type":"Streetcar","network":"NORTA","color":"#FFCB05","is_station":true,"station_name":"Canal St. At Norman C. Francis Pkwy. (Out) Station"}},{"type":"Feature","geometry":{"type":"Point","coordinates":[-90.09208,29.968748]},"properties":{"route_name":"48","type":"Streetcar","network":"NORTA","color":"#C72127","is_station":true,"station_name":"Canal At Lopez (Out) Station"}},{"type":"Feature","geometry":{"type":"Point","coordinates":[-90.09208,29.968748]},"properties":{"route_name":"47","type":"Streetcar","network":"NORTA","color":"#FFCB05","is_station":true,"station_name":"Canal At Lopez (Out) Station"}},{"type":"Feature","geometry":{"type":"Point","coordinates":[-90.085852,29.964545]},"properties":{"route_name":"48","type":"Streetcar","network":"NORTA","color":"#C72127","is_station":true,"station_name":"Canal At Dorgenois (Out) Station"}},{"type":"Feature","geometry":{"type":"Point","coordinates":[-90.085852,29.964545]},"properties":{"route_name":"47","type":"Streetcar","network":"NORTA","color":"#FFCB05","is_station":true,"station_name":"Canal At Dorgenois (Out) Station"}},{"type":"Feature","geometry":{"type":"Point","coordinates":[-90.083939,29.963274]},"properties":{"route_name":"48","type":"Streetcar","network":"NORTA","color":"#C72127","is_station":true,"station_name":"Canal At Tonti (Out) Station"}},{"type":"Feature","geometry":{"type":"Point","coordinates":[-90.083939,29.963274]},"properties":{"route_name":"47","type":"Streetcar","network":"NORTA","color":"#FFCB05","is_station":true,"station_name":"Canal At Tonti (Out) Station"}},{"type":"Feature","geometry":{"type":"Point","coordinates":[-90.080413,29.960878]},"properties":{"route_name":"48","type":"Streetcar","network":"NORTA","color":"#C72127","is_station":true,"station_name":"Canal At Prieur (Out) Station"}},{"type":"Feature","geometry":{"type":"Point","coordinates":[-90.080413,29.960878]},"properties":{"route_name":"47","type":"Streetcar","network":"NORTA","color":"#FFCB05","is_station":true,"station_name":"Canal At Prieur (Out) Station"}},{"type":"Feature","geometry":{"type":"Point","coordinates":[-90.078252,29.95946]},"properties":{"route_name":"48","type":"Streetcar","network":"NORTA","color":"#C72127","is_station":true,"station_name":"Canal At N. Claiborne (Out) Station"}},{"type":"Feature","geometry":{"type":"Point","coordinates":[-90.078252,29.95946]},"properties":{"route_name":"47","type":"Streetcar","network":"NORTA","color":"#FFCB05","is_station":true,"station_name":"Canal At N. Claiborne (Out) Station"}},{"type":"Feature","geometry":{"type":"Point","coordinates":[-90.069772,29.953711]},"properties":{"route_name":"48","type":"Streetcar","network":"NORTA","color":"#C72127","is_station":true,"station_name":"Canal At Bourbon (Out) Station"}},{"type":"Feature","geometry":{"type":"Point","coordinates":[-90.069772,29.953711]},"properties":{"route_name":"47","type":"Streetcar","network":"NORTA","color":"#FFCB05","is_station":true,"station_name":"Canal At Bourbon (Out) Station"}},{"type":"Feature","geometry":{"type":"Point","coordinates":[-90.068036,29.952537]},"properties":{"route_name":"48","type":"Streetcar","network":"NORTA","color":"#C72127","is_station":true,"station_name":"Canal At Chartres (Out) Station"}},{"type":"Feature","geometry":{"type":"Point","coordinates":[-90.068036,29.952537]},"properties":{"route_name":"47","type":"Streetcar","network":"NORTA","color":"#FFCB05","is_station":true,"station_name":"Canal At Chartres (Out) Station"}},{"type":"Feature","geometry":{"type":"Point","coordinates":[-90.065793,29.951016]},"properties":{"route_name":"48","type":"Streetcar","network":"NORTA","color":"#C72127","is_station":true,"station_name":"Canal At N. Peters (Out) Station"}},{"type":"Feature","geometry":{"type":"Point","coordinates":[-90.065793,29.951016]},"properties":{"route_name":"47","type":"Streetcar","network":"NORTA","color":"#FFCB05","is_station":true,"station_name":"Canal At N. Peters (Out) Station"}},{"type":"Feature","geometry":{"type":"Point","coordinates":[-90.088916,29.966624]},"properties":{"route_name":"48","type":"Streetcar","network":"NORTA","color":"#C72127","is_station":true,"station_name":"Canal At N. White Station"}},{"type":"Feature","geometry":{"type":"Point","coordinates":[-90.088916,29.966624]},"properties":{"route_name":"47","type":"Streetcar","network":"NORTA","color":"#FFCB05","is_station":true,"station_name":"Canal At N. White Station"}},{"type":"Feature","geometry":{"type":"Point","coordinates":[-90.062818,29.955693]},"properties":{"route_name":"49","type":"Streetcar","network":"NORTA","color":"#0700FD","is_station":true,"station_name":"Toulouse Station"}},{"type":"Feature","geometry":{"type":"Point","coordinates":[-90.090149,29.983838]},"properties":{"route_name":"48","type":"Streetcar","network":"NORTA","color":"#C72127","is_station":true,"station_name":"Museum Of Art Station"}},{"type":"Feature","geometry":{"type":"Point","coordinates":[-90.060749,29.958002]},"properties":{"route_name":"49","type":"Streetcar","network":"NORTA","color":"#0700FD","is_station":true,"station_name":"Dumaine Station"}},{"type":"Feature","geometry":{"type":"Point","coordinates":[-90.108659,29.979974]},"properties":{"route_name":"47","type":"Streetcar","network":"NORTA","color":"#FFCB05","is_station":true,"station_name":"Canal At Saint Anthony (In) Station"}},{"type":"Feature","geometry":{"type":"Point","coordinates":[-90.078156,29.959296]},"properties":{"route_name":"48","type":"Streetcar","network":"NORTA","color":"#C72127","is_station":true,"station_name":"Canal At S. Claiborne (In) Station"}},{"type":"Feature","geometry":{"type":"Point","coordinates":[-90.078156,29.959296]},"properties":{"route_name":"47","type":"Streetcar","network":"NORTA","color":"#FFCB05","is_station":true,"station_name":"Canal At S. Claiborne (In) Station"}},{"type":"Feature","geometry":{"type":"Point","coordinates":[-90.091266,29.968183]},"properties":{"route_name":"48","type":"Streetcar","network":"NORTA","color":"#C72127","is_station":true,"station_name":"Canal At Salcedo (In) Station"}},{"type":"Feature","geometry":{"type":"Point","coordinates":[-90.091266,29.968183]},"properties":{"route_name":"47","type":"Streetcar","network":"NORTA","color":"#FFCB05","is_station":true,"station_name":"Canal At Salcedo (In) Station"}},{"type":"Feature","geometry":{"type":"Point","coordinates":[-90.091239,29.968199]},"properties":{"route_name":"48","type":"Streetcar","network":"NORTA","color":"#C72127","is_station":true,"station_name":"Canal At Salcedo (Out) Station"}},{"type":"Feature","geometry":{"type":"Point","coordinates":[-90.091239,29.968199]},"properties":{"route_name":"47","type":"Streetcar","network":"NORTA","color":"#FFCB05","is_station":true,"station_name":"Canal At Salcedo (Out) Station"}},{"type":"Feature","geometry":{"type":"Point","coordinates":[-90.108641,29.980001]},"properties":{"route_name":"47","type":"Streetcar","network":"NORTA","color":"#FFCB05","is_station":true,"station_name":"Canal At Saint Anthony (Out) Station"}},{"type":"Feature","geometry":{"type":"Point","coordinates":[-90.065751,29.950859]},"properties":{"route_name":"48","type":"Streetcar","network":"NORTA","color":"#C72127","is_station":true,"station_name":"Canal At S. Peters (In) Station"}},{"type":"Feature","geometry":{"type":"Point","coordinates":[-90.065751,29.950859]},"properties":{"route_name":"47","type":"Streetcar","network":"NORTA","color":"#FFCB05","is_station":true,"station_name":"Canal At S. Peters (In) Station"}},{"type":"Feature","geometry":{"type":"Point","coordinates":[-90.070041,29.953759]},"properties":{"route_name":"48","type":"Streetcar","network":"NORTA","color":"#C72127","is_station":true,"station_name":"Canal At Carondelet (In) Station"}},{"type":"Feature","geometry":{"type":"Point","coordinates":[-90.070041,29.953759]},"properties":{"route_name":"47","type":"Streetcar","network":"NORTA","color":"#FFCB05","is_station":true,"station_name":"Canal At Carondelet (In) Station"}},{"type":"Feature","geometry":{"type":"Point","coordinates":[-90.068002,29.952342]},"properties":{"route_name":"48","type":"Streetcar","network":"NORTA","color":"#C72127","is_station":true,"station_name":"Canal At Camp (In) Station"}},{"type":"Feature","geometry":{"type":"Point","coordinates":[-90.068002,29.952342]},"properties":{"route_name":"47","type":"Streetcar","network":"NORTA","color":"#FFCB05","is_station":true,"station_name":"Canal At Camp (In) Station"}},{"type":"Feature","geometry":{"type":"Point","coordinates":[-90.097538,29.977374]},"properties":{"route_name":"48","type":"Streetcar","network":"NORTA","color":"#C72127","is_station":true,"station_name":"N. Carrollton At St Louis (Out) Station"}},{"type":"Feature","geometry":{"type":"Point","coordinates":[-90.064622,29.950095]},"properties":{"route_name":"48","type":"Streetcar","network":"NORTA","color":"#C72127","is_station":true,"station_name":"Canal St. Ferry Terminal Station"}},{"type":"Feature","geometry":{"type":"Point","coordinates":[-90.064622,29.950095]},"properties":{"route_name":"47","type":"Streetcar","network":"NORTA","color":"#FFCB05","is_station":true,"station_name":"Canal St. Ferry Terminal Station"}},{"type":"Feature","geometry":{"type":"Point","coordinates":[-90.075165,29.957333]},"properties":{"route_name":"48","type":"Streetcar","network":"NORTA","color":"#C72127","is_station":true,"station_name":"Canal At Marais (Out) Station"}},{"type":"Feature","geometry":{"type":"Point","coordinates":[-90.075165,29.957333]},"properties":{"route_name":"47","type":"Streetcar","network":"NORTA","color":"#FFCB05","is_station":true,"station_name":"Canal At Marais (Out) Station"}},{"type":"Feature","geometry":{"type":"Point","coordinates":[-90.07462,29.940358]},"properties":{"route_name":"12","type":"Streetcar","network":"NORTA","color":"#006737","is_station":true,"station_name":"St Charles Ave At Erato St Station"}},{"type":"Feature","geometry":{"type":"Point","coordinates":[-90.071316,29.947454]},"properties":{"route_name":"12","type":"Streetcar","network":"NORTA","color":"#006737","is_station":true,"station_name":"St Charles Ave At Girod St Station"}},{"type":"Feature","geometry":{"type":"Point","coordinates":[-90.073361,29.94404]},"properties":{"route_name":"12","type":"Streetcar","network":"NORTA","color":"#006737","is_station":true,"station_name":"Howard Ave. At Carondelet St Station"}},{"type":"Feature","geometry":{"type":"Point","coordinates":[-90.063566,29.950145]},"properties":{"route_name":"49","type":"Streetcar","network":"NORTA","color":"#0700FD","is_station":true,"station_name":"Canal Street Station"}},{"type":"Feature","geometry":{"type":"Point","coordinates":[-90.074692,29.9548]},"properties":{"route_name":"46","type":"Streetcar","network":"NORTA","color":"#B94BBC","is_station":true,"station_name":"Tulane Station"}},{"type":"Feature","geometry":{"type":"Point","coordinates":[-90.075764,29.951065]},"properties":{"route_name":"46","type":"Streetcar","network":"NORTA","color":"#B94BBC","is_station":true,"station_name":"Poydras Street Station"}},{"type":"Feature","geometry":{"type":"Point","coordinates":[-90.076791,29.947271]},"properties":{"route_name":"46","type":"Streetcar","network":"NORTA","color":"#B94BBC","is_station":true,"station_name":"Julia Street Station"}},{"type":"Feature","geometry":{"type":"Point","coordinates":[-90.078192,29.945495]},"properties":{"route_name":"46","type":"Streetcar","network":"NORTA","color":"#B94BBC","is_station":true,"station_name":"Upt Streetcar Bay 1 Station"}},{"type":"Feature","geometry":{"type":"Point","coordinates":[-90.076789,29.946826]},"properties":{"route_name":"46","type":"Streetcar","network":"NORTA","color":"#B94BBC","is_station":true,"station_name":"Julia Street Station"}},{"type":"Feature","geometry":{"type":"Point","coordinates":[-90.075745,29.950569]},"properties":{"route_name":"46","type":"Streetcar","network":"NORTA","color":"#B94BBC","is_station":true,"station_name":"Poydras Street Station"}},{"type":"Feature","geometry":{"type":"Point","coordinates":[-90.074591,29.95472]},"properties":{"route_name":"46","type":"Streetcar","network":"NORTA","color":"#B94BBC","is_station":true,"station_name":"Tulane Station"}},{"type":"Feature","geometry":{"type":"Point","coordinates":[-90.132472,29.941779]},"properties":{"route_name":"12","type":"Streetcar","network":"NORTA","color":"#006737","is_station":true,"station_name":"St Charles Ave At Fern St Station"}},{"type":"Feature","geometry":{"type":"Point","coordinates":[-90.114973,29.92945]},"properties":{"route_name":"12","type":"Streetcar","network":"NORTA","color":"#006737","is_station":true,"station_name":"St Charles Ave At Joseph St Station"}},{"type":"Feature","geometry":{"type":"Point","coordinates":[-90.091878,29.928143]},"properties":{"route_name":"12","type":"Streetcar","network":"NORTA","color":"#006737","is_station":true,"station_name":"St Charles Ave At Louisiana Ave Station"}},{"type":"Feature","geometry":{"type":"Point","coordinates":[-90.128239,29.9486]},"properties":{"route_name":"12","type":"Streetcar","network":"NORTA","color":"#006737","is_station":true,"station_name":"S. Carrollton At Willow Station"}},{"type":"Feature","geometry":{"type":"Point","coordinates":[-90.1128,29.928518]},"properties":{"route_name":"12","type":"Streetcar","network":"NORTA","color":"#006737","is_station":true,"station_name":"St Charles Ave At Jefferson Ave Station"}},{"type":"Feature","geometry":{"type":"Point","coordinates":[-90.1018,29.926572]},"properties":{"route_name":"12","type":"Streetcar","network":"NORTA","color":"#006737","is_station":true,"station_name":"St Charles Ave At Napoleon Ave Station"}},{"type":"Feature","geometry":{"type":"Point","coordinates":[-90.103129,29.976237]},"properties":{"route_name":"47","type":"Streetcar","network":"NORTA","color":"#FFCB05","is_station":true,"station_name":"Canal At Hennessy (In) Station"}},{"type":"Feature","geometry":{"type":"Point","coordinates":[-90.085816,29.964509]},"properties":{"route_name":"48","type":"Streetcar","network":"NORTA","color":"#C72127","is_station":true,"station_name":"Canal At Dorgenois (In) Station"}},{"type":"Feature","geometry":{"type":"Point","coordinates":[-90.085816,29.964509]},"properties":{"route_name":"47","type":"Streetcar","network":"NORTA","color":"#FFCB05","is_station":true,"station_name":"Canal At Dorgenois (In) Station"}},{"type":"Feature","geometry":{"type":"Point","coordinates":[-90.083951,29.963243]},"properties":{"route_name":"48","type":"Streetcar","network":"NORTA","color":"#C72127","is_station":true,"station_name":"Canal At Tonti (In) Station"}},{"type":"Feature","geometry":{"type":"Point","coordinates":[-90.083951,29.963243]},"properties":{"route_name":"47","type":"Streetcar","network":"NORTA","color":"#FFCB05","is_station":true,"station_name":"Canal At Tonti (In) Station"}},{"type":"Feature","geometry":{"type":"Point","coordinates":[-90.059097,29.959545]},"properties":{"route_name":"49","type":"Streetcar","network":"NORTA","color":"#0700FD","is_station":true,"station_name":"Ursulines Station"}},{"type":"Feature","geometry":{"type":"Point","coordinates":[-90.080438,29.960859]},"properties":{"route_name":"48","type":"Streetcar","network":"NORTA","color":"#C72127","is_station":true,"station_name":"Canal At Prieur (In) Station"}},{"type":"Feature","geometry":{"type":"Point","coordinates":[-90.080438,29.960859]},"properties":{"route_name":"47","type":"Streetcar","network":"NORTA","color":"#FFCB05","is_station":true,"station_name":"Canal At Prieur (In) Station"}},{"type":"Feature","geometry":{"type":"Point","coordinates":[-90.070708,29.957974]},"properties":{"route_name":"46","type":"Streetcar","network":"NORTA","color":"#B94BBC","is_station":true,"station_name":"N. Rampart St. At Conti St. Station"}},{"type":"Feature","geometry":{"type":"Point","coordinates":[-90.067879,29.96114]},"properties":{"route_name":"46","type":"Streetcar","network":"NORTA","color":"#B94BBC","is_station":true,"station_name":"N Rampart St At St Ann Street Station"}},{"type":"Feature","geometry":{"type":"Point","coordinates":[-90.065718,29.963559]},"properties":{"route_name":"46","type":"Streetcar","network":"NORTA","color":"#B94BBC","is_station":true,"station_name":"N. Rampart St. At Ursulines Ave. Station"}},{"type":"Feature","geometry":{"type":"Point","coordinates":[-90.063843,29.965682]},"properties":{"route_name":"46","type":"Streetcar","network":"NORTA","color":"#B94BBC","is_station":true,"station_name":"N. Rampart St. At Esplanade Ave. Station"}},{"type":"Feature","geometry":{"type":"Point","coordinates":[-90.060298,29.968246]},"properties":{"route_name":"46","type":"Streetcar","network":"NORTA","color":"#B94BBC","is_station":true,"station_name":"St. Claude Ave. At Pauger St. Station"}},{"type":"Feature","geometry":{"type":"Point","coordinates":[-90.057366,29.96858]},"properties":{"route_name":"46","type":"Streetcar","network":"NORTA","color":"#B94BBC","is_station":true,"station_name":"St. Claude Ave. At Elysian Fields Station"}},{"type":"Feature","geometry":{"type":"Point","coordinates":[-90.060144,29.968253]},"properties":{"route_name":"46","type":"Streetcar","network":"NORTA","color":"#B94BBC","is_station":true,"station_name":"St. Claude Ave. At Pauger St. Station"}},{"type":"Feature","geometry":{"type":"Point","coordinates":[-90.063747,29.96578]},"properties":{"route_name":"46","type":"Streetcar","network":"NORTA","color":"#B94BBC","is_station":true,"station_name":"N. Rampart St. At Esplanade Ave. Station"}},{"type":"Feature","geometry":{"type":"Point","coordinates":[-90.065607,29.963679]},"properties":{"route_name":"46","type":"Streetcar","network":"NORTA","color":"#B94BBC","is_station":true,"station_name":"N. Rampart St. At Ursulines Ave. Station"}},{"type":"Feature","geometry":{"type":"Point","coordinates":[-90.067761,29.961263]},"properties":{"route_name":"46","type":"Streetcar","network":"NORTA","color":"#B94BBC","is_station":true,"station_name":"N Rampart St At St Ann Street Station"}},{"type":"Feature","geometry":{"type":"Point","coordinates":[-90.070613,29.958072]},"properties":{"route_name":"46","type":"Streetcar","network":"NORTA","color":"#B94BBC","is_station":true,"station_name":"N. Rampart St. At Conti St. Station"}}]}