{
  "type": "FeatureCollection",
  "features": [
    {
      "type": "Feature",
      "properties": {
        "type": "Commuter Rail",
        "network": "UTA FrontRunner",
        "route_name": "FrontRunner",
        "color": "#c227b9"
      },
      "geometry": {
        "type": "LineString",
        "coordinates": [
          [
            -111.909054,
            40.762326
          ],
          [
            -111.909246,
            40.762717
          ],
          [
            -111.910465,
            40.765217
          ],
          [
            -111.910902,
            40.766327
          ],
          [
            -111.910963,
            40.76655
          ],
          [
            -111.910976,
            40.766773
          ],
          [
            -111.910943,
            40.767222
          ],
          [
            -111.91086,
            40.767491
          ],
          [
            -111.910735,
            40.76776
          ],
          [
            -111.910609,
            40.767986
          ],
          [
            -111.910413,
            40.768223
          ],
          [
            -111.910202,
            40.768438
          ],
          [
            -111.909879,
            40.768643
          ],
          [
            -111.909597,
            40.768816
          ],
          [
            -111.909315,
            40.768935
          ],
          [
            -111.909047,
            40.769032
          ],
          [
            -111.90871,
            40.769119
          ],
          [
            -111.908329,
            40.769221
          ],
          [
            -111.907906,
            40.769326
          ],
          [
            -111.907454,
            40.769457
          ],
          [
            -111.906947,
            40.769597
          ],
          [
            -111.906524,
            40.769739
          ],
          [
            -111.906242,
            40.769879
          ],
          [
            -111.905976,
            40.770031
          ],
          [
            -111.905737,
            40.770278
          ],
          [
            -111.905541,
            40.770526
          ],
          [
            -111.905359,
            40.770838
          ],
          [
            -111.905233,
            40.771139
          ],
          [
            -111.905238,
            40.771505
          ],
          [
            -111.905149,
            40.772945
          ],
          [
            -111.905146,
            40.776185
          ],
          [
            -111.905099,
            40.779239
          ],
          [
            -111.905097,
            40.780612
          ],
          [
            -111.905289,
            40.78238
          ],
          [
            -111.905379,
            40.78432
          ],
          [
            -111.9054,
            40.786069
          ],
          [
            -111.905359,
            40.787399
          ],
          [
            -111.905379,
            40.78831
          ],
          [
            -111.90544,
            40.7888
          ],
          [
            -111.90547,
            40.78891
          ],
          [
            -111.90559,
            40.78921
          ],
          [
            -111.9057,
            40.7894
          ],
          [
            -111.90589,
            40.78963
          ],
          [
            -111.90607,
            40.78981
          ],
          [
            -111.9063,
            40.78999
          ],
          [
            -111.90657,
            40.79016
          ],
          [
            -111.90682,
            40.79028
          ],
          [
            -111.90712,
            40.7904
          ],
          [
            -111.90787,
            40.79065
          ],
          [
            -111.90856,
            40.79089
          ],
          [
            -111.90894,
            40.79104
          ],
          [
            -111.90925,
            40.79119
          ],
          [
            -111.90959,
            40.79138
          ],
          [
            -111.91015,
            40.79176
          ],
          [
            -111.91053,
            40.79205
          ],
          [
            -111.91091,
            40.79237
          ],
          [
            -111.9114,
            40.79283
          ],
          [
            -111.91179,
            40.79323
          ],
          [
            -111.91216,
            40.79368
          ],
          [
            -111.9127,
            40.79438
          ],
          [
            -111.91322,
            40.79503
          ],
          [
            -111.91352,
            40.79539
          ],
          [
            -111.91405,
            40.796
          ],
          [
            -111.91449,
            40.79648
          ],
          [
            -111.91504,
            40.79707
          ],
          [
            -111.91527,
            40.79731
          ],
          [
            -111.91571,
            40.79775
          ],
          [
            -111.91725,
            40.79935
          ],
          [
            -111.91795,
            40.80011
          ],
          [
            -111.91825,
            40.80045
          ],
          [
            -111.91851,
            40.80081
          ],
          [
            -111.91879,
            40.80127
          ],
          [
            -111.91905,
            40.80175
          ],
          [
            -111.9193,
            40.80233
          ],
          [
            -111.91944,
            40.80272
          ],
          [
            -111.91959,
            40.80323
          ],
          [
            -111.91971,
            40.80377
          ],
          [
            -111.91976,
            40.8042
          ],
          [
            -111.91978,
            40.80467
          ],
          [
            -111.91975,
            40.8056
          ],
          [
            -111.91972,
            40.80632
          ],
          [
            -111.91971,
            40.80688
          ],
          [
            -111.9197,
            40.80826
          ],
          [
            -111.91968,
            40.80903
          ],
          [
            -111.91963,
            40.8099
          ],
          [
            -111.91955,
            40.81193
          ],
          [
            -111.91949,
            40.81339
          ],
          [
            -111.91935,
            40.81541
          ],
          [
            -111.91924,
            40.8164
          ],
          [
            -111.91921,
            40.81676
          ],
          [
            -111.9192,
            40.81703
          ],
          [
            -111.91918,
            40.81731
          ],
          [
            -111.91912,
            40.81817
          ],
          [
            -111.91889,
            40.81917
          ],
          [
            -111.91867,
            40.82006
          ],
          [
            -111.91862,
            40.82045
          ],
          [
            -111.91851,
            40.82191
          ],
          [
            -111.91819,
            40.82651
          ],
          [
            -111.91811,
            40.82753
          ],
          [
            -111.9181,
            40.82793
          ],
          [
            -111.91814,
            40.82875
          ],
          [
            -111.91819,
            40.82908
          ],
          [
            -111.91836,
            40.83003
          ],
          [
            -111.91835,
            40.83065
          ],
          [
            -111.91834,
            40.83114
          ],
          [
            -111.91828,
            40.8321
          ],
          [
            -111.918179,
            40.834329
          ],
          [
            -111.918169,
            40.834859
          ],
          [
            -111.917939,
            40.83807
          ],
          [
            -111.91789,
            40.83878
          ],
          [
            -111.917829,
            40.839369
          ],
          [
            -111.91768,
            40.84009
          ],
          [
            -111.917,
            40.84186
          ],
          [
            -111.91185,
            40.85669
          ],
          [
            -111.91011,
            40.86161
          ],
          [
            -111.90953,
            40.86325
          ],
          [
            -111.90942,
            40.86345
          ],
          [
            -111.90928,
            40.86377
          ],
          [
            -111.90879,
            40.86528
          ],
          [
            -111.90849,
            40.86626
          ],
          [
            -111.9056,
            40.87472
          ],
          [
            -111.90207,
            40.88321
          ],
          [
            -111.90199,
            40.88338
          ],
          [
            -111.90155,
            40.88424
          ],
          [
            -111.89943,
            40.88919
          ],
          [
            -111.89896,
            40.89038
          ],
          [
            -111.89713,
            40.89379
          ],
          [
            -111.894199,
            40.899079
          ],
          [
            -111.892979,
            40.901389
          ],
          [
            -111.89276,
            40.90181
          ],
          [
            -111.8926,
            40.90217
          ],
          [
            -111.89241,
            40.90268
          ],
          [
            -111.892289,
            40.903169
          ],
          [
            -111.892199,
            40.90362
          ],
          [
            -111.89214,
            40.90416
          ],
          [
            -111.89213,
            40.90662
          ],
          [
            -111.89217,
            40.90898
          ],
          [
            -111.89217,
            40.90956
          ],
          [
            -111.89215,
            40.91348
          ],
          [
            -111.89211,
            40.9215
          ],
          [
            -111.89197,
            40.93149
          ],
          [
            -111.8918,
            40.95222
          ],
          [
            -111.89174,
            40.96312
          ],
          [
            -111.891749,
            40.96437
          ],
          [
            -111.891819,
            40.96492
          ],
          [
            -111.89186,
            40.96516
          ],
          [
            -111.89195,
            40.96558
          ],
          [
            -111.89212,
            40.96605
          ],
          [
            -111.89461,
            40.9727
          ],
          [
            -111.89725,
            40.9796
          ],
          [
            -111.89765,
            40.98054
          ],
          [
            -111.89824,
            40.9821
          ],
          [
            -111.89864,
            40.98299
          ],
          [
            -111.898959,
            40.98352
          ],
          [
            -111.899579,
            40.984129
          ],
          [
            -111.90091,
            40.98532
          ],
          [
            -111.90146,
            40.98575
          ],
          [
            -111.90294,
            40.98671
          ],
          [
            -111.90431,
            40.98756
          ],
          [
            -111.90642,
            40.98887
          ],
          [
            -111.92403,
            40.99988
          ],
          [
            -111.92604,
            41.0011
          ],
          [
            -111.93257,
            41.00517
          ],
          [
            -111.9348,
            41.00665
          ],
          [
            -111.93533,
            41.00702
          ],
          [
            -111.93633,
            41.00787
          ],
          [
            -111.93681,
            41.00833
          ],
          [
            -111.9373,
            41.00888
          ],
          [
            -111.93768,
            41.00932
          ],
          [
            -111.938259,
            41.0101
          ],
          [
            -111.938949,
            41.01112
          ],
          [
            -111.93961,
            41.01218
          ],
          [
            -111.939929,
            41.01282
          ],
          [
            -111.94923,
            41.03261
          ],
          [
            -111.95052,
            41.03478
          ],
          [
            -111.95259,
            41.0382
          ],
          [
            -111.95711,
            41.04559
          ],
          [
            -111.95837,
            41.04764
          ],
          [
            -111.95958,
            41.04957
          ],
          [
            -111.96222,
            41.05383
          ],
          [
            -111.96269,
            41.05452
          ],
          [
            -111.96313,
            41.05511
          ],
          [
            -111.96365,
            41.05568
          ],
          [
            -111.96436,
            41.056299
          ],
          [
            -111.965179,
            41.05698
          ],
          [
            -111.96671,
            41.05806
          ],
          [
            -111.9699,
            41.06017
          ],
          [
            -111.97832,
            41.06564
          ],
          [
            -111.9866,
            41.07094
          ],
          [
            -111.99242,
            41.07467
          ],
          [
            -112.00282,
            41.08142
          ],
          [
            -112.00421,
            41.08253
          ],
          [
            -112.00465,
            41.08293
          ],
          [
            -112.00537,
            41.08363
          ],
          [
            -112.00598,
            41.0843
          ],
          [
            -112.00691,
            41.08556
          ],
          [
            -112.00969,
            41.08909
          ],
          [
            -112.01002,
            41.08953
          ],
          [
            -112.01059,
            41.09027
          ],
          [
            -112.01204,
            41.09218
          ],
          [
            -112.01609,
            41.09751
          ],
          [
            -112.01684,
            41.0985
          ],
          [
            -112.01731,
            41.09911
          ],
          [
            -112.02028,
            41.103
          ],
          [
            -112.02053,
            41.10333
          ],
          [
            -112.02077,
            41.10365
          ],
          [
            -112.02473,
            41.10885
          ],
          [
            -112.02603,
            41.11063
          ],
          [
            -112.0265,
            41.11125
          ],
          [
            -112.0301,
            41.11591
          ],
          [
            -112.03175,
            41.11807
          ],
          [
            -112.03217,
            41.11862
          ],
          [
            -112.03282,
            41.11947
          ],
          [
            -112.03346,
            41.12033
          ],
          [
            -112.03385,
            41.12089
          ],
          [
            -112.0341,
            41.1213
          ],
          [
            -112.03438,
            41.12181
          ],
          [
            -112.03464,
            41.12237
          ],
          [
            -112.03482,
            41.12288
          ],
          [
            -112.03497,
            41.12335
          ],
          [
            -112.03508,
            41.1239
          ],
          [
            -112.03517,
            41.12454
          ],
          [
            -112.03522,
            41.12504
          ],
          [
            -112.03522,
            41.12531
          ],
          [
            -112.03525,
            41.12589
          ],
          [
            -112.03527,
            41.1265
          ],
          [
            -112.03536,
            41.12881
          ],
          [
            -112.03548,
            41.13259
          ],
          [
            -112.03573,
            41.13988
          ],
          [
            -112.03581,
            41.1434
          ],
          [
            -112.035899,
            41.147139
          ],
          [
            -112.035919,
            41.14755
          ],
          [
            -112.03616,
            41.14935
          ],
          [
            -112.03661,
            41.15074
          ],
          [
            -112.03676,
            41.15125
          ],
          [
            -112.03732,
            41.15273
          ],
          [
            -112.038,
            41.15442
          ],
          [
            -112.04075,
            41.16166
          ],
          [
            -112.04335,
            41.16847
          ],
          [
            -112.04424,
            41.17104
          ],
          [
            -112.04457,
            41.17255
          ],
          [
            -112.04472,
            41.17374
          ],
          [
            -112.0448,
            41.17618
          ],
          [
            -112.04482,
            41.17644
          ],
          [
            -112.04469,
            41.1779
          ],
          [
            -112.04424,
            41.18024
          ],
          [
            -112.04356,
            41.18234
          ],
          [
            -112.04298,
            41.18359
          ],
          [
            -112.041689,
            41.185929
          ],
          [
            -112.04041,
            41.18774
          ],
          [
            -112.03903,
            41.18929
          ],
          [
            -112.03742,
            41.19064
          ],
          [
            -112.02579,
            41.20041
          ],
          [
            -112.0201,
            41.2051
          ],
          [
            -112.01733,
            41.20735
          ],
          [
            -112.01692,
            41.20763
          ],
          [
            -112.014829,
            41.20874
          ],
          [
            -112.013919,
            41.20917
          ],
          [
            -112.012369,
            41.20973
          ],
          [
            -112.01128,
            41.20998
          ],
          [
            -112.01103,
            41.21002
          ],
          [
            -112.00987,
            41.21021
          ],
          [
            -112.0083,
            41.2103
          ],
          [
            -112.00646,
            41.21035
          ],
          [
            -111.99778,
            41.2105
          ],
          [
            -111.99742,
            41.21053
          ],
          [
            -111.99146,
            41.21045
          ],
          [
            -111.99113,
            41.21045
          ],
          [
            -111.99057,
            41.21043
          ],
          [
            -111.99001,
            41.2104
          ],
          [
            -111.98956,
            41.21037
          ],
          [
            -111.98857,
            41.21033
          ],
          [
            -111.98677,
            41.21008
          ],
          [
            -111.98599,
            41.21001
          ],
          [
            -111.9854,
            41.21005
          ],
          [
            -111.98512,
            41.21014
          ],
          [
            -111.98489,
            41.21027
          ],
          [
            -111.98437,
            41.21062
          ],
          [
            -111.98419,
            41.210889
          ],
          [
            -111.984049,
            41.211149
          ],
          [
            -111.98384,
            41.21159
          ],
          [
            -111.98367,
            41.21252
          ],
          [
            -111.9836,
            41.21284
          ],
          [
            -111.98328,
            41.21376
          ],
          [
            -111.98242,
            41.21497
          ],
          [
            -111.98132,
            41.21666
          ],
          [
            -111.98082,
            41.21805
          ],
          [
            -111.98074,
            41.21849
          ],
          [
            -111.980649,
            41.22287
          ],
          [
            -111.980648,
            41.22288
          ],
          [
            -111.980646,
            41.224352
          ]
        ]
      }
    },
    {
      "type": "Feature",
      "properties": {
        "type": "Commuter Rail",
        "network": "UTA FrontRunner",
        "route_name": "FrontRunner",
        "color": "#c227b9"
      },
      "geometry": {
        "type": "LineString",
        "coordinates": [
          [
            -111.659271,
            40.22545
          ],
          [
            -111.660692,
            40.22557
          ],
          [
            -111.661483,
            40.225637
          ],
          [
            -111.662665,
            40.225736
          ],
          [
            -111.662911,
            40.225754
          ],
          [
            -111.663154,
            40.225769
          ],
          [
            -111.66356,
            40.225771
          ],
          [
            -111.664953,
            40.225775
          ],
          [
            -111.666474,
            40.22578
          ],
          [
            -111.667818,
            40.225782
          ],
          [
            -111.668864,
            40.225786
          ],
          [
            -111.669301,
            40.225791
          ],
          [
            -111.669738,
            40.225809
          ],
          [
            -111.670015,
            40.22583
          ],
          [
            -111.67043,
            40.22587
          ],
          [
            -111.670866,
            40.225928
          ],
          [
            -111.671313,
            40.226008
          ],
          [
            -111.671732,
            40.226101
          ],
          [
            -111.672148,
            40.226214
          ],
          [
            -111.672441,
            40.226303
          ],
          [
            -111.672688,
            40.226389
          ],
          [
            -111.673122,
            40.226556
          ],
          [
            -111.673615,
            40.226776
          ],
          [
            -111.673952,
            40.226948
          ],
          [
            -111.67427,
            40.227128
          ],
          [
            -111.674655,
            40.227373
          ],
          [
            -111.674918,
            40.227561
          ],
          [
            -111.675085,
            40.227686
          ],
          [
            -111.675487,
            40.228021
          ],
          [
            -111.675835,
            40.22835
          ],
          [
            -111.676865,
            40.229347
          ],
          [
            -111.677779,
            40.230229
          ],
          [
            -111.678701,
            40.231123
          ],
          [
            -111.679598,
            40.231991
          ],
          [
            -111.680483,
            40.232846
          ],
          [
            -111.681397,
            40.23373
          ],
          [
            -111.682287,
            40.234592
          ],
          [
            -111.683171,
            40.235444
          ],
          [
            -111.684083,
            40.236325
          ],
          [
            -111.684959,
            40.237177
          ],
          [
            -111.685842,
            40.238028
          ],
          [
            -111.686743,
            40.238901
          ],
          [
            -111.687628,
            40.239756
          ],
          [
            -111.688528,
            40.240628
          ],
          [
            -111.689408,
            40.241482
          ],
          [
            -111.690318,
            40.242359
          ],
          [
            -111.691215,
            40.243232
          ],
          [
            -111.692117,
            40.244104
          ],
          [
            -111.692988,
            40.244949
          ],
          [
            -111.693868,
            40.245801
          ],
          [
            -111.69486,
            40.246764
          ],
          [
            -111.695218,
            40.247128
          ],
          [
            -111.695504,
            40.247384
          ],
          [
            -111.696167,
            40.248027
          ],
          [
            -111.697047,
            40.248881
          ],
          [
            -111.697931,
            40.249738
          ],
          [
            -111.698804,
            40.250585
          ],
          [
            -111.699695,
            40.251445
          ],
          [
            -111.700527,
            40.252252
          ],
          [
            -111.701425,
            40.253121
          ],
          [
            -111.702319,
            40.253986
          ],
          [
            -111.703187,
            40.254829
          ],
          [
            -111.704096,
            40.255707
          ],
          [
            -111.704911,
            40.256498
          ],
          [
            -111.705775,
            40.257336
          ],
          [
            -111.706609,
            40.258142
          ],
          [
            -111.707536,
            40.25904
          ],
          [
            -111.708407,
            40.259886
          ],
          [
            -111.709301,
            40.260748
          ],
          [
            -111.71015,
            40.261571
          ],
          [
            -111.711008,
            40.262403
          ],
          [
            -111.711872,
            40.263238
          ],
          [
            -111.713,
            40.26434
          ],
          [
            -111.713475,
            40.264849
          ],
          [
            -111.713896,
            40.265334
          ],
          [
            -111.714227,
            40.265755
          ],
          [
            -111.714526,
            40.266151
          ],
          [
            -111.715144,
            40.267008
          ],
          [
            -111.715776,
            40.267887
          ],
          [
            -111.716396,
            40.268741
          ],
          [
            -111.717151,
            40.269789
          ],
          [
            -111.717753,
            40.270624
          ],
          [
            -111.718384,
            40.271497
          ],
          [
            -111.718766,
            40.272029
          ],
          [
            -111.719131,
            40.272525
          ],
          [
            -111.719346,
            40.272793
          ],
          [
            -111.71991,
            40.273454
          ],
          [
            -111.720405,
            40.27396
          ],
          [
            -111.72066,
            40.274232
          ],
          [
            -111.721091,
            40.274743
          ],
          [
            -111.721222,
            40.274908
          ],
          [
            -111.721445,
            40.275192
          ],
          [
            -111.725206,
            40.280158
          ],
          [
            -111.726867,
            40.282354
          ],
          [
            -111.729212,
            40.285449
          ],
          [
            -111.731053,
            40.287882
          ],
          [
            -111.732679,
            40.290023
          ],
          [
            -111.733991,
            40.291751
          ],
          [
            -111.737475,
            40.296333
          ],
          [
            -111.738537,
            40.29773
          ],
          [
            -111.739823,
            40.299421
          ],
          [
            -111.741177,
            40.301201
          ],
          [
            -111.742461,
            40.302888
          ],
          [
            -111.744422,
            40.305464
          ],
          [
            -111.744974,
            40.306185
          ],
          [
            -111.745236,
            40.30655
          ],
          [
            -111.745734,
            40.307268
          ],
          [
            -111.746415,
            40.308166
          ],
          [
            -111.748317,
            40.310671
          ],
          [
            -111.749105,
            40.311706
          ],
          [
            -111.750206,
            40.313147
          ],
          [
            -111.750886,
            40.314044
          ],
          [
            -111.751439,
            40.314796
          ],
          [
            -111.75194,
            40.315522
          ],
          [
            -111.754687,
            40.319577
          ],
          [
            -111.756246,
            40.321875
          ],
          [
            -111.760471,
            40.328108
          ],
          [
            -111.761227,
            40.329218
          ],
          [
            -111.761424,
            40.329509
          ],
          [
            -111.761614,
            40.329768
          ],
          [
            -111.761769,
            40.32998
          ],
          [
            -111.762091,
            40.330387
          ],
          [
            -111.762321,
            40.330666
          ],
          [
            -111.762539,
            40.330913
          ],
          [
            -111.762946,
            40.331352
          ],
          [
            -111.763281,
            40.331695
          ],
          [
            -111.765875,
            40.334301
          ],
          [
            -111.768658,
            40.337091
          ],
          [
            -111.772697,
            40.341148
          ],
          [
            -111.775293,
            40.343757
          ],
          [
            -111.777206,
            40.345676
          ],
          [
            -111.779851,
            40.348334
          ],
          [
            -111.782407,
            40.350901
          ],
          [
            -111.784817,
            40.353323
          ],
          [
            -111.787851,
            40.356372
          ],
          [
            -111.790656,
            40.359191
          ],
          [
            -111.79274,
            40.361283
          ],
          [
            -111.793841,
            40.36239
          ],
          [
            -111.795036,
            40.363595
          ],
          [
            -111.795874,
            40.364439
          ],
          [
            -111.796686,
            40.365254
          ],
          [
            -111.797528,
            40.366104
          ],
          [
            -111.798294,
            40.366877
          ],
          [
            -111.799502,
            40.368084
          ],
          [
            -111.799879,
            40.368435
          ],
          [
            -111.800176,
            40.368695
          ],
          [
            -111.800377,
            40.368861
          ],
          [
            -111.800749,
            40.369159
          ],
          [
            -111.800983,
            40.369333
          ],
          [
            -111.801662,
            40.36981
          ],
          [
            -111.802154,
            40.37012
          ],
          [
            -111.802488,
            40.370322
          ],
          [
            -111.802694,
            40.370438
          ],
          [
            -111.803141,
            40.370681
          ],
          [
            -111.803395,
            40.370812
          ],
          [
            -111.803667,
            40.370945
          ],
          [
            -111.804033,
            40.371116
          ],
          [
            -111.804369,
            40.371267
          ],
          [
            -111.804752,
            40.371428
          ],
          [
            -111.805096,
            40.371563
          ],
          [
            -111.805431,
            40.371688
          ],
          [
            -111.805996,
            40.371883
          ],
          [
            -111.80644,
            40.372023
          ],
          [
            -111.806874,
            40.372151
          ],
          [
            -111.807654,
            40.372347
          ],
          [
            -111.808646,
            40.372562
          ],
          [
            -111.810683,
            40.372986
          ],
          [
            -111.813202,
            40.373512
          ],
          [
            -111.816936,
            40.374292
          ],
          [
            -111.820706,
            40.375077
          ],
          [
            -111.824659,
            40.3759
          ],
          [
            -111.829692,
            40.37695
          ],
          [
            -111.836131,
            40.37829
          ],
          [
            -111.838759,
            40.378837
          ],
          [
            -111.841079,
            40.379323
          ],
          [
            -111.844556,
            40.380044
          ],
          [
            -111.847235,
            40.380602
          ],
          [
            -111.849663,
            40.381108
          ],
          [
            -111.851228,
            40.381438
          ],
          [
            -111.851506,
            40.381501
          ],
          [
            -111.851687,
            40.381547
          ],
          [
            -111.851915,
            40.381608
          ],
          [
            -111.852177,
            40.38169
          ],
          [
            -111.852396,
            40.381767
          ],
          [
            -111.852712,
            40.381899
          ],
          [
            -111.852943,
            40.382009
          ],
          [
            -111.853201,
            40.382146
          ],
          [
            -111.853435,
            40.382291
          ],
          [
            -111.853638,
            40.382431
          ],
          [
            -111.853861,
            40.382602
          ],
          [
            -111.854039,
            40.382758
          ],
          [
            -111.854256,
            40.382974
          ],
          [
            -111.854441,
            40.383184
          ],
          [
            -111.854583,
            40.38337
          ],
          [
            -111.854721,
            40.383579
          ],
          [
            -111.854822,
            40.383758
          ],
          [
            -111.854939,
            40.384002
          ],
          [
            -111.855016,
            40.384201
          ],
          [
            -111.855093,
            40.384449
          ],
          [
            -111.855133,
            40.384623
          ],
          [
            -111.855151,
            40.384736
          ],
          [
            -111.855179,
            40.384906
          ],
          [
            -111.855216,
            40.385312
          ],
          [
            -111.855231,
            40.385608
          ],
          [
            -111.855336,
            40.388123
          ],
          [
            -111.855364,
            40.388662
          ],
          [
            -111.855381,
            40.388874
          ],
          [
            -111.855409,
            40.38911
          ],
          [
            -111.855459,
            40.389378
          ],
          [
            -111.855532,
            40.389644
          ],
          [
            -111.855596,
            40.389832
          ],
          [
            -111.855672,
            40.390022
          ],
          [
            -111.855816,
            40.390316
          ],
          [
            -111.855971,
            40.390577
          ],
          [
            -111.856134,
            40.390807
          ],
          [
            -111.856289,
            40.391003
          ],
          [
            -111.856472,
            40.391206
          ],
          [
            -111.856683,
            40.391414
          ],
          [
            -111.856977,
            40.391675
          ],
          [
            -111.857757,
            40.392339
          ],
          [
            -111.860309,
            40.39449
          ],
          [
            -111.863272,
            40.396987
          ],
          [
            -111.864312,
            40.397867
          ],
          [
            -111.865936,
            40.399233
          ],
          [
            -111.867712,
            40.400733
          ],
          [
            -111.870324,
            40.402934
          ],
          [
            -111.872043,
            40.404381
          ],
          [
            -111.875461,
            40.407263
          ],
          [
            -111.878082,
            40.409469
          ],
          [
            -111.879054,
            40.410287
          ],
          [
            -111.881187,
            40.412084
          ],
          [
            -111.882866,
            40.413501
          ],
          [
            -111.884398,
            40.414792
          ],
          [
            -111.886073,
            40.416202
          ],
          [
            -111.886864,
            40.41687
          ],
          [
            -111.887777,
            40.417638
          ],
          [
            -111.88833,
            40.418104
          ],
          [
            -111.889026,
            40.418703
          ],
          [
            -111.889709,
            40.41932
          ],
          [
            -111.889956,
            40.419522
          ],
          [
            -111.890282,
            40.41979
          ],
          [
            -111.89074,
            40.420192
          ],
          [
            -111.891287,
            40.420702
          ],
          [
            -111.893383,
            40.422657
          ],
          [
            -111.895096,
            40.424239
          ],
          [
            -111.89666,
            40.425686
          ],
          [
            -111.898913,
            40.427771
          ],
          [
            -111.900714,
            40.429438
          ],
          [
            -111.902571,
            40.431157
          ],
          [
            -111.904729,
            40.433151
          ],
          [
            -111.906183,
            40.434494
          ],
          [
            -111.906943,
            40.4352
          ],
          [
            -111.907128,
            40.435393
          ],
          [
            -111.907384,
            40.435671
          ],
          [
            -111.908017,
            40.436255
          ],
          [
            -111.910314,
            40.438379
          ],
          [
            -111.911205,
            40.439193
          ],
          [
            -111.911506,
            40.439454
          ],
          [
            -111.911823,
            40.439696
          ],
          [
            -111.912139,
            40.439914
          ],
          [
            -111.91239,
            40.440067
          ],
          [
            -111.912689,
            40.440231
          ],
          [
            -111.912966,
            40.440367
          ],
          [
            -111.913326,
            40.440522
          ],
          [
            -111.913601,
            40.440625
          ],
          [
            -111.913866,
            40.440715
          ],
          [
            -111.914147,
            40.440799
          ],
          [
            -111.91442,
            40.440869
          ],
          [
            -111.914669,
            40.440926
          ],
          [
            -111.914952,
            40.440981
          ],
          [
            -111.915233,
            40.441026
          ],
          [
            -111.915678,
            40.441085
          ],
          [
            -111.917531,
            40.44129
          ],
          [
            -111.918404,
            40.441384
          ],
          [
            -111.918883,
            40.441434
          ],
          [
            -111.919218,
            40.441477
          ],
          [
            -111.919432,
            40.441509
          ],
          [
            -111.919636,
            40.441547
          ],
          [
            -111.919836,
            40.441589
          ],
          [
            -111.919997,
            40.441632
          ],
          [
            -111.920156,
            40.441676
          ],
          [
            -111.9203,
            40.441724
          ],
          [
            -111.920442,
            40.441772
          ],
          [
            -111.9206,
            40.441835
          ],
          [
            -111.920732,
            40.441892
          ],
          [
            -111.920965,
            40.442001
          ],
          [
            -111.921243,
            40.442158
          ],
          [
            -111.921418,
            40.442272
          ],
          [
            -111.921567,
            40.442376
          ],
          [
            -111.921824,
            40.442594
          ],
          [
            -111.921983,
            40.442742
          ],
          [
            -111.922078,
            40.442844
          ],
          [
            -111.922165,
            40.442945
          ],
          [
            -111.922286,
            40.443095
          ],
          [
            -111.922462,
            40.443355
          ],
          [
            -111.922537,
            40.443495
          ],
          [
            -111.922644,
            40.44372
          ],
          [
            -111.922738,
            40.443984
          ],
          [
            -111.922787,
            40.444169
          ],
          [
            -111.922819,
            40.444353
          ],
          [
            -111.922841,
            40.444559
          ],
          [
            -111.922843,
            40.444755
          ],
          [
            -111.922823,
            40.444998
          ],
          [
            -111.9228,
            40.445148
          ],
          [
            -111.922699,
            40.445636
          ],
          [
            -111.922506,
            40.446523
          ],
          [
            -111.922398,
            40.447021
          ],
          [
            -111.922336,
            40.447383
          ],
          [
            -111.922308,
            40.447603
          ],
          [
            -111.922301,
            40.447701
          ],
          [
            -111.922292,
            40.44791
          ],
          [
            -111.922292,
            40.448135
          ],
          [
            -111.922297,
            40.448298
          ],
          [
            -111.922311,
            40.448475
          ],
          [
            -111.92233,
            40.448646
          ],
          [
            -111.922376,
            40.448918
          ],
          [
            -111.922416,
            40.449104
          ],
          [
            -111.922497,
            40.449391
          ],
          [
            -111.922581,
            40.449634
          ],
          [
            -111.922692,
            40.449909
          ],
          [
            -111.922819,
            40.45017
          ],
          [
            -111.922954,
            40.450417
          ],
          [
            -111.923164,
            40.45075
          ],
          [
            -111.923424,
            40.451098
          ],
          [
            -111.923646,
            40.451354
          ],
          [
            -111.92403,
            40.451747
          ],
          [
            -111.924304,
            40.451987
          ],
          [
            -111.924592,
            40.452223
          ],
          [
            -111.925775,
            40.453133
          ],
          [
            -111.926887,
            40.453989
          ],
          [
            -111.928003,
            40.454846
          ],
          [
            -111.929104,
            40.455696
          ],
          [
            -111.929715,
            40.456167
          ],
          [
            -111.930027,
            40.456409
          ],
          [
            -111.930215,
            40.456561
          ],
          [
            -111.930432,
            40.456747
          ],
          [
            -111.930712,
            40.457
          ],
          [
            -111.931022,
            40.457305
          ],
          [
            -111.931365,
            40.457676
          ],
          [
            -111.931589,
            40.457949
          ],
          [
            -111.931796,
            40.458219
          ],
          [
            -111.931958,
            40.458453
          ],
          [
            -111.932179,
            40.458787
          ],
          [
            -111.932392,
            40.459164
          ],
          [
            -111.932576,
            40.459522
          ],
          [
            -111.932694,
            40.459781
          ],
          [
            -111.932777,
            40.459984
          ],
          [
            -111.932863,
            40.46021
          ],
          [
            -111.93297,
            40.460532
          ],
          [
            -111.93308,
            40.460949
          ],
          [
            -111.933138,
            40.461206
          ],
          [
            -111.933194,
            40.46154
          ],
          [
            -111.933228,
            40.461832
          ],
          [
            -111.933253,
            40.462111
          ],
          [
            -111.933263,
            40.462433
          ],
          [
            -111.933255,
            40.462831
          ],
          [
            -111.93324,
            40.463054
          ],
          [
            -111.933208,
            40.463375
          ],
          [
            -111.93317,
            40.463628
          ],
          [
            -111.932898,
            40.465236
          ],
          [
            -111.932753,
            40.466067
          ],
          [
            -111.932411,
            40.468082
          ],
          [
            -111.932343,
            40.468486
          ],
          [
            -111.932181,
            40.46943
          ],
          [
            -111.932086,
            40.469893
          ],
          [
            -111.932004,
            40.470201
          ],
          [
            -111.931894,
            40.470525
          ],
          [
            -111.931793,
            40.47078
          ],
          [
            -111.931614,
            40.471169
          ],
          [
            -111.931431,
            40.471504
          ],
          [
            -111.931036,
            40.472155
          ],
          [
            -111.930525,
            40.472979
          ],
          [
            -111.929996,
            40.473838
          ],
          [
            -111.927006,
            40.47868
          ],
          [
            -111.92649,
            40.479517
          ],
          [
            -111.926045,
            40.480202
          ],
          [
            -111.925441,
            40.481062
          ],
          [
            -111.924084,
            40.48297
          ],
          [
            -111.923475,
            40.483833
          ],
          [
            -111.921821,
            40.486154
          ],
          [
            -111.920408,
            40.488151
          ],
          [
            -111.919683,
            40.489166
          ],
          [
            -111.919243,
            40.489787
          ],
          [
            -111.918154,
            40.491319
          ],
          [
            -111.917202,
            40.492659
          ],
          [
            -111.916875,
            40.493121
          ],
          [
            -111.916609,
            40.493487
          ],
          [
            -111.915507,
            40.495041
          ],
          [
            -111.914718,
            40.496154
          ],
          [
            -111.914109,
            40.497006
          ],
          [
            -111.91377,
            40.497483
          ],
          [
            -111.91353,
            40.497822
          ],
          [
            -111.912557,
            40.499189
          ],
          [
            -111.911789,
            40.500273
          ],
          [
            -111.911232,
            40.501051
          ],
          [
            -111.91065,
            40.501871
          ],
          [
            -111.910344,
            40.502301
          ],
          [
            -111.909958,
            40.502841
          ],
          [
            -111.909104,
            40.504045
          ],
          [
            -111.908566,
            40.504802
          ],
          [
            -111.908181,
            40.505344
          ],
          [
            -111.907846,
            40.505814
          ],
          [
            -111.906635,
            40.507515
          ],
          [
            -111.905915,
            40.508525
          ],
          [
            -111.905426,
            40.509216
          ],
          [
            -111.905195,
            40.509556
          ],
          [
            -111.904998,
            40.509874
          ],
          [
            -111.904819,
            40.510196
          ],
          [
            -111.904642,
            40.510559
          ],
          [
            -111.90453,
            40.510832
          ],
          [
            -111.904427,
            40.511111
          ],
          [
            -111.90431,
            40.511498
          ],
          [
            -111.904239,
            40.511784
          ],
          [
            -111.904171,
            40.512147
          ],
          [
            -111.904137,
            40.512401
          ],
          [
            -111.904109,
            40.512703
          ],
          [
            -111.904097,
            40.512903
          ],
          [
            -111.904095,
            40.513095
          ],
          [
            -111.904102,
            40.513512
          ],
          [
            -111.904172,
            40.515163
          ],
          [
            -111.904263,
            40.517322
          ],
          [
            -111.904365,
            40.519671
          ],
          [
            -111.904465,
            40.522048
          ],
          [
            -111.904591,
            40.525063
          ],
          [
            -111.904626,
            40.525904
          ],
          [
            -111.904659,
            40.526669
          ],
          [
            -111.904684,
            40.527235
          ],
          [
            -111.904695,
            40.52752
          ],
          [
            -111.904714,
            40.527988
          ],
          [
            -111.904722,
            40.528278
          ],
          [
            -111.904722,
            40.528535
          ],
          [
            -111.904716,
            40.52891
          ],
          [
            -111.904682,
            40.529433
          ],
          [
            -111.904544,
            40.530627
          ],
          [
            -111.904337,
            40.532321
          ],
          [
            -111.90405,
            40.534689
          ],
          [
            -111.903772,
            40.536972
          ],
          [
            -111.903092,
            40.542529
          ],
          [
            -111.902588,
            40.546649
          ],
          [
            -111.901714,
            40.553806
          ],
          [
            -111.901222,
            40.557863
          ],
          [
            -111.900697,
            40.562192
          ],
          [
            -111.900533,
            40.563546
          ],
          [
            -111.900471,
            40.564055
          ],
          [
            -111.900449,
            40.564224
          ],
          [
            -111.900425,
            40.564443
          ],
          [
            -111.900411,
            40.56462
          ],
          [
            -111.900402,
            40.564747
          ],
          [
            -111.900396,
            40.564898
          ],
          [
            -111.900394,
            40.565056
          ],
          [
            -111.900396,
            40.565206
          ],
          [
            -111.900411,
            40.565496
          ],
          [
            -111.90043,
            40.565729
          ],
          [
            -111.900473,
            40.566028
          ],
          [
            -111.900507,
            40.566229
          ],
          [
            -111.900599,
            40.566627
          ],
          [
            -111.90068,
            40.566903
          ],
          [
            -111.900785,
            40.567209
          ],
          [
            -111.900997,
            40.567723
          ],
          [
            -111.901312,
            40.568332
          ],
          [
            -111.901841,
            40.569303
          ],
          [
            -111.902613,
            40.570715
          ],
          [
            -111.90306,
            40.57153
          ],
          [
            -111.903716,
            40.572729
          ],
          [
            -111.903939,
            40.573184
          ],
          [
            -111.904106,
            40.573567
          ],
          [
            -111.904224,
            40.573898
          ],
          [
            -111.904309,
            40.574177
          ],
          [
            -111.904367,
            40.57439
          ],
          [
            -111.904431,
            40.574672
          ],
          [
            -111.904474,
            40.574933
          ],
          [
            -111.904499,
            40.575129
          ],
          [
            -111.904523,
            40.575319
          ],
          [
            -111.904531,
            40.575472
          ],
          [
            -111.904537,
            40.57577
          ],
          [
            -111.904534,
            40.576103
          ],
          [
            -111.904521,
            40.576331
          ],
          [
            -111.904499,
            40.576544
          ],
          [
            -111.904455,
            40.576886
          ],
          [
            -111.904229,
            40.578456
          ],
          [
            -111.904013,
            40.579973
          ],
          [
            -111.903804,
            40.58144
          ],
          [
            -111.90372,
            40.582019
          ],
          [
            -111.903469,
            40.583754
          ],
          [
            -111.90308,
            40.586466
          ],
          [
            -111.902886,
            40.587817
          ],
          [
            -111.902796,
            40.588423
          ],
          [
            -111.902761,
            40.588748
          ],
          [
            -111.902733,
            40.589015
          ],
          [
            -111.902714,
            40.589283
          ],
          [
            -111.902705,
            40.589536
          ],
          [
            -111.902699,
            40.589893
          ],
          [
            -111.902711,
            40.590245
          ],
          [
            -111.902733,
            40.590605
          ],
          [
            -111.902758,
            40.590849
          ],
          [
            -111.902799,
            40.591175
          ],
          [
            -111.90285,
            40.591491
          ],
          [
            -111.903156,
            40.593137
          ],
          [
            -111.90376,
            40.596344
          ],
          [
            -111.904228,
            40.598826
          ],
          [
            -111.904537,
            40.60047
          ],
          [
            -111.904988,
            40.602869
          ],
          [
            -111.90548,
            40.605488
          ],
          [
            -111.905666,
            40.606483
          ],
          [
            -111.905944,
            40.607845
          ],
          [
            -111.906234,
            40.609339
          ],
          [
            -111.906303,
            40.609712
          ],
          [
            -111.906444,
            40.610582
          ],
          [
            -111.906503,
            40.610907
          ],
          [
            -111.906647,
            40.611693
          ],
          [
            -111.906798,
            40.612545
          ],
          [
            -111.906845,
            40.612941
          ],
          [
            -111.906875,
            40.613241
          ],
          [
            -111.906877,
            40.613354
          ],
          [
            -111.906888,
            40.613603
          ],
          [
            -111.906889,
            40.61389
          ],
          [
            -111.906887,
            40.614088
          ],
          [
            -111.906874,
            40.614382
          ],
          [
            -111.906848,
            40.614684
          ],
          [
            -111.90678,
            40.615223
          ],
          [
            -111.906741,
            40.615467
          ],
          [
            -111.906649,
            40.615892
          ],
          [
            -111.906552,
            40.616295
          ],
          [
            -111.906219,
            40.617646
          ],
          [
            -111.905713,
            40.619699
          ],
          [
            -111.905393,
            40.621004
          ],
          [
            -111.905187,
            40.621842
          ],
          [
            -111.904822,
            40.623328
          ],
          [
            -111.904443,
            40.624873
          ],
          [
            -111.904045,
            40.626494
          ],
          [
            -111.903711,
            40.627844
          ],
          [
            -111.903239,
            40.629761
          ],
          [
            -111.903059,
            40.630515
          ],
          [
            -111.902692,
            40.632004
          ],
          [
            -111.902439,
            40.633018
          ],
          [
            -111.902225,
            40.633896
          ],
          [
            -111.901879,
            40.635304
          ],
          [
            -111.901504,
            40.636818
          ],
          [
            -111.901141,
            40.638298
          ],
          [
            -111.900903,
            40.639283
          ],
          [
            -111.900811,
            40.639702
          ],
          [
            -111.90077,
            40.63993
          ],
          [
            -111.90071,
            40.640302
          ],
          [
            -111.900648,
            40.640778
          ],
          [
            -111.900596,
            40.64148
          ],
          [
            -111.90053,
            40.642961
          ],
          [
            -111.900432,
            40.645193
          ],
          [
            -111.900395,
            40.646048
          ],
          [
            -111.90035,
            40.647043
          ],
          [
            -111.900312,
            40.64726
          ],
          [
            -111.900284,
            40.647436
          ],
          [
            -111.900275,
            40.647539
          ],
          [
            -111.900257,
            40.647955
          ],
          [
            -111.900229,
            40.648354
          ],
          [
            -111.900184,
            40.648788
          ],
          [
            -111.90015,
            40.649037
          ],
          [
            -111.900038,
            40.649702
          ],
          [
            -111.899948,
            40.650108
          ],
          [
            -111.899856,
            40.650472
          ],
          [
            -111.899751,
            40.650837
          ],
          [
            -111.899642,
            40.651177
          ],
          [
            -111.899191,
            40.652473
          ],
          [
            -111.899025,
            40.652808
          ],
          [
            -111.89873,
            40.653644
          ],
          [
            -111.898398,
            40.654611
          ],
          [
            -111.89831,
            40.655019
          ],
          [
            -111.897991,
            40.655936
          ],
          [
            -111.897891,
            40.656138
          ],
          [
            -111.897813,
            40.656305
          ],
          [
            -111.897722,
            40.656553
          ],
          [
            -111.897217,
            40.658009
          ],
          [
            -111.896941,
            40.658804
          ],
          [
            -111.89667,
            40.659583
          ],
          [
            -111.896593,
            40.659809
          ],
          [
            -111.896532,
            40.660132
          ],
          [
            -111.896248,
            40.661113
          ],
          [
            -111.896096,
            40.661562
          ],
          [
            -111.895936,
            40.662097
          ],
          [
            -111.895856,
            40.662418
          ],
          [
            -111.895799,
            40.662696
          ],
          [
            -111.895716,
            40.663256
          ],
          [
            -111.895682,
            40.663635
          ],
          [
            -111.895664,
            40.663939
          ],
          [
            -111.895666,
            40.664355
          ],
          [
            -111.895684,
            40.664785
          ],
          [
            -111.89572,
            40.665182
          ],
          [
            -111.895962,
            40.667609
          ],
          [
            -111.896103,
            40.669049
          ],
          [
            -111.896305,
            40.671141
          ],
          [
            -111.896459,
            40.672684
          ],
          [
            -111.89661,
            40.674226
          ],
          [
            -111.89676,
            40.675727
          ],
          [
            -111.896902,
            40.677183
          ],
          [
            -111.896994,
            40.678113
          ],
          [
            -111.897051,
            40.67855
          ],
          [
            -111.897102,
            40.678871
          ],
          [
            -111.897202,
            40.679376
          ],
          [
            -111.89733,
            40.679911
          ],
          [
            -111.897481,
            40.680431
          ],
          [
            -111.897777,
            40.68131
          ],
          [
            -111.898475,
            40.683356
          ],
          [
            -111.899192,
            40.685453
          ],
          [
            -111.899725,
            40.687022
          ],
          [
            -111.900182,
            40.688362
          ],
          [
            -111.900655,
            40.689746
          ],
          [
            -111.901148,
            40.691187
          ],
          [
            -111.901539,
            40.692339
          ],
          [
            -111.90202,
            40.693747
          ],
          [
            -111.902699,
            40.695737
          ],
          [
            -111.903225,
            40.69728
          ],
          [
            -111.903733,
            40.69876
          ],
          [
            -111.904008,
            40.699577
          ],
          [
            -111.904535,
            40.701119
          ],
          [
            -111.905038,
            40.702599
          ],
          [
            -111.905557,
            40.704119
          ],
          [
            -111.906354,
            40.706441
          ],
          [
            -111.906638,
            40.707272
          ],
          [
            -111.90757,
            40.710008
          ],
          [
            -111.907845,
            40.710811
          ],
          [
            -111.908136,
            40.71185
          ],
          [
            -111.908287,
            40.712647
          ],
          [
            -111.908382,
            40.713339
          ],
          [
            -111.908431,
            40.713908
          ],
          [
            -111.908447,
            40.715263
          ],
          [
            -111.908446,
            40.716792
          ],
          [
            -111.908435,
            40.718281
          ],
          [
            -111.908432,
            40.71979
          ],
          [
            -111.908431,
            40.721255
          ],
          [
            -111.908426,
            40.7227
          ],
          [
            -111.908429,
            40.724171
          ],
          [
            -111.908409,
            40.724772
          ],
          [
            -111.908407,
            40.725076
          ],
          [
            -111.908425,
            40.72519
          ],
          [
            -111.908426,
            40.726326
          ],
          [
            -111.908423,
            40.728505
          ],
          [
            -111.908419,
            40.730712
          ],
          [
            -111.908415,
            40.732874
          ],
          [
            -111.908413,
            40.734448
          ],
          [
            -111.90841,
            40.736572
          ],
          [
            -111.908409,
            40.738098
          ],
          [
            -111.90841,
            40.738976
          ],
          [
            -111.908408,
            40.739802
          ],
          [
            -111.908412,
            40.740893
          ],
          [
            -111.90843,
            40.74125
          ],
          [
            -111.908494,
            40.742081
          ],
          [
            -111.908589,
            40.743227
          ],
          [
            -111.908684,
            40.744403
          ],
          [
            -111.908754,
            40.745272
          ],
          [
            -111.908849,
            40.746454
          ],
          [
            -111.90891,
            40.747355
          ],
          [
            -111.908929,
            40.747817
          ],
          [
            -111.908941,
            40.748492
          ],
          [
            -111.908934,
            40.749934
          ],
          [
            -111.908936,
            40.75076
          ],
          [
            -111.908935,
            40.751652
          ],
          [
            -111.908932,
            40.752445
          ],
          [
            -111.908911,
            40.752731
          ],
          [
            -111.908892,
            40.752956
          ],
          [
            -111.908879,
            40.753169
          ],
          [
            -111.908877,
            40.753942
          ],
          [
            -111.908877,
            40.75422
          ],
          [
            -111.908876,
            40.754762
          ],
          [
            -111.908873,
            40.755807
          ],
          [
            -111.908871,
            40.756203
          ],
          [
            -111.908875,
            40.756705
          ],
          [
            -111.908868,
            40.757234
          ],
          [
            -111.908871,
            40.757675
          ],
          [
            -111.908865,
            40.757907
          ],
          [
            -111.908831,
            40.758144
          ],
          [
            -111.908803,
            40.758378
          ],
          [
            -111.908784,
            40.758864
          ],
          [
            -111.908557,
            40.759431
          ],
          [
            -111.908453,
            40.760036
          ],
          [
            -111.908435,
            40.760415
          ],
          [
            -111.908458,
            40.760634
          ],
          [
            -111.908481,
            40.760839
          ],
          [
            -111.908505,
            40.76095
          ],
          [
            -111.908566,
            40.761164
          ],
          [
            -111.90863,
            40.76137
          ],
          [
            -111.909053,
            40.762326
          ],
          [
            -111.909246,
            40.762717
          ],
          [
            -111.910465,
            40.765217
          ],
          [
            -111.910902,
            40.766327
          ],
          [
            -111.910963,
            40.76655
          ],
          [
            -111.910976,
            40.766773
          ],
          [
            -111.910943,
            40.767222
          ],
          [
            -111.91086,
            40.767491
          ],
          [
            -111.910735,
            40.76776
          ],
          [
            -111.910609,
            40.767986
          ],
          [
            -111.910413,
            40.768223
          ],
          [
            -111.910202,
            40.768438
          ],
          [
            -111.909879,
            40.768643
          ],
          [
            -111.909597,
            40.768816
          ],
          [
            -111.909315,
            40.768935
          ],
          [
            -111.909047,
            40.769032
          ],
          [
            -111.90871,
            40.769119
          ],
          [
            -111.908329,
            40.769221
          ],
          [
            -111.907906,
            40.769326
          ],
          [
            -111.907454,
            40.769457
          ],
          [
            -111.906947,
            40.769597
          ],
          [
            -111.906524,
            40.769739
          ],
          [
            -111.906242,
            40.769879
          ],
          [
            -111.905976,
            40.770031
          ],
          [
            -111.905737,
            40.770278
          ],
          [
            -111.905541,
            40.770526
          ],
          [
            -111.905359,
            40.770838
          ],
          [
            -111.905233,
            40.771139
          ],
          [
            -111.905238,
            40.771505
          ],
          [
            -111.905149,
            40.772945
          ],
          [
            -111.905146,
            40.776185
          ],
          [
            -111.905099,
            40.779239
          ],
          [
            -111.905097,
            40.780612
          ],
          [
            -111.905289,
            40.78238
          ],
          [
            -111.905379,
            40.78432
          ],
          [
            -111.9054,
            40.786069
          ],
          [
            -111.905359,
            40.787399
          ],
          [
            -111.905379,
            40.78831
          ],
          [
            -111.90544,
            40.7888
          ],
          [
            -111.90547,
            40.78891
          ],
          [
            -111.90559,
            40.78921
          ],
          [
            -111.9057,
            40.7894
          ],
          [
            -111.90589,
            40.78963
          ],
          [
            -111.90607,
            40.78981
          ],
          [
            -111.9063,
            40.78999
          ],
          [
            -111.90657,
            40.79016
          ],
          [
            -111.90682,
            40.79028
          ],
          [
            -111.90712,
            40.7904
          ],
          [
            -111.90787,
            40.79065
          ],
          [
            -111.90856,
            40.79089
          ],
          [
            -111.90894,
            40.79104
          ],
          [
            -111.90925,
            40.79119
          ],
          [
            -111.90959,
            40.79138
          ],
          [
            -111.91015,
            40.79176
          ],
          [
            -111.91053,
            40.79205
          ],
          [
            -111.91091,
            40.79237
          ],
          [
            -111.9114,
            40.79283
          ],
          [
            -111.91179,
            40.79323
          ],
          [
            -111.91216,
            40.79368
          ],
          [
            -111.9127,
            40.79438
          ],
          [
            -111.91322,
            40.79503
          ],
          [
            -111.91352,
            40.79539
          ],
          [
            -111.91405,
            40.796
          ],
          [
            -111.91449,
            40.79648
          ],
          [
            -111.91504,
            40.79707
          ],
          [
            -111.91527,
            40.79731
          ],
          [
            -111.91571,
            40.79775
          ],
          [
            -111.91725,
            40.79935
          ],
          [
            -111.91795,
            40.80011
          ],
          [
            -111.91825,
            40.80045
          ],
          [
            -111.91851,
            40.80081
          ],
          [
            -111.91879,
            40.80127
          ],
          [
            -111.91905,
            40.80175
          ],
          [
            -111.9193,
            40.80233
          ],
          [
            -111.91944,
            40.80272
          ],
          [
            -111.91959,
            40.80323
          ],
          [
            -111.91971,
            40.80377
          ],
          [
            -111.91976,
            40.8042
          ],
          [
            -111.91978,
            40.80467
          ],
          [
            -111.91975,
            40.8056
          ],
          [
            -111.91972,
            40.80632
          ],
          [
            -111.91971,
            40.80688
          ],
          [
            -111.9197,
            40.80826
          ],
          [
            -111.91968,
            40.80903
          ],
          [
            -111.91963,
            40.8099
          ],
          [
            -111.91955,
            40.81193
          ],
          [
            -111.91949,
            40.81339
          ],
          [
            -111.91935,
            40.81541
          ],
          [
            -111.91924,
            40.8164
          ],
          [
            -111.91921,
            40.81676
          ],
          [
            -111.9192,
            40.81703
          ],
          [
            -111.91918,
            40.81731
          ],
          [
            -111.91912,
            40.81817
          ],
          [
            -111.91889,
            40.81917
          ],
          [
            -111.91867,
            40.82006
          ],
          [
            -111.91862,
            40.82045
          ],
          [
            -111.91851,
            40.82191
          ],
          [
            -111.91819,
            40.82651
          ],
          [
            -111.91811,
            40.82753
          ],
          [
            -111.9181,
            40.82793
          ],
          [
            -111.91814,
            40.82875
          ],
          [
            -111.91819,
            40.82908
          ],
          [
            -111.91836,
            40.83003
          ],
          [
            -111.91835,
            40.83065
          ],
          [
            -111.91834,
            40.83114
          ],
          [
            -111.91828,
            40.8321
          ],
          [
            -111.918179,
            40.834329
          ],
          [
            -111.918169,
            40.834859
          ],
          [
            -111.917939,
            40.83807
          ],
          [
            -111.91789,
            40.83878
          ],
          [
            -111.917829,
            40.839369
          ],
          [
            -111.91768,
            40.84009
          ],
          [
            -111.917,
            40.84186
          ],
          [
            -111.91185,
            40.85669
          ],
          [
            -111.91011,
            40.86161
          ],
          [
            -111.90953,
            40.86325
          ],
          [
            -111.90942,
            40.86345
          ],
          [
            -111.90928,
            40.86377
          ],
          [
            -111.90879,
            40.86528
          ],
          [
            -111.90849,
            40.86626
          ],
          [
            -111.9056,
            40.87472
          ],
          [
            -111.90207,
            40.88321
          ],
          [
            -111.90199,
            40.88338
          ],
          [
            -111.90155,
            40.88424
          ],
          [
            -111.89943,
            40.88919
          ],
          [
            -111.89896,
            40.89038
          ],
          [
            -111.89713,
            40.89379
          ],
          [
            -111.894199,
            40.899079
          ],
          [
            -111.892979,
            40.901389
          ],
          [
            -111.89276,
            40.90181
          ],
          [
            -111.8926,
            40.90217
          ],
          [
            -111.89241,
            40.90268
          ],
          [
            -111.892289,
            40.903169
          ],
          [
            -111.892199,
            40.90362
          ],
          [
            -111.89214,
            40.90416
          ],
          [
            -111.89213,
            40.90662
          ],
          [
            -111.89217,
            40.90898
          ],
          [
            -111.89217,
            40.90956
          ],
          [
            -111.89215,
            40.91348
          ],
          [
            -111.89211,
            40.9215
          ],
          [
            -111.89197,
            40.93149
          ],
          [
            -111.8918,
            40.95222
          ],
          [
            -111.89174,
            40.96312
          ],
          [
            -111.891749,
            40.96437
          ],
          [
            -111.891819,
            40.96492
          ],
          [
            -111.89186,
            40.96516
          ],
          [
            -111.89195,
            40.96558
          ],
          [
            -111.89212,
            40.96605
          ],
          [
            -111.89461,
            40.9727
          ],
          [
            -111.89725,
            40.9796
          ],
          [
            -111.89765,
            40.98054
          ],
          [
            -111.89824,
            40.9821
          ],
          [
            -111.89864,
            40.98299
          ],
          [
            -111.898959,
            40.98352
          ],
          [
            -111.899579,
            40.984129
          ],
          [
            -111.90091,
            40.98532
          ],
          [
            -111.90146,
            40.98575
          ],
          [
            -111.90294,
            40.98671
          ],
          [
            -111.90431,
            40.98756
          ],
          [
            -111.90642,
            40.98887
          ],
          [
            -111.92403,
            40.99988
          ],
          [
            -111.92604,
            41.0011
          ],
          [
            -111.93257,
            41.00517
          ],
          [
            -111.9348,
            41.00665
          ],
          [
            -111.93533,
            41.00702
          ],
          [
            -111.93633,
            41.00787
          ],
          [
            -111.93681,
            41.00833
          ],
          [
            -111.9373,
            41.00888
          ],
          [
            -111.93768,
            41.00932
          ],
          [
            -111.938259,
            41.0101
          ],
          [
            -111.938949,
            41.01112
          ],
          [
            -111.93961,
            41.01218
          ],
          [
            -111.939929,
            41.01282
          ],
          [
            -111.94923,
            41.03261
          ],
          [
            -111.95052,
            41.03478
          ],
          [
            -111.95259,
            41.0382
          ],
          [
            -111.95711,
            41.04559
          ],
          [
            -111.95837,
            41.04764
          ],
          [
            -111.95958,
            41.04957
          ],
          [
            -111.96222,
            41.05383
          ],
          [
            -111.96269,
            41.05452
          ],
          [
            -111.96313,
            41.05511
          ],
          [
            -111.96365,
            41.05568
          ],
          [
            -111.96436,
            41.056299
          ],
          [
            -111.965179,
            41.05698
          ],
          [
            -111.96671,
            41.05806
          ],
          [
            -111.9699,
            41.06017
          ],
          [
            -111.97832,
            41.06564
          ],
          [
            -111.9866,
            41.07094
          ],
          [
            -111.99242,
            41.07467
          ],
          [
            -112.00282,
            41.08142
          ],
          [
            -112.00421,
            41.08253
          ],
          [
            -112.00465,
            41.08293
          ],
          [
            -112.00537,
            41.08363
          ],
          [
            -112.00598,
            41.0843
          ],
          [
            -112.00691,
            41.08556
          ],
          [
            -112.00969,
            41.08909
          ],
          [
            -112.01002,
            41.08953
          ],
          [
            -112.01059,
            41.09027
          ],
          [
            -112.01204,
            41.09218
          ],
          [
            -112.01609,
            41.09751
          ],
          [
            -112.01684,
            41.0985
          ],
          [
            -112.01731,
            41.09911
          ],
          [
            -112.02028,
            41.103
          ],
          [
            -112.02053,
            41.10333
          ],
          [
            -112.02077,
            41.10365
          ],
          [
            -112.02473,
            41.10885
          ],
          [
            -112.02603,
            41.11063
          ],
          [
            -112.0265,
            41.11125
          ],
          [
            -112.0301,
            41.11591
          ],
          [
            -112.03175,
            41.11807
          ],
          [
            -112.03217,
            41.11862
          ],
          [
            -112.03282,
            41.11947
          ],
          [
            -112.03346,
            41.12033
          ],
          [
            -112.03385,
            41.12089
          ],
          [
            -112.0341,
            41.1213
          ],
          [
            -112.03438,
            41.12181
          ],
          [
            -112.03464,
            41.12237
          ],
          [
            -112.03482,
            41.12288
          ],
          [
            -112.03497,
            41.12335
          ],
          [
            -112.03508,
            41.1239
          ],
          [
            -112.03517,
            41.12454
          ],
          [
            -112.03522,
            41.12504
          ],
          [
            -112.03522,
            41.12531
          ],
          [
            -112.03525,
            41.12589
          ],
          [
            -112.03527,
            41.1265
          ],
          [
            -112.03536,
            41.12881
          ],
          [
            -112.03548,
            41.13259
          ],
          [
            -112.03573,
            41.13988
          ],
          [
            -112.03581,
            41.1434
          ],
          [
            -112.035899,
            41.147139
          ],
          [
            -112.035919,
            41.14755
          ],
          [
            -112.03616,
            41.14935
          ],
          [
            -112.03661,
            41.15074
          ],
          [
            -112.03676,
            41.15125
          ],
          [
            -112.03732,
            41.15273
          ],
          [
            -112.038,
            41.15442
          ],
          [
            -112.04075,
            41.16166
          ],
          [
            -112.04335,
            41.16847
          ],
          [
            -112.04424,
            41.17104
          ],
          [
            -112.04457,
            41.17255
          ],
          [
            -112.04472,
            41.17374
          ],
          [
            -112.0448,
            41.17618
          ],
          [
            -112.04482,
            41.17644
          ],
          [
            -112.04469,
            41.1779
          ],
          [
            -112.04424,
            41.18024
          ],
          [
            -112.04356,
            41.18234
          ],
          [
            -112.04298,
            41.18359
          ],
          [
            -112.041689,
            41.185929
          ],
          [
            -112.04041,
            41.18774
          ],
          [
            -112.03903,
            41.18929
          ],
          [
            -112.03742,
            41.19064
          ],
          [
            -112.02579,
            41.20041
          ],
          [
            -112.0201,
            41.2051
          ],
          [
            -112.01733,
            41.20735
          ],
          [
            -112.01692,
            41.20763
          ],
          [
            -112.014829,
            41.20874
          ],
          [
            -112.013919,
            41.20917
          ],
          [
            -112.012369,
            41.20973
          ],
          [
            -112.01128,
            41.20998
          ],
          [
            -112.01103,
            41.21002
          ],
          [
            -112.00987,
            41.21021
          ],
          [
            -112.0083,
            41.2103
          ],
          [
            -112.00646,
            41.21035
          ],
          [
            -111.99778,
            41.2105
          ],
          [
            -111.99742,
            41.21053
          ],
          [
            -111.99146,
            41.21045
          ],
          [
            -111.99113,
            41.21045
          ],
          [
            -111.99057,
            41.21043
          ],
          [
            -111.99001,
            41.2104
          ],
          [
            -111.98956,
            41.21037
          ],
          [
            -111.98857,
            41.21033
          ],
          [
            -111.98677,
            41.21008
          ],
          [
            -111.98599,
            41.21001
          ],
          [
            -111.9854,
            41.21005
          ],
          [
            -111.98512,
            41.21014
          ],
          [
            -111.98489,
            41.21027
          ],
          [
            -111.98437,
            41.21062
          ],
          [
            -111.98419,
            41.210889
          ],
          [
            -111.984049,
            41.211149
          ],
          [
            -111.98384,
            41.21159
          ],
          [
            -111.98367,
            41.21252
          ],
          [
            -111.9836,
            41.21284
          ],
          [
            -111.98328,
            41.21376
          ],
          [
            -111.98242,
            41.21497
          ],
          [
            -111.98132,
            41.21666
          ],
          [
            -111.98082,
            41.21805
          ],
          [
            -111.98074,
            41.21849
          ],
          [
            -111.980649,
            41.22287
          ],
          [
            -111.980648,
            41.22288
          ],
          [
            -111.980646,
            41.224352
          ]
        ]
      }
    },
    {
      "type": "Feature",
      "properties": {
        "type": "Commuter Rail",
        "network": "UTA FrontRunner",
        "route_name": "FrontRunner",
        "color": "#c227b9"
      },
      "geometry": {
        "type": "LineString",
        "coordinates": [
          [
            -111.905149,
            40.772945
          ],
          [
            -111.905238,
            40.771505
          ],
          [
            -111.905233,
            40.771139
          ],
          [
            -111.905359,
            40.770838
          ],
          [
            -111.905541,
            40.770526
          ],
          [
            -111.905737,
            40.770278
          ],
          [
            -111.905976,
            40.770031
          ],
          [
            -111.906243,
            40.769879
          ],
          [
            -111.906524,
            40.769739
          ],
          [
            -111.906947,
            40.769597
          ],
          [
            -111.907454,
            40.769457
          ],
          [
            -111.907905,
            40.769326
          ],
          [
            -111.908329,
            40.769221
          ],
          [
            -111.90871,
            40.769119
          ],
          [
            -111.909048,
            40.769032
          ],
          [
            -111.909315,
            40.768935
          ],
          [
            -111.909596,
            40.768816
          ],
          [
            -111.909879,
            40.768643
          ],
          [
            -111.910202,
            40.768438
          ],
          [
            -111.910413,
            40.768223
          ],
          [
            -111.910609,
            40.767986
          ],
          [
            -111.910735,
            40.76776
          ],
          [
            -111.91086,
            40.767491
          ],
          [
            -111.910943,
            40.767222
          ],
          [
            -111.910976,
            40.766773
          ],
          [
            -111.910963,
            40.76655
          ],
          [
            -111.910902,
            40.766327
          ],
          [
            -111.910465,
            40.765217
          ],
          [
            -111.909246,
            40.762717
          ],
          [
            -111.909054,
            40.762326
          ],
          [
            -111.90863,
            40.76137
          ],
          [
            -111.908565,
            40.761164
          ],
          [
            -111.908505,
            40.76095
          ],
          [
            -111.908481,
            40.760839
          ],
          [
            -111.908458,
            40.760635
          ],
          [
            -111.908435,
            40.760415
          ],
          [
            -111.908452,
            40.760036
          ],
          [
            -111.908557,
            40.759431
          ],
          [
            -111.908784,
            40.758864
          ],
          [
            -111.908803,
            40.758378
          ],
          [
            -111.908832,
            40.758144
          ],
          [
            -111.908865,
            40.757907
          ],
          [
            -111.90887,
            40.757675
          ],
          [
            -111.908868,
            40.757234
          ],
          [
            -111.908875,
            40.756705
          ],
          [
            -111.908871,
            40.756203
          ],
          [
            -111.908874,
            40.755807
          ],
          [
            -111.908876,
            40.754762
          ],
          [
            -111.908876,
            40.754219
          ],
          [
            -111.908877,
            40.753942
          ],
          [
            -111.908879,
            40.753169
          ],
          [
            -111.908892,
            40.752956
          ],
          [
            -111.908912,
            40.752732
          ],
          [
            -111.908932,
            40.752445
          ],
          [
            -111.908934,
            40.751651
          ],
          [
            -111.908936,
            40.75076
          ],
          [
            -111.908934,
            40.749934
          ],
          [
            -111.908941,
            40.748492
          ],
          [
            -111.908929,
            40.747817
          ],
          [
            -111.90891,
            40.747355
          ],
          [
            -111.908849,
            40.746454
          ],
          [
            -111.908754,
            40.745272
          ],
          [
            -111.908684,
            40.744403
          ],
          [
            -111.908589,
            40.743227
          ],
          [
            -111.908494,
            40.742081
          ],
          [
            -111.90843,
            40.74125
          ],
          [
            -111.908412,
            40.740893
          ],
          [
            -111.908408,
            40.739802
          ],
          [
            -111.90841,
            40.738976
          ],
          [
            -111.908409,
            40.738098
          ],
          [
            -111.90841,
            40.736572
          ],
          [
            -111.908413,
            40.734449
          ],
          [
            -111.908415,
            40.732874
          ],
          [
            -111.908418,
            40.730712
          ],
          [
            -111.908423,
            40.728505
          ],
          [
            -111.908426,
            40.726326
          ],
          [
            -111.908425,
            40.72519
          ],
          [
            -111.908408,
            40.725077
          ],
          [
            -111.908409,
            40.724772
          ],
          [
            -111.908429,
            40.724171
          ],
          [
            -111.908426,
            40.7227
          ],
          [
            -111.908431,
            40.721255
          ],
          [
            -111.908432,
            40.71979
          ],
          [
            -111.908435,
            40.718281
          ],
          [
            -111.908446,
            40.716792
          ],
          [
            -111.908447,
            40.715263
          ],
          [
            -111.908431,
            40.713908
          ],
          [
            -111.908382,
            40.713339
          ],
          [
            -111.908287,
            40.712647
          ],
          [
            -111.908136,
            40.71185
          ],
          [
            -111.907845,
            40.710811
          ],
          [
            -111.90757,
            40.710008
          ],
          [
            -111.906638,
            40.707272
          ],
          [
            -111.906353,
            40.706441
          ],
          [
            -111.905557,
            40.704119
          ],
          [
            -111.905038,
            40.702599
          ],
          [
            -111.904535,
            40.701119
          ],
          [
            -111.904008,
            40.699577
          ],
          [
            -111.903733,
            40.69876
          ],
          [
            -111.903225,
            40.69728
          ],
          [
            -111.902699,
            40.695737
          ],
          [
            -111.902021,
            40.693747
          ],
          [
            -111.901539,
            40.692339
          ],
          [
            -111.901147,
            40.691187
          ],
          [
            -111.900655,
            40.689746
          ],
          [
            -111.900182,
            40.688362
          ],
          [
            -111.899725,
            40.687022
          ],
          [
            -111.899192,
            40.685453
          ],
          [
            -111.898475,
            40.683356
          ],
          [
            -111.897777,
            40.68131
          ],
          [
            -111.897481,
            40.680431
          ],
          [
            -111.89733,
            40.679911
          ],
          [
            -111.897202,
            40.679376
          ],
          [
            -111.897102,
            40.678871
          ],
          [
            -111.897051,
            40.67855
          ],
          [
            -111.896994,
            40.678113
          ],
          [
            -111.896902,
            40.677183
          ],
          [
            -111.89676,
            40.675727
          ],
          [
            -111.89661,
            40.674226
          ],
          [
            -111.896459,
            40.672684
          ],
          [
            -111.896306,
            40.671141
          ],
          [
            -111.896103,
            40.669049
          ],
          [
            -111.895962,
            40.667608
          ],
          [
            -111.89572,
            40.665182
          ],
          [
            -111.895684,
            40.664785
          ],
          [
            -111.895667,
            40.664355
          ],
          [
            -111.895664,
            40.663939
          ],
          [
            -111.895681,
            40.663635
          ],
          [
            -111.895716,
            40.663256
          ],
          [
            -111.895799,
            40.662697
          ],
          [
            -111.895856,
            40.662418
          ],
          [
            -111.895936,
            40.662097
          ],
          [
            -111.896096,
            40.661562
          ],
          [
            -111.896248,
            40.661113
          ],
          [
            -111.896532,
            40.660132
          ],
          [
            -111.896593,
            40.659809
          ],
          [
            -111.89667,
            40.659583
          ],
          [
            -111.896941,
            40.658804
          ],
          [
            -111.897217,
            40.658009
          ],
          [
            -111.897722,
            40.656553
          ],
          [
            -111.897814,
            40.656306
          ],
          [
            -111.897891,
            40.656138
          ],
          [
            -111.89799,
            40.655936
          ],
          [
            -111.89831,
            40.655019
          ],
          [
            -111.898398,
            40.654611
          ],
          [
            -111.89873,
            40.653644
          ],
          [
            -111.899026,
            40.652808
          ],
          [
            -111.899191,
            40.652473
          ],
          [
            -111.899641,
            40.651177
          ],
          [
            -111.899751,
            40.650837
          ],
          [
            -111.899856,
            40.650472
          ],
          [
            -111.899948,
            40.650108
          ],
          [
            -111.900038,
            40.649702
          ],
          [
            -111.90015,
            40.649037
          ],
          [
            -111.900184,
            40.648788
          ],
          [
            -111.900229,
            40.648354
          ],
          [
            -111.900257,
            40.647955
          ],
          [
            -111.900275,
            40.647539
          ],
          [
            -111.900285,
            40.647436
          ],
          [
            -111.900312,
            40.64726
          ],
          [
            -111.90035,
            40.647043
          ],
          [
            -111.900395,
            40.646048
          ],
          [
            -111.900432,
            40.645193
          ],
          [
            -111.90053,
            40.642961
          ],
          [
            -111.900596,
            40.64148
          ],
          [
            -111.900648,
            40.640778
          ],
          [
            -111.90071,
            40.640302
          ],
          [
            -111.90077,
            40.63993
          ],
          [
            -111.900811,
            40.639702
          ],
          [
            -111.900903,
            40.639283
          ],
          [
            -111.901141,
            40.638298
          ],
          [
            -111.901504,
            40.636818
          ],
          [
            -111.901879,
            40.635305
          ],
          [
            -111.902225,
            40.633896
          ],
          [
            -111.902439,
            40.633018
          ],
          [
            -111.902691,
            40.632004
          ],
          [
            -111.903059,
            40.630515
          ],
          [
            -111.903239,
            40.629761
          ],
          [
            -111.903711,
            40.627844
          ],
          [
            -111.904045,
            40.626494
          ],
          [
            -111.904443,
            40.624873
          ],
          [
            -111.904822,
            40.623328
          ],
          [
            -111.905187,
            40.621842
          ],
          [
            -111.905393,
            40.621004
          ],
          [
            -111.905713,
            40.619699
          ],
          [
            -111.906219,
            40.617646
          ],
          [
            -111.906552,
            40.616295
          ],
          [
            -111.906649,
            40.615892
          ],
          [
            -111.906741,
            40.615467
          ],
          [
            -111.90678,
            40.615223
          ],
          [
            -111.906848,
            40.614684
          ],
          [
            -111.906874,
            40.614382
          ],
          [
            -111.906887,
            40.614088
          ],
          [
            -111.906889,
            40.61389
          ],
          [
            -111.906888,
            40.613603
          ],
          [
            -111.906877,
            40.613354
          ],
          [
            -111.906875,
            40.613241
          ],
          [
            -111.906845,
            40.612941
          ],
          [
            -111.906798,
            40.612545
          ],
          [
            -111.906647,
            40.611693
          ],
          [
            -111.906503,
            40.610907
          ],
          [
            -111.906444,
            40.610582
          ],
          [
            -111.906303,
            40.609712
          ],
          [
            -111.906234,
            40.609339
          ],
          [
            -111.905944,
            40.607845
          ],
          [
            -111.905666,
            40.606483
          ],
          [
            -111.90548,
            40.605489
          ],
          [
            -111.904988,
            40.602869
          ],
          [
            -111.904537,
            40.60047
          ],
          [
            -111.904227,
            40.598826
          ],
          [
            -111.90376,
            40.596344
          ],
          [
            -111.903156,
            40.593137
          ],
          [
            -111.90285,
            40.591491
          ],
          [
            -111.902799,
            40.591175
          ],
          [
            -111.902758,
            40.590849
          ],
          [
            -111.902733,
            40.590605
          ],
          [
            -111.902711,
            40.590245
          ],
          [
            -111.902699,
            40.589893
          ],
          [
            -111.902705,
            40.589536
          ],
          [
            -111.902714,
            40.589283
          ],
          [
            -111.902733,
            40.589015
          ],
          [
            -111.902761,
            40.588748
          ],
          [
            -111.902796,
            40.588423
          ],
          [
            -111.902886,
            40.587817
          ],
          [
            -111.90308,
            40.586466
          ],
          [
            -111.903469,
            40.583754
          ],
          [
            -111.90372,
            40.582019
          ],
          [
            -111.903804,
            40.58144
          ],
          [
            -111.904013,
            40.579973
          ],
          [
            -111.90423,
            40.578456
          ],
          [
            -111.904455,
            40.576886
          ],
          [
            -111.904498,
            40.576543
          ],
          [
            -111.904522,
            40.576331
          ],
          [
            -111.904534,
            40.576103
          ],
          [
            -111.904537,
            40.57577
          ],
          [
            -111.904531,
            40.575472
          ],
          [
            -111.904522,
            40.575319
          ],
          [
            -111.904499,
            40.575129
          ],
          [
            -111.904474,
            40.574933
          ],
          [
            -111.904431,
            40.574672
          ],
          [
            -111.904367,
            40.57439
          ],
          [
            -111.904309,
            40.574177
          ],
          [
            -111.904224,
            40.573898
          ],
          [
            -111.904106,
            40.573567
          ],
          [
            -111.903939,
            40.573184
          ],
          [
            -111.903716,
            40.572729
          ],
          [
            -111.903061,
            40.57153
          ],
          [
            -111.902613,
            40.570715
          ],
          [
            -111.90184,
            40.569302
          ],
          [
            -111.901312,
            40.568332
          ],
          [
            -111.900997,
            40.567723
          ],
          [
            -111.900785,
            40.567209
          ],
          [
            -111.90068,
            40.566903
          ],
          [
            -111.900599,
            40.566627
          ],
          [
            -111.900507,
            40.566229
          ],
          [
            -111.900473,
            40.566028
          ],
          [
            -111.90043,
            40.565729
          ],
          [
            -111.900411,
            40.565496
          ],
          [
            -111.900396,
            40.565206
          ],
          [
            -111.900394,
            40.565056
          ],
          [
            -111.900396,
            40.564898
          ],
          [
            -111.900402,
            40.564747
          ],
          [
            -111.900411,
            40.56462
          ],
          [
            -111.900426,
            40.564444
          ],
          [
            -111.900449,
            40.564224
          ],
          [
            -111.90047,
            40.564055
          ],
          [
            -111.900533,
            40.563546
          ],
          [
            -111.900697,
            40.562192
          ],
          [
            -111.901222,
            40.557863
          ],
          [
            -111.901715,
            40.553806
          ],
          [
            -111.902588,
            40.546649
          ],
          [
            -111.903092,
            40.542529
          ],
          [
            -111.903772,
            40.536972
          ],
          [
            -111.90405,
            40.534689
          ],
          [
            -111.904337,
            40.532321
          ],
          [
            -111.904544,
            40.530627
          ],
          [
            -111.904682,
            40.529433
          ],
          [
            -111.904716,
            40.52891
          ],
          [
            -111.904721,
            40.528534
          ],
          [
            -111.904722,
            40.528278
          ],
          [
            -111.904714,
            40.527988
          ],
          [
            -111.904695,
            40.52752
          ],
          [
            -111.904684,
            40.527235
          ],
          [
            -111.904659,
            40.526669
          ],
          [
            -111.904626,
            40.525905
          ],
          [
            -111.904591,
            40.525063
          ],
          [
            -111.904465,
            40.522048
          ],
          [
            -111.904365,
            40.519671
          ],
          [
            -111.904263,
            40.517322
          ],
          [
            -111.904172,
            40.515163
          ],
          [
            -111.904102,
            40.513512
          ],
          [
            -111.904094,
            40.513095
          ],
          [
            -111.904097,
            40.512903
          ],
          [
            -111.904109,
            40.512703
          ],
          [
            -111.904137,
            40.512401
          ],
          [
            -111.904171,
            40.512147
          ],
          [
            -111.904239,
            40.511784
          ],
          [
            -111.90431,
            40.511498
          ],
          [
            -111.904427,
            40.511111
          ],
          [
            -111.90453,
            40.510832
          ],
          [
            -111.904642,
            40.510559
          ],
          [
            -111.904819,
            40.510196
          ],
          [
            -111.904998,
            40.509874
          ],
          [
            -111.905195,
            40.509556
          ],
          [
            -111.905427,
            40.509217
          ],
          [
            -111.905915,
            40.508525
          ],
          [
            -111.906635,
            40.507515
          ],
          [
            -111.907846,
            40.505814
          ],
          [
            -111.908181,
            40.505344
          ],
          [
            -111.908566,
            40.504802
          ],
          [
            -111.909104,
            40.504045
          ],
          [
            -111.909958,
            40.502841
          ],
          [
            -111.910344,
            40.502301
          ],
          [
            -111.91065,
            40.501871
          ],
          [
            -111.911232,
            40.501051
          ],
          [
            -111.911789,
            40.500273
          ],
          [
            -111.912557,
            40.499189
          ],
          [
            -111.91353,
            40.497822
          ],
          [
            -111.913771,
            40.497483
          ],
          [
            -111.914109,
            40.497006
          ],
          [
            -111.914718,
            40.496154
          ],
          [
            -111.915507,
            40.495041
          ],
          [
            -111.916609,
            40.493487
          ],
          [
            -111.916875,
            40.493121
          ],
          [
            -111.917202,
            40.492659
          ],
          [
            -111.918154,
            40.491319
          ],
          [
            -111.919243,
            40.489787
          ],
          [
            -111.919683,
            40.489166
          ],
          [
            -111.920407,
            40.488151
          ],
          [
            -111.921821,
            40.486154
          ],
          [
            -111.923475,
            40.483833
          ],
          [
            -111.924084,
            40.48297
          ],
          [
            -111.925441,
            40.481062
          ],
          [
            -111.926045,
            40.480202
          ],
          [
            -111.92649,
            40.479517
          ],
          [
            -111.927006,
            40.47868
          ],
          [
            -111.929996,
            40.473838
          ],
          [
            -111.930525,
            40.472979
          ],
          [
            -111.931036,
            40.472155
          ],
          [
            -111.931431,
            40.471504
          ],
          [
            -111.931615,
            40.471169
          ],
          [
            -111.931793,
            40.47078
          ],
          [
            -111.931893,
            40.470525
          ],
          [
            -111.932004,
            40.470201
          ],
          [
            -111.932086,
            40.469893
          ],
          [
            -111.932181,
            40.46943
          ],
          [
            -111.932343,
            40.468486
          ],
          [
            -111.932411,
            40.468082
          ],
          [
            -111.932753,
            40.466067
          ],
          [
            -111.932897,
            40.465236
          ],
          [
            -111.93317,
            40.463628
          ],
          [
            -111.933208,
            40.463375
          ],
          [
            -111.93324,
            40.463054
          ],
          [
            -111.933255,
            40.462831
          ],
          [
            -111.933264,
            40.462433
          ],
          [
            -111.933253,
            40.462111
          ],
          [
            -111.933228,
            40.461832
          ],
          [
            -111.933194,
            40.46154
          ],
          [
            -111.933137,
            40.461205
          ],
          [
            -111.93308,
            40.460949
          ],
          [
            -111.93297,
            40.460532
          ],
          [
            -111.932863,
            40.46021
          ],
          [
            -111.932777,
            40.459984
          ],
          [
            -111.932695,
            40.459781
          ],
          [
            -111.932576,
            40.459522
          ],
          [
            -111.932391,
            40.459163
          ],
          [
            -111.932179,
            40.458787
          ],
          [
            -111.931958,
            40.458453
          ],
          [
            -111.931796,
            40.458219
          ],
          [
            -111.931588,
            40.457948
          ],
          [
            -111.931365,
            40.457676
          ],
          [
            -111.931022,
            40.457305
          ],
          [
            -111.930712,
            40.457
          ],
          [
            -111.930432,
            40.456747
          ],
          [
            -111.930215,
            40.456561
          ],
          [
            -111.930027,
            40.456409
          ],
          [
            -111.929715,
            40.456167
          ],
          [
            -111.929104,
            40.455696
          ],
          [
            -111.928003,
            40.454846
          ],
          [
            -111.926888,
            40.45399
          ],
          [
            -111.925775,
            40.453133
          ],
          [
            -111.924591,
            40.452223
          ],
          [
            -111.924304,
            40.451987
          ],
          [
            -111.92403,
            40.451747
          ],
          [
            -111.923646,
            40.451354
          ],
          [
            -111.923424,
            40.451098
          ],
          [
            -111.923164,
            40.45075
          ],
          [
            -111.922954,
            40.450417
          ],
          [
            -111.922819,
            40.45017
          ],
          [
            -111.922692,
            40.449909
          ],
          [
            -111.922581,
            40.449634
          ],
          [
            -111.922497,
            40.449391
          ],
          [
            -111.922416,
            40.449104
          ],
          [
            -111.922376,
            40.448918
          ],
          [
            -111.92233,
            40.448646
          ],
          [
            -111.922311,
            40.448475
          ],
          [
            -111.922297,
            40.448298
          ],
          [
            -111.922292,
            40.448135
          ],
          [
            -111.922292,
            40.44791
          ],
          [
            -111.922301,
            40.447701
          ],
          [
            -111.922308,
            40.447603
          ],
          [
            -111.922336,
            40.447383
          ],
          [
            -111.922398,
            40.447021
          ],
          [
            -111.922506,
            40.446523
          ],
          [
            -111.922699,
            40.445636
          ],
          [
            -111.9228,
            40.445148
          ],
          [
            -111.922823,
            40.444998
          ],
          [
            -111.922843,
            40.444755
          ],
          [
            -111.922841,
            40.444559
          ],
          [
            -111.922819,
            40.444353
          ],
          [
            -111.922787,
            40.444169
          ],
          [
            -111.922738,
            40.443984
          ],
          [
            -111.922644,
            40.44372
          ],
          [
            -111.922537,
            40.443495
          ],
          [
            -111.922462,
            40.443355
          ],
          [
            -111.922286,
            40.443095
          ],
          [
            -111.922165,
            40.442945
          ],
          [
            -111.922078,
            40.442844
          ],
          [
            -111.921983,
            40.442742
          ],
          [
            -111.921824,
            40.442594
          ],
          [
            -111.921567,
            40.442376
          ],
          [
            -111.921418,
            40.442272
          ],
          [
            -111.921243,
            40.442158
          ],
          [
            -111.920965,
            40.442001
          ],
          [
            -111.920732,
            40.441892
          ],
          [
            -111.9206,
            40.441835
          ],
          [
            -111.920442,
            40.441772
          ],
          [
            -111.9203,
            40.441724
          ],
          [
            -111.920156,
            40.441676
          ],
          [
            -111.919997,
            40.441632
          ],
          [
            -111.919836,
            40.441589
          ],
          [
            -111.919636,
            40.441547
          ],
          [
            -111.919432,
            40.441509
          ],
          [
            -111.919218,
            40.441477
          ],
          [
            -111.918883,
            40.441434
          ],
          [
            -111.918403,
            40.441384
          ],
          [
            -111.917531,
            40.44129
          ],
          [
            -111.915678,
            40.441085
          ],
          [
            -111.915233,
            40.441026
          ],
          [
            -111.914952,
            40.440981
          ],
          [
            -111.914669,
            40.440926
          ],
          [
            -111.91442,
            40.440869
          ],
          [
            -111.914147,
            40.440799
          ],
          [
            -111.913866,
            40.440715
          ],
          [
            -111.913601,
            40.440625
          ],
          [
            -111.913326,
            40.440522
          ],
          [
            -111.912966,
            40.440367
          ],
          [
            -111.912689,
            40.440231
          ],
          [
            -111.91239,
            40.440067
          ],
          [
            -111.912139,
            40.439914
          ],
          [
            -111.911823,
            40.439696
          ],
          [
            -111.911506,
            40.439454
          ],
          [
            -111.911205,
            40.439193
          ],
          [
            -111.910314,
            40.438379
          ],
          [
            -111.908017,
            40.436255
          ],
          [
            -111.907384,
            40.435671
          ],
          [
            -111.907128,
            40.435393
          ],
          [
            -111.906943,
            40.4352
          ],
          [
            -111.906183,
            40.434494
          ],
          [
            -111.90473,
            40.433152
          ],
          [
            -111.902571,
            40.431157
          ],
          [
            -111.900714,
            40.429438
          ],
          [
            -111.898913,
            40.427771
          ],
          [
            -111.89666,
            40.425686
          ],
          [
            -111.895096,
            40.424239
          ],
          [
            -111.893383,
            40.422657
          ],
          [
            -111.891287,
            40.420702
          ],
          [
            -111.89074,
            40.420192
          ],
          [
            -111.890282,
            40.41979
          ],
          [
            -111.889956,
            40.419522
          ],
          [
            -111.889709,
            40.41932
          ],
          [
            -111.889027,
            40.418703
          ],
          [
            -111.88833,
            40.418104
          ],
          [
            -111.887777,
            40.417638
          ],
          [
            -111.886864,
            40.41687
          ],
          [
            -111.886073,
            40.416202
          ],
          [
            -111.884398,
            40.414792
          ],
          [
            -111.882866,
            40.413501
          ],
          [
            -111.881187,
            40.412084
          ],
          [
            -111.879054,
            40.410287
          ],
          [
            -111.878082,
            40.409469
          ],
          [
            -111.875461,
            40.407263
          ],
          [
            -111.872043,
            40.404381
          ],
          [
            -111.870324,
            40.402934
          ],
          [
            -111.867712,
            40.400733
          ],
          [
            -111.865936,
            40.399233
          ],
          [
            -111.864313,
            40.397867
          ],
          [
            -111.863272,
            40.396987
          ],
          [
            -111.860309,
            40.39449
          ],
          [
            -111.857757,
            40.392339
          ],
          [
            -111.856976,
            40.391675
          ],
          [
            -111.856683,
            40.391414
          ],
          [
            -111.856472,
            40.391206
          ],
          [
            -111.856289,
            40.391003
          ],
          [
            -111.856134,
            40.390807
          ],
          [
            -111.855971,
            40.390577
          ],
          [
            -111.855816,
            40.390316
          ],
          [
            -111.855672,
            40.390022
          ],
          [
            -111.855596,
            40.389832
          ],
          [
            -111.855532,
            40.389644
          ],
          [
            -111.855459,
            40.389378
          ],
          [
            -111.855409,
            40.38911
          ],
          [
            -111.855381,
            40.388874
          ],
          [
            -111.855364,
            40.388662
          ],
          [
            -111.855336,
            40.388123
          ],
          [
            -111.855231,
            40.385608
          ],
          [
            -111.855216,
            40.385312
          ],
          [
            -111.85518,
            40.384906
          ],
          [
            -111.855151,
            40.384736
          ],
          [
            -111.855133,
            40.384623
          ],
          [
            -111.855092,
            40.384449
          ],
          [
            -111.855016,
            40.384201
          ],
          [
            -111.854939,
            40.384002
          ],
          [
            -111.854822,
            40.383758
          ],
          [
            -111.854721,
            40.383579
          ],
          [
            -111.854583,
            40.38337
          ],
          [
            -111.854441,
            40.383184
          ],
          [
            -111.854256,
            40.382974
          ],
          [
            -111.854039,
            40.382758
          ],
          [
            -111.853861,
            40.382602
          ],
          [
            -111.853638,
            40.382431
          ],
          [
            -111.853434,
            40.382291
          ],
          [
            -111.853201,
            40.382146
          ],
          [
            -111.852943,
            40.382009
          ],
          [
            -111.852712,
            40.381899
          ],
          [
            -111.852396,
            40.381767
          ],
          [
            -111.852177,
            40.38169
          ],
          [
            -111.851915,
            40.381608
          ],
          [
            -111.851687,
            40.381547
          ],
          [
            -111.851507,
            40.381501
          ],
          [
            -111.851228,
            40.381438
          ],
          [
            -111.849662,
            40.381108
          ],
          [
            -111.847235,
            40.380602
          ],
          [
            -111.844556,
            40.380044
          ],
          [
            -111.841079,
            40.379323
          ],
          [
            -111.838759,
            40.378837
          ],
          [
            -111.836131,
            40.37829
          ],
          [
            -111.829692,
            40.37695
          ],
          [
            -111.824659,
            40.3759
          ],
          [
            -111.820706,
            40.375077
          ],
          [
            -111.816936,
            40.374292
          ],
          [
            -111.813202,
            40.373512
          ],
          [
            -111.810683,
            40.372986
          ],
          [
            -111.808646,
            40.372562
          ],
          [
            -111.807654,
            40.372347
          ],
          [
            -111.806874,
            40.372151
          ],
          [
            -111.80644,
            40.372023
          ],
          [
            -111.805996,
            40.371883
          ],
          [
            -111.805431,
            40.371688
          ],
          [
            -111.805096,
            40.371563
          ],
          [
            -111.804752,
            40.371428
          ],
          [
            -111.804369,
            40.371267
          ],
          [
            -111.804033,
            40.371116
          ],
          [
            -111.803667,
            40.370945
          ],
          [
            -111.803395,
            40.370812
          ],
          [
            -111.803142,
            40.370681
          ],
          [
            -111.802694,
            40.370438
          ],
          [
            -111.802487,
            40.370322
          ],
          [
            -111.802154,
            40.37012
          ],
          [
            -111.801662,
            40.36981
          ],
          [
            -111.800983,
            40.369333
          ],
          [
            -111.800749,
            40.369159
          ],
          [
            -111.800377,
            40.368861
          ],
          [
            -111.800176,
            40.368695
          ],
          [
            -111.799879,
            40.368435
          ],
          [
            -111.799502,
            40.368084
          ],
          [
            -111.798294,
            40.366877
          ],
          [
            -111.797528,
            40.366104
          ],
          [
            -111.796686,
            40.365254
          ],
          [
            -111.795874,
            40.364439
          ],
          [
            -111.795036,
            40.363595
          ],
          [
            -111.793841,
            40.36239
          ],
          [
            -111.79274,
            40.361283
          ],
          [
            -111.790656,
            40.359191
          ],
          [
            -111.787851,
            40.356372
          ],
          [
            -111.784817,
            40.353323
          ],
          [
            -111.782407,
            40.350901
          ],
          [
            -111.779851,
            40.348334
          ],
          [
            -111.777206,
            40.345676
          ],
          [
            -111.775293,
            40.343757
          ],
          [
            -111.772697,
            40.341148
          ],
          [
            -111.768658,
            40.337091
          ],
          [
            -111.765875,
            40.334301
          ],
          [
            -111.763281,
            40.331695
          ],
          [
            -111.762946,
            40.331352
          ],
          [
            -111.762539,
            40.330913
          ],
          [
            -111.762321,
            40.330666
          ],
          [
            -111.762091,
            40.330387
          ],
          [
            -111.761769,
            40.32998
          ],
          [
            -111.761614,
            40.329768
          ],
          [
            -111.761424,
            40.329509
          ],
          [
            -111.761228,
            40.329218
          ],
          [
            -111.760471,
            40.328108
          ],
          [
            -111.756245,
            40.321875
          ],
          [
            -111.754687,
            40.319577
          ],
          [
            -111.75194,
            40.315522
          ],
          [
            -111.751439,
            40.314796
          ],
          [
            -111.750886,
            40.314044
          ],
          [
            -111.750206,
            40.313147
          ],
          [
            -111.749105,
            40.311706
          ],
          [
            -111.748317,
            40.310671
          ],
          [
            -111.746415,
            40.308166
          ],
          [
            -111.745734,
            40.307268
          ],
          [
            -111.745236,
            40.30655
          ],
          [
            -111.744974,
            40.306185
          ],
          [
            -111.744422,
            40.305464
          ],
          [
            -111.742461,
            40.302888
          ],
          [
            -111.741177,
            40.301201
          ],
          [
            -111.739823,
            40.299421
          ],
          [
            -111.738537,
            40.29773
          ],
          [
            -111.737475,
            40.296333
          ],
          [
            -111.733991,
            40.29175
          ],
          [
            -111.732679,
            40.290023
          ],
          [
            -111.731053,
            40.287882
          ],
          [
            -111.729212,
            40.285449
          ],
          [
            -111.726867,
            40.282354
          ],
          [
            -111.725206,
            40.280158
          ],
          [
            -111.721445,
            40.275192
          ],
          [
            -111.721222,
            40.274908
          ],
          [
            -111.721091,
            40.274744
          ],
          [
            -111.72066,
            40.274232
          ],
          [
            -111.720405,
            40.27396
          ],
          [
            -111.71991,
            40.273454
          ],
          [
            -111.719346,
            40.272793
          ],
          [
            -111.719131,
            40.272525
          ],
          [
            -111.718766,
            40.272029
          ],
          [
            -111.718384,
            40.271497
          ],
          [
            -111.717753,
            40.270624
          ],
          [
            -111.717151,
            40.269789
          ],
          [
            -111.716396,
            40.268741
          ],
          [
            -111.715776,
            40.267887
          ],
          [
            -111.715144,
            40.267008
          ],
          [
            -111.714526,
            40.266151
          ],
          [
            -111.714227,
            40.265755
          ],
          [
            -111.713896,
            40.265334
          ],
          [
            -111.713475,
            40.264849
          ],
          [
            -111.713,
            40.26434
          ],
          [
            -111.711872,
            40.263238
          ],
          [
            -111.711008,
            40.262403
          ],
          [
            -111.71015,
            40.261571
          ],
          [
            -111.709301,
            40.260748
          ],
          [
            -111.708407,
            40.259886
          ],
          [
            -111.707536,
            40.25904
          ],
          [
            -111.706609,
            40.258142
          ],
          [
            -111.705775,
            40.257336
          ],
          [
            -111.704911,
            40.256498
          ],
          [
            -111.704096,
            40.255707
          ],
          [
            -111.703187,
            40.254829
          ],
          [
            -111.702319,
            40.253986
          ],
          [
            -111.701424,
            40.25312
          ],
          [
            -111.700527,
            40.252252
          ],
          [
            -111.699695,
            40.251445
          ],
          [
            -111.698804,
            40.250585
          ],
          [
            -111.697931,
            40.249738
          ],
          [
            -111.697047,
            40.248881
          ],
          [
            -111.696167,
            40.248027
          ],
          [
            -111.695504,
            40.247384
          ],
          [
            -111.695218,
            40.247128
          ],
          [
            -111.69486,
            40.246764
          ],
          [
            -111.693868,
            40.245801
          ],
          [
            -111.692988,
            40.244949
          ],
          [
            -111.692117,
            40.244104
          ],
          [
            -111.691215,
            40.243232
          ],
          [
            -111.690318,
            40.242359
          ],
          [
            -111.689408,
            40.241482
          ],
          [
            -111.688528,
            40.240628
          ],
          [
            -111.687629,
            40.239757
          ],
          [
            -111.686743,
            40.238901
          ],
          [
            -111.685842,
            40.238028
          ],
          [
            -111.684958,
            40.237177
          ],
          [
            -111.684083,
            40.236325
          ],
          [
            -111.683171,
            40.235444
          ],
          [
            -111.682288,
            40.234592
          ],
          [
            -111.681397,
            40.23373
          ],
          [
            -111.680482,
            40.232845
          ],
          [
            -111.679598,
            40.231991
          ],
          [
            -111.678701,
            40.231123
          ],
          [
            -111.677779,
            40.230229
          ],
          [
            -111.676865,
            40.229347
          ],
          [
            -111.675835,
            40.22835
          ],
          [
            -111.675487,
            40.228021
          ],
          [
            -111.675085,
            40.227686
          ],
          [
            -111.674918,
            40.227561
          ],
          [
            -111.674655,
            40.227373
          ],
          [
            -111.67427,
            40.227128
          ],
          [
            -111.673953,
            40.226949
          ],
          [
            -111.673615,
            40.226776
          ],
          [
            -111.673122,
            40.226556
          ],
          [
            -111.672688,
            40.226389
          ],
          [
            -111.672441,
            40.226303
          ],
          [
            -111.672148,
            40.226214
          ],
          [
            -111.671732,
            40.226101
          ],
          [
            -111.671313,
            40.226008
          ],
          [
            -111.670867,
            40.225928
          ],
          [
            -111.67043,
            40.22587
          ],
          [
            -111.670014,
            40.225829
          ],
          [
            -111.669738,
            40.225809
          ],
          [
            -111.669301,
            40.225791
          ],
          [
            -111.668865,
            40.225786
          ],
          [
            -111.667818,
            40.225782
          ],
          [
            -111.666474,
            40.22578
          ],
          [
            -111.664953,
            40.225775
          ],
          [
            -111.66356,
            40.225771
          ],
          [
            -111.663154,
            40.225769
          ],
          [
            -111.662911,
            40.225754
          ],
          [
            -111.662665,
            40.225736
          ],
          [
            -111.661483,
            40.225637
          ],
          [
            -111.660692,
            40.22557
          ],
          [
            -111.659271,
            40.22545
          ]
        ]
      }
    },
    {
      "type": "Feature",
      "properties": {
        "type": "Commuter Rail",
        "network": "UTA FrontRunner",
        "route_name": "FrontRunner",
        "color": "#c227b9"
      },
      "geometry": {
        "type": "LineString",
        "coordinates": [
          [
            -111.980646,
            41.224352
          ],
          [
            -111.980649,
            41.22288
          ],
          [
            -111.980649,
            41.22287
          ],
          [
            -111.980739,
            41.218489
          ],
          [
            -111.98082,
            41.21805
          ],
          [
            -111.98132,
            41.21666
          ],
          [
            -111.98242,
            41.21497
          ],
          [
            -111.98328,
            41.21376
          ],
          [
            -111.9836,
            41.21284
          ],
          [
            -111.98367,
            41.21252
          ],
          [
            -111.98384,
            41.21159
          ],
          [
            -111.98405,
            41.21115
          ],
          [
            -111.98419,
            41.210889
          ],
          [
            -111.984369,
            41.21062
          ],
          [
            -111.98489,
            41.21027
          ],
          [
            -111.98512,
            41.21014
          ],
          [
            -111.9854,
            41.21005
          ],
          [
            -111.98599,
            41.21001
          ],
          [
            -111.98677,
            41.21008
          ],
          [
            -111.98857,
            41.21033
          ],
          [
            -111.98956,
            41.21037
          ],
          [
            -111.99001,
            41.2104
          ],
          [
            -111.99057,
            41.21043
          ],
          [
            -111.99113,
            41.21045
          ],
          [
            -111.99146,
            41.21045
          ],
          [
            -111.99742,
            41.21053
          ],
          [
            -111.99778,
            41.2105
          ],
          [
            -112.00646,
            41.21035
          ],
          [
            -112.0083,
            41.2103
          ],
          [
            -112.00987,
            41.21021
          ],
          [
            -112.01103,
            41.21002
          ],
          [
            -112.01128,
            41.20998
          ],
          [
            -112.01237,
            41.20973
          ],
          [
            -112.013919,
            41.20917
          ],
          [
            -112.014829,
            41.20874
          ],
          [
            -112.01692,
            41.20763
          ],
          [
            -112.01733,
            41.20735
          ],
          [
            -112.0201,
            41.2051
          ],
          [
            -112.02579,
            41.20041
          ],
          [
            -112.03742,
            41.19064
          ],
          [
            -112.03903,
            41.18929
          ],
          [
            -112.04041,
            41.18774
          ],
          [
            -112.041689,
            41.185929
          ],
          [
            -112.04298,
            41.183589
          ],
          [
            -112.04356,
            41.18234
          ],
          [
            -112.04424,
            41.18024
          ],
          [
            -112.04469,
            41.1779
          ],
          [
            -112.04482,
            41.17644
          ],
          [
            -112.0448,
            41.17618
          ],
          [
            -112.04472,
            41.17374
          ],
          [
            -112.04457,
            41.17255
          ],
          [
            -112.04424,
            41.17104
          ],
          [
            -112.04335,
            41.16847
          ],
          [
            -112.04075,
            41.16166
          ],
          [
            -112.038,
            41.15442
          ],
          [
            -112.03732,
            41.15273
          ],
          [
            -112.03676,
            41.15125
          ],
          [
            -112.03661,
            41.15074
          ],
          [
            -112.03616,
            41.14935
          ],
          [
            -112.03592,
            41.14755
          ],
          [
            -112.035899,
            41.147139
          ],
          [
            -112.035809,
            41.143399
          ],
          [
            -112.03573,
            41.13988
          ],
          [
            -112.03548,
            41.13259
          ],
          [
            -112.03536,
            41.12881
          ],
          [
            -112.03527,
            41.1265
          ],
          [
            -112.03525,
            41.12589
          ],
          [
            -112.03522,
            41.12531
          ],
          [
            -112.03522,
            41.12504
          ],
          [
            -112.03517,
            41.12454
          ],
          [
            -112.03508,
            41.1239
          ],
          [
            -112.03497,
            41.12335
          ],
          [
            -112.03482,
            41.12288
          ],
          [
            -112.03464,
            41.12237
          ],
          [
            -112.03438,
            41.12181
          ],
          [
            -112.0341,
            41.1213
          ],
          [
            -112.03385,
            41.12089
          ],
          [
            -112.03346,
            41.12033
          ],
          [
            -112.03282,
            41.11947
          ],
          [
            -112.03217,
            41.11862
          ],
          [
            -112.03175,
            41.11807
          ],
          [
            -112.0301,
            41.11591
          ],
          [
            -112.0265,
            41.11125
          ],
          [
            -112.02603,
            41.11063
          ],
          [
            -112.02473,
            41.10885
          ],
          [
            -112.02077,
            41.10365
          ],
          [
            -112.02053,
            41.10333
          ],
          [
            -112.02028,
            41.103
          ],
          [
            -112.01731,
            41.09911
          ],
          [
            -112.01684,
            41.0985
          ],
          [
            -112.01609,
            41.09751
          ],
          [
            -112.01204,
            41.09218
          ],
          [
            -112.01059,
            41.09027
          ],
          [
            -112.01002,
            41.08953
          ],
          [
            -112.00969,
            41.08909
          ],
          [
            -112.00691,
            41.08556
          ],
          [
            -112.00598,
            41.0843
          ],
          [
            -112.00537,
            41.08363
          ],
          [
            -112.00465,
            41.08293
          ],
          [
            -112.00421,
            41.08253
          ],
          [
            -112.00282,
            41.08142
          ],
          [
            -111.99242,
            41.07467
          ],
          [
            -111.9866,
            41.07094
          ],
          [
            -111.97832,
            41.06564
          ],
          [
            -111.9699,
            41.06017
          ],
          [
            -111.96671,
            41.05806
          ],
          [
            -111.9673,
            41.05846
          ],
          [
            -111.96906,
            41.0596
          ],
          [
            -111.96999,
            41.06019
          ],
          [
            -111.97149,
            41.06117
          ],
          [
            -111.97308,
            41.06219
          ],
          [
            -111.97149,
            41.06117
          ],
          [
            -111.96999,
            41.06019
          ],
          [
            -111.96906,
            41.0596
          ],
          [
            -111.9673,
            41.05846
          ],
          [
            -111.96671,
            41.05806
          ],
          [
            -111.96518,
            41.05698
          ],
          [
            -111.96436,
            41.056299
          ],
          [
            -111.96365,
            41.055679
          ],
          [
            -111.96313,
            41.05511
          ],
          [
            -111.96269,
            41.05452
          ],
          [
            -111.96222,
            41.05383
          ],
          [
            -111.95958,
            41.04957
          ],
          [
            -111.95837,
            41.04764
          ],
          [
            -111.95711,
            41.04559
          ],
          [
            -111.95259,
            41.0382
          ],
          [
            -111.95052,
            41.03478
          ],
          [
            -111.94923,
            41.03261
          ],
          [
            -111.939929,
            41.01282
          ],
          [
            -111.939609,
            41.01218
          ],
          [
            -111.93895,
            41.01112
          ],
          [
            -111.938259,
            41.0101
          ],
          [
            -111.937679,
            41.00932
          ],
          [
            -111.9373,
            41.00888
          ],
          [
            -111.93681,
            41.00833
          ],
          [
            -111.93633,
            41.00787
          ],
          [
            -111.93533,
            41.00702
          ],
          [
            -111.9348,
            41.00665
          ],
          [
            -111.93257,
            41.00517
          ],
          [
            -111.92604,
            41.0011
          ],
          [
            -111.92403,
            40.99988
          ],
          [
            -111.90642,
            40.98887
          ],
          [
            -111.90431,
            40.98756
          ],
          [
            -111.90294,
            40.98671
          ],
          [
            -111.90146,
            40.98575
          ],
          [
            -111.90091,
            40.98532
          ],
          [
            -111.89958,
            40.98413
          ],
          [
            -111.898959,
            40.98352
          ],
          [
            -111.89864,
            40.982989
          ],
          [
            -111.89824,
            40.9821
          ],
          [
            -111.89765,
            40.98054
          ],
          [
            -111.89725,
            40.9796
          ],
          [
            -111.89461,
            40.9727
          ],
          [
            -111.89212,
            40.96605
          ],
          [
            -111.89195,
            40.96558
          ],
          [
            -111.89186,
            40.96516
          ],
          [
            -111.89182,
            40.96492
          ],
          [
            -111.891749,
            40.96437
          ],
          [
            -111.89174,
            40.963119
          ],
          [
            -111.8918,
            40.95222
          ],
          [
            -111.89197,
            40.93149
          ],
          [
            -111.89211,
            40.9215
          ],
          [
            -111.89215,
            40.91348
          ],
          [
            -111.89217,
            40.90956
          ],
          [
            -111.89217,
            40.90898
          ],
          [
            -111.89213,
            40.90662
          ],
          [
            -111.89214,
            40.90416
          ],
          [
            -111.8922,
            40.90362
          ],
          [
            -111.892289,
            40.903169
          ],
          [
            -111.892409,
            40.90268
          ],
          [
            -111.8926,
            40.90217
          ],
          [
            -111.89276,
            40.90181
          ],
          [
            -111.89298,
            40.90139
          ],
          [
            -111.894199,
            40.899079
          ],
          [
            -111.89713,
            40.893789
          ],
          [
            -111.89896,
            40.89038
          ],
          [
            -111.89943,
            40.88919
          ],
          [
            -111.90155,
            40.88424
          ],
          [
            -111.90199,
            40.88338
          ],
          [
            -111.90207,
            40.88321
          ],
          [
            -111.9056,
            40.87472
          ],
          [
            -111.90849,
            40.86626
          ],
          [
            -111.90879,
            40.86528
          ],
          [
            -111.90928,
            40.86377
          ],
          [
            -111.90942,
            40.86345
          ],
          [
            -111.90953,
            40.86325
          ],
          [
            -111.91011,
            40.86161
          ],
          [
            -111.91185,
            40.85669
          ],
          [
            -111.917,
            40.84186
          ],
          [
            -111.91768,
            40.84009
          ],
          [
            -111.917829,
            40.839369
          ],
          [
            -111.917889,
            40.838779
          ],
          [
            -111.91794,
            40.83807
          ],
          [
            -111.918169,
            40.834859
          ],
          [
            -111.918179,
            40.834329
          ],
          [
            -111.91828,
            40.8321
          ],
          [
            -111.91834,
            40.83114
          ],
          [
            -111.91835,
            40.83065
          ],
          [
            -111.91836,
            40.83003
          ],
          [
            -111.91819,
            40.82908
          ],
          [
            -111.91814,
            40.82875
          ],
          [
            -111.9181,
            40.82793
          ],
          [
            -111.91811,
            40.82753
          ],
          [
            -111.91819,
            40.82651
          ],
          [
            -111.91851,
            40.82191
          ],
          [
            -111.91862,
            40.82045
          ],
          [
            -111.91867,
            40.82006
          ],
          [
            -111.91889,
            40.81917
          ],
          [
            -111.91912,
            40.81817
          ],
          [
            -111.91918,
            40.81731
          ],
          [
            -111.9192,
            40.81703
          ],
          [
            -111.91921,
            40.81676
          ],
          [
            -111.91924,
            40.8164
          ],
          [
            -111.91935,
            40.81541
          ],
          [
            -111.91949,
            40.81339
          ],
          [
            -111.91955,
            40.81193
          ],
          [
            -111.91963,
            40.8099
          ],
          [
            -111.91968,
            40.80903
          ],
          [
            -111.9197,
            40.80826
          ],
          [
            -111.91971,
            40.80688
          ],
          [
            -111.91972,
            40.80632
          ],
          [
            -111.91975,
            40.8056
          ],
          [
            -111.91978,
            40.80467
          ],
          [
            -111.91976,
            40.8042
          ],
          [
            -111.91971,
            40.80377
          ],
          [
            -111.91959,
            40.80323
          ],
          [
            -111.91944,
            40.80272
          ],
          [
            -111.9193,
            40.80233
          ],
          [
            -111.91905,
            40.80175
          ],
          [
            -111.91879,
            40.80127
          ],
          [
            -111.91851,
            40.80081
          ],
          [
            -111.91825,
            40.80045
          ],
          [
            -111.91795,
            40.80011
          ],
          [
            -111.91725,
            40.79935
          ],
          [
            -111.91571,
            40.79775
          ],
          [
            -111.91527,
            40.79731
          ],
          [
            -111.91504,
            40.79707
          ],
          [
            -111.91449,
            40.79648
          ],
          [
            -111.91405,
            40.796
          ],
          [
            -111.91352,
            40.79539
          ],
          [
            -111.91322,
            40.79503
          ],
          [
            -111.9127,
            40.79438
          ],
          [
            -111.91216,
            40.79368
          ],
          [
            -111.91179,
            40.79323
          ],
          [
            -111.9114,
            40.79283
          ],
          [
            -111.91091,
            40.79237
          ],
          [
            -111.91053,
            40.79205
          ],
          [
            -111.91015,
            40.79176
          ],
          [
            -111.90959,
            40.79138
          ],
          [
            -111.90925,
            40.79119
          ],
          [
            -111.90894,
            40.79104
          ],
          [
            -111.90856,
            40.79089
          ],
          [
            -111.90787,
            40.79065
          ],
          [
            -111.90712,
            40.7904
          ],
          [
            -111.90682,
            40.79028
          ],
          [
            -111.90657,
            40.79016
          ],
          [
            -111.9063,
            40.78999
          ],
          [
            -111.90607,
            40.78981
          ],
          [
            -111.90589,
            40.78963
          ],
          [
            -111.9057,
            40.7894
          ],
          [
            -111.90559,
            40.78921
          ],
          [
            -111.90547,
            40.78891
          ],
          [
            -111.905439,
            40.788799
          ],
          [
            -111.90538,
            40.78831
          ],
          [
            -111.905359,
            40.787399
          ],
          [
            -111.9054,
            40.786069
          ],
          [
            -111.905379,
            40.78432
          ],
          [
            -111.905289,
            40.78238
          ],
          [
            -111.905097,
            40.780612
          ],
          [
            -111.905099,
            40.779239
          ],
          [
            -111.905145,
            40.776185
          ],
          [
            -111.905149,
            40.772945
          ],
          [
            -111.905238,
            40.771505
          ],
          [
            -111.905233,
            40.771139
          ],
          [
            -111.905359,
            40.770838
          ],
          [
            -111.905541,
            40.770526
          ],
          [
            -111.905737,
            40.770278
          ],
          [
            -111.905976,
            40.770031
          ],
          [
            -111.906243,
            40.769879
          ],
          [
            -111.906524,
            40.769739
          ],
          [
            -111.906947,
            40.769597
          ],
          [
            -111.907454,
            40.769457
          ],
          [
            -111.907905,
            40.769326
          ],
          [
            -111.908329,
            40.769221
          ],
          [
            -111.90871,
            40.769119
          ],
          [
            -111.909048,
            40.769032
          ],
          [
            -111.909315,
            40.768935
          ],
          [
            -111.909596,
            40.768816
          ],
          [
            -111.909879,
            40.768643
          ],
          [
            -111.910202,
            40.768438
          ],
          [
            -111.910413,
            40.768223
          ],
          [
            -111.910609,
            40.767986
          ],
          [
            -111.910735,
            40.76776
          ],
          [
            -111.91086,
            40.767491
          ],
          [
            -111.910943,
            40.767222
          ],
          [
            -111.910976,
            40.766773
          ],
          [
            -111.910963,
            40.76655
          ],
          [
            -111.910902,
            40.766327
          ],
          [
            -111.910465,
            40.765217
          ],
          [
            -111.909246,
            40.762717
          ],
          [
            -111.909054,
            40.762326
          ],
          [
            -111.90863,
            40.76137
          ],
          [
            -111.908565,
            40.761164
          ],
          [
            -111.908505,
            40.76095
          ],
          [
            -111.908481,
            40.760839
          ],
          [
            -111.908458,
            40.760635
          ],
          [
            -111.908435,
            40.760415
          ],
          [
            -111.908452,
            40.760036
          ],
          [
            -111.908557,
            40.759431
          ],
          [
            -111.908784,
            40.758864
          ],
          [
            -111.908803,
            40.758378
          ],
          [
            -111.908832,
            40.758144
          ],
          [
            -111.908865,
            40.757907
          ],
          [
            -111.90887,
            40.757675
          ],
          [
            -111.908868,
            40.757234
          ],
          [
            -111.908875,
            40.756705
          ],
          [
            -111.908871,
            40.756203
          ],
          [
            -111.908874,
            40.755807
          ],
          [
            -111.908876,
            40.754762
          ],
          [
            -111.908876,
            40.754219
          ],
          [
            -111.908877,
            40.753942
          ],
          [
            -111.908879,
            40.753169
          ],
          [
            -111.908892,
            40.752956
          ],
          [
            -111.908912,
            40.752732
          ],
          [
            -111.908932,
            40.752445
          ],
          [
            -111.908934,
            40.751651
          ],
          [
            -111.908936,
            40.75076
          ],
          [
            -111.908934,
            40.749934
          ],
          [
            -111.908941,
            40.748492
          ],
          [
            -111.908929,
            40.747817
          ],
          [
            -111.90891,
            40.747355
          ],
          [
            -111.908849,
            40.746454
          ],
          [
            -111.908754,
            40.745272
          ],
          [
            -111.908684,
            40.744403
          ],
          [
            -111.908589,
            40.743227
          ],
          [
            -111.908494,
            40.742081
          ],
          [
            -111.90843,
            40.74125
          ],
          [
            -111.908412,
            40.740893
          ],
          [
            -111.908408,
            40.739802
          ],
          [
            -111.90841,
            40.738976
          ],
          [
            -111.908409,
            40.738098
          ],
          [
            -111.90841,
            40.736572
          ],
          [
            -111.908413,
            40.734449
          ],
          [
            -111.908415,
            40.732874
          ],
          [
            -111.908418,
            40.730712
          ],
          [
            -111.908423,
            40.728505
          ],
          [
            -111.908426,
            40.726326
          ],
          [
            -111.908425,
            40.72519
          ],
          [
            -111.908408,
            40.725077
          ],
          [
            -111.908409,
            40.724772
          ],
          [
            -111.908429,
            40.724171
          ],
          [
            -111.908426,
            40.7227
          ],
          [
            -111.908431,
            40.721255
          ],
          [
            -111.908432,
            40.71979
          ],
          [
            -111.908435,
            40.718281
          ],
          [
            -111.908446,
            40.716792
          ],
          [
            -111.908447,
            40.715263
          ],
          [
            -111.908431,
            40.713908
          ],
          [
            -111.908382,
            40.713339
          ],
          [
            -111.908287,
            40.712647
          ],
          [
            -111.908136,
            40.71185
          ],
          [
            -111.907845,
            40.710811
          ],
          [
            -111.90757,
            40.710008
          ],
          [
            -111.906638,
            40.707272
          ],
          [
            -111.906353,
            40.706441
          ],
          [
            -111.905557,
            40.704119
          ],
          [
            -111.905038,
            40.702599
          ],
          [
            -111.904535,
            40.701119
          ],
          [
            -111.904008,
            40.699577
          ],
          [
            -111.903733,
            40.69876
          ],
          [
            -111.903225,
            40.69728
          ],
          [
            -111.902699,
            40.695737
          ],
          [
            -111.902021,
            40.693747
          ],
          [
            -111.901539,
            40.692339
          ],
          [
            -111.901147,
            40.691187
          ],
          [
            -111.900655,
            40.689746
          ],
          [
            -111.900182,
            40.688362
          ],
          [
            -111.899725,
            40.687022
          ],
          [
            -111.899192,
            40.685453
          ],
          [
            -111.898475,
            40.683356
          ],
          [
            -111.897777,
            40.68131
          ],
          [
            -111.897481,
            40.680431
          ],
          [
            -111.89733,
            40.679911
          ],
          [
            -111.897202,
            40.679376
          ],
          [
            -111.897102,
            40.678871
          ],
          [
            -111.897051,
            40.67855
          ],
          [
            -111.896994,
            40.678113
          ],
          [
            -111.896902,
            40.677183
          ],
          [
            -111.89676,
            40.675727
          ],
          [
            -111.89661,
            40.674226
          ],
          [
            -111.896459,
            40.672684
          ],
          [
            -111.896306,
            40.671141
          ],
          [
            -111.896103,
            40.669049
          ],
          [
            -111.895962,
            40.667608
          ],
          [
            -111.89572,
            40.665182
          ],
          [
            -111.895684,
            40.664785
          ],
          [
            -111.895667,
            40.664355
          ],
          [
            -111.895664,
            40.663939
          ],
          [
            -111.895681,
            40.663635
          ],
          [
            -111.895716,
            40.663256
          ],
          [
            -111.895799,
            40.662697
          ],
          [
            -111.895856,
            40.662418
          ],
          [
            -111.895936,
            40.662097
          ],
          [
            -111.896096,
            40.661562
          ],
          [
            -111.896248,
            40.661113
          ],
          [
            -111.896532,
            40.660132
          ],
          [
            -111.896593,
            40.659809
          ],
          [
            -111.89667,
            40.659583
          ],
          [
            -111.896941,
            40.658804
          ],
          [
            -111.897217,
            40.658009
          ],
          [
            -111.897722,
            40.656553
          ],
          [
            -111.897814,
            40.656306
          ],
          [
            -111.897891,
            40.656138
          ],
          [
            -111.89799,
            40.655936
          ],
          [
            -111.89831,
            40.655019
          ],
          [
            -111.898398,
            40.654611
          ],
          [
            -111.89873,
            40.653644
          ],
          [
            -111.899026,
            40.652808
          ],
          [
            -111.899191,
            40.652473
          ],
          [
            -111.899641,
            40.651177
          ],
          [
            -111.899751,
            40.650837
          ],
          [
            -111.899856,
            40.650472
          ],
          [
            -111.899948,
            40.650108
          ],
          [
            -111.900038,
            40.649702
          ],
          [
            -111.90015,
            40.649037
          ],
          [
            -111.900184,
            40.648788
          ],
          [
            -111.900229,
            40.648354
          ],
          [
            -111.900257,
            40.647955
          ],
          [
            -111.900275,
            40.647539
          ],
          [
            -111.900285,
            40.647436
          ],
          [
            -111.900312,
            40.64726
          ],
          [
            -111.90035,
            40.647043
          ],
          [
            -111.900395,
            40.646048
          ],
          [
            -111.900432,
            40.645193
          ],
          [
            -111.90053,
            40.642961
          ],
          [
            -111.900596,
            40.64148
          ],
          [
            -111.900648,
            40.640778
          ],
          [
            -111.90071,
            40.640302
          ],
          [
            -111.90077,
            40.63993
          ],
          [
            -111.900811,
            40.639702
          ],
          [
            -111.900903,
            40.639283
          ],
          [
            -111.901141,
            40.638298
          ],
          [
            -111.901504,
            40.636818
          ],
          [
            -111.901879,
            40.635305
          ],
          [
            -111.902225,
            40.633896
          ],
          [
            -111.902439,
            40.633018
          ],
          [
            -111.902691,
            40.632004
          ],
          [
            -111.903059,
            40.630515
          ],
          [
            -111.903239,
            40.629761
          ],
          [
            -111.903711,
            40.627844
          ],
          [
            -111.904045,
            40.626494
          ],
          [
            -111.904443,
            40.624873
          ],
          [
            -111.904822,
            40.623328
          ],
          [
            -111.905187,
            40.621842
          ],
          [
            -111.905393,
            40.621004
          ],
          [
            -111.905713,
            40.619699
          ],
          [
            -111.906219,
            40.617646
          ],
          [
            -111.906552,
            40.616295
          ],
          [
            -111.906649,
            40.615892
          ],
          [
            -111.906741,
            40.615467
          ],
          [
            -111.90678,
            40.615223
          ],
          [
            -111.906848,
            40.614684
          ],
          [
            -111.906874,
            40.614382
          ],
          [
            -111.906887,
            40.614088
          ],
          [
            -111.906889,
            40.61389
          ],
          [
            -111.906888,
            40.613603
          ],
          [
            -111.906877,
            40.613354
          ],
          [
            -111.906875,
            40.613241
          ],
          [
            -111.906845,
            40.612941
          ],
          [
            -111.906798,
            40.612545
          ],
          [
            -111.906647,
            40.611693
          ],
          [
            -111.906503,
            40.610907
          ],
          [
            -111.906444,
            40.610582
          ],
          [
            -111.906303,
            40.609712
          ],
          [
            -111.906234,
            40.609339
          ],
          [
            -111.905944,
            40.607845
          ],
          [
            -111.905666,
            40.606483
          ],
          [
            -111.90548,
            40.605489
          ],
          [
            -111.904988,
            40.602869
          ],
          [
            -111.904537,
            40.60047
          ],
          [
            -111.904227,
            40.598826
          ],
          [
            -111.90376,
            40.596344
          ],
          [
            -111.903156,
            40.593137
          ],
          [
            -111.90285,
            40.591491
          ],
          [
            -111.902799,
            40.591175
          ],
          [
            -111.902758,
            40.590849
          ],
          [
            -111.902733,
            40.590605
          ],
          [
            -111.902711,
            40.590245
          ],
          [
            -111.902699,
            40.589893
          ],
          [
            -111.902705,
            40.589536
          ],
          [
            -111.902714,
            40.589283
          ],
          [
            -111.902733,
            40.589015
          ],
          [
            -111.902761,
            40.588748
          ],
          [
            -111.902796,
            40.588423
          ],
          [
            -111.902886,
            40.587817
          ],
          [
            -111.90308,
            40.586466
          ],
          [
            -111.903469,
            40.583754
          ],
          [
            -111.90372,
            40.582019
          ],
          [
            -111.903804,
            40.58144
          ],
          [
            -111.904013,
            40.579973
          ],
          [
            -111.90423,
            40.578456
          ],
          [
            -111.904455,
            40.576886
          ],
          [
            -111.904498,
            40.576543
          ],
          [
            -111.904522,
            40.576331
          ],
          [
            -111.904534,
            40.576103
          ],
          [
            -111.904537,
            40.57577
          ],
          [
            -111.904531,
            40.575472
          ],
          [
            -111.904522,
            40.575319
          ],
          [
            -111.904499,
            40.575129
          ],
          [
            -111.904474,
            40.574933
          ],
          [
            -111.904431,
            40.574672
          ],
          [
            -111.904367,
            40.57439
          ],
          [
            -111.904309,
            40.574177
          ],
          [
            -111.904224,
            40.573898
          ],
          [
            -111.904106,
            40.573567
          ],
          [
            -111.903939,
            40.573184
          ],
          [
            -111.903716,
            40.572729
          ],
          [
            -111.903061,
            40.57153
          ],
          [
            -111.902613,
            40.570715
          ],
          [
            -111.90184,
            40.569302
          ],
          [
            -111.901312,
            40.568332
          ],
          [
            -111.900997,
            40.567723
          ],
          [
            -111.900785,
            40.567209
          ],
          [
            -111.90068,
            40.566903
          ],
          [
            -111.900599,
            40.566627
          ],
          [
            -111.900507,
            40.566229
          ],
          [
            -111.900473,
            40.566028
          ],
          [
            -111.90043,
            40.565729
          ],
          [
            -111.900411,
            40.565496
          ],
          [
            -111.900396,
            40.565206
          ],
          [
            -111.900394,
            40.565056
          ],
          [
            -111.900396,
            40.564898
          ],
          [
            -111.900402,
            40.564747
          ],
          [
            -111.900411,
            40.56462
          ],
          [
            -111.900426,
            40.564444
          ],
          [
            -111.900449,
            40.564224
          ],
          [
            -111.90047,
            40.564055
          ],
          [
            -111.900533,
            40.563546
          ],
          [
            -111.900697,
            40.562192
          ],
          [
            -111.901222,
            40.557863
          ],
          [
            -111.901715,
            40.553806
          ],
          [
            -111.902588,
            40.546649
          ],
          [
            -111.903092,
            40.542529
          ],
          [
            -111.903772,
            40.536972
          ],
          [
            -111.90405,
            40.534689
          ],
          [
            -111.904337,
            40.532321
          ],
          [
            -111.904544,
            40.530627
          ],
          [
            -111.904682,
            40.529433
          ],
          [
            -111.904716,
            40.52891
          ],
          [
            -111.904721,
            40.528534
          ],
          [
            -111.904722,
            40.528278
          ],
          [
            -111.904714,
            40.527988
          ],
          [
            -111.904695,
            40.52752
          ],
          [
            -111.904684,
            40.527235
          ],
          [
            -111.904659,
            40.526669
          ],
          [
            -111.904626,
            40.525905
          ],
          [
            -111.904591,
            40.525063
          ],
          [
            -111.904465,
            40.522048
          ],
          [
            -111.904365,
            40.519671
          ],
          [
            -111.904263,
            40.517322
          ],
          [
            -111.904172,
            40.515163
          ],
          [
            -111.904102,
            40.513512
          ],
          [
            -111.904094,
            40.513095
          ],
          [
            -111.904097,
            40.512903
          ],
          [
            -111.904109,
            40.512703
          ],
          [
            -111.904137,
            40.512401
          ],
          [
            -111.904171,
            40.512147
          ],
          [
            -111.904239,
            40.511784
          ],
          [
            -111.90431,
            40.511498
          ],
          [
            -111.904427,
            40.511111
          ],
          [
            -111.90453,
            40.510832
          ],
          [
            -111.904642,
            40.510559
          ],
          [
            -111.904819,
            40.510196
          ],
          [
            -111.904998,
            40.509874
          ],
          [
            -111.905195,
            40.509556
          ],
          [
            -111.905427,
            40.509217
          ],
          [
            -111.905915,
            40.508525
          ],
          [
            -111.906635,
            40.507515
          ],
          [
            -111.907846,
            40.505814
          ],
          [
            -111.908181,
            40.505344
          ],
          [
            -111.908566,
            40.504802
          ],
          [
            -111.909104,
            40.504045
          ],
          [
            -111.909958,
            40.502841
          ],
          [
            -111.910344,
            40.502301
          ],
          [
            -111.91065,
            40.501871
          ],
          [
            -111.911232,
            40.501051
          ],
          [
            -111.911789,
            40.500273
          ],
          [
            -111.912557,
            40.499189
          ],
          [
            -111.91353,
            40.497822
          ],
          [
            -111.913771,
            40.497483
          ],
          [
            -111.914109,
            40.497006
          ],
          [
            -111.914718,
            40.496154
          ],
          [
            -111.915507,
            40.495041
          ],
          [
            -111.916609,
            40.493487
          ],
          [
            -111.916875,
            40.493121
          ],
          [
            -111.917202,
            40.492659
          ],
          [
            -111.918154,
            40.491319
          ],
          [
            -111.919243,
            40.489787
          ],
          [
            -111.919683,
            40.489166
          ],
          [
            -111.920407,
            40.488151
          ],
          [
            -111.921821,
            40.486154
          ],
          [
            -111.923475,
            40.483833
          ],
          [
            -111.924084,
            40.48297
          ],
          [
            -111.925441,
            40.481062
          ],
          [
            -111.926045,
            40.480202
          ],
          [
            -111.92649,
            40.479517
          ],
          [
            -111.927006,
            40.47868
          ],
          [
            -111.929996,
            40.473838
          ],
          [
            -111.930525,
            40.472979
          ],
          [
            -111.931036,
            40.472155
          ],
          [
            -111.931431,
            40.471504
          ],
          [
            -111.931615,
            40.471169
          ],
          [
            -111.931793,
            40.47078
          ],
          [
            -111.931893,
            40.470525
          ],
          [
            -111.932004,
            40.470201
          ],
          [
            -111.932086,
            40.469893
          ],
          [
            -111.932181,
            40.46943
          ],
          [
            -111.932343,
            40.468486
          ],
          [
            -111.932411,
            40.468082
          ],
          [
            -111.932753,
            40.466067
          ],
          [
            -111.932897,
            40.465236
          ],
          [
            -111.93317,
            40.463628
          ],
          [
            -111.933208,
            40.463375
          ],
          [
            -111.93324,
            40.463054
          ],
          [
            -111.933255,
            40.462831
          ],
          [
            -111.933264,
            40.462433
          ],
          [
            -111.933253,
            40.462111
          ],
          [
            -111.933228,
            40.461832
          ],
          [
            -111.933194,
            40.46154
          ],
          [
            -111.933137,
            40.461205
          ],
          [
            -111.93308,
            40.460949
          ],
          [
            -111.93297,
            40.460532
          ],
          [
            -111.932863,
            40.46021
          ],
          [
            -111.932777,
            40.459984
          ],
          [
            -111.932695,
            40.459781
          ],
          [
            -111.932576,
            40.459522
          ],
          [
            -111.932391,
            40.459163
          ],
          [
            -111.932179,
            40.458787
          ],
          [
            -111.931958,
            40.458453
          ],
          [
            -111.931796,
            40.458219
          ],
          [
            -111.931588,
            40.457948
          ],
          [
            -111.931365,
            40.457676
          ],
          [
            -111.931022,
            40.457305
          ],
          [
            -111.930712,
            40.457
          ],
          [
            -111.930432,
            40.456747
          ],
          [
            -111.930215,
            40.456561
          ],
          [
            -111.930027,
            40.456409
          ],
          [
            -111.929715,
            40.456167
          ],
          [
            -111.929104,
            40.455696
          ],
          [
            -111.928003,
            40.454846
          ],
          [
            -111.926888,
            40.45399
          ],
          [
            -111.925775,
            40.453133
          ],
          [
            -111.924591,
            40.452223
          ],
          [
            -111.924304,
            40.451987
          ],
          [
            -111.92403,
            40.451747
          ],
          [
            -111.923646,
            40.451354
          ],
          [
            -111.923424,
            40.451098
          ],
          [
            -111.923164,
            40.45075
          ],
          [
            -111.922954,
            40.450417
          ],
          [
            -111.922819,
            40.45017
          ],
          [
            -111.922692,
            40.449909
          ],
          [
            -111.922581,
            40.449634
          ],
          [
            -111.922497,
            40.449391
          ],
          [
            -111.922416,
            40.449104
          ],
          [
            -111.922376,
            40.448918
          ],
          [
            -111.92233,
            40.448646
          ],
          [
            -111.922311,
            40.448475
          ],
          [
            -111.922297,
            40.448298
          ],
          [
            -111.922292,
            40.448135
          ],
          [
            -111.922292,
            40.44791
          ],
          [
            -111.922301,
            40.447701
          ],
          [
            -111.922308,
            40.447603
          ],
          [
            -111.922336,
            40.447383
          ],
          [
            -111.922398,
            40.447021
          ],
          [
            -111.922506,
            40.446523
          ],
          [
            -111.922699,
            40.445636
          ],
          [
            -111.9228,
            40.445148
          ],
          [
            -111.922823,
            40.444998
          ],
          [
            -111.922843,
            40.444755
          ],
          [
            -111.922841,
            40.444559
          ],
          [
            -111.922819,
            40.444353
          ],
          [
            -111.922787,
            40.444169
          ],
          [
            -111.922738,
            40.443984
          ],
          [
            -111.922644,
            40.44372
          ],
          [
            -111.922537,
            40.443495
          ],
          [
            -111.922462,
            40.443355
          ],
          [
            -111.922286,
            40.443095
          ],
          [
            -111.922165,
            40.442945
          ],
          [
            -111.922078,
            40.442844
          ],
          [
            -111.921983,
            40.442742
          ],
          [
            -111.921824,
            40.442594
          ],
          [
            -111.921567,
            40.442376
          ],
          [
            -111.921418,
            40.442272
          ],
          [
            -111.921243,
            40.442158
          ],
          [
            -111.920965,
            40.442001
          ],
          [
            -111.920732,
            40.441892
          ],
          [
            -111.9206,
            40.441835
          ],
          [
            -111.920442,
            40.441772
          ],
          [
            -111.9203,
            40.441724
          ],
          [
            -111.920156,
            40.441676
          ],
          [
            -111.919997,
            40.441632
          ],
          [
            -111.919836,
            40.441589
          ],
          [
            -111.919636,
            40.441547
          ],
          [
            -111.919432,
            40.441509
          ],
          [
            -111.919218,
            40.441477
          ],
          [
            -111.918883,
            40.441434
          ],
          [
            -111.918403,
            40.441384
          ],
          [
            -111.917531,
            40.44129
          ],
          [
            -111.915678,
            40.441085
          ],
          [
            -111.915233,
            40.441026
          ],
          [
            -111.914952,
            40.440981
          ],
          [
            -111.914669,
            40.440926
          ],
          [
            -111.91442,
            40.440869
          ],
          [
            -111.914147,
            40.440799
          ],
          [
            -111.913866,
            40.440715
          ],
          [
            -111.913601,
            40.440625
          ],
          [
            -111.913326,
            40.440522
          ],
          [
            -111.912966,
            40.440367
          ],
          [
            -111.912689,
            40.440231
          ],
          [
            -111.91239,
            40.440067
          ],
          [
            -111.912139,
            40.439914
          ],
          [
            -111.911823,
            40.439696
          ],
          [
            -111.911506,
            40.439454
          ],
          [
            -111.911205,
            40.439193
          ],
          [
            -111.910314,
            40.438379
          ],
          [
            -111.908017,
            40.436255
          ],
          [
            -111.907384,
            40.435671
          ],
          [
            -111.907128,
            40.435393
          ],
          [
            -111.906943,
            40.4352
          ],
          [
            -111.906183,
            40.434494
          ],
          [
            -111.90473,
            40.433152
          ],
          [
            -111.902571,
            40.431157
          ],
          [
            -111.900714,
            40.429438
          ],
          [
            -111.898913,
            40.427771
          ],
          [
            -111.89666,
            40.425686
          ],
          [
            -111.895096,
            40.424239
          ],
          [
            -111.893383,
            40.422657
          ],
          [
            -111.891287,
            40.420702
          ],
          [
            -111.89074,
            40.420192
          ],
          [
            -111.890282,
            40.41979
          ],
          [
            -111.889956,
            40.419522
          ],
          [
            -111.889709,
            40.41932
          ],
          [
            -111.889027,
            40.418703
          ],
          [
            -111.88833,
            40.418104
          ],
          [
            -111.887777,
            40.417638
          ],
          [
            -111.886864,
            40.41687
          ],
          [
            -111.886073,
            40.416202
          ],
          [
            -111.884398,
            40.414792
          ],
          [
            -111.882866,
            40.413501
          ],
          [
            -111.881187,
            40.412084
          ],
          [
            -111.879054,
            40.410287
          ],
          [
            -111.878082,
            40.409469
          ],
          [
            -111.875461,
            40.407263
          ],
          [
            -111.872043,
            40.404381
          ],
          [
            -111.870324,
            40.402934
          ],
          [
            -111.867712,
            40.400733
          ],
          [
            -111.865936,
            40.399233
          ],
          [
            -111.864313,
            40.397867
          ],
          [
            -111.863272,
            40.396987
          ],
          [
            -111.860309,
            40.39449
          ],
          [
            -111.857757,
            40.392339
          ],
          [
            -111.856976,
            40.391675
          ],
          [
            -111.856683,
            40.391414
          ],
          [
            -111.856472,
            40.391206
          ],
          [
            -111.856289,
            40.391003
          ],
          [
            -111.856134,
            40.390807
          ],
          [
            -111.855971,
            40.390577
          ],
          [
            -111.855816,
            40.390316
          ],
          [
            -111.855672,
            40.390022
          ],
          [
            -111.855596,
            40.389832
          ],
          [
            -111.855532,
            40.389644
          ],
          [
            -111.855459,
            40.389378
          ],
          [
            -111.855409,
            40.38911
          ],
          [
            -111.855381,
            40.388874
          ],
          [
            -111.855364,
            40.388662
          ],
          [
            -111.855336,
            40.388123
          ],
          [
            -111.855231,
            40.385608
          ],
          [
            -111.855216,
            40.385312
          ],
          [
            -111.85518,
            40.384906
          ],
          [
            -111.855151,
            40.384736
          ],
          [
            -111.855133,
            40.384623
          ],
          [
            -111.855092,
            40.384449
          ],
          [
            -111.855016,
            40.384201
          ],
          [
            -111.854939,
            40.384002
          ],
          [
            -111.854822,
            40.383758
          ],
          [
            -111.854721,
            40.383579
          ],
          [
            -111.854583,
            40.38337
          ],
          [
            -111.854441,
            40.383184
          ],
          [
            -111.854256,
            40.382974
          ],
          [
            -111.854039,
            40.382758
          ],
          [
            -111.853861,
            40.382602
          ],
          [
            -111.853638,
            40.382431
          ],
          [
            -111.853434,
            40.382291
          ],
          [
            -111.853201,
            40.382146
          ],
          [
            -111.852943,
            40.382009
          ],
          [
            -111.852712,
            40.381899
          ],
          [
            -111.852396,
            40.381767
          ],
          [
            -111.852177,
            40.38169
          ],
          [
            -111.851915,
            40.381608
          ],
          [
            -111.851687,
            40.381547
          ],
          [
            -111.851507,
            40.381501
          ],
          [
            -111.851228,
            40.381438
          ],
          [
            -111.849662,
            40.381108
          ],
          [
            -111.847235,
            40.380602
          ],
          [
            -111.844556,
            40.380044
          ],
          [
            -111.841079,
            40.379323
          ],
          [
            -111.838759,
            40.378837
          ],
          [
            -111.836131,
            40.37829
          ],
          [
            -111.829692,
            40.37695
          ],
          [
            -111.824659,
            40.3759
          ],
          [
            -111.820706,
            40.375077
          ],
          [
            -111.816936,
            40.374292
          ],
          [
            -111.813202,
            40.373512
          ],
          [
            -111.810683,
            40.372986
          ],
          [
            -111.808646,
            40.372562
          ],
          [
            -111.807654,
            40.372347
          ],
          [
            -111.806874,
            40.372151
          ],
          [
            -111.80644,
            40.372023
          ],
          [
            -111.805996,
            40.371883
          ],
          [
            -111.805431,
            40.371688
          ],
          [
            -111.805096,
            40.371563
          ],
          [
            -111.804752,
            40.371428
          ],
          [
            -111.804369,
            40.371267
          ],
          [
            -111.804033,
            40.371116
          ],
          [
            -111.803667,
            40.370945
          ],
          [
            -111.803395,
            40.370812
          ],
          [
            -111.803142,
            40.370681
          ],
          [
            -111.802694,
            40.370438
          ],
          [
            -111.802487,
            40.370322
          ],
          [
            -111.802154,
            40.37012
          ],
          [
            -111.801662,
            40.36981
          ],
          [
            -111.800983,
            40.369333
          ],
          [
            -111.800749,
            40.369159
          ],
          [
            -111.800377,
            40.368861
          ],
          [
            -111.800176,
            40.368695
          ],
          [
            -111.799879,
            40.368435
          ],
          [
            -111.799502,
            40.368084
          ],
          [
            -111.798294,
            40.366877
          ],
          [
            -111.797528,
            40.366104
          ],
          [
            -111.796686,
            40.365254
          ],
          [
            -111.795874,
            40.364439
          ],
          [
            -111.795036,
            40.363595
          ],
          [
            -111.793841,
            40.36239
          ],
          [
            -111.79274,
            40.361283
          ],
          [
            -111.790656,
            40.359191
          ],
          [
            -111.787851,
            40.356372
          ],
          [
            -111.784817,
            40.353323
          ],
          [
            -111.782407,
            40.350901
          ],
          [
            -111.779851,
            40.348334
          ],
          [
            -111.777206,
            40.345676
          ],
          [
            -111.775293,
            40.343757
          ],
          [
            -111.772697,
            40.341148
          ],
          [
            -111.768658,
            40.337091
          ],
          [
            -111.765875,
            40.334301
          ],
          [
            -111.763281,
            40.331695
          ],
          [
            -111.762946,
            40.331352
          ],
          [
            -111.762539,
            40.330913
          ],
          [
            -111.762321,
            40.330666
          ],
          [
            -111.762091,
            40.330387
          ],
          [
            -111.761769,
            40.32998
          ],
          [
            -111.761614,
            40.329768
          ],
          [
            -111.761424,
            40.329509
          ],
          [
            -111.761228,
            40.329218
          ],
          [
            -111.760471,
            40.328108
          ],
          [
            -111.756245,
            40.321875
          ],
          [
            -111.754687,
            40.319577
          ],
          [
            -111.75194,
            40.315522
          ],
          [
            -111.751439,
            40.314796
          ],
          [
            -111.750886,
            40.314044
          ],
          [
            -111.750206,
            40.313147
          ],
          [
            -111.749105,
            40.311706
          ],
          [
            -111.748317,
            40.310671
          ],
          [
            -111.746415,
            40.308166
          ],
          [
            -111.745734,
            40.307268
          ],
          [
            -111.745236,
            40.30655
          ],
          [
            -111.744974,
            40.306185
          ],
          [
            -111.744422,
            40.305464
          ],
          [
            -111.742461,
            40.302888
          ],
          [
            -111.741177,
            40.301201
          ],
          [
            -111.739823,
            40.299421
          ],
          [
            -111.738537,
            40.29773
          ],
          [
            -111.737475,
            40.296333
          ],
          [
            -111.733991,
            40.29175
          ],
          [
            -111.732679,
            40.290023
          ],
          [
            -111.731053,
            40.287882
          ],
          [
            -111.729212,
            40.285449
          ],
          [
            -111.726867,
            40.282354
          ],
          [
            -111.725206,
            40.280158
          ],
          [
            -111.721445,
            40.275192
          ],
          [
            -111.721222,
            40.274908
          ],
          [
            -111.721091,
            40.274744
          ],
          [
            -111.72066,
            40.274232
          ],
          [
            -111.720405,
            40.27396
          ],
          [
            -111.71991,
            40.273454
          ],
          [
            -111.719346,
            40.272793
          ],
          [
            -111.719131,
            40.272525
          ],
          [
            -111.718766,
            40.272029
          ],
          [
            -111.718384,
            40.271497
          ],
          [
            -111.717753,
            40.270624
          ],
          [
            -111.717151,
            40.269789
          ],
          [
            -111.716396,
            40.268741
          ],
          [
            -111.715776,
            40.267887
          ],
          [
            -111.715144,
            40.267008
          ],
          [
            -111.714526,
            40.266151
          ],
          [
            -111.714227,
            40.265755
          ],
          [
            -111.713896,
            40.265334
          ],
          [
            -111.713475,
            40.264849
          ],
          [
            -111.713,
            40.26434
          ],
          [
            -111.711872,
            40.263238
          ],
          [
            -111.711008,
            40.262403
          ],
          [
            -111.71015,
            40.261571
          ],
          [
            -111.709301,
            40.260748
          ],
          [
            -111.708407,
            40.259886
          ],
          [
            -111.707536,
            40.25904
          ],
          [
            -111.706609,
            40.258142
          ],
          [
            -111.705775,
            40.257336
          ],
          [
            -111.704911,
            40.256498
          ],
          [
            -111.704096,
            40.255707
          ],
          [
            -111.703187,
            40.254829
          ],
          [
            -111.702319,
            40.253986
          ],
          [
            -111.701424,
            40.25312
          ],
          [
            -111.700527,
            40.252252
          ],
          [
            -111.699695,
            40.251445
          ],
          [
            -111.698804,
            40.250585
          ],
          [
            -111.697931,
            40.249738
          ],
          [
            -111.697047,
            40.248881
          ],
          [
            -111.696167,
            40.248027
          ],
          [
            -111.695504,
            40.247384
          ],
          [
            -111.695218,
            40.247128
          ],
          [
            -111.69486,
            40.246764
          ],
          [
            -111.693868,
            40.245801
          ],
          [
            -111.692988,
            40.244949
          ],
          [
            -111.692117,
            40.244104
          ],
          [
            -111.691215,
            40.243232
          ],
          [
            -111.690318,
            40.242359
          ],
          [
            -111.689408,
            40.241482
          ],
          [
            -111.688528,
            40.240628
          ],
          [
            -111.687629,
            40.239757
          ],
          [
            -111.686743,
            40.238901
          ],
          [
            -111.685842,
            40.238028
          ],
          [
            -111.684958,
            40.237177
          ],
          [
            -111.684083,
            40.236325
          ],
          [
            -111.683171,
            40.235444
          ],
          [
            -111.682288,
            40.234592
          ],
          [
            -111.681397,
            40.23373
          ],
          [
            -111.680482,
            40.232845
          ],
          [
            -111.679598,
            40.231991
          ],
          [
            -111.678701,
            40.231123
          ],
          [
            -111.677779,
            40.230229
          ],
          [
            -111.676865,
            40.229347
          ],
          [
            -111.675835,
            40.22835
          ],
          [
            -111.675487,
            40.228021
          ],
          [
            -111.675085,
            40.227686
          ],
          [
            -111.674918,
            40.227561
          ],
          [
            -111.674655,
            40.227373
          ],
          [
            -111.67427,
            40.227128
          ],
          [
            -111.673953,
            40.226949
          ],
          [
            -111.673615,
            40.226776
          ],
          [
            -111.673122,
            40.226556
          ],
          [
            -111.672688,
            40.226389
          ],
          [
            -111.672441,
            40.226303
          ],
          [
            -111.672148,
            40.226214
          ],
          [
            -111.671732,
            40.226101
          ],
          [
            -111.671313,
            40.226008
          ],
          [
            -111.670867,
            40.225928
          ],
          [
            -111.67043,
            40.22587
          ],
          [
            -111.670014,
            40.225829
          ],
          [
            -111.669738,
            40.225809
          ],
          [
            -111.669301,
            40.225791
          ],
          [
            -111.668865,
            40.225786
          ],
          [
            -111.667818,
            40.225782
          ],
          [
            -111.666474,
            40.22578
          ],
          [
            -111.664953,
            40.225775
          ],
          [
            -111.66356,
            40.225771
          ],
          [
            -111.663154,
            40.225769
          ],
          [
            -111.662911,
            40.225754
          ],
          [
            -111.662665,
            40.225736
          ],
          [
            -111.661483,
            40.225637
          ],
          [
            -111.660692,
            40.22557
          ],
          [
            -111.659271,
            40.22545
          ]
        ]
      }
    },
    {
      "type": "Feature",
      "properties": {
        "type": "Light Rail",
        "network": "UTA TRAX",
        "route_name": "Blue Line",
        "color": "#004a97"
      },
      "geometry": {
        "type": "LineString",
        "coordinates": [
          [
            -111.898349,
            40.619116
          ],
          [
            -111.898259,
            40.618545
          ],
          [
            -111.89817,
            40.618079
          ],
          [
            -111.898074,
            40.617745
          ],
          [
            -111.897975,
            40.617406
          ],
          [
            -111.897843,
            40.61706
          ],
          [
            -111.897755,
            40.616806
          ],
          [
            -111.897638,
            40.616506
          ],
          [
            -111.897455,
            40.61607
          ],
          [
            -111.896986,
            40.615178
          ],
          [
            -111.89686,
            40.614968
          ],
          [
            -111.896598,
            40.614502
          ],
          [
            -111.896299,
            40.614015
          ],
          [
            -111.896055,
            40.613634
          ],
          [
            -111.895761,
            40.613232
          ],
          [
            -111.895393,
            40.612757
          ],
          [
            -111.89502,
            40.61232
          ],
          [
            -111.894656,
            40.611927
          ],
          [
            -111.894279,
            40.611547
          ],
          [
            -111.893757,
            40.611044
          ],
          [
            -111.893382,
            40.610688
          ],
          [
            -111.89249,
            40.609854
          ],
          [
            -111.891933,
            40.609351
          ],
          [
            -111.890895,
            40.608387
          ],
          [
            -111.890328,
            40.607887
          ],
          [
            -111.889847,
            40.607426
          ],
          [
            -111.889497,
            40.607073
          ],
          [
            -111.889343,
            40.606917
          ],
          [
            -111.88917,
            40.606753
          ],
          [
            -111.888967,
            40.606539
          ],
          [
            -111.88876,
            40.606314
          ],
          [
            -111.888413,
            40.605894
          ],
          [
            -111.888093,
            40.605472
          ],
          [
            -111.887862,
            40.605138
          ],
          [
            -111.887622,
            40.604761
          ],
          [
            -111.887355,
            40.604307
          ],
          [
            -111.887121,
            40.603836
          ],
          [
            -111.887006,
            40.603593
          ],
          [
            -111.886849,
            40.60323
          ],
          [
            -111.886676,
            40.602752
          ],
          [
            -111.886532,
            40.60228
          ],
          [
            -111.886428,
            40.601875
          ],
          [
            -111.886332,
            40.601439
          ],
          [
            -111.886267,
            40.601005
          ],
          [
            -111.886182,
            40.600258
          ],
          [
            -111.886056,
            40.599085
          ],
          [
            -111.885908,
            40.597778
          ],
          [
            -111.88586,
            40.597288
          ],
          [
            -111.885766,
            40.596399
          ],
          [
            -111.885683,
            40.595657
          ],
          [
            -111.8856,
            40.594904
          ],
          [
            -111.885556,
            40.594479
          ],
          [
            -111.885497,
            40.593862
          ],
          [
            -111.885477,
            40.593143
          ],
          [
            -111.885481,
            40.592795
          ],
          [
            -111.8855,
            40.592376
          ],
          [
            -111.885547,
            40.591728
          ],
          [
            -111.885592,
            40.591104
          ],
          [
            -111.885667,
            40.589984
          ],
          [
            -111.885744,
            40.588936
          ],
          [
            -111.88581,
            40.588198
          ],
          [
            -111.885948,
            40.586415
          ],
          [
            -111.886118,
            40.584228
          ],
          [
            -111.886177,
            40.583381
          ],
          [
            -111.886259,
            40.582315
          ],
          [
            -111.886319,
            40.581597
          ],
          [
            -111.886381,
            40.580686
          ],
          [
            -111.886395,
            40.580478
          ],
          [
            -111.88643,
            40.579976
          ],
          [
            -111.886443,
            40.579556
          ],
          [
            -111.886433,
            40.57913
          ],
          [
            -111.886419,
            40.578867
          ],
          [
            -111.886399,
            40.57857
          ],
          [
            -111.88638,
            40.578329
          ],
          [
            -111.886328,
            40.577912
          ],
          [
            -111.886293,
            40.577725
          ],
          [
            -111.886231,
            40.577395
          ],
          [
            -111.886133,
            40.576956
          ],
          [
            -111.88603,
            40.576512
          ],
          [
            -111.885895,
            40.575962
          ],
          [
            -111.885753,
            40.575413
          ],
          [
            -111.885656,
            40.575003
          ],
          [
            -111.885417,
            40.574026
          ],
          [
            -111.885227,
            40.573275
          ],
          [
            -111.885183,
            40.573086
          ],
          [
            -111.884993,
            40.572247
          ],
          [
            -111.88492,
            40.571956
          ],
          [
            -111.884717,
            40.571234
          ],
          [
            -111.884455,
            40.570167
          ],
          [
            -111.884376,
            40.569837
          ],
          [
            -111.884186,
            40.569133
          ],
          [
            -111.88399,
            40.568554
          ],
          [
            -111.883761,
            40.567919
          ],
          [
            -111.883632,
            40.56756
          ],
          [
            -111.883286,
            40.566597
          ],
          [
            -111.882625,
            40.564894
          ],
          [
            -111.882051,
            40.563258
          ],
          [
            -111.881187,
            40.560992
          ],
          [
            -111.88102,
            40.56048
          ],
          [
            -111.880921,
            40.56014
          ],
          [
            -111.88086,
            40.559893
          ],
          [
            -111.880786,
            40.559585
          ],
          [
            -111.88065,
            40.558788
          ],
          [
            -111.88052,
            40.557844
          ],
          [
            -111.879767,
            40.551609
          ],
          [
            -111.879489,
            40.549349
          ],
          [
            -111.879286,
            40.547744
          ],
          [
            -111.879156,
            40.546886
          ],
          [
            -111.878952,
            40.545991
          ],
          [
            -111.878798,
            40.545442
          ],
          [
            -111.878656,
            40.545047
          ],
          [
            -111.878316,
            40.54422
          ],
          [
            -111.878193,
            40.543874
          ],
          [
            -111.878039,
            40.543547
          ],
          [
            -111.877798,
            40.543077
          ],
          [
            -111.877316,
            40.54225
          ],
          [
            -111.877125,
            40.541929
          ],
          [
            -111.876822,
            40.541491
          ],
          [
            -111.87639,
            40.540929
          ],
          [
            -111.87452,
            40.538824
          ],
          [
            -111.872927,
            40.53704
          ],
          [
            -111.871066,
            40.535007
          ],
          [
            -111.869678,
            40.533486
          ],
          [
            -111.868817,
            40.532506
          ],
          [
            -111.866523,
            40.52995
          ],
          [
            -111.865519,
            40.528805
          ],
          [
            -111.864275,
            40.527391
          ],
          [
            -111.864221,
            40.527328
          ],
          [
            -111.863908,
            40.527028
          ],
          [
            -111.86361,
            40.526775
          ],
          [
            -111.863371,
            40.52662
          ],
          [
            -111.862976,
            40.526391
          ],
          [
            -111.862691,
            40.526253
          ],
          [
            -111.862352,
            40.526107
          ],
          [
            -111.862001,
            40.52599
          ],
          [
            -111.86155,
            40.525873
          ],
          [
            -111.861112,
            40.525786
          ],
          [
            -111.858334,
            40.525447
          ]
        ]
      }
    },
    {
      "type": "Feature",
      "properties": {
        "type": "Light Rail",
        "network": "UTA TRAX",
        "route_name": "Blue Line",
        "color": "#004a97"
      },
      "geometry": {
        "type": "LineString",
        "coordinates": [
          [
            -111.908283,
            40.761518
          ],
          [
            -111.908281,
            40.762665
          ],
          [
            -111.908268,
            40.7628
          ],
          [
            -111.90824,
            40.762907
          ],
          [
            -111.908213,
            40.762995
          ],
          [
            -111.908198,
            40.763086
          ],
          [
            -111.908199,
            40.763225
          ],
          [
            -111.90823,
            40.76395
          ],
          [
            -111.908235,
            40.764638
          ],
          [
            -111.908229,
            40.764711
          ],
          [
            -111.908207,
            40.764782
          ],
          [
            -111.908171,
            40.764841
          ],
          [
            -111.908114,
            40.764899
          ],
          [
            -111.908042,
            40.764941
          ],
          [
            -111.907951,
            40.76497
          ],
          [
            -111.907831,
            40.764982
          ],
          [
            -111.907376,
            40.764985
          ],
          [
            -111.906951,
            40.764996
          ],
          [
            -111.905643,
            40.765
          ],
          [
            -111.905248,
            40.764977
          ],
          [
            -111.904954,
            40.764962
          ],
          [
            -111.904201,
            40.764972
          ],
          [
            -111.903588,
            40.764986
          ],
          [
            -111.902933,
            40.764994
          ],
          [
            -111.902832,
            40.764999
          ],
          [
            -111.902755,
            40.765014
          ],
          [
            -111.902688,
            40.765039
          ],
          [
            -111.902632,
            40.76507
          ],
          [
            -111.902579,
            40.765112
          ],
          [
            -111.902551,
            40.765161
          ],
          [
            -111.902518,
            40.765222
          ],
          [
            -111.90251,
            40.765288
          ],
          [
            -111.902505,
            40.765378
          ],
          [
            -111.90252,
            40.765703
          ],
          [
            -111.902532,
            40.765957
          ],
          [
            -111.902534,
            40.766972
          ],
          [
            -111.902508,
            40.767348
          ],
          [
            -111.902511,
            40.768863
          ],
          [
            -111.902513,
            40.769335
          ],
          [
            -111.902087,
            40.769335
          ],
          [
            -111.899566,
            40.769356
          ],
          [
            -111.891571,
            40.769345
          ],
          [
            -111.89136,
            40.769325
          ],
          [
            -111.891219,
            40.769277
          ],
          [
            -111.891149,
            40.769219
          ],
          [
            -111.891092,
            40.769123
          ],
          [
            -111.891063,
            40.76901
          ],
          [
            -111.891063,
            40.768168
          ],
          [
            -111.891088,
            40.767747
          ],
          [
            -111.891105,
            40.767346
          ],
          [
            -111.89111,
            40.765282
          ],
          [
            -111.891117,
            40.76413
          ],
          [
            -111.891114,
            40.762985
          ],
          [
            -111.891113,
            40.76188
          ],
          [
            -111.891094,
            40.760631
          ],
          [
            -111.891091,
            40.759331
          ],
          [
            -111.891084,
            40.758638
          ],
          [
            -111.891102,
            40.757282
          ],
          [
            -111.891084,
            40.755138
          ],
          [
            -111.891055,
            40.754474
          ],
          [
            -111.891066,
            40.754354
          ],
          [
            -111.891101,
            40.754282
          ],
          [
            -111.891143,
            40.754241
          ],
          [
            -111.891204,
            40.754192
          ],
          [
            -111.891284,
            40.754151
          ],
          [
            -111.891406,
            40.754127
          ],
          [
            -111.892312,
            40.754133
          ],
          [
            -111.893935,
            40.754124
          ],
          [
            -111.896283,
            40.754119
          ],
          [
            -111.896404,
            40.754121
          ],
          [
            -111.896493,
            40.754112
          ],
          [
            -111.896595,
            40.754084
          ],
          [
            -111.896689,
            40.754043
          ],
          [
            -111.896763,
            40.753971
          ],
          [
            -111.896785,
            40.753919
          ],
          [
            -111.8968,
            40.753864
          ],
          [
            -111.896806,
            40.753803
          ],
          [
            -111.896805,
            40.753741
          ],
          [
            -111.896799,
            40.750935
          ],
          [
            -111.896805,
            40.749894
          ],
          [
            -111.896805,
            40.749567
          ],
          [
            -111.896811,
            40.746848
          ],
          [
            -111.896806,
            40.74384
          ],
          [
            -111.896788,
            40.742773
          ],
          [
            -111.896789,
            40.741599
          ],
          [
            -111.8968,
            40.739671
          ],
          [
            -111.896806,
            40.738086
          ],
          [
            -111.89682,
            40.737496
          ],
          [
            -111.896846,
            40.736754
          ],
          [
            -111.896864,
            40.735512
          ],
          [
            -111.896876,
            40.733527
          ],
          [
            -111.896876,
            40.732935
          ],
          [
            -111.896887,
            40.731726
          ],
          [
            -111.89688,
            40.72995
          ],
          [
            -111.896887,
            40.729229
          ],
          [
            -111.896872,
            40.726977
          ],
          [
            -111.896862,
            40.725448
          ],
          [
            -111.896867,
            40.723868
          ],
          [
            -111.89686,
            40.722717
          ],
          [
            -111.89686,
            40.72263
          ],
          [
            -111.896857,
            40.72171
          ],
          [
            -111.896863,
            40.72022
          ],
          [
            -111.896864,
            40.719634
          ],
          [
            -111.896868,
            40.717963
          ],
          [
            -111.896881,
            40.715528
          ],
          [
            -111.896888,
            40.71271
          ],
          [
            -111.896894,
            40.71054
          ],
          [
            -111.896898,
            40.70918
          ],
          [
            -111.896904,
            40.707301
          ],
          [
            -111.896914,
            40.703874
          ],
          [
            -111.896932,
            40.702804
          ],
          [
            -111.896942,
            40.701296
          ],
          [
            -111.896942,
            40.700156
          ],
          [
            -111.896942,
            40.699809
          ],
          [
            -111.896937,
            40.698175
          ],
          [
            -111.896942,
            40.694441
          ],
          [
            -111.896957,
            40.692123
          ],
          [
            -111.896958,
            40.690615
          ],
          [
            -111.896964,
            40.689478
          ],
          [
            -111.896961,
            40.689083
          ],
          [
            -111.896939,
            40.688843
          ],
          [
            -111.896881,
            40.688541
          ],
          [
            -111.896779,
            40.688202
          ],
          [
            -111.896473,
            40.687124
          ],
          [
            -111.896346,
            40.686662
          ],
          [
            -111.896156,
            40.686016
          ],
          [
            -111.895946,
            40.68533
          ],
          [
            -111.895761,
            40.684791
          ],
          [
            -111.895612,
            40.684303
          ],
          [
            -111.895432,
            40.683741
          ],
          [
            -111.89528,
            40.68325
          ],
          [
            -111.895115,
            40.68273
          ],
          [
            -111.894996,
            40.682326
          ],
          [
            -111.894903,
            40.68204
          ],
          [
            -111.894712,
            40.681303
          ],
          [
            -111.894571,
            40.680687
          ],
          [
            -111.894479,
            40.680246
          ],
          [
            -111.894385,
            40.679781
          ],
          [
            -111.89428,
            40.679278
          ],
          [
            -111.894201,
            40.678927
          ],
          [
            -111.894128,
            40.678538
          ],
          [
            -111.894055,
            40.678012
          ],
          [
            -111.894054,
            40.677374
          ],
          [
            -111.894063,
            40.676243
          ],
          [
            -111.894074,
            40.675808
          ],
          [
            -111.894083,
            40.675528
          ],
          [
            -111.894104,
            40.674664
          ],
          [
            -111.894115,
            40.674145
          ],
          [
            -111.894121,
            40.672683
          ],
          [
            -111.894128,
            40.671643
          ],
          [
            -111.894148,
            40.670356
          ],
          [
            -111.894172,
            40.669129
          ],
          [
            -111.894178,
            40.668792
          ],
          [
            -111.894189,
            40.668373
          ],
          [
            -111.894168,
            40.668065
          ],
          [
            -111.894115,
            40.667518
          ],
          [
            -111.893911,
            40.665491
          ],
          [
            -111.893871,
            40.665035
          ],
          [
            -111.893867,
            40.664901
          ],
          [
            -111.893876,
            40.664662
          ],
          [
            -111.89389,
            40.664425
          ],
          [
            -111.893928,
            40.664044
          ],
          [
            -111.893956,
            40.66384
          ],
          [
            -111.894008,
            40.663519
          ],
          [
            -111.894057,
            40.663273
          ],
          [
            -111.894105,
            40.66306
          ],
          [
            -111.894241,
            40.662557
          ],
          [
            -111.894396,
            40.662128
          ],
          [
            -111.894453,
            40.661936
          ],
          [
            -111.894609,
            40.661559
          ],
          [
            -111.894826,
            40.661076
          ],
          [
            -111.895042,
            40.660688
          ],
          [
            -111.895753,
            40.659432
          ],
          [
            -111.896296,
            40.658502
          ],
          [
            -111.897005,
            40.657263
          ],
          [
            -111.89722,
            40.656908
          ],
          [
            -111.897322,
            40.656696
          ],
          [
            -111.89741,
            40.6565
          ],
          [
            -111.897504,
            40.65625
          ],
          [
            -111.897744,
            40.655546
          ],
          [
            -111.897922,
            40.654942
          ],
          [
            -111.89798,
            40.654686
          ],
          [
            -111.898028,
            40.654418
          ],
          [
            -111.898059,
            40.654169
          ],
          [
            -111.89808,
            40.653736
          ],
          [
            -111.898109,
            40.65316
          ],
          [
            -111.89812,
            40.652538
          ],
          [
            -111.898135,
            40.651229
          ],
          [
            -111.898158,
            40.649603
          ],
          [
            -111.898177,
            40.647964
          ],
          [
            -111.898189,
            40.646359
          ],
          [
            -111.8982,
            40.645341
          ],
          [
            -111.898209,
            40.644469
          ],
          [
            -111.898224,
            40.643017
          ],
          [
            -111.898226,
            40.642412
          ],
          [
            -111.898253,
            40.640616
          ],
          [
            -111.898262,
            40.639691
          ],
          [
            -111.898279,
            40.638507
          ],
          [
            -111.898349,
            40.635112
          ],
          [
            -111.898334,
            40.634605
          ],
          [
            -111.898317,
            40.634066
          ],
          [
            -111.898334,
            40.632937
          ],
          [
            -111.898357,
            40.631839
          ],
          [
            -111.89837,
            40.630244
          ],
          [
            -111.898391,
            40.629514
          ],
          [
            -111.898395,
            40.628608
          ],
          [
            -111.898407,
            40.627994
          ],
          [
            -111.898474,
            40.627102
          ],
          [
            -111.898484,
            40.626079
          ],
          [
            -111.898495,
            40.625067
          ],
          [
            -111.898509,
            40.624095
          ],
          [
            -111.898516,
            40.623171
          ],
          [
            -111.898521,
            40.622189
          ],
          [
            -111.898524,
            40.621261
          ],
          [
            -111.898536,
            40.620745
          ],
          [
            -111.898533,
            40.620482
          ],
          [
            -111.898497,
            40.62011
          ],
          [
            -111.898443,
            40.619686
          ],
          [
            -111.898349,
            40.619116
          ],
          [
            -111.898259,
            40.618545
          ],
          [
            -111.89817,
            40.618079
          ],
          [
            -111.898074,
            40.617745
          ],
          [
            -111.897975,
            40.617406
          ],
          [
            -111.897843,
            40.61706
          ],
          [
            -111.897755,
            40.616806
          ],
          [
            -111.897638,
            40.616506
          ],
          [
            -111.897455,
            40.61607
          ],
          [
            -111.896986,
            40.615178
          ],
          [
            -111.89686,
            40.614968
          ],
          [
            -111.896598,
            40.614502
          ],
          [
            -111.896299,
            40.614015
          ],
          [
            -111.896055,
            40.613634
          ],
          [
            -111.895761,
            40.613232
          ],
          [
            -111.895393,
            40.612757
          ],
          [
            -111.89502,
            40.61232
          ],
          [
            -111.894656,
            40.611927
          ],
          [
            -111.894279,
            40.611547
          ],
          [
            -111.893757,
            40.611044
          ],
          [
            -111.893382,
            40.610688
          ],
          [
            -111.89249,
            40.609854
          ],
          [
            -111.891933,
            40.609351
          ],
          [
            -111.890895,
            40.608387
          ],
          [
            -111.890328,
            40.607887
          ],
          [
            -111.889847,
            40.607426
          ],
          [
            -111.889497,
            40.607073
          ],
          [
            -111.889343,
            40.606917
          ],
          [
            -111.88917,
            40.606753
          ],
          [
            -111.888967,
            40.606539
          ],
          [
            -111.88876,
            40.606314
          ],
          [
            -111.888413,
            40.605894
          ],
          [
            -111.888093,
            40.605472
          ],
          [
            -111.887862,
            40.605138
          ],
          [
            -111.887622,
            40.604761
          ],
          [
            -111.887355,
            40.604307
          ],
          [
            -111.887121,
            40.603836
          ],
          [
            -111.887006,
            40.603593
          ],
          [
            -111.886849,
            40.60323
          ],
          [
            -111.886676,
            40.602752
          ],
          [
            -111.886532,
            40.60228
          ],
          [
            -111.886428,
            40.601875
          ],
          [
            -111.886332,
            40.601439
          ],
          [
            -111.886267,
            40.601005
          ],
          [
            -111.886182,
            40.600258
          ],
          [
            -111.886056,
            40.599085
          ],
          [
            -111.885908,
            40.597778
          ],
          [
            -111.88586,
            40.597288
          ],
          [
            -111.885766,
            40.596399
          ],
          [
            -111.885683,
            40.595657
          ],
          [
            -111.8856,
            40.594904
          ],
          [
            -111.885556,
            40.594479
          ],
          [
            -111.885497,
            40.593862
          ],
          [
            -111.885477,
            40.593143
          ],
          [
            -111.885481,
            40.592795
          ],
          [
            -111.8855,
            40.592376
          ],
          [
            -111.885547,
            40.591728
          ],
          [
            -111.885592,
            40.591104
          ],
          [
            -111.885667,
            40.589984
          ],
          [
            -111.885744,
            40.588936
          ],
          [
            -111.88581,
            40.588198
          ],
          [
            -111.885948,
            40.586415
          ],
          [
            -111.886118,
            40.584228
          ],
          [
            -111.886177,
            40.583381
          ],
          [
            -111.886259,
            40.582315
          ],
          [
            -111.886319,
            40.581597
          ],
          [
            -111.886381,
            40.580686
          ],
          [
            -111.886395,
            40.580478
          ],
          [
            -111.88643,
            40.579976
          ],
          [
            -111.886443,
            40.579556
          ],
          [
            -111.886433,
            40.57913
          ],
          [
            -111.886419,
            40.578867
          ],
          [
            -111.886399,
            40.57857
          ],
          [
            -111.88638,
            40.578329
          ],
          [
            -111.886328,
            40.577912
          ],
          [
            -111.886293,
            40.577725
          ],
          [
            -111.886231,
            40.577395
          ],
          [
            -111.886133,
            40.576956
          ],
          [
            -111.88603,
            40.576512
          ],
          [
            -111.885895,
            40.575962
          ],
          [
            -111.885753,
            40.575413
          ],
          [
            -111.885656,
            40.575003
          ],
          [
            -111.885417,
            40.574026
          ],
          [
            -111.885227,
            40.573275
          ],
          [
            -111.885183,
            40.573086
          ],
          [
            -111.884993,
            40.572247
          ],
          [
            -111.88492,
            40.571956
          ],
          [
            -111.884717,
            40.571234
          ],
          [
            -111.884455,
            40.570167
          ],
          [
            -111.884376,
            40.569837
          ],
          [
            -111.884186,
            40.569133
          ],
          [
            -111.88399,
            40.568554
          ],
          [
            -111.883761,
            40.567919
          ],
          [
            -111.883632,
            40.56756
          ],
          [
            -111.883286,
            40.566597
          ],
          [
            -111.882625,
            40.564894
          ],
          [
            -111.882051,
            40.563258
          ],
          [
            -111.881187,
            40.560992
          ],
          [
            -111.88102,
            40.56048
          ],
          [
            -111.880921,
            40.56014
          ],
          [
            -111.88086,
            40.559893
          ],
          [
            -111.880786,
            40.559585
          ],
          [
            -111.88065,
            40.558788
          ],
          [
            -111.88052,
            40.557844
          ],
          [
            -111.879767,
            40.551609
          ],
          [
            -111.879489,
            40.549349
          ],
          [
            -111.879286,
            40.547744
          ],
          [
            -111.879156,
            40.546886
          ],
          [
            -111.878952,
            40.545991
          ],
          [
            -111.878798,
            40.545442
          ],
          [
            -111.878656,
            40.545047
          ],
          [
            -111.878316,
            40.54422
          ],
          [
            -111.878193,
            40.543874
          ],
          [
            -111.878039,
            40.543547
          ],
          [
            -111.877798,
            40.543077
          ],
          [
            -111.877316,
            40.54225
          ],
          [
            -111.877125,
            40.541929
          ],
          [
            -111.876822,
            40.541491
          ],
          [
            -111.87639,
            40.540929
          ],
          [
            -111.87452,
            40.538824
          ],
          [
            -111.872927,
            40.53704
          ],
          [
            -111.871066,
            40.535007
          ],
          [
            -111.869678,
            40.533486
          ],
          [
            -111.868817,
            40.532506
          ],
          [
            -111.866523,
            40.52995
          ],
          [
            -111.865519,
            40.528805
          ],
          [
            -111.864275,
            40.527391
          ],
          [
            -111.864221,
            40.527328
          ],
          [
            -111.863908,
            40.527028
          ],
          [
            -111.86361,
            40.526775
          ],
          [
            -111.863371,
            40.52662
          ],
          [
            -111.862976,
            40.526391
          ],
          [
            -111.862691,
            40.526253
          ],
          [
            -111.862352,
            40.526107
          ],
          [
            -111.862001,
            40.52599
          ],
          [
            -111.86155,
            40.525873
          ],
          [
            -111.861112,
            40.525786
          ],
          [
            -111.858334,
            40.525447
          ]
        ]
      }
    },
    {
      "type": "Feature",
      "properties": {
        "type": "Light Rail",
        "network": "UTA TRAX",
        "route_name": "Blue Line",
        "color": "#004a97"
      },
      "geometry": {
        "type": "LineString",
        "coordinates": [
          [
            -111.861112,
            40.525786
          ],
          [
            -111.86155,
            40.525873
          ],
          [
            -111.862001,
            40.52599
          ],
          [
            -111.862352,
            40.526107
          ],
          [
            -111.86268,
            40.526255
          ],
          [
            -111.862977,
            40.526395
          ],
          [
            -111.863371,
            40.52662
          ],
          [
            -111.86361,
            40.526775
          ],
          [
            -111.863908,
            40.527028
          ],
          [
            -111.864221,
            40.527328
          ],
          [
            -111.864275,
            40.527391
          ],
          [
            -111.865519,
            40.528805
          ],
          [
            -111.866523,
            40.52995
          ],
          [
            -111.868817,
            40.532506
          ],
          [
            -111.869678,
            40.533486
          ],
          [
            -111.871066,
            40.535007
          ],
          [
            -111.872927,
            40.53704
          ],
          [
            -111.87452,
            40.538824
          ],
          [
            -111.87639,
            40.540929
          ],
          [
            -111.876822,
            40.541491
          ],
          [
            -111.877125,
            40.541929
          ],
          [
            -111.877316,
            40.54225
          ],
          [
            -111.877798,
            40.543077
          ],
          [
            -111.878039,
            40.543547
          ],
          [
            -111.878193,
            40.543874
          ],
          [
            -111.878316,
            40.54422
          ],
          [
            -111.878656,
            40.545047
          ],
          [
            -111.878798,
            40.545442
          ],
          [
            -111.878952,
            40.545991
          ],
          [
            -111.879156,
            40.546886
          ],
          [
            -111.879286,
            40.547744
          ],
          [
            -111.879489,
            40.549349
          ],
          [
            -111.879767,
            40.551609
          ],
          [
            -111.88052,
            40.557844
          ],
          [
            -111.88065,
            40.558788
          ],
          [
            -111.880786,
            40.559585
          ],
          [
            -111.88086,
            40.559893
          ],
          [
            -111.880921,
            40.56014
          ],
          [
            -111.88102,
            40.56048
          ],
          [
            -111.881187,
            40.560992
          ],
          [
            -111.882051,
            40.563258
          ],
          [
            -111.882625,
            40.564894
          ],
          [
            -111.883286,
            40.566597
          ],
          [
            -111.883632,
            40.56756
          ],
          [
            -111.883761,
            40.567919
          ],
          [
            -111.88399,
            40.568554
          ],
          [
            -111.884186,
            40.569133
          ],
          [
            -111.884376,
            40.569837
          ],
          [
            -111.884455,
            40.570167
          ],
          [
            -111.884717,
            40.571234
          ],
          [
            -111.88492,
            40.571956
          ],
          [
            -111.884993,
            40.572247
          ],
          [
            -111.885183,
            40.573086
          ],
          [
            -111.885227,
            40.573275
          ],
          [
            -111.885417,
            40.574026
          ],
          [
            -111.885656,
            40.575003
          ],
          [
            -111.885753,
            40.575413
          ],
          [
            -111.885895,
            40.575962
          ],
          [
            -111.88603,
            40.576512
          ],
          [
            -111.886133,
            40.576956
          ],
          [
            -111.886231,
            40.577395
          ],
          [
            -111.886293,
            40.577725
          ],
          [
            -111.886328,
            40.577912
          ],
          [
            -111.88638,
            40.578329
          ],
          [
            -111.886399,
            40.57857
          ],
          [
            -111.886419,
            40.578867
          ],
          [
            -111.886433,
            40.57913
          ],
          [
            -111.886443,
            40.579556
          ],
          [
            -111.88643,
            40.579976
          ],
          [
            -111.886395,
            40.580478
          ],
          [
            -111.886381,
            40.580686
          ],
          [
            -111.886319,
            40.581597
          ],
          [
            -111.886259,
            40.582315
          ],
          [
            -111.886177,
            40.583381
          ],
          [
            -111.886118,
            40.584228
          ],
          [
            -111.885948,
            40.586415
          ],
          [
            -111.88581,
            40.588198
          ],
          [
            -111.885744,
            40.588936
          ],
          [
            -111.885667,
            40.589984
          ],
          [
            -111.885592,
            40.591104
          ],
          [
            -111.885547,
            40.591728
          ],
          [
            -111.8855,
            40.592376
          ],
          [
            -111.885481,
            40.592795
          ],
          [
            -111.885477,
            40.593143
          ],
          [
            -111.885497,
            40.593862
          ],
          [
            -111.885556,
            40.594479
          ],
          [
            -111.8856,
            40.594904
          ],
          [
            -111.885683,
            40.595657
          ],
          [
            -111.885766,
            40.596399
          ],
          [
            -111.88586,
            40.597288
          ],
          [
            -111.885908,
            40.597778
          ],
          [
            -111.886056,
            40.599085
          ],
          [
            -111.886182,
            40.600258
          ],
          [
            -111.886267,
            40.601005
          ],
          [
            -111.886332,
            40.601439
          ],
          [
            -111.886428,
            40.601875
          ],
          [
            -111.886532,
            40.60228
          ],
          [
            -111.886676,
            40.602752
          ],
          [
            -111.886849,
            40.60323
          ],
          [
            -111.887006,
            40.603593
          ],
          [
            -111.887121,
            40.603836
          ],
          [
            -111.887355,
            40.604307
          ],
          [
            -111.887622,
            40.604761
          ],
          [
            -111.887862,
            40.605138
          ],
          [
            -111.888093,
            40.605472
          ],
          [
            -111.888413,
            40.605894
          ],
          [
            -111.88876,
            40.606314
          ],
          [
            -111.888967,
            40.606539
          ],
          [
            -111.88917,
            40.606753
          ],
          [
            -111.889343,
            40.606917
          ],
          [
            -111.889497,
            40.607073
          ],
          [
            -111.889847,
            40.607426
          ],
          [
            -111.890328,
            40.607887
          ],
          [
            -111.890895,
            40.608387
          ],
          [
            -111.891933,
            40.609351
          ],
          [
            -111.89249,
            40.609854
          ],
          [
            -111.893382,
            40.610688
          ],
          [
            -111.893757,
            40.611044
          ],
          [
            -111.894279,
            40.611547
          ],
          [
            -111.894656,
            40.611927
          ],
          [
            -111.89502,
            40.61232
          ],
          [
            -111.895393,
            40.612757
          ],
          [
            -111.895761,
            40.613232
          ],
          [
            -111.896055,
            40.613634
          ],
          [
            -111.896299,
            40.614015
          ],
          [
            -111.896598,
            40.614502
          ],
          [
            -111.89686,
            40.614968
          ],
          [
            -111.896986,
            40.615178
          ],
          [
            -111.897455,
            40.61607
          ],
          [
            -111.897638,
            40.616506
          ],
          [
            -111.897755,
            40.616806
          ],
          [
            -111.897843,
            40.61706
          ],
          [
            -111.897975,
            40.617406
          ],
          [
            -111.898074,
            40.617745
          ],
          [
            -111.89817,
            40.618079
          ],
          [
            -111.898259,
            40.618545
          ],
          [
            -111.898349,
            40.619116
          ],
          [
            -111.898443,
            40.619686
          ],
          [
            -111.898497,
            40.62011
          ],
          [
            -111.898533,
            40.620482
          ],
          [
            -111.898536,
            40.620745
          ],
          [
            -111.898524,
            40.621261
          ],
          [
            -111.898521,
            40.622189
          ],
          [
            -111.898516,
            40.623171
          ],
          [
            -111.898509,
            40.624095
          ],
          [
            -111.898495,
            40.625067
          ],
          [
            -111.898484,
            40.626079
          ],
          [
            -111.898474,
            40.627102
          ],
          [
            -111.898407,
            40.627994
          ],
          [
            -111.898395,
            40.628608
          ],
          [
            -111.898391,
            40.629514
          ],
          [
            -111.89837,
            40.630244
          ],
          [
            -111.898357,
            40.631839
          ],
          [
            -111.898334,
            40.632937
          ],
          [
            -111.898317,
            40.634066
          ],
          [
            -111.898334,
            40.634605
          ],
          [
            -111.898349,
            40.635112
          ],
          [
            -111.898279,
            40.638507
          ],
          [
            -111.898262,
            40.639691
          ],
          [
            -111.898253,
            40.640616
          ],
          [
            -111.898226,
            40.642412
          ],
          [
            -111.898224,
            40.643017
          ],
          [
            -111.898209,
            40.644469
          ],
          [
            -111.8982,
            40.645341
          ],
          [
            -111.898189,
            40.646359
          ],
          [
            -111.898177,
            40.647964
          ],
          [
            -111.898158,
            40.649603
          ],
          [
            -111.898135,
            40.651229
          ],
          [
            -111.89812,
            40.652538
          ],
          [
            -111.898109,
            40.65316
          ],
          [
            -111.89808,
            40.653736
          ],
          [
            -111.898059,
            40.654169
          ],
          [
            -111.898028,
            40.654418
          ],
          [
            -111.89798,
            40.654686
          ],
          [
            -111.897922,
            40.654942
          ],
          [
            -111.897744,
            40.655546
          ],
          [
            -111.897504,
            40.65625
          ],
          [
            -111.89741,
            40.6565
          ],
          [
            -111.897322,
            40.656696
          ],
          [
            -111.89722,
            40.656908
          ],
          [
            -111.897005,
            40.657263
          ],
          [
            -111.896296,
            40.658502
          ],
          [
            -111.895753,
            40.659432
          ],
          [
            -111.895042,
            40.660688
          ],
          [
            -111.894826,
            40.661076
          ],
          [
            -111.894609,
            40.661559
          ],
          [
            -111.894453,
            40.661936
          ],
          [
            -111.894396,
            40.662128
          ],
          [
            -111.894241,
            40.662557
          ],
          [
            -111.894105,
            40.66306
          ],
          [
            -111.894057,
            40.663273
          ],
          [
            -111.894008,
            40.663519
          ],
          [
            -111.893956,
            40.66384
          ],
          [
            -111.893928,
            40.664044
          ],
          [
            -111.89389,
            40.664425
          ],
          [
            -111.893876,
            40.664662
          ],
          [
            -111.893867,
            40.664901
          ],
          [
            -111.893871,
            40.665035
          ],
          [
            -111.893911,
            40.665491
          ],
          [
            -111.894115,
            40.667518
          ],
          [
            -111.894168,
            40.668065
          ],
          [
            -111.894189,
            40.668373
          ],
          [
            -111.894178,
            40.668792
          ],
          [
            -111.894172,
            40.669129
          ],
          [
            -111.894148,
            40.670356
          ],
          [
            -111.894128,
            40.671643
          ],
          [
            -111.894121,
            40.672683
          ],
          [
            -111.894115,
            40.674145
          ],
          [
            -111.894104,
            40.674664
          ],
          [
            -111.894083,
            40.675528
          ],
          [
            -111.894074,
            40.675808
          ],
          [
            -111.894063,
            40.676243
          ],
          [
            -111.894054,
            40.677374
          ],
          [
            -111.894055,
            40.678012
          ],
          [
            -111.894128,
            40.678538
          ],
          [
            -111.894201,
            40.678927
          ],
          [
            -111.89428,
            40.679278
          ],
          [
            -111.894385,
            40.679781
          ],
          [
            -111.894479,
            40.680246
          ],
          [
            -111.894571,
            40.680687
          ],
          [
            -111.894712,
            40.681303
          ],
          [
            -111.894903,
            40.68204
          ],
          [
            -111.894996,
            40.682326
          ],
          [
            -111.895115,
            40.68273
          ],
          [
            -111.89528,
            40.68325
          ],
          [
            -111.895432,
            40.683741
          ],
          [
            -111.895612,
            40.684303
          ],
          [
            -111.895761,
            40.684791
          ],
          [
            -111.895946,
            40.68533
          ],
          [
            -111.896156,
            40.686016
          ],
          [
            -111.896346,
            40.686662
          ],
          [
            -111.896473,
            40.687124
          ],
          [
            -111.896779,
            40.688202
          ],
          [
            -111.896881,
            40.688541
          ],
          [
            -111.896939,
            40.688843
          ],
          [
            -111.896961,
            40.689083
          ],
          [
            -111.896964,
            40.689478
          ],
          [
            -111.896958,
            40.690615
          ],
          [
            -111.896957,
            40.692123
          ],
          [
            -111.896942,
            40.694441
          ],
          [
            -111.896937,
            40.698175
          ],
          [
            -111.896942,
            40.699809
          ],
          [
            -111.896942,
            40.700156
          ],
          [
            -111.896942,
            40.701296
          ],
          [
            -111.896932,
            40.702804
          ],
          [
            -111.896914,
            40.703874
          ],
          [
            -111.896904,
            40.707301
          ],
          [
            -111.896898,
            40.70918
          ],
          [
            -111.896894,
            40.71054
          ],
          [
            -111.896888,
            40.71271
          ],
          [
            -111.896881,
            40.715528
          ],
          [
            -111.896868,
            40.717963
          ],
          [
            -111.896864,
            40.719634
          ],
          [
            -111.896863,
            40.72022
          ],
          [
            -111.896857,
            40.72171
          ],
          [
            -111.89686,
            40.72263
          ],
          [
            -111.89686,
            40.722717
          ],
          [
            -111.896867,
            40.723868
          ],
          [
            -111.896862,
            40.725448
          ],
          [
            -111.896872,
            40.726977
          ],
          [
            -111.896887,
            40.729229
          ],
          [
            -111.89688,
            40.72995
          ],
          [
            -111.896887,
            40.731726
          ],
          [
            -111.896876,
            40.732935
          ],
          [
            -111.896876,
            40.733527
          ],
          [
            -111.896864,
            40.735512
          ],
          [
            -111.896846,
            40.736754
          ],
          [
            -111.89682,
            40.737496
          ],
          [
            -111.896806,
            40.738086
          ],
          [
            -111.8968,
            40.739671
          ],
          [
            -111.896789,
            40.741599
          ],
          [
            -111.896788,
            40.742773
          ],
          [
            -111.896806,
            40.74384
          ],
          [
            -111.896811,
            40.746848
          ],
          [
            -111.896805,
            40.749567
          ],
          [
            -111.896805,
            40.749894
          ],
          [
            -111.896799,
            40.750935
          ],
          [
            -111.896805,
            40.753741
          ],
          [
            -111.896806,
            40.753803
          ],
          [
            -111.8968,
            40.753864
          ],
          [
            -111.896785,
            40.753919
          ],
          [
            -111.896763,
            40.753971
          ],
          [
            -111.896689,
            40.754043
          ],
          [
            -111.896595,
            40.754084
          ],
          [
            -111.896493,
            40.754112
          ],
          [
            -111.896404,
            40.754121
          ],
          [
            -111.896283,
            40.754119
          ],
          [
            -111.893935,
            40.754124
          ],
          [
            -111.892312,
            40.754133
          ],
          [
            -111.891406,
            40.754127
          ],
          [
            -111.891284,
            40.754151
          ],
          [
            -111.891204,
            40.754192
          ],
          [
            -111.891143,
            40.754241
          ],
          [
            -111.891101,
            40.754282
          ],
          [
            -111.891066,
            40.754354
          ],
          [
            -111.891055,
            40.754474
          ],
          [
            -111.891084,
            40.755138
          ],
          [
            -111.891102,
            40.757282
          ],
          [
            -111.891084,
            40.758638
          ],
          [
            -111.891091,
            40.759331
          ],
          [
            -111.891094,
            40.760631
          ],
          [
            -111.891113,
            40.76188
          ],
          [
            -111.891114,
            40.762985
          ],
          [
            -111.891117,
            40.76413
          ],
          [
            -111.89111,
            40.765282
          ],
          [
            -111.891105,
            40.767346
          ],
          [
            -111.891088,
            40.767747
          ],
          [
            -111.891063,
            40.768168
          ],
          [
            -111.891063,
            40.76901
          ],
          [
            -111.891092,
            40.769123
          ],
          [
            -111.891149,
            40.769219
          ],
          [
            -111.891219,
            40.769277
          ],
          [
            -111.89136,
            40.769325
          ],
          [
            -111.891571,
            40.769345
          ],
          [
            -111.899566,
            40.769356
          ],
          [
            -111.902087,
            40.769335
          ],
          [
            -111.902513,
            40.769335
          ],
          [
            -111.902511,
            40.768863
          ],
          [
            -111.902508,
            40.767348
          ],
          [
            -111.902534,
            40.766972
          ],
          [
            -111.902532,
            40.765957
          ],
          [
            -111.90252,
            40.765703
          ],
          [
            -111.902505,
            40.765378
          ],
          [
            -111.90251,
            40.765288
          ],
          [
            -111.902518,
            40.765222
          ],
          [
            -111.902551,
            40.765161
          ],
          [
            -111.902579,
            40.765112
          ],
          [
            -111.902632,
            40.76507
          ],
          [
            -111.902688,
            40.765039
          ],
          [
            -111.902755,
            40.765014
          ],
          [
            -111.902832,
            40.764999
          ],
          [
            -111.902933,
            40.764994
          ],
          [
            -111.903588,
            40.764986
          ],
          [
            -111.904201,
            40.764972
          ],
          [
            -111.904954,
            40.764962
          ],
          [
            -111.905248,
            40.764977
          ],
          [
            -111.905643,
            40.765
          ],
          [
            -111.906951,
            40.764996
          ],
          [
            -111.907376,
            40.764985
          ],
          [
            -111.907831,
            40.764982
          ],
          [
            -111.907951,
            40.76497
          ],
          [
            -111.908042,
            40.764941
          ],
          [
            -111.908114,
            40.764899
          ],
          [
            -111.908171,
            40.764841
          ],
          [
            -111.908207,
            40.764782
          ],
          [
            -111.908229,
            40.764711
          ],
          [
            -111.908235,
            40.764638
          ],
          [
            -111.90823,
            40.76395
          ],
          [
            -111.908199,
            40.763225
          ],
          [
            -111.908198,
            40.763086
          ],
          [
            -111.908213,
            40.762995
          ],
          [
            -111.90824,
            40.762907
          ],
          [
            -111.908268,
            40.7628
          ],
          [
            -111.908281,
            40.762665
          ]
        ]
      }
    },
    {
      "type": "Feature",
      "properties": {
        "type": "Light Rail",
        "network": "UTA TRAX",
        "route_name": "Blue Line",
        "color": "#004a97"
      },
      "geometry": {
        "type": "LineString",
        "coordinates": [
          [
            -111.861112,
            40.525786
          ],
          [
            -111.86155,
            40.525873
          ],
          [
            -111.862001,
            40.52599
          ],
          [
            -111.862352,
            40.526107
          ],
          [
            -111.86268,
            40.526255
          ],
          [
            -111.862977,
            40.526395
          ],
          [
            -111.863371,
            40.52662
          ],
          [
            -111.86361,
            40.526775
          ],
          [
            -111.863908,
            40.527028
          ],
          [
            -111.864221,
            40.527328
          ],
          [
            -111.864275,
            40.527391
          ],
          [
            -111.865519,
            40.528805
          ],
          [
            -111.866523,
            40.52995
          ],
          [
            -111.868817,
            40.532506
          ],
          [
            -111.869678,
            40.533486
          ],
          [
            -111.871066,
            40.535007
          ],
          [
            -111.872927,
            40.53704
          ],
          [
            -111.87452,
            40.538824
          ],
          [
            -111.87639,
            40.540929
          ],
          [
            -111.876822,
            40.541491
          ],
          [
            -111.877125,
            40.541929
          ],
          [
            -111.877316,
            40.54225
          ],
          [
            -111.877798,
            40.543077
          ],
          [
            -111.878039,
            40.543547
          ],
          [
            -111.878193,
            40.543874
          ],
          [
            -111.878316,
            40.54422
          ],
          [
            -111.878656,
            40.545047
          ],
          [
            -111.878798,
            40.545442
          ],
          [
            -111.878952,
            40.545991
          ],
          [
            -111.879156,
            40.546886
          ],
          [
            -111.879286,
            40.547744
          ],
          [
            -111.879489,
            40.549349
          ],
          [
            -111.879767,
            40.551609
          ],
          [
            -111.88052,
            40.557844
          ],
          [
            -111.88065,
            40.558788
          ],
          [
            -111.880786,
            40.559585
          ],
          [
            -111.88086,
            40.559893
          ],
          [
            -111.880921,
            40.56014
          ],
          [
            -111.88102,
            40.56048
          ],
          [
            -111.881187,
            40.560992
          ],
          [
            -111.882051,
            40.563258
          ],
          [
            -111.882625,
            40.564894
          ],
          [
            -111.883286,
            40.566597
          ],
          [
            -111.883632,
            40.56756
          ],
          [
            -111.883761,
            40.567919
          ],
          [
            -111.88399,
            40.568554
          ],
          [
            -111.884186,
            40.569133
          ],
          [
            -111.884376,
            40.569837
          ],
          [
            -111.884455,
            40.570167
          ],
          [
            -111.884717,
            40.571234
          ],
          [
            -111.88492,
            40.571956
          ],
          [
            -111.884993,
            40.572247
          ],
          [
            -111.885183,
            40.573086
          ],
          [
            -111.885227,
            40.573275
          ],
          [
            -111.885417,
            40.574026
          ],
          [
            -111.885656,
            40.575003
          ],
          [
            -111.885753,
            40.575413
          ],
          [
            -111.885895,
            40.575962
          ],
          [
            -111.88603,
            40.576512
          ],
          [
            -111.886133,
            40.576956
          ],
          [
            -111.886231,
            40.577395
          ],
          [
            -111.886293,
            40.577725
          ],
          [
            -111.886328,
            40.577912
          ],
          [
            -111.88638,
            40.578329
          ],
          [
            -111.886399,
            40.57857
          ],
          [
            -111.886419,
            40.578867
          ],
          [
            -111.886433,
            40.57913
          ],
          [
            -111.886443,
            40.579556
          ],
          [
            -111.88643,
            40.579976
          ],
          [
            -111.886395,
            40.580478
          ],
          [
            -111.886381,
            40.580686
          ],
          [
            -111.886319,
            40.581597
          ],
          [
            -111.886259,
            40.582315
          ],
          [
            -111.886177,
            40.583381
          ],
          [
            -111.886118,
            40.584228
          ],
          [
            -111.885948,
            40.586415
          ],
          [
            -111.88581,
            40.588198
          ],
          [
            -111.885744,
            40.588936
          ],
          [
            -111.885667,
            40.589984
          ],
          [
            -111.885592,
            40.591104
          ],
          [
            -111.885547,
            40.591728
          ],
          [
            -111.8855,
            40.592376
          ],
          [
            -111.885481,
            40.592795
          ],
          [
            -111.885477,
            40.593143
          ],
          [
            -111.885497,
            40.593862
          ],
          [
            -111.885556,
            40.594479
          ],
          [
            -111.8856,
            40.594904
          ],
          [
            -111.885683,
            40.595657
          ],
          [
            -111.885766,
            40.596399
          ],
          [
            -111.88586,
            40.597288
          ],
          [
            -111.885908,
            40.597778
          ],
          [
            -111.886056,
            40.599085
          ],
          [
            -111.886182,
            40.600258
          ],
          [
            -111.886267,
            40.601005
          ],
          [
            -111.886332,
            40.601439
          ],
          [
            -111.886428,
            40.601875
          ],
          [
            -111.886532,
            40.60228
          ],
          [
            -111.886676,
            40.602752
          ],
          [
            -111.886849,
            40.60323
          ],
          [
            -111.887006,
            40.603593
          ],
          [
            -111.887121,
            40.603836
          ],
          [
            -111.887355,
            40.604307
          ],
          [
            -111.887622,
            40.604761
          ],
          [
            -111.887862,
            40.605138
          ],
          [
            -111.888093,
            40.605472
          ],
          [
            -111.888413,
            40.605894
          ],
          [
            -111.88876,
            40.606314
          ],
          [
            -111.888967,
            40.606539
          ],
          [
            -111.88917,
            40.606753
          ],
          [
            -111.889343,
            40.606917
          ],
          [
            -111.889497,
            40.607073
          ],
          [
            -111.889847,
            40.607426
          ],
          [
            -111.890328,
            40.607887
          ],
          [
            -111.890895,
            40.608387
          ],
          [
            -111.891933,
            40.609351
          ],
          [
            -111.89249,
            40.609854
          ],
          [
            -111.893382,
            40.610688
          ],
          [
            -111.893757,
            40.611044
          ],
          [
            -111.894279,
            40.611547
          ],
          [
            -111.894656,
            40.611927
          ],
          [
            -111.89502,
            40.61232
          ],
          [
            -111.895393,
            40.612757
          ],
          [
            -111.895761,
            40.613232
          ],
          [
            -111.896055,
            40.613634
          ],
          [
            -111.896299,
            40.614015
          ],
          [
            -111.896598,
            40.614502
          ],
          [
            -111.89686,
            40.614968
          ],
          [
            -111.896986,
            40.615178
          ],
          [
            -111.897455,
            40.61607
          ],
          [
            -111.897638,
            40.616506
          ],
          [
            -111.897755,
            40.616806
          ],
          [
            -111.897843,
            40.61706
          ],
          [
            -111.897975,
            40.617406
          ],
          [
            -111.898074,
            40.617745
          ],
          [
            -111.89817,
            40.618079
          ],
          [
            -111.898259,
            40.618545
          ],
          [
            -111.898349,
            40.619116
          ],
          [
            -111.898443,
            40.619686
          ],
          [
            -111.898497,
            40.62011
          ],
          [
            -111.898533,
            40.620482
          ],
          [
            -111.898536,
            40.620745
          ],
          [
            -111.898524,
            40.621261
          ],
          [
            -111.898521,
            40.622189
          ],
          [
            -111.898516,
            40.623171
          ],
          [
            -111.898509,
            40.624095
          ],
          [
            -111.898495,
            40.625067
          ],
          [
            -111.898484,
            40.626079
          ],
          [
            -111.898474,
            40.627102
          ],
          [
            -111.898407,
            40.627994
          ],
          [
            -111.898395,
            40.628608
          ],
          [
            -111.898391,
            40.629514
          ],
          [
            -111.89837,
            40.630244
          ],
          [
            -111.898357,
            40.631839
          ],
          [
            -111.898334,
            40.632937
          ],
          [
            -111.898317,
            40.634066
          ]
        ]
      }
    },
    {
      "type": "Feature",
      "properties": {
        "type": "Light Rail",
        "network": "UTA TRAX",
        "route_name": "Green Line",
        "color": "#2eb566"
      },
      "geometry": {
        "type": "LineString",
        "coordinates": [
          [
            -111.923817,
            40.72001
          ],
          [
            -111.923812,
            40.717638
          ],
          [
            -111.923805,
            40.717299
          ],
          [
            -111.923809,
            40.717091
          ],
          [
            -111.923837,
            40.716868
          ],
          [
            -111.923879,
            40.716667
          ],
          [
            -111.923942,
            40.716485
          ],
          [
            -111.924029,
            40.716295
          ],
          [
            -111.924309,
            40.715803
          ],
          [
            -111.92443,
            40.715575
          ],
          [
            -111.924492,
            40.715426
          ],
          [
            -111.924545,
            40.715285
          ],
          [
            -111.924574,
            40.715147
          ],
          [
            -111.924607,
            40.715024
          ],
          [
            -111.924634,
            40.714712
          ],
          [
            -111.924662,
            40.714407
          ],
          [
            -111.92469,
            40.71418
          ],
          [
            -111.924713,
            40.714057
          ],
          [
            -111.924761,
            40.713916
          ],
          [
            -111.924814,
            40.713774
          ],
          [
            -111.924887,
            40.713629
          ],
          [
            -111.924998,
            40.713472
          ],
          [
            -111.925149,
            40.713323
          ],
          [
            -111.925299,
            40.713192
          ],
          [
            -111.925475,
            40.713073
          ],
          [
            -111.925616,
            40.712983
          ],
          [
            -111.925793,
            40.7129
          ],
          [
            -111.925972,
            40.712818
          ],
          [
            -111.926098,
            40.712777
          ],
          [
            -111.926211,
            40.712743
          ],
          [
            -111.930029,
            40.712149
          ],
          [
            -111.932724,
            40.711745
          ],
          [
            -111.933002,
            40.711703
          ],
          [
            -111.93331,
            40.711649
          ],
          [
            -111.933568,
            40.711596
          ],
          [
            -111.933856,
            40.711521
          ],
          [
            -111.934544,
            40.71134
          ],
          [
            -111.934786,
            40.711298
          ],
          [
            -111.934951,
            40.711269
          ],
          [
            -111.935115,
            40.711249
          ],
          [
            -111.935447,
            40.711233
          ],
          [
            -111.935946,
            40.711238
          ],
          [
            -111.936576,
            40.711239
          ],
          [
            -111.937296,
            40.711228
          ],
          [
            -111.937762,
            40.711172
          ],
          [
            -111.938372,
            40.711117
          ],
          [
            -111.9417,
            40.711122
          ],
          [
            -111.942493,
            40.711111
          ],
          [
            -111.943031,
            40.711117
          ],
          [
            -111.943181,
            40.711117
          ],
          [
            -111.943281,
            40.711067
          ],
          [
            -111.943364,
            40.711
          ],
          [
            -111.943431,
            40.710894
          ],
          [
            -111.94348,
            40.710695
          ],
          [
            -111.943513,
            40.710512
          ],
          [
            -111.943541,
            40.710351
          ],
          [
            -111.943591,
            40.710163
          ],
          [
            -111.943641,
            40.709996
          ],
          [
            -111.943708,
            40.709835
          ],
          [
            -111.943824,
            40.709586
          ],
          [
            -111.943919,
            40.709386
          ],
          [
            -111.944084,
            40.709159
          ],
          [
            -111.944244,
            40.708965
          ],
          [
            -111.944424,
            40.708774
          ],
          [
            -111.944613,
            40.708603
          ],
          [
            -111.944798,
            40.708438
          ],
          [
            -111.945717,
            40.707762
          ],
          [
            -111.947707,
            40.706319
          ],
          [
            -111.947967,
            40.70613
          ],
          [
            -111.948139,
            40.705992
          ],
          [
            -111.948311,
            40.705864
          ],
          [
            -111.948416,
            40.705764
          ],
          [
            -111.948544,
            40.705642
          ],
          [
            -111.948588,
            40.705554
          ],
          [
            -111.948638,
            40.705426
          ],
          [
            -111.948661,
            40.705321
          ],
          [
            -111.948661,
            40.705127
          ],
          [
            -111.948672,
            40.704184
          ],
          [
            -111.948683,
            40.703973
          ],
          [
            -111.948716,
            40.70384
          ],
          [
            -111.948771,
            40.70379
          ],
          [
            -111.948899,
            40.703773
          ],
          [
            -111.949115,
            40.703762
          ],
          [
            -111.952837,
            40.703779
          ],
          [
            -111.954723,
            40.703773
          ],
          [
            -111.95744,
            40.70379
          ],
          [
            -111.95764,
            40.703779
          ],
          [
            -111.957779,
            40.703746
          ],
          [
            -111.95789,
            40.703685
          ],
          [
            -111.957945,
            40.703579
          ],
          [
            -111.957971,
            40.703114
          ],
          [
            -111.957969,
            40.700656
          ],
          [
            -111.957975,
            40.6986
          ],
          [
            -111.958003,
            40.69693
          ],
          [
            -111.957999,
            40.696413
          ],
          [
            -111.957988,
            40.694795
          ],
          [
            -111.957988,
            40.69468
          ],
          [
            -111.958006,
            40.694576
          ],
          [
            -111.958055,
            40.694501
          ],
          [
            -111.958172,
            40.694422
          ],
          [
            -111.958295,
            40.694361
          ],
          [
            -111.96038,
            40.694356
          ],
          [
            -111.960519,
            40.694333
          ],
          [
            -111.960652,
            40.694245
          ],
          [
            -111.960713,
            40.694139
          ],
          [
            -111.96074,
            40.694012
          ],
          [
            -111.96074,
            40.693041
          ]
        ]
      }
    },
    {
      "type": "Feature",
      "properties": {
        "type": "Light Rail",
        "network": "UTA TRAX",
        "route_name": "Green Line",
        "color": "#2eb566"
      },
      "geometry": {
        "type": "LineString",
        "coordinates": [
          [
            -111.983479,
            40.784252
          ],
          [
            -111.9833,
            40.784243
          ],
          [
            -111.983097,
            40.784253
          ],
          [
            -111.981711,
            40.784258
          ],
          [
            -111.981365,
            40.784259
          ],
          [
            -111.981209,
            40.784242
          ],
          [
            -111.980994,
            40.784224
          ],
          [
            -111.980803,
            40.784189
          ],
          [
            -111.980635,
            40.784136
          ],
          [
            -111.980491,
            40.783994
          ],
          [
            -111.980359,
            40.783887
          ],
          [
            -111.980286,
            40.7837
          ],
          [
            -111.980225,
            40.783504
          ],
          [
            -111.980235,
            40.783182
          ],
          [
            -111.980233,
            40.782897
          ],
          [
            -111.98022,
            40.782611
          ],
          [
            -111.980242,
            40.782405
          ],
          [
            -111.980241,
            40.7822
          ],
          [
            -111.97979,
            40.778764
          ],
          [
            -111.979764,
            40.77846
          ],
          [
            -111.979763,
            40.778255
          ],
          [
            -111.979726,
            40.778032
          ],
          [
            -111.979761,
            40.77788
          ],
          [
            -111.979784,
            40.777746
          ],
          [
            -111.97983,
            40.777558
          ],
          [
            -111.979877,
            40.777424
          ],
          [
            -111.97992,
            40.7773
          ],
          [
            -111.97997,
            40.77719
          ],
          [
            -111.98014,
            40.77689
          ],
          [
            -111.980357,
            40.776643
          ],
          [
            -111.980761,
            40.776324
          ],
          [
            -111.981326,
            40.775933
          ],
          [
            -111.98158,
            40.775793
          ],
          [
            -111.983632,
            40.774817
          ],
          [
            -111.983844,
            40.774703
          ],
          [
            -111.984122,
            40.774538
          ],
          [
            -111.98438,
            40.774344
          ],
          [
            -111.984663,
            40.7741
          ],
          [
            -111.984846,
            40.773907
          ],
          [
            -111.98502,
            40.773695
          ],
          [
            -111.985114,
            40.773563
          ],
          [
            -111.985208,
            40.773416
          ],
          [
            -111.985307,
            40.773244
          ],
          [
            -111.98541,
            40.773007
          ],
          [
            -111.985415,
            40.773004
          ],
          [
            -111.98549,
            40.772814
          ],
          [
            -111.985565,
            40.77257
          ],
          [
            -111.985649,
            40.772269
          ],
          [
            -111.985686,
            40.772047
          ],
          [
            -111.985719,
            40.771836
          ],
          [
            -111.985742,
            40.771696
          ],
          [
            -111.985746,
            40.771474
          ],
          [
            -111.985746,
            40.771288
          ],
          [
            -111.985741,
            40.771098
          ],
          [
            -111.985712,
            40.770912
          ],
          [
            -111.985679,
            40.770708
          ],
          [
            -111.985632,
            40.770486
          ],
          [
            -111.985589,
            40.770325
          ],
          [
            -111.985518,
            40.770135
          ],
          [
            -111.985362,
            40.769774
          ],
          [
            -111.985258,
            40.769577
          ],
          [
            -111.985093,
            40.769316
          ],
          [
            -111.984946,
            40.769105
          ],
          [
            -111.984791,
            40.768897
          ],
          [
            -111.984441,
            40.768512
          ],
          [
            -111.984243,
            40.76831
          ],
          [
            -111.984003,
            40.768082
          ],
          [
            -111.983795,
            40.767906
          ],
          [
            -111.983545,
            40.767695
          ],
          [
            -111.983366,
            40.767563
          ],
          [
            -111.983102,
            40.767384
          ],
          [
            -111.982838,
            40.767212
          ],
          [
            -111.982631,
            40.767087
          ],
          [
            -111.982456,
            40.766987
          ],
          [
            -111.982222,
            40.766858
          ],
          [
            -111.981999,
            40.766762
          ],
          [
            -111.981745,
            40.766648
          ],
          [
            -111.981471,
            40.766537
          ],
          [
            -111.98117,
            40.76643
          ],
          [
            -111.980854,
            40.76633
          ],
          [
            -111.980529,
            40.766237
          ],
          [
            -111.980204,
            40.766162
          ],
          [
            -111.979862,
            40.766098
          ],
          [
            -111.979577,
            40.766048
          ],
          [
            -111.978774,
            40.765943
          ],
          [
            -111.977924,
            40.765846
          ],
          [
            -111.977052,
            40.765735
          ],
          [
            -111.975597,
            40.765558
          ],
          [
            -111.974273,
            40.76539
          ],
          [
            -111.973388,
            40.765291
          ],
          [
            -111.972785,
            40.765223
          ],
          [
            -111.972248,
            40.765167
          ],
          [
            -111.971499,
            40.765117
          ],
          [
            -111.970853,
            40.765096
          ],
          [
            -111.970284,
            40.765093
          ],
          [
            -111.969594,
            40.765099
          ],
          [
            -111.968927,
            40.765136
          ],
          [
            -111.968487,
            40.765172
          ],
          [
            -111.968136,
            40.765209
          ],
          [
            -111.967788,
            40.765245
          ],
          [
            -111.967402,
            40.765296
          ],
          [
            -111.96703,
            40.76535
          ],
          [
            -111.966611,
            40.765418
          ],
          [
            -111.966291,
            40.765478
          ],
          [
            -111.966003,
            40.765535
          ],
          [
            -111.965669,
            40.765609
          ],
          [
            -111.96509,
            40.765752
          ],
          [
            -111.964483,
            40.765918
          ],
          [
            -111.963908,
            40.766083
          ],
          [
            -111.963419,
            40.766223
          ],
          [
            -111.962538,
            40.766499
          ],
          [
            -111.961611,
            40.766822
          ],
          [
            -111.961098,
            40.767019
          ],
          [
            -111.960345,
            40.767324
          ],
          [
            -111.959926,
            40.7675
          ],
          [
            -111.959648,
            40.767601
          ],
          [
            -111.959252,
            40.767726
          ],
          [
            -111.958779,
            40.767852
          ],
          [
            -111.958476,
            40.767949
          ],
          [
            -111.958193,
            40.768049
          ],
          [
            -111.957788,
            40.768218
          ],
          [
            -111.957139,
            40.768523
          ],
          [
            -111.956663,
            40.768749
          ],
          [
            -111.956056,
            40.769025
          ],
          [
            -111.955179,
            40.769417
          ],
          [
            -111.954343,
            40.76976
          ],
          [
            -111.953119,
            40.770262
          ],
          [
            -111.951847,
            40.770793
          ],
          [
            -111.951414,
            40.770965
          ],
          [
            -111.951033,
            40.771105
          ],
          [
            -111.950718,
            40.771206
          ],
          [
            -111.950388,
            40.771295
          ],
          [
            -111.950091,
            40.77136
          ],
          [
            -111.949823,
            40.771407
          ],
          [
            -111.949399,
            40.771468
          ],
          [
            -111.948928,
            40.771505
          ],
          [
            -111.94866,
            40.771522
          ],
          [
            -111.948053,
            40.771613
          ],
          [
            -111.941773,
            40.771585
          ],
          [
            -111.9343,
            40.771574
          ],
          [
            -111.91999,
            40.771574
          ],
          [
            -111.918997,
            40.771593
          ],
          [
            -111.9184,
            40.771593
          ],
          [
            -111.918202,
            40.771613
          ],
          [
            -111.917228,
            40.771613
          ],
          [
            -111.910689,
            40.771593
          ],
          [
            -111.908801,
            40.771593
          ],
          [
            -111.908412,
            40.771598
          ],
          [
            -111.908078,
            40.771655
          ],
          [
            -111.907904,
            40.771673
          ],
          [
            -111.907715,
            40.771684
          ],
          [
            -111.907386,
            40.771688
          ],
          [
            -111.906919,
            40.771691
          ],
          [
            -111.906213,
            40.771692
          ],
          [
            -111.904004,
            40.771692
          ],
          [
            -111.903829,
            40.771689
          ],
          [
            -111.903702,
            40.771671
          ],
          [
            -111.903599,
            40.771639
          ],
          [
            -111.903357,
            40.77154
          ],
          [
            -111.90317,
            40.771485
          ],
          [
            -111.902967,
            40.771438
          ],
          [
            -111.902812,
            40.771403
          ],
          [
            -111.902708,
            40.771345
          ],
          [
            -111.902647,
            40.771292
          ],
          [
            -111.90259,
            40.771238
          ],
          [
            -111.902548,
            40.771155
          ],
          [
            -111.902515,
            40.771077
          ],
          [
            -111.902517,
            40.770976
          ],
          [
            -111.90252,
            40.770848
          ],
          [
            -111.902513,
            40.769335
          ],
          [
            -111.902087,
            40.769335
          ],
          [
            -111.899566,
            40.769356
          ],
          [
            -111.891571,
            40.769345
          ],
          [
            -111.89136,
            40.769325
          ],
          [
            -111.891219,
            40.769277
          ],
          [
            -111.891149,
            40.769219
          ],
          [
            -111.891092,
            40.769123
          ],
          [
            -111.891063,
            40.76901
          ],
          [
            -111.891063,
            40.768168
          ],
          [
            -111.891088,
            40.767747
          ],
          [
            -111.891105,
            40.767346
          ],
          [
            -111.89111,
            40.765282
          ],
          [
            -111.891117,
            40.76413
          ],
          [
            -111.891114,
            40.762985
          ],
          [
            -111.891113,
            40.76188
          ],
          [
            -111.891094,
            40.760631
          ],
          [
            -111.891091,
            40.759331
          ],
          [
            -111.891084,
            40.758638
          ],
          [
            -111.891102,
            40.757282
          ],
          [
            -111.891084,
            40.755138
          ],
          [
            -111.891055,
            40.754474
          ],
          [
            -111.891066,
            40.754354
          ],
          [
            -111.891101,
            40.754282
          ],
          [
            -111.891143,
            40.754241
          ],
          [
            -111.891204,
            40.754192
          ],
          [
            -111.891284,
            40.754151
          ],
          [
            -111.891406,
            40.754127
          ],
          [
            -111.892312,
            40.754133
          ],
          [
            -111.893935,
            40.754124
          ],
          [
            -111.896283,
            40.754119
          ],
          [
            -111.896404,
            40.754121
          ],
          [
            -111.896493,
            40.754112
          ],
          [
            -111.896595,
            40.754084
          ],
          [
            -111.896689,
            40.754043
          ],
          [
            -111.896763,
            40.753971
          ],
          [
            -111.896785,
            40.753919
          ],
          [
            -111.8968,
            40.753864
          ],
          [
            -111.896806,
            40.753803
          ],
          [
            -111.896805,
            40.753741
          ],
          [
            -111.896799,
            40.750935
          ],
          [
            -111.896805,
            40.749894
          ],
          [
            -111.896805,
            40.749567
          ],
          [
            -111.896811,
            40.746848
          ],
          [
            -111.896806,
            40.74384
          ],
          [
            -111.896788,
            40.742773
          ],
          [
            -111.8968,
            40.739671
          ],
          [
            -111.896806,
            40.738086
          ],
          [
            -111.89682,
            40.737496
          ],
          [
            -111.896846,
            40.736754
          ],
          [
            -111.896864,
            40.735512
          ],
          [
            -111.896876,
            40.733527
          ],
          [
            -111.896876,
            40.732935
          ],
          [
            -111.896887,
            40.731726
          ],
          [
            -111.89688,
            40.72995
          ],
          [
            -111.896887,
            40.729229
          ],
          [
            -111.896872,
            40.726977
          ],
          [
            -111.896862,
            40.725448
          ],
          [
            -111.896867,
            40.723868
          ],
          [
            -111.89686,
            40.722717
          ],
          [
            -111.896867,
            40.722603
          ],
          [
            -111.896881,
            40.722525
          ],
          [
            -111.896915,
            40.722451
          ],
          [
            -111.896944,
            40.722402
          ],
          [
            -111.897027,
            40.722346
          ],
          [
            -111.897134,
            40.72232
          ],
          [
            -111.89971,
            40.722342
          ],
          [
            -111.902662,
            40.722338
          ],
          [
            -111.903723,
            40.722335
          ],
          [
            -111.904915,
            40.722334
          ],
          [
            -111.905351,
            40.722336
          ],
          [
            -111.905629,
            40.722358
          ],
          [
            -111.905913,
            40.722413
          ],
          [
            -111.906099,
            40.72246
          ],
          [
            -111.90629,
            40.722519
          ],
          [
            -111.906511,
            40.722634
          ],
          [
            -111.906722,
            40.722756
          ],
          [
            -111.907443,
            40.723229
          ],
          [
            -111.9076,
            40.723314
          ],
          [
            -111.907865,
            40.72344
          ],
          [
            -111.908105,
            40.723532
          ],
          [
            -111.908418,
            40.723627
          ],
          [
            -111.908814,
            40.723712
          ],
          [
            -111.909035,
            40.723737
          ],
          [
            -111.909255,
            40.723747
          ],
          [
            -111.909563,
            40.723757
          ],
          [
            -111.90987,
            40.723734
          ],
          [
            -111.910105,
            40.723707
          ],
          [
            -111.910295,
            40.723673
          ],
          [
            -111.910637,
            40.72359
          ],
          [
            -111.911032,
            40.723481
          ],
          [
            -111.911334,
            40.723402
          ],
          [
            -111.91155,
            40.723356
          ],
          [
            -111.911823,
            40.723296
          ],
          [
            -111.912155,
            40.723243
          ],
          [
            -111.912531,
            40.723208
          ],
          [
            -111.912878,
            40.723192
          ],
          [
            -111.913196,
            40.723198
          ],
          [
            -111.913519,
            40.723215
          ],
          [
            -111.913856,
            40.723237
          ],
          [
            -111.914379,
            40.723272
          ],
          [
            -111.91546,
            40.723346
          ],
          [
            -111.915739,
            40.723364
          ],
          [
            -111.916071,
            40.723381
          ],
          [
            -111.916511,
            40.723395
          ],
          [
            -111.916956,
            40.723404
          ],
          [
            -111.91742,
            40.723421
          ],
          [
            -111.917753,
            40.723446
          ],
          [
            -111.917929,
            40.72346
          ],
          [
            -111.919274,
            40.723597
          ],
          [
            -111.919915,
            40.723672
          ],
          [
            -111.920321,
            40.723731
          ],
          [
            -111.920639,
            40.723767
          ],
          [
            -111.920942,
            40.723795
          ],
          [
            -111.921196,
            40.723791
          ],
          [
            -111.921392,
            40.723779
          ],
          [
            -111.921636,
            40.723733
          ],
          [
            -111.921855,
            40.723692
          ],
          [
            -111.922085,
            40.723631
          ],
          [
            -111.922343,
            40.723526
          ],
          [
            -111.922572,
            40.723418
          ],
          [
            -111.923142,
            40.723036
          ],
          [
            -111.92337,
            40.722801
          ],
          [
            -111.923472,
            40.722671
          ],
          [
            -111.92354,
            40.722551
          ],
          [
            -111.923622,
            40.72241
          ],
          [
            -111.923738,
            40.722197
          ],
          [
            -111.923786,
            40.722067
          ],
          [
            -111.923814,
            40.721918
          ],
          [
            -111.923817,
            40.72001
          ],
          [
            -111.923812,
            40.717638
          ],
          [
            -111.923805,
            40.717299
          ],
          [
            -111.923809,
            40.717091
          ],
          [
            -111.923837,
            40.716868
          ],
          [
            -111.923879,
            40.716667
          ],
          [
            -111.923942,
            40.716485
          ],
          [
            -111.924029,
            40.716295
          ],
          [
            -111.924309,
            40.715803
          ],
          [
            -111.92443,
            40.715575
          ],
          [
            -111.924492,
            40.715426
          ],
          [
            -111.924545,
            40.715285
          ],
          [
            -111.924574,
            40.715147
          ],
          [
            -111.924607,
            40.715024
          ],
          [
            -111.924634,
            40.714712
          ],
          [
            -111.924662,
            40.714407
          ],
          [
            -111.92469,
            40.71418
          ],
          [
            -111.924713,
            40.714057
          ],
          [
            -111.924761,
            40.713916
          ],
          [
            -111.924814,
            40.713774
          ],
          [
            -111.924887,
            40.713629
          ],
          [
            -111.924998,
            40.713472
          ],
          [
            -111.925149,
            40.713323
          ],
          [
            -111.925299,
            40.713192
          ],
          [
            -111.925475,
            40.713073
          ],
          [
            -111.925616,
            40.712983
          ],
          [
            -111.925793,
            40.7129
          ],
          [
            -111.925972,
            40.712818
          ],
          [
            -111.926098,
            40.712777
          ],
          [
            -111.926211,
            40.712743
          ],
          [
            -111.930029,
            40.712149
          ],
          [
            -111.932724,
            40.711745
          ],
          [
            -111.933002,
            40.711703
          ],
          [
            -111.93331,
            40.711649
          ],
          [
            -111.933568,
            40.711596
          ],
          [
            -111.933856,
            40.711521
          ],
          [
            -111.934544,
            40.71134
          ],
          [
            -111.934786,
            40.711298
          ],
          [
            -111.934951,
            40.711269
          ],
          [
            -111.935115,
            40.711249
          ],
          [
            -111.935447,
            40.711233
          ],
          [
            -111.935946,
            40.711238
          ],
          [
            -111.936576,
            40.711239
          ],
          [
            -111.937296,
            40.711228
          ],
          [
            -111.937762,
            40.711172
          ],
          [
            -111.938372,
            40.711117
          ],
          [
            -111.9417,
            40.711122
          ],
          [
            -111.942493,
            40.711111
          ],
          [
            -111.943031,
            40.711117
          ],
          [
            -111.943181,
            40.711117
          ],
          [
            -111.943281,
            40.711067
          ],
          [
            -111.943364,
            40.711
          ],
          [
            -111.943431,
            40.710894
          ],
          [
            -111.94348,
            40.710695
          ],
          [
            -111.943513,
            40.710512
          ],
          [
            -111.943541,
            40.710351
          ],
          [
            -111.943591,
            40.710163
          ],
          [
            -111.943641,
            40.709996
          ],
          [
            -111.943708,
            40.709835
          ],
          [
            -111.943824,
            40.709586
          ],
          [
            -111.943919,
            40.709386
          ],
          [
            -111.944084,
            40.709159
          ],
          [
            -111.944244,
            40.708965
          ],
          [
            -111.944424,
            40.708774
          ],
          [
            -111.944613,
            40.708603
          ],
          [
            -111.944798,
            40.708438
          ],
          [
            -111.945717,
            40.707762
          ],
          [
            -111.947707,
            40.706319
          ],
          [
            -111.947967,
            40.70613
          ],
          [
            -111.948139,
            40.705992
          ],
          [
            -111.948311,
            40.705864
          ],
          [
            -111.948416,
            40.705764
          ],
          [
            -111.948544,
            40.705642
          ],
          [
            -111.948588,
            40.705554
          ],
          [
            -111.948638,
            40.705426
          ],
          [
            -111.948661,
            40.705321
          ],
          [
            -111.948661,
            40.705127
          ],
          [
            -111.948672,
            40.704184
          ],
          [
            -111.948683,
            40.703973
          ],
          [
            -111.948716,
            40.70384
          ],
          [
            -111.948771,
            40.70379
          ],
          [
            -111.948899,
            40.703773
          ],
          [
            -111.949115,
            40.703762
          ],
          [
            -111.952837,
            40.703779
          ],
          [
            -111.954723,
            40.703773
          ],
          [
            -111.95744,
            40.70379
          ],
          [
            -111.95764,
            40.703779
          ],
          [
            -111.957779,
            40.703746
          ],
          [
            -111.95789,
            40.703685
          ],
          [
            -111.957945,
            40.703579
          ],
          [
            -111.957971,
            40.703114
          ],
          [
            -111.957969,
            40.700656
          ],
          [
            -111.957975,
            40.6986
          ],
          [
            -111.958003,
            40.69693
          ],
          [
            -111.957999,
            40.696413
          ],
          [
            -111.957988,
            40.694795
          ],
          [
            -111.957988,
            40.69468
          ],
          [
            -111.958006,
            40.694576
          ],
          [
            -111.958055,
            40.694501
          ],
          [
            -111.958172,
            40.694422
          ],
          [
            -111.958295,
            40.694361
          ],
          [
            -111.96038,
            40.694356
          ],
          [
            -111.960519,
            40.694333
          ],
          [
            -111.960652,
            40.694245
          ],
          [
            -111.960713,
            40.694139
          ],
          [
            -111.96074,
            40.694012
          ],
          [
            -111.96074,
            40.693041
          ]
        ]
      }
    },
    {
      "type": "Feature",
      "properties": {
        "type": "Light Rail",
        "network": "UTA TRAX",
        "route_name": "Green Line",
        "color": "#2eb566"
      },
      "geometry": {
        "type": "LineString",
        "coordinates": [
          [
            -111.896867,
            40.723868
          ],
          [
            -111.896862,
            40.725448
          ],
          [
            -111.896872,
            40.726977
          ],
          [
            -111.896887,
            40.729229
          ],
          [
            -111.89688,
            40.72995
          ],
          [
            -111.896887,
            40.731726
          ],
          [
            -111.896876,
            40.732935
          ],
          [
            -111.896876,
            40.733527
          ],
          [
            -111.896864,
            40.735512
          ],
          [
            -111.896846,
            40.736754
          ],
          [
            -111.89682,
            40.737496
          ],
          [
            -111.896806,
            40.738086
          ],
          [
            -111.8968,
            40.739671
          ],
          [
            -111.896788,
            40.742773
          ],
          [
            -111.896806,
            40.74384
          ],
          [
            -111.896811,
            40.746848
          ],
          [
            -111.896805,
            40.749567
          ],
          [
            -111.896805,
            40.749894
          ],
          [
            -111.896799,
            40.750935
          ],
          [
            -111.896805,
            40.753741
          ],
          [
            -111.896806,
            40.753803
          ],
          [
            -111.8968,
            40.753864
          ],
          [
            -111.896785,
            40.753919
          ],
          [
            -111.896763,
            40.753971
          ],
          [
            -111.896689,
            40.754043
          ],
          [
            -111.896595,
            40.754084
          ],
          [
            -111.896493,
            40.754112
          ],
          [
            -111.896404,
            40.754121
          ],
          [
            -111.896283,
            40.754119
          ],
          [
            -111.893935,
            40.754124
          ],
          [
            -111.892312,
            40.754133
          ],
          [
            -111.891406,
            40.754127
          ],
          [
            -111.891284,
            40.754151
          ],
          [
            -111.891204,
            40.754192
          ],
          [
            -111.891143,
            40.754241
          ],
          [
            -111.891101,
            40.754282
          ],
          [
            -111.891066,
            40.754354
          ],
          [
            -111.891055,
            40.754474
          ],
          [
            -111.891084,
            40.755138
          ],
          [
            -111.891102,
            40.757282
          ],
          [
            -111.891084,
            40.758638
          ],
          [
            -111.891091,
            40.759331
          ],
          [
            -111.891094,
            40.760631
          ],
          [
            -111.891113,
            40.76188
          ],
          [
            -111.891114,
            40.762985
          ],
          [
            -111.891117,
            40.76413
          ],
          [
            -111.89111,
            40.765282
          ],
          [
            -111.891105,
            40.767346
          ],
          [
            -111.891088,
            40.767747
          ],
          [
            -111.891063,
            40.768168
          ],
          [
            -111.891063,
            40.76901
          ],
          [
            -111.891092,
            40.769123
          ],
          [
            -111.891149,
            40.769219
          ],
          [
            -111.891219,
            40.769277
          ],
          [
            -111.89136,
            40.769325
          ],
          [
            -111.891571,
            40.769345
          ],
          [
            -111.899566,
            40.769356
          ],
          [
            -111.902087,
            40.769335
          ],
          [
            -111.902513,
            40.769335
          ],
          [
            -111.90252,
            40.770848
          ],
          [
            -111.902517,
            40.770976
          ],
          [
            -111.902515,
            40.771077
          ],
          [
            -111.902548,
            40.771155
          ],
          [
            -111.90259,
            40.771238
          ],
          [
            -111.902647,
            40.771292
          ],
          [
            -111.902708,
            40.771345
          ],
          [
            -111.902812,
            40.771403
          ],
          [
            -111.902967,
            40.771438
          ],
          [
            -111.90317,
            40.771485
          ],
          [
            -111.903357,
            40.77154
          ],
          [
            -111.903599,
            40.771639
          ],
          [
            -111.903702,
            40.771671
          ],
          [
            -111.903829,
            40.771689
          ],
          [
            -111.904004,
            40.771692
          ],
          [
            -111.906213,
            40.771692
          ],
          [
            -111.906919,
            40.771691
          ],
          [
            -111.907386,
            40.771688
          ],
          [
            -111.907715,
            40.771684
          ],
          [
            -111.907904,
            40.771673
          ],
          [
            -111.908078,
            40.771655
          ],
          [
            -111.908412,
            40.771598
          ],
          [
            -111.908801,
            40.771593
          ],
          [
            -111.910689,
            40.771593
          ],
          [
            -111.917228,
            40.771613
          ],
          [
            -111.918202,
            40.771613
          ],
          [
            -111.9184,
            40.771593
          ],
          [
            -111.918997,
            40.771593
          ],
          [
            -111.91999,
            40.771574
          ],
          [
            -111.9343,
            40.771574
          ],
          [
            -111.941773,
            40.771585
          ],
          [
            -111.948053,
            40.771613
          ],
          [
            -111.94866,
            40.771522
          ],
          [
            -111.948928,
            40.771505
          ],
          [
            -111.949399,
            40.771468
          ],
          [
            -111.949823,
            40.771407
          ],
          [
            -111.950091,
            40.77136
          ],
          [
            -111.950388,
            40.771295
          ],
          [
            -111.950718,
            40.771206
          ],
          [
            -111.951033,
            40.771105
          ],
          [
            -111.951414,
            40.770965
          ],
          [
            -111.951847,
            40.770793
          ],
          [
            -111.953119,
            40.770262
          ],
          [
            -111.954343,
            40.76976
          ],
          [
            -111.955179,
            40.769417
          ],
          [
            -111.956056,
            40.769025
          ],
          [
            -111.956663,
            40.768749
          ],
          [
            -111.957139,
            40.768523
          ],
          [
            -111.957788,
            40.768218
          ],
          [
            -111.958193,
            40.768049
          ],
          [
            -111.958476,
            40.767949
          ],
          [
            -111.958779,
            40.767852
          ],
          [
            -111.959252,
            40.767726
          ],
          [
            -111.959648,
            40.767601
          ],
          [
            -111.959926,
            40.7675
          ],
          [
            -111.960345,
            40.767324
          ],
          [
            -111.961098,
            40.767019
          ],
          [
            -111.961611,
            40.766822
          ],
          [
            -111.962538,
            40.766499
          ],
          [
            -111.963419,
            40.766223
          ],
          [
            -111.963908,
            40.766083
          ],
          [
            -111.964483,
            40.765918
          ],
          [
            -111.96509,
            40.765752
          ],
          [
            -111.965669,
            40.765609
          ],
          [
            -111.966003,
            40.765535
          ],
          [
            -111.966291,
            40.765478
          ],
          [
            -111.966611,
            40.765418
          ],
          [
            -111.96703,
            40.76535
          ],
          [
            -111.967402,
            40.765296
          ],
          [
            -111.967788,
            40.765245
          ],
          [
            -111.968136,
            40.765209
          ],
          [
            -111.968487,
            40.765172
          ],
          [
            -111.968927,
            40.765136
          ],
          [
            -111.969594,
            40.765099
          ],
          [
            -111.970284,
            40.765093
          ],
          [
            -111.970853,
            40.765096
          ],
          [
            -111.971499,
            40.765117
          ],
          [
            -111.972248,
            40.765167
          ],
          [
            -111.972785,
            40.765223
          ],
          [
            -111.973388,
            40.765291
          ],
          [
            -111.974273,
            40.76539
          ],
          [
            -111.975597,
            40.765558
          ],
          [
            -111.977052,
            40.765735
          ],
          [
            -111.977924,
            40.765846
          ],
          [
            -111.978774,
            40.765943
          ],
          [
            -111.979577,
            40.766048
          ],
          [
            -111.979862,
            40.766098
          ],
          [
            -111.980204,
            40.766162
          ],
          [
            -111.980529,
            40.766237
          ],
          [
            -111.980854,
            40.76633
          ],
          [
            -111.98117,
            40.76643
          ],
          [
            -111.981471,
            40.766537
          ],
          [
            -111.981745,
            40.766648
          ],
          [
            -111.981999,
            40.766762
          ],
          [
            -111.982222,
            40.766858
          ],
          [
            -111.982456,
            40.766987
          ],
          [
            -111.982631,
            40.767087
          ],
          [
            -111.982838,
            40.767212
          ],
          [
            -111.983102,
            40.767384
          ],
          [
            -111.983366,
            40.767563
          ],
          [
            -111.983545,
            40.767695
          ],
          [
            -111.983795,
            40.767906
          ],
          [
            -111.984003,
            40.768082
          ],
          [
            -111.984243,
            40.76831
          ],
          [
            -111.984441,
            40.768512
          ],
          [
            -111.984791,
            40.768897
          ],
          [
            -111.984946,
            40.769105
          ],
          [
            -111.985093,
            40.769316
          ],
          [
            -111.985258,
            40.769577
          ],
          [
            -111.985362,
            40.769774
          ],
          [
            -111.985518,
            40.770135
          ],
          [
            -111.985589,
            40.770325
          ],
          [
            -111.985632,
            40.770486
          ],
          [
            -111.985679,
            40.770708
          ],
          [
            -111.985712,
            40.770912
          ],
          [
            -111.985741,
            40.771098
          ],
          [
            -111.985746,
            40.771288
          ],
          [
            -111.985746,
            40.771474
          ],
          [
            -111.985742,
            40.771696
          ],
          [
            -111.985719,
            40.771836
          ],
          [
            -111.985686,
            40.772047
          ],
          [
            -111.985649,
            40.772269
          ],
          [
            -111.985565,
            40.77257
          ],
          [
            -111.98549,
            40.772814
          ],
          [
            -111.985415,
            40.773004
          ],
          [
            -111.98541,
            40.773007
          ],
          [
            -111.985307,
            40.773244
          ],
          [
            -111.985208,
            40.773416
          ],
          [
            -111.985114,
            40.773563
          ],
          [
            -111.98502,
            40.773695
          ],
          [
            -111.984846,
            40.773907
          ],
          [
            -111.984663,
            40.7741
          ],
          [
            -111.98438,
            40.774344
          ],
          [
            -111.984122,
            40.774538
          ],
          [
            -111.983844,
            40.774703
          ],
          [
            -111.983632,
            40.774817
          ],
          [
            -111.98158,
            40.775793
          ],
          [
            -111.981326,
            40.775933
          ],
          [
            -111.980761,
            40.776324
          ],
          [
            -111.980357,
            40.776643
          ],
          [
            -111.980141,
            40.77689
          ],
          [
            -111.97997,
            40.77719
          ],
          [
            -111.97992,
            40.7773
          ],
          [
            -111.979877,
            40.777424
          ],
          [
            -111.97983,
            40.777558
          ],
          [
            -111.979784,
            40.777746
          ],
          [
            -111.979761,
            40.77788
          ],
          [
            -111.979726,
            40.778032
          ],
          [
            -111.979763,
            40.778255
          ],
          [
            -111.979764,
            40.77846
          ],
          [
            -111.97979,
            40.778764
          ],
          [
            -111.980241,
            40.7822
          ],
          [
            -111.980242,
            40.782405
          ],
          [
            -111.98022,
            40.782611
          ],
          [
            -111.980233,
            40.782897
          ],
          [
            -111.980235,
            40.783182
          ],
          [
            -111.980225,
            40.783504
          ],
          [
            -111.980286,
            40.7837
          ],
          [
            -111.980359,
            40.783887
          ],
          [
            -111.980491,
            40.783994
          ],
          [
            -111.980635,
            40.784136
          ],
          [
            -111.980803,
            40.784189
          ],
          [
            -111.980994,
            40.784224
          ],
          [
            -111.981209,
            40.784242
          ],
          [
            -111.981365,
            40.784259
          ],
          [
            -111.981711,
            40.784258
          ],
          [
            -111.983097,
            40.784253
          ],
          [
            -111.9833,
            40.784243
          ],
          [
            -111.983479,
            40.784252
          ]
        ]
      }
    },
    {
      "type": "Feature",
      "properties": {
        "type": "Light Rail",
        "network": "UTA TRAX",
        "route_name": "Green Line",
        "color": "#2eb566"
      },
      "geometry": {
        "type": "LineString",
        "coordinates": [
          [
            -111.96074,
            40.693041
          ],
          [
            -111.96074,
            40.694012
          ],
          [
            -111.960713,
            40.694139
          ],
          [
            -111.960652,
            40.694245
          ],
          [
            -111.960519,
            40.694333
          ],
          [
            -111.96038,
            40.694356
          ],
          [
            -111.958295,
            40.694361
          ],
          [
            -111.958172,
            40.694422
          ],
          [
            -111.958055,
            40.694501
          ],
          [
            -111.958006,
            40.694576
          ],
          [
            -111.957988,
            40.69468
          ],
          [
            -111.957988,
            40.694795
          ],
          [
            -111.957999,
            40.696413
          ],
          [
            -111.958003,
            40.69693
          ],
          [
            -111.957975,
            40.6986
          ],
          [
            -111.957969,
            40.700656
          ],
          [
            -111.957971,
            40.703114
          ],
          [
            -111.957945,
            40.703579
          ],
          [
            -111.95789,
            40.703685
          ],
          [
            -111.957779,
            40.703746
          ],
          [
            -111.95764,
            40.703779
          ],
          [
            -111.95744,
            40.70379
          ],
          [
            -111.954723,
            40.703773
          ],
          [
            -111.952837,
            40.703779
          ],
          [
            -111.949115,
            40.703762
          ],
          [
            -111.948899,
            40.703773
          ],
          [
            -111.948771,
            40.70379
          ],
          [
            -111.948716,
            40.70384
          ],
          [
            -111.948683,
            40.703973
          ],
          [
            -111.948672,
            40.704184
          ],
          [
            -111.948661,
            40.705127
          ],
          [
            -111.948661,
            40.705321
          ],
          [
            -111.948638,
            40.705426
          ],
          [
            -111.948588,
            40.705554
          ],
          [
            -111.948544,
            40.705642
          ],
          [
            -111.948416,
            40.705764
          ],
          [
            -111.948311,
            40.705864
          ],
          [
            -111.948139,
            40.705992
          ],
          [
            -111.947967,
            40.70613
          ],
          [
            -111.947707,
            40.706319
          ],
          [
            -111.945717,
            40.707762
          ],
          [
            -111.944798,
            40.708438
          ],
          [
            -111.944613,
            40.708603
          ],
          [
            -111.944424,
            40.708774
          ],
          [
            -111.944244,
            40.708965
          ],
          [
            -111.944084,
            40.709159
          ],
          [
            -111.943919,
            40.709386
          ],
          [
            -111.943824,
            40.709586
          ],
          [
            -111.943708,
            40.709835
          ],
          [
            -111.943641,
            40.709996
          ],
          [
            -111.943591,
            40.710163
          ],
          [
            -111.943541,
            40.710351
          ],
          [
            -111.943513,
            40.710512
          ],
          [
            -111.94348,
            40.710695
          ],
          [
            -111.943431,
            40.710894
          ],
          [
            -111.943364,
            40.711
          ],
          [
            -111.943281,
            40.711067
          ],
          [
            -111.943181,
            40.711117
          ],
          [
            -111.943031,
            40.711117
          ],
          [
            -111.942493,
            40.711111
          ],
          [
            -111.9417,
            40.711122
          ],
          [
            -111.938372,
            40.711117
          ],
          [
            -111.937762,
            40.711172
          ],
          [
            -111.937296,
            40.711228
          ],
          [
            -111.936576,
            40.711239
          ],
          [
            -111.935946,
            40.711238
          ],
          [
            -111.935447,
            40.711233
          ],
          [
            -111.935115,
            40.711249
          ],
          [
            -111.934951,
            40.711269
          ],
          [
            -111.934786,
            40.711298
          ],
          [
            -111.934544,
            40.71134
          ],
          [
            -111.933856,
            40.711521
          ],
          [
            -111.933568,
            40.711596
          ],
          [
            -111.93331,
            40.711649
          ],
          [
            -111.933002,
            40.711703
          ],
          [
            -111.932724,
            40.711745
          ],
          [
            -111.930029,
            40.712149
          ],
          [
            -111.926211,
            40.712743
          ],
          [
            -111.926098,
            40.712777
          ],
          [
            -111.925972,
            40.712818
          ],
          [
            -111.925793,
            40.7129
          ],
          [
            -111.925616,
            40.712983
          ],
          [
            -111.925475,
            40.713073
          ],
          [
            -111.925299,
            40.713192
          ],
          [
            -111.925149,
            40.713323
          ],
          [
            -111.924998,
            40.713472
          ],
          [
            -111.924887,
            40.713629
          ],
          [
            -111.924814,
            40.713774
          ],
          [
            -111.924761,
            40.713916
          ],
          [
            -111.924713,
            40.714057
          ],
          [
            -111.92469,
            40.71418
          ],
          [
            -111.924662,
            40.714407
          ],
          [
            -111.924634,
            40.714712
          ],
          [
            -111.924607,
            40.715024
          ],
          [
            -111.924574,
            40.715147
          ],
          [
            -111.924545,
            40.715285
          ],
          [
            -111.924492,
            40.715426
          ],
          [
            -111.92443,
            40.715575
          ],
          [
            -111.924309,
            40.715803
          ],
          [
            -111.924029,
            40.716295
          ],
          [
            -111.923942,
            40.716485
          ],
          [
            -111.923879,
            40.716667
          ],
          [
            -111.923837,
            40.716868
          ],
          [
            -111.923809,
            40.717091
          ],
          [
            -111.923805,
            40.717299
          ],
          [
            -111.923812,
            40.717638
          ],
          [
            -111.923817,
            40.72001
          ],
          [
            -111.923814,
            40.721918
          ],
          [
            -111.923786,
            40.722067
          ],
          [
            -111.923738,
            40.722197
          ],
          [
            -111.923622,
            40.72241
          ],
          [
            -111.92354,
            40.722551
          ],
          [
            -111.923472,
            40.722671
          ],
          [
            -111.92337,
            40.722801
          ],
          [
            -111.923142,
            40.723036
          ],
          [
            -111.922572,
            40.723418
          ],
          [
            -111.922343,
            40.723526
          ],
          [
            -111.922085,
            40.723631
          ],
          [
            -111.921855,
            40.723692
          ],
          [
            -111.921636,
            40.723733
          ],
          [
            -111.921392,
            40.723779
          ],
          [
            -111.921196,
            40.723791
          ],
          [
            -111.920942,
            40.723795
          ],
          [
            -111.920639,
            40.723767
          ],
          [
            -111.920321,
            40.723731
          ],
          [
            -111.919915,
            40.723672
          ],
          [
            -111.919274,
            40.723597
          ],
          [
            -111.917929,
            40.72346
          ],
          [
            -111.917753,
            40.723446
          ],
          [
            -111.91742,
            40.723421
          ],
          [
            -111.916956,
            40.723404
          ],
          [
            -111.916511,
            40.723395
          ],
          [
            -111.916071,
            40.723381
          ],
          [
            -111.915739,
            40.723364
          ],
          [
            -111.91546,
            40.723346
          ],
          [
            -111.914379,
            40.723272
          ],
          [
            -111.913856,
            40.723237
          ],
          [
            -111.913519,
            40.723215
          ],
          [
            -111.913196,
            40.723198
          ],
          [
            -111.912878,
            40.723192
          ],
          [
            -111.912531,
            40.723208
          ],
          [
            -111.912155,
            40.723243
          ],
          [
            -111.911823,
            40.723296
          ],
          [
            -111.91155,
            40.723356
          ],
          [
            -111.911334,
            40.723402
          ],
          [
            -111.911032,
            40.723481
          ],
          [
            -111.910637,
            40.72359
          ],
          [
            -111.910295,
            40.723673
          ],
          [
            -111.910105,
            40.723707
          ],
          [
            -111.90987,
            40.723734
          ],
          [
            -111.909563,
            40.723757
          ],
          [
            -111.909255,
            40.723747
          ],
          [
            -111.909035,
            40.723737
          ],
          [
            -111.908814,
            40.723712
          ],
          [
            -111.908418,
            40.723627
          ],
          [
            -111.908105,
            40.723532
          ],
          [
            -111.907865,
            40.72344
          ],
          [
            -111.9076,
            40.723314
          ],
          [
            -111.907443,
            40.723229
          ],
          [
            -111.906722,
            40.722756
          ],
          [
            -111.906511,
            40.722634
          ],
          [
            -111.90629,
            40.722519
          ],
          [
            -111.906099,
            40.72246
          ],
          [
            -111.905913,
            40.722413
          ],
          [
            -111.905629,
            40.722358
          ],
          [
            -111.905351,
            40.722336
          ],
          [
            -111.904915,
            40.722334
          ],
          [
            -111.903723,
            40.722335
          ],
          [
            -111.902662,
            40.722338
          ],
          [
            -111.89971,
            40.722342
          ],
          [
            -111.897134,
            40.72232
          ],
          [
            -111.897027,
            40.722346
          ],
          [
            -111.896944,
            40.722402
          ],
          [
            -111.896915,
            40.722451
          ],
          [
            -111.896881,
            40.722525
          ],
          [
            -111.896867,
            40.722603
          ],
          [
            -111.89686,
            40.722717
          ],
          [
            -111.896867,
            40.723868
          ],
          [
            -111.896862,
            40.725448
          ],
          [
            -111.896872,
            40.726977
          ],
          [
            -111.896887,
            40.729229
          ],
          [
            -111.89688,
            40.72995
          ],
          [
            -111.896887,
            40.731726
          ],
          [
            -111.896876,
            40.732935
          ],
          [
            -111.896876,
            40.733527
          ],
          [
            -111.896864,
            40.735512
          ],
          [
            -111.896846,
            40.736754
          ],
          [
            -111.89682,
            40.737496
          ],
          [
            -111.896806,
            40.738086
          ],
          [
            -111.8968,
            40.739671
          ],
          [
            -111.896788,
            40.742773
          ],
          [
            -111.896806,
            40.74384
          ],
          [
            -111.896811,
            40.746848
          ],
          [
            -111.896805,
            40.749567
          ],
          [
            -111.896805,
            40.749894
          ],
          [
            -111.896799,
            40.750935
          ],
          [
            -111.896805,
            40.753741
          ],
          [
            -111.896806,
            40.753803
          ],
          [
            -111.8968,
            40.753864
          ],
          [
            -111.896785,
            40.753919
          ],
          [
            -111.896763,
            40.753971
          ],
          [
            -111.896689,
            40.754043
          ],
          [
            -111.896595,
            40.754084
          ],
          [
            -111.896493,
            40.754112
          ],
          [
            -111.896404,
            40.754121
          ],
          [
            -111.896283,
            40.754119
          ],
          [
            -111.893935,
            40.754124
          ],
          [
            -111.892312,
            40.754133
          ],
          [
            -111.891406,
            40.754127
          ],
          [
            -111.891284,
            40.754151
          ],
          [
            -111.891204,
            40.754192
          ],
          [
            -111.891143,
            40.754241
          ],
          [
            -111.891101,
            40.754282
          ],
          [
            -111.891066,
            40.754354
          ],
          [
            -111.891055,
            40.754474
          ],
          [
            -111.891084,
            40.755138
          ],
          [
            -111.891102,
            40.757282
          ],
          [
            -111.891084,
            40.758638
          ],
          [
            -111.891091,
            40.759331
          ],
          [
            -111.891094,
            40.760631
          ],
          [
            -111.891113,
            40.76188
          ],
          [
            -111.891114,
            40.762985
          ],
          [
            -111.891117,
            40.76413
          ],
          [
            -111.89111,
            40.765282
          ],
          [
            -111.891105,
            40.767346
          ],
          [
            -111.891088,
            40.767747
          ],
          [
            -111.891063,
            40.768168
          ],
          [
            -111.891063,
            40.76901
          ],
          [
            -111.891092,
            40.769123
          ],
          [
            -111.891149,
            40.769219
          ],
          [
            -111.891219,
            40.769277
          ],
          [
            -111.89136,
            40.769325
          ],
          [
            -111.891571,
            40.769345
          ],
          [
            -111.899566,
            40.769356
          ],
          [
            -111.902087,
            40.769335
          ],
          [
            -111.902513,
            40.769335
          ],
          [
            -111.90252,
            40.770848
          ],
          [
            -111.902517,
            40.770976
          ],
          [
            -111.902515,
            40.771077
          ],
          [
            -111.902548,
            40.771155
          ],
          [
            -111.90259,
            40.771238
          ],
          [
            -111.902647,
            40.771292
          ],
          [
            -111.902708,
            40.771345
          ],
          [
            -111.902812,
            40.771403
          ],
          [
            -111.902967,
            40.771438
          ],
          [
            -111.90317,
            40.771485
          ],
          [
            -111.903357,
            40.77154
          ],
          [
            -111.903599,
            40.771639
          ],
          [
            -111.903702,
            40.771671
          ],
          [
            -111.903829,
            40.771689
          ],
          [
            -111.904004,
            40.771692
          ],
          [
            -111.906213,
            40.771692
          ],
          [
            -111.906919,
            40.771691
          ],
          [
            -111.907386,
            40.771688
          ],
          [
            -111.907715,
            40.771684
          ],
          [
            -111.907904,
            40.771673
          ],
          [
            -111.908078,
            40.771655
          ],
          [
            -111.908412,
            40.771598
          ],
          [
            -111.908801,
            40.771593
          ],
          [
            -111.910689,
            40.771593
          ],
          [
            -111.917228,
            40.771613
          ],
          [
            -111.918202,
            40.771613
          ],
          [
            -111.9184,
            40.771593
          ],
          [
            -111.918997,
            40.771593
          ],
          [
            -111.91999,
            40.771574
          ],
          [
            -111.9343,
            40.771574
          ],
          [
            -111.941773,
            40.771585
          ],
          [
            -111.948053,
            40.771613
          ],
          [
            -111.94866,
            40.771522
          ],
          [
            -111.948928,
            40.771505
          ],
          [
            -111.949399,
            40.771468
          ],
          [
            -111.949823,
            40.771407
          ],
          [
            -111.950091,
            40.77136
          ],
          [
            -111.950388,
            40.771295
          ],
          [
            -111.950718,
            40.771206
          ],
          [
            -111.951033,
            40.771105
          ],
          [
            -111.951414,
            40.770965
          ],
          [
            -111.951847,
            40.770793
          ],
          [
            -111.953119,
            40.770262
          ],
          [
            -111.954343,
            40.76976
          ],
          [
            -111.955179,
            40.769417
          ],
          [
            -111.956056,
            40.769025
          ],
          [
            -111.956663,
            40.768749
          ],
          [
            -111.957139,
            40.768523
          ],
          [
            -111.957788,
            40.768218
          ],
          [
            -111.958193,
            40.768049
          ],
          [
            -111.958476,
            40.767949
          ],
          [
            -111.958779,
            40.767852
          ],
          [
            -111.959252,
            40.767726
          ],
          [
            -111.959648,
            40.767601
          ],
          [
            -111.959926,
            40.7675
          ],
          [
            -111.960345,
            40.767324
          ],
          [
            -111.961098,
            40.767019
          ],
          [
            -111.961611,
            40.766822
          ],
          [
            -111.962538,
            40.766499
          ],
          [
            -111.963419,
            40.766223
          ],
          [
            -111.963908,
            40.766083
          ],
          [
            -111.964483,
            40.765918
          ],
          [
            -111.96509,
            40.765752
          ],
          [
            -111.965669,
            40.765609
          ],
          [
            -111.966003,
            40.765535
          ],
          [
            -111.966291,
            40.765478
          ],
          [
            -111.966611,
            40.765418
          ],
          [
            -111.96703,
            40.76535
          ],
          [
            -111.967402,
            40.765296
          ],
          [
            -111.967788,
            40.765245
          ],
          [
            -111.968136,
            40.765209
          ],
          [
            -111.968487,
            40.765172
          ],
          [
            -111.968927,
            40.765136
          ],
          [
            -111.969594,
            40.765099
          ],
          [
            -111.970284,
            40.765093
          ],
          [
            -111.970853,
            40.765096
          ],
          [
            -111.971499,
            40.765117
          ],
          [
            -111.972248,
            40.765167
          ],
          [
            -111.972785,
            40.765223
          ],
          [
            -111.973388,
            40.765291
          ],
          [
            -111.974273,
            40.76539
          ],
          [
            -111.975597,
            40.765558
          ],
          [
            -111.977052,
            40.765735
          ],
          [
            -111.977924,
            40.765846
          ],
          [
            -111.978774,
            40.765943
          ],
          [
            -111.979577,
            40.766048
          ],
          [
            -111.979862,
            40.766098
          ],
          [
            -111.980204,
            40.766162
          ],
          [
            -111.980529,
            40.766237
          ],
          [
            -111.980854,
            40.76633
          ],
          [
            -111.98117,
            40.76643
          ],
          [
            -111.981471,
            40.766537
          ],
          [
            -111.981745,
            40.766648
          ],
          [
            -111.981999,
            40.766762
          ],
          [
            -111.982222,
            40.766858
          ],
          [
            -111.982456,
            40.766987
          ],
          [
            -111.982631,
            40.767087
          ],
          [
            -111.982838,
            40.767212
          ],
          [
            -111.983102,
            40.767384
          ],
          [
            -111.983366,
            40.767563
          ],
          [
            -111.983545,
            40.767695
          ],
          [
            -111.983795,
            40.767906
          ],
          [
            -111.984003,
            40.768082
          ],
          [
            -111.984243,
            40.76831
          ],
          [
            -111.984441,
            40.768512
          ],
          [
            -111.984791,
            40.768897
          ],
          [
            -111.984946,
            40.769105
          ],
          [
            -111.985093,
            40.769316
          ],
          [
            -111.985258,
            40.769577
          ],
          [
            -111.985362,
            40.769774
          ],
          [
            -111.985518,
            40.770135
          ],
          [
            -111.985589,
            40.770325
          ],
          [
            -111.985632,
            40.770486
          ],
          [
            -111.985679,
            40.770708
          ],
          [
            -111.985712,
            40.770912
          ],
          [
            -111.985741,
            40.771098
          ],
          [
            -111.985746,
            40.771288
          ],
          [
            -111.985746,
            40.771474
          ],
          [
            -111.985742,
            40.771696
          ],
          [
            -111.985719,
            40.771836
          ],
          [
            -111.985686,
            40.772047
          ],
          [
            -111.985649,
            40.772269
          ],
          [
            -111.985565,
            40.77257
          ],
          [
            -111.98549,
            40.772814
          ],
          [
            -111.985415,
            40.773004
          ],
          [
            -111.98541,
            40.773007
          ],
          [
            -111.985307,
            40.773244
          ],
          [
            -111.985208,
            40.773416
          ],
          [
            -111.985114,
            40.773563
          ],
          [
            -111.98502,
            40.773695
          ],
          [
            -111.984846,
            40.773907
          ],
          [
            -111.984663,
            40.7741
          ],
          [
            -111.98438,
            40.774344
          ],
          [
            -111.984122,
            40.774538
          ],
          [
            -111.983844,
            40.774703
          ],
          [
            -111.983632,
            40.774817
          ],
          [
            -111.98158,
            40.775793
          ],
          [
            -111.981326,
            40.775933
          ],
          [
            -111.980761,
            40.776324
          ],
          [
            -111.980357,
            40.776643
          ],
          [
            -111.980141,
            40.77689
          ],
          [
            -111.97997,
            40.77719
          ],
          [
            -111.97992,
            40.7773
          ],
          [
            -111.979877,
            40.777424
          ],
          [
            -111.97983,
            40.777558
          ],
          [
            -111.979784,
            40.777746
          ],
          [
            -111.979761,
            40.77788
          ],
          [
            -111.979726,
            40.778032
          ],
          [
            -111.979763,
            40.778255
          ],
          [
            -111.979764,
            40.77846
          ],
          [
            -111.97979,
            40.778764
          ],
          [
            -111.980241,
            40.7822
          ],
          [
            -111.980242,
            40.782405
          ],
          [
            -111.98022,
            40.782611
          ],
          [
            -111.980233,
            40.782897
          ],
          [
            -111.980235,
            40.783182
          ],
          [
            -111.980225,
            40.783504
          ],
          [
            -111.980286,
            40.7837
          ],
          [
            -111.980359,
            40.783887
          ],
          [
            -111.980491,
            40.783994
          ],
          [
            -111.980635,
            40.784136
          ],
          [
            -111.980803,
            40.784189
          ],
          [
            -111.980994,
            40.784224
          ],
          [
            -111.981209,
            40.784242
          ],
          [
            -111.981365,
            40.784259
          ],
          [
            -111.981711,
            40.784258
          ],
          [
            -111.983097,
            40.784253
          ],
          [
            -111.9833,
            40.784243
          ],
          [
            -111.983479,
            40.784252
          ]
        ]
      }
    },
    {
      "type": "Feature",
      "properties": {
        "type": "Streetcar",
        "network": "UTA S-Line",
        "route_name": "S-Line",
        "color": "#77777a"
      },
      "geometry": {
        "type": "LineString",
        "coordinates": [
          [
            -111.896747,
            40.723731
          ],
          [
            -111.896747,
            40.723112
          ],
          [
            -111.896749,
            40.722943
          ],
          [
            -111.896765,
            40.722643
          ],
          [
            -111.896772,
            40.722521
          ],
          [
            -111.896765,
            40.722461
          ],
          [
            -111.896756,
            40.722427
          ],
          [
            -111.896738,
            40.72239
          ],
          [
            -111.896718,
            40.722362
          ],
          [
            -111.896693,
            40.722337
          ],
          [
            -111.896662,
            40.722311
          ],
          [
            -111.896607,
            40.722285
          ],
          [
            -111.896559,
            40.722269
          ],
          [
            -111.896497,
            40.722259
          ],
          [
            -111.896437,
            40.722252
          ],
          [
            -111.896325,
            40.72225
          ],
          [
            -111.893839,
            40.722255
          ],
          [
            -111.892681,
            40.722256
          ],
          [
            -111.89168,
            40.722246
          ],
          [
            -111.89104,
            40.722246
          ],
          [
            -111.889698,
            40.722248
          ],
          [
            -111.889317,
            40.722249
          ],
          [
            -111.888062,
            40.722251
          ],
          [
            -111.887613,
            40.722255
          ],
          [
            -111.887244,
            40.722273
          ],
          [
            -111.886743,
            40.722298
          ],
          [
            -111.886271,
            40.722303
          ],
          [
            -111.881206,
            40.722309
          ],
          [
            -111.880689,
            40.722293
          ],
          [
            -111.880315,
            40.722283
          ],
          [
            -111.880028,
            40.72228
          ],
          [
            -111.879492,
            40.72228
          ],
          [
            -111.879147,
            40.722282
          ],
          [
            -111.878925,
            40.722288
          ],
          [
            -111.878682,
            40.722299
          ],
          [
            -111.87843,
            40.722308
          ],
          [
            -111.877696,
            40.722311
          ],
          [
            -111.877619,
            40.722301
          ],
          [
            -111.87751,
            40.722287
          ],
          [
            -111.877464,
            40.722282
          ],
          [
            -111.877402,
            40.722277
          ],
          [
            -111.877268,
            40.722275
          ],
          [
            -111.876779,
            40.722275
          ],
          [
            -111.876689,
            40.722275
          ],
          [
            -111.876618,
            40.722275
          ],
          [
            -111.876553,
            40.722278
          ],
          [
            -111.87646,
            40.722287
          ],
          [
            -111.876274,
            40.722311
          ],
          [
            -111.875791,
            40.722311
          ],
          [
            -111.875217,
            40.722312
          ],
          [
            -111.874992,
            40.722319
          ],
          [
            -111.874821,
            40.722329
          ],
          [
            -111.874571,
            40.722349
          ],
          [
            -111.874395,
            40.722373
          ],
          [
            -111.873748,
            40.722473
          ],
          [
            -111.873128,
            40.722572
          ],
          [
            -111.872592,
            40.722657
          ],
          [
            -111.872263,
            40.72271
          ],
          [
            -111.872144,
            40.722727
          ],
          [
            -111.872012,
            40.72274
          ],
          [
            -111.871905,
            40.722748
          ],
          [
            -111.871793,
            40.722752
          ],
          [
            -111.871653,
            40.722753
          ],
          [
            -111.871437,
            40.722752
          ],
          [
            -111.870803,
            40.722751
          ],
          [
            -111.870091,
            40.722749
          ],
          [
            -111.869189,
            40.722747
          ],
          [
            -111.868484,
            40.722746
          ],
          [
            -111.867806,
            40.722744
          ],
          [
            -111.867591,
            40.722744
          ],
          [
            -111.86745,
            40.722745
          ],
          [
            -111.867263,
            40.722749
          ],
          [
            -111.867122,
            40.722754
          ],
          [
            -111.866772,
            40.722768
          ],
          [
            -111.866599,
            40.722774
          ],
          [
            -111.866401,
            40.722778
          ],
          [
            -111.866247,
            40.72278
          ],
          [
            -111.866137,
            40.72278
          ],
          [
            -111.865672,
            40.722778
          ],
          [
            -111.863639,
            40.722771
          ],
          [
            -111.86291,
            40.722769
          ],
          [
            -111.862277,
            40.722767
          ],
          [
            -111.862216,
            40.722759
          ],
          [
            -111.862091,
            40.722743
          ],
          [
            -111.862034,
            40.722736
          ],
          [
            -111.86201,
            40.722734
          ],
          [
            -111.861975,
            40.722732
          ],
          [
            -111.86194,
            40.722731
          ],
          [
            -111.861903,
            40.72273
          ],
          [
            -111.861472,
            40.722729
          ]
        ]
      }
    },
    {
      "type": "Feature",
      "properties": {
        "type": "Streetcar",
        "network": "UTA S-Line",
        "route_name": "S-Line",
        "color": "#77777a"
      },
      "geometry": {
        "type": "LineString",
        "coordinates": [
          [
            -111.861472,
            40.722764
          ],
          [
            -111.861598,
            40.722765
          ],
          [
            -111.862277,
            40.722767
          ],
          [
            -111.86291,
            40.722769
          ],
          [
            -111.863639,
            40.722771
          ],
          [
            -111.865672,
            40.722778
          ],
          [
            -111.866137,
            40.72278
          ],
          [
            -111.866247,
            40.72278
          ],
          [
            -111.866401,
            40.722778
          ],
          [
            -111.866599,
            40.722774
          ],
          [
            -111.866772,
            40.722768
          ],
          [
            -111.867122,
            40.722754
          ],
          [
            -111.867263,
            40.722749
          ],
          [
            -111.86745,
            40.722745
          ],
          [
            -111.867591,
            40.722744
          ],
          [
            -111.867806,
            40.722744
          ],
          [
            -111.868484,
            40.722746
          ],
          [
            -111.869189,
            40.722747
          ],
          [
            -111.870091,
            40.722749
          ],
          [
            -111.870803,
            40.722751
          ],
          [
            -111.871437,
            40.722752
          ],
          [
            -111.871653,
            40.722753
          ],
          [
            -111.871793,
            40.722752
          ],
          [
            -111.871905,
            40.722748
          ],
          [
            -111.872012,
            40.72274
          ],
          [
            -111.872144,
            40.722727
          ],
          [
            -111.872263,
            40.72271
          ],
          [
            -111.872592,
            40.722657
          ],
          [
            -111.873128,
            40.722572
          ],
          [
            -111.873748,
            40.722473
          ],
          [
            -111.874395,
            40.722373
          ],
          [
            -111.874571,
            40.722349
          ],
          [
            -111.874821,
            40.722329
          ],
          [
            -111.874992,
            40.722319
          ],
          [
            -111.875217,
            40.722312
          ],
          [
            -111.875791,
            40.722311
          ],
          [
            -111.876274,
            40.722311
          ],
          [
            -111.876513,
            40.722302
          ],
          [
            -111.876692,
            40.722301
          ],
          [
            -111.876835,
            40.722301
          ],
          [
            -111.877026,
            40.72231
          ],
          [
            -111.877181,
            40.7223
          ],
          [
            -111.877289,
            40.722309
          ],
          [
            -111.87736,
            40.7223
          ],
          [
            -111.87748,
            40.722308
          ],
          [
            -111.877575,
            40.722308
          ],
          [
            -111.877696,
            40.722311
          ],
          [
            -111.87843,
            40.722308
          ],
          [
            -111.878682,
            40.722299
          ],
          [
            -111.878925,
            40.722288
          ],
          [
            -111.879147,
            40.722282
          ],
          [
            -111.879492,
            40.72228
          ],
          [
            -111.880028,
            40.72228
          ],
          [
            -111.880315,
            40.722283
          ],
          [
            -111.880689,
            40.722293
          ],
          [
            -111.881206,
            40.722309
          ],
          [
            -111.886271,
            40.722303
          ],
          [
            -111.886743,
            40.722298
          ],
          [
            -111.887244,
            40.722273
          ],
          [
            -111.887613,
            40.722255
          ],
          [
            -111.888062,
            40.722251
          ],
          [
            -111.889317,
            40.722249
          ],
          [
            -111.889698,
            40.722248
          ],
          [
            -111.89104,
            40.722246
          ],
          [
            -111.89168,
            40.722246
          ],
          [
            -111.892681,
            40.722256
          ],
          [
            -111.893839,
            40.722255
          ],
          [
            -111.896325,
            40.72225
          ],
          [
            -111.896437,
            40.722252
          ],
          [
            -111.896497,
            40.722259
          ],
          [
            -111.896559,
            40.722269
          ],
          [
            -111.896607,
            40.722285
          ],
          [
            -111.896662,
            40.722311
          ],
          [
            -111.896693,
            40.722337
          ],
          [
            -111.896718,
            40.722362
          ],
          [
            -111.896738,
            40.72239
          ],
          [
            -111.896756,
            40.722427
          ],
          [
            -111.896765,
            40.722461
          ],
          [
            -111.896772,
            40.722521
          ],
          [
            -111.896765,
            40.722643
          ],
          [
            -111.896749,
            40.722943
          ],
          [
            -111.896747,
            40.723112
          ],
          [
            -111.896747,
            40.723731
          ]
        ]
      }
    },
    {
      "type": "Feature",
      "properties": {
        "type": "Light Rail",
        "network": "UTA TRAX",
        "route_name": "Red Line",
        "color": "#be2036"
      },
      "geometry": {
        "type": "LineString",
        "coordinates": [
          [
            -111.896867,
            40.723868
          ],
          [
            -111.89686,
            40.722717
          ],
          [
            -111.89686,
            40.72263
          ],
          [
            -111.896857,
            40.72171
          ],
          [
            -111.896863,
            40.72022
          ],
          [
            -111.896864,
            40.719634
          ],
          [
            -111.896868,
            40.717963
          ],
          [
            -111.896881,
            40.715528
          ],
          [
            -111.896888,
            40.71271
          ],
          [
            -111.896894,
            40.71054
          ],
          [
            -111.896898,
            40.70918
          ],
          [
            -111.896904,
            40.707301
          ],
          [
            -111.896914,
            40.703874
          ],
          [
            -111.896932,
            40.702804
          ],
          [
            -111.896942,
            40.701296
          ],
          [
            -111.896942,
            40.700156
          ],
          [
            -111.896942,
            40.699809
          ],
          [
            -111.896937,
            40.698175
          ],
          [
            -111.896942,
            40.694441
          ],
          [
            -111.896957,
            40.692123
          ],
          [
            -111.896958,
            40.690615
          ],
          [
            -111.896964,
            40.689478
          ],
          [
            -111.896961,
            40.689083
          ],
          [
            -111.896939,
            40.688843
          ],
          [
            -111.896881,
            40.688541
          ],
          [
            -111.896779,
            40.688202
          ],
          [
            -111.896473,
            40.687124
          ],
          [
            -111.896346,
            40.686662
          ],
          [
            -111.896156,
            40.686016
          ],
          [
            -111.895946,
            40.68533
          ],
          [
            -111.895761,
            40.684791
          ],
          [
            -111.895612,
            40.684303
          ],
          [
            -111.895432,
            40.683741
          ],
          [
            -111.89528,
            40.68325
          ],
          [
            -111.895115,
            40.68273
          ],
          [
            -111.894996,
            40.682326
          ],
          [
            -111.894903,
            40.68204
          ],
          [
            -111.894712,
            40.681303
          ],
          [
            -111.894571,
            40.680687
          ],
          [
            -111.894479,
            40.680246
          ],
          [
            -111.894385,
            40.679781
          ],
          [
            -111.89428,
            40.679278
          ],
          [
            -111.894201,
            40.678927
          ],
          [
            -111.894128,
            40.678538
          ],
          [
            -111.894055,
            40.678012
          ],
          [
            -111.894054,
            40.677374
          ],
          [
            -111.894063,
            40.676243
          ],
          [
            -111.894074,
            40.675808
          ],
          [
            -111.894083,
            40.675528
          ],
          [
            -111.894104,
            40.674664
          ],
          [
            -111.894115,
            40.674145
          ],
          [
            -111.894121,
            40.672683
          ],
          [
            -111.894128,
            40.671643
          ],
          [
            -111.894148,
            40.670356
          ],
          [
            -111.894172,
            40.669129
          ],
          [
            -111.894178,
            40.668792
          ],
          [
            -111.894189,
            40.668373
          ],
          [
            -111.894168,
            40.668065
          ],
          [
            -111.894115,
            40.667518
          ],
          [
            -111.893911,
            40.665491
          ],
          [
            -111.893871,
            40.665035
          ],
          [
            -111.893867,
            40.664901
          ],
          [
            -111.893876,
            40.664662
          ],
          [
            -111.89389,
            40.664425
          ],
          [
            -111.893928,
            40.664044
          ],
          [
            -111.893956,
            40.66384
          ],
          [
            -111.894008,
            40.663519
          ],
          [
            -111.894057,
            40.663273
          ],
          [
            -111.894105,
            40.66306
          ],
          [
            -111.894241,
            40.662557
          ],
          [
            -111.894396,
            40.662128
          ],
          [
            -111.894453,
            40.661936
          ],
          [
            -111.894609,
            40.661559
          ],
          [
            -111.894826,
            40.661076
          ],
          [
            -111.895042,
            40.660688
          ],
          [
            -111.895753,
            40.659432
          ],
          [
            -111.896296,
            40.658502
          ],
          [
            -111.897005,
            40.657263
          ],
          [
            -111.89722,
            40.656908
          ],
          [
            -111.897322,
            40.656696
          ],
          [
            -111.89741,
            40.6565
          ],
          [
            -111.897504,
            40.65625
          ],
          [
            -111.897744,
            40.655546
          ],
          [
            -111.897922,
            40.654942
          ],
          [
            -111.89798,
            40.654686
          ],
          [
            -111.898028,
            40.654418
          ],
          [
            -111.898059,
            40.654169
          ],
          [
            -111.89808,
            40.653736
          ],
          [
            -111.898109,
            40.65316
          ],
          [
            -111.89812,
            40.652538
          ],
          [
            -111.898135,
            40.651229
          ],
          [
            -111.898158,
            40.649603
          ],
          [
            -111.898177,
            40.647964
          ],
          [
            -111.898189,
            40.646359
          ],
          [
            -111.8982,
            40.645341
          ],
          [
            -111.898209,
            40.644469
          ],
          [
            -111.898224,
            40.643017
          ],
          [
            -111.898226,
            40.642412
          ],
          [
            -111.898253,
            40.640616
          ],
          [
            -111.898262,
            40.639691
          ],
          [
            -111.898279,
            40.638507
          ],
          [
            -111.898349,
            40.635112
          ],
          [
            -111.89837,
            40.634231
          ],
          [
            -111.898413,
            40.63383
          ],
          [
            -111.898439,
            40.633413
          ],
          [
            -111.898446,
            40.633102
          ],
          [
            -111.898473,
            40.632755
          ],
          [
            -111.898492,
            40.632432
          ],
          [
            -111.898649,
            40.632275
          ],
          [
            -111.898875,
            40.632147
          ],
          [
            -111.89912,
            40.632098
          ],
          [
            -111.900338,
            40.632088
          ],
          [
            -111.900977,
            40.63197
          ],
          [
            -111.901478,
            40.631793
          ],
          [
            -111.902648,
            40.631378
          ],
          [
            -111.903211,
            40.631233
          ],
          [
            -111.903615,
            40.63106
          ],
          [
            -111.903873,
            40.630917
          ],
          [
            -111.90414,
            40.630748
          ],
          [
            -111.904552,
            40.630405
          ],
          [
            -111.904932,
            40.629777
          ],
          [
            -111.906265,
            40.627623
          ],
          [
            -111.907322,
            40.625943
          ],
          [
            -111.907496,
            40.625548
          ],
          [
            -111.907609,
            40.625135
          ],
          [
            -111.907657,
            40.624893
          ],
          [
            -111.907677,
            40.622168
          ],
          [
            -111.907686,
            40.619591
          ],
          [
            -111.907695,
            40.619095
          ],
          [
            -111.907705,
            40.618952
          ],
          [
            -111.907729,
            40.61884
          ],
          [
            -111.907757,
            40.618712
          ],
          [
            -111.907826,
            40.618565
          ],
          [
            -111.907925,
            40.618405
          ],
          [
            -111.908043,
            40.618216
          ],
          [
            -111.90831,
            40.617964
          ],
          [
            -111.90865,
            40.617754
          ],
          [
            -111.909002,
            40.617628
          ],
          [
            -111.909355,
            40.617575
          ],
          [
            -111.911523,
            40.617452
          ],
          [
            -111.91262,
            40.617355
          ],
          [
            -111.916371,
            40.617049
          ],
          [
            -111.917393,
            40.616948
          ],
          [
            -111.918099,
            40.616816
          ],
          [
            -111.918726,
            40.616623
          ],
          [
            -111.919242,
            40.616403
          ],
          [
            -111.919643,
            40.616188
          ],
          [
            -111.920031,
            40.615927
          ],
          [
            -111.920322,
            40.615703
          ],
          [
            -111.920595,
            40.615456
          ],
          [
            -111.920843,
            40.615204
          ],
          [
            -111.921085,
            40.614878
          ],
          [
            -111.921308,
            40.614525
          ],
          [
            -111.921464,
            40.614176
          ],
          [
            -111.921572,
            40.613869
          ],
          [
            -111.921661,
            40.613511
          ],
          [
            -111.921712,
            40.612847
          ],
          [
            -111.921783,
            40.610586
          ],
          [
            -111.921818,
            40.610363
          ],
          [
            -111.921878,
            40.610108
          ],
          [
            -111.921986,
            40.609847
          ],
          [
            -111.922136,
            40.609573
          ],
          [
            -111.922378,
            40.609261
          ],
          [
            -111.9225,
            40.609146
          ],
          [
            -111.922712,
            40.608938
          ],
          [
            -111.922891,
            40.608789
          ],
          [
            -111.923103,
            40.608659
          ],
          [
            -111.923492,
            40.608456
          ],
          [
            -111.924004,
            40.608214
          ],
          [
            -111.925356,
            40.607579
          ],
          [
            -111.925782,
            40.607406
          ],
          [
            -111.926183,
            40.607281
          ],
          [
            -111.926547,
            40.607192
          ],
          [
            -111.926953,
            40.607115
          ],
          [
            -111.92852,
            40.606862
          ],
          [
            -111.930514,
            40.60652
          ],
          [
            -111.931251,
            40.60636
          ],
          [
            -111.936519,
            40.604873
          ],
          [
            -111.939346,
            40.604073
          ],
          [
            -111.944143,
            40.60269
          ],
          [
            -111.950588,
            40.60085
          ],
          [
            -111.957159,
            40.598964
          ],
          [
            -111.958284,
            40.598625
          ],
          [
            -111.960916,
            40.597872
          ],
          [
            -111.96744,
            40.595985
          ],
          [
            -111.971735,
            40.594794
          ],
          [
            -111.975519,
            40.593715
          ],
          [
            -111.980887,
            40.592178
          ],
          [
            -111.983099,
            40.591548
          ],
          [
            -111.983646,
            40.591377
          ],
          [
            -111.984206,
            40.59119
          ],
          [
            -111.984765,
            40.590987
          ],
          [
            -111.9853,
            40.590771
          ],
          [
            -111.985917,
            40.590516
          ],
          [
            -111.986726,
            40.590135
          ],
          [
            -111.988201,
            40.589396
          ],
          [
            -111.990368,
            40.588331
          ],
          [
            -111.990885,
            40.588067
          ],
          [
            -111.992098,
            40.587468
          ],
          [
            -111.995352,
            40.585859
          ],
          [
            -111.998519,
            40.584276
          ],
          [
            -112.000419,
            40.583338
          ],
          [
            -112.003695,
            40.581725
          ],
          [
            -112.006615,
            40.580263
          ],
          [
            -112.008523,
            40.579318
          ],
          [
            -112.010886,
            40.578139
          ],
          [
            -112.012669,
            40.577256
          ],
          [
            -112.015489,
            40.575849
          ],
          [
            -112.01696,
            40.575119
          ],
          [
            -112.019592,
            40.573813
          ],
          [
            -112.02265,
            40.572317
          ],
          [
            -112.02342,
            40.571919
          ],
          [
            -112.023749,
            40.57175
          ],
          [
            -112.02392,
            40.571627
          ],
          [
            -112.024068,
            40.571501
          ],
          [
            -112.024288,
            40.571307
          ],
          [
            -112.024387,
            40.571191
          ],
          [
            -112.02449,
            40.571062
          ],
          [
            -112.024556,
            40.570962
          ],
          [
            -112.024625,
            40.570849
          ],
          [
            -112.024699,
            40.570714
          ],
          [
            -112.024751,
            40.570579
          ],
          [
            -112.024808,
            40.570416
          ],
          [
            -112.024835,
            40.570291
          ],
          [
            -112.024862,
            40.570111
          ],
          [
            -112.024875,
            40.569893
          ],
          [
            -112.024848,
            40.567151
          ],
          [
            -112.024782,
            40.565977
          ],
          [
            -112.024721,
            40.564989
          ],
          [
            -112.024703,
            40.564083
          ],
          [
            -112.024702,
            40.561824
          ],
          [
            -112.024698,
            40.560185
          ],
          [
            -112.024705,
            40.558169
          ],
          [
            -112.024708,
            40.556742
          ],
          [
            -112.024694,
            40.556374
          ],
          [
            -112.024699,
            40.556089
          ],
          [
            -112.024685,
            40.555778
          ],
          [
            -112.024671,
            40.55567
          ],
          [
            -112.024643,
            40.555475
          ],
          [
            -112.024577,
            40.555271
          ],
          [
            -112.02452,
            40.555108
          ],
          [
            -112.024442,
            40.554945
          ],
          [
            -112.024355,
            40.55478
          ],
          [
            -112.024235,
            40.554576
          ],
          [
            -112.024097,
            40.554379
          ],
          [
            -112.023969,
            40.554226
          ],
          [
            -112.023803,
            40.554045
          ],
          [
            -112.023585,
            40.553823
          ],
          [
            -112.022682,
            40.552906
          ],
          [
            -112.02177,
            40.551967
          ],
          [
            -112.020947,
            40.551117
          ],
          [
            -112.020018,
            40.550162
          ],
          [
            -112.018765,
            40.54887
          ],
          [
            -112.017397,
            40.547461
          ],
          [
            -112.015535,
            40.545557
          ],
          [
            -112.013652,
            40.543644
          ]
        ]
      }
    },
    {
      "type": "Feature",
      "properties": {
        "type": "Light Rail",
        "network": "UTA TRAX",
        "route_name": "Red Line",
        "color": "#be2036"
      },
      "geometry": {
        "type": "LineString",
        "coordinates": [
          [
            -111.838966,
            40.769661
          ],
          [
            -111.838637,
            40.769346
          ],
          [
            -111.838403,
            40.769129
          ],
          [
            -111.838291,
            40.769045
          ],
          [
            -111.838154,
            40.768963
          ],
          [
            -111.83784,
            40.768789
          ],
          [
            -111.837348,
            40.768501
          ],
          [
            -111.836989,
            40.768297
          ],
          [
            -111.836799,
            40.768153
          ],
          [
            -111.836723,
            40.768094
          ],
          [
            -111.836637,
            40.768002
          ],
          [
            -111.83657,
            40.767912
          ],
          [
            -111.83652,
            40.76782
          ],
          [
            -111.83648,
            40.767733
          ],
          [
            -111.836451,
            40.767644
          ],
          [
            -111.836438,
            40.767558
          ],
          [
            -111.836436,
            40.767484
          ],
          [
            -111.836442,
            40.767393
          ],
          [
            -111.836451,
            40.767316
          ],
          [
            -111.83647,
            40.767247
          ],
          [
            -111.836483,
            40.767188
          ],
          [
            -111.836526,
            40.767068
          ],
          [
            -111.836588,
            40.766929
          ],
          [
            -111.836772,
            40.766533
          ],
          [
            -111.836917,
            40.766227
          ],
          [
            -111.837021,
            40.765921
          ],
          [
            -111.837043,
            40.765807
          ],
          [
            -111.837054,
            40.765685
          ],
          [
            -111.837053,
            40.765524
          ],
          [
            -111.837047,
            40.765452
          ],
          [
            -111.837035,
            40.765376
          ],
          [
            -111.837007,
            40.765263
          ],
          [
            -111.836969,
            40.765132
          ],
          [
            -111.836889,
            40.764956
          ],
          [
            -111.836851,
            40.76488
          ],
          [
            -111.836372,
            40.763956
          ],
          [
            -111.83619,
            40.763585
          ],
          [
            -111.836072,
            40.763283
          ],
          [
            -111.836013,
            40.763098
          ],
          [
            -111.835948,
            40.762856
          ],
          [
            -111.835838,
            40.762435
          ],
          [
            -111.835836,
            40.762374
          ],
          [
            -111.83585,
            40.762313
          ],
          [
            -111.835877,
            40.762261
          ],
          [
            -111.835931,
            40.762203
          ],
          [
            -111.835989,
            40.762161
          ],
          [
            -111.836107,
            40.762095
          ],
          [
            -111.836421,
            40.761928
          ],
          [
            -111.836767,
            40.761731
          ],
          [
            -111.837114,
            40.761542
          ],
          [
            -111.837512,
            40.761333
          ],
          [
            -111.838665,
            40.760744
          ],
          [
            -111.839025,
            40.76058
          ],
          [
            -111.840112,
            40.760012
          ],
          [
            -111.840831,
            40.759622
          ],
          [
            -111.841152,
            40.759469
          ],
          [
            -111.841276,
            40.759419
          ],
          [
            -111.841406,
            40.759371
          ],
          [
            -111.84154,
            40.759332
          ],
          [
            -111.84167,
            40.759301
          ],
          [
            -111.8418,
            40.759279
          ],
          [
            -111.842072,
            40.759248
          ],
          [
            -111.842243,
            40.759248
          ],
          [
            -111.842401,
            40.759249
          ],
          [
            -111.842546,
            40.759262
          ],
          [
            -111.842721,
            40.759282
          ],
          [
            -111.84291,
            40.759313
          ],
          [
            -111.84324,
            40.759374
          ],
          [
            -111.843797,
            40.75947
          ],
          [
            -111.844474,
            40.759595
          ],
          [
            -111.844784,
            40.759658
          ],
          [
            -111.845154,
            40.759738
          ],
          [
            -111.845626,
            40.759866
          ],
          [
            -111.8459,
            40.759944
          ],
          [
            -111.846131,
            40.760018
          ],
          [
            -111.846284,
            40.760077
          ],
          [
            -111.846387,
            40.760117
          ],
          [
            -111.846492,
            40.760172
          ],
          [
            -111.846595,
            40.760237
          ],
          [
            -111.846721,
            40.760322
          ],
          [
            -111.846851,
            40.760419
          ],
          [
            -111.846995,
            40.760525
          ],
          [
            -111.847133,
            40.76063
          ],
          [
            -111.847264,
            40.760704
          ],
          [
            -111.847435,
            40.760775
          ],
          [
            -111.847635,
            40.76084
          ],
          [
            -111.8478,
            40.760879
          ],
          [
            -111.847876,
            40.760897
          ],
          [
            -111.847964,
            40.760908
          ],
          [
            -111.848058,
            40.760917
          ],
          [
            -111.848143,
            40.760918
          ],
          [
            -111.849253,
            40.760913
          ],
          [
            -111.849522,
            40.7609
          ],
          [
            -111.849668,
            40.760891
          ],
          [
            -111.849793,
            40.760867
          ],
          [
            -111.849922,
            40.76083
          ],
          [
            -111.850037,
            40.760788
          ],
          [
            -111.850159,
            40.76074
          ],
          [
            -111.850323,
            40.760664
          ],
          [
            -111.850464,
            40.760601
          ],
          [
            -111.850663,
            40.760531
          ],
          [
            -111.850773,
            40.760503
          ],
          [
            -111.85094,
            40.760471
          ],
          [
            -111.851244,
            40.760462
          ],
          [
            -111.851553,
            40.760462
          ],
          [
            -111.851878,
            40.760459
          ],
          [
            -111.851954,
            40.760451
          ],
          [
            -111.852018,
            40.760435
          ],
          [
            -111.852078,
            40.760402
          ],
          [
            -111.852121,
            40.760363
          ],
          [
            -111.852158,
            40.760312
          ],
          [
            -111.852179,
            40.760242
          ],
          [
            -111.852186,
            40.760161
          ],
          [
            -111.852186,
            40.759648
          ],
          [
            -111.852178,
            40.759019
          ],
          [
            -111.852181,
            40.758744
          ],
          [
            -111.852208,
            40.758661
          ],
          [
            -111.852247,
            40.758607
          ],
          [
            -111.852309,
            40.758569
          ],
          [
            -111.852393,
            40.758537
          ],
          [
            -111.8525,
            40.758507
          ],
          [
            -111.852605,
            40.758489
          ],
          [
            -111.852717,
            40.758477
          ],
          [
            -111.853004,
            40.758474
          ],
          [
            -111.853297,
            40.758481
          ],
          [
            -111.85358,
            40.758478
          ],
          [
            -111.854617,
            40.758478
          ],
          [
            -111.856451,
            40.758473
          ],
          [
            -111.858002,
            40.758469
          ],
          [
            -111.859384,
            40.758472
          ],
          [
            -111.859917,
            40.758469
          ],
          [
            -111.860987,
            40.75847
          ],
          [
            -111.861144,
            40.758476
          ],
          [
            -111.861292,
            40.758489
          ],
          [
            -111.861415,
            40.758507
          ],
          [
            -111.861534,
            40.758533
          ],
          [
            -111.861633,
            40.758568
          ],
          [
            -111.861725,
            40.758606
          ],
          [
            -111.861811,
            40.758648
          ],
          [
            -111.861889,
            40.758694
          ],
          [
            -111.861995,
            40.758763
          ],
          [
            -111.862067,
            40.758821
          ],
          [
            -111.862152,
            40.758909
          ],
          [
            -111.862272,
            40.759036
          ],
          [
            -111.86233,
            40.759118
          ],
          [
            -111.862367,
            40.75918
          ],
          [
            -111.862401,
            40.759233
          ],
          [
            -111.862428,
            40.75929
          ],
          [
            -111.86246,
            40.759358
          ],
          [
            -111.862483,
            40.759435
          ],
          [
            -111.862508,
            40.759551
          ],
          [
            -111.862522,
            40.759687
          ],
          [
            -111.862537,
            40.759954
          ],
          [
            -111.862544,
            40.760042
          ],
          [
            -111.862563,
            40.760177
          ],
          [
            -111.862588,
            40.760264
          ],
          [
            -111.862608,
            40.760316
          ],
          [
            -111.862688,
            40.760418
          ],
          [
            -111.862765,
            40.760489
          ],
          [
            -111.862851,
            40.760546
          ],
          [
            -111.862926,
            40.760583
          ],
          [
            -111.863003,
            40.760614
          ],
          [
            -111.863087,
            40.760635
          ],
          [
            -111.863191,
            40.760649
          ],
          [
            -111.863312,
            40.760661
          ],
          [
            -111.863454,
            40.760657
          ],
          [
            -111.863835,
            40.760653
          ],
          [
            -111.865026,
            40.760649
          ],
          [
            -111.865558,
            40.760657
          ],
          [
            -111.866872,
            40.760657
          ],
          [
            -111.867337,
            40.760645
          ],
          [
            -111.867906,
            40.760645
          ],
          [
            -111.868418,
            40.760671
          ],
          [
            -111.868919,
            40.760672
          ],
          [
            -111.869386,
            40.760665
          ],
          [
            -111.869837,
            40.760643
          ],
          [
            -111.871901,
            40.760664
          ],
          [
            -111.872377,
            40.76065
          ],
          [
            -111.873675,
            40.760652
          ],
          [
            -111.874146,
            40.760658
          ],
          [
            -111.875099,
            40.760654
          ],
          [
            -111.875554,
            40.760634
          ],
          [
            -111.876015,
            40.760635
          ],
          [
            -111.876488,
            40.760638
          ],
          [
            -111.877053,
            40.760656
          ],
          [
            -111.877818,
            40.760654
          ],
          [
            -111.878264,
            40.760645
          ],
          [
            -111.878818,
            40.760629
          ],
          [
            -111.879348,
            40.760629
          ],
          [
            -111.879892,
            40.760649
          ],
          [
            -111.880385,
            40.76065
          ],
          [
            -111.880846,
            40.760642
          ],
          [
            -111.881303,
            40.760627
          ],
          [
            -111.882225,
            40.760622
          ],
          [
            -111.882774,
            40.760648
          ],
          [
            -111.883363,
            40.760646
          ],
          [
            -111.883819,
            40.76062
          ],
          [
            -111.885108,
            40.760633
          ],
          [
            -111.885592,
            40.760642
          ],
          [
            -111.88655,
            40.760641
          ],
          [
            -111.887004,
            40.76062
          ],
          [
            -111.887882,
            40.760615
          ],
          [
            -111.888478,
            40.760638
          ],
          [
            -111.88998,
            40.760648
          ],
          [
            -111.891094,
            40.760631
          ],
          [
            -111.891091,
            40.759331
          ],
          [
            -111.891084,
            40.758638
          ],
          [
            -111.891102,
            40.757282
          ],
          [
            -111.891084,
            40.755138
          ],
          [
            -111.891055,
            40.754474
          ],
          [
            -111.891066,
            40.754354
          ],
          [
            -111.891101,
            40.754282
          ],
          [
            -111.891143,
            40.754241
          ],
          [
            -111.891204,
            40.754192
          ],
          [
            -111.891284,
            40.754151
          ],
          [
            -111.891406,
            40.754127
          ],
          [
            -111.892312,
            40.754133
          ],
          [
            -111.893935,
            40.754124
          ],
          [
            -111.896283,
            40.754119
          ],
          [
            -111.896404,
            40.754121
          ],
          [
            -111.896493,
            40.754112
          ],
          [
            -111.896595,
            40.754084
          ],
          [
            -111.896689,
            40.754043
          ],
          [
            -111.896763,
            40.753971
          ],
          [
            -111.896785,
            40.753919
          ],
          [
            -111.8968,
            40.753864
          ],
          [
            -111.896806,
            40.753803
          ],
          [
            -111.896805,
            40.753741
          ],
          [
            -111.896799,
            40.750935
          ],
          [
            -111.896805,
            40.749894
          ],
          [
            -111.896805,
            40.749567
          ],
          [
            -111.896811,
            40.746848
          ],
          [
            -111.896806,
            40.74384
          ],
          [
            -111.896788,
            40.742773
          ],
          [
            -111.8968,
            40.739671
          ],
          [
            -111.896806,
            40.738086
          ],
          [
            -111.89682,
            40.737496
          ],
          [
            -111.896846,
            40.736754
          ],
          [
            -111.896864,
            40.735512
          ],
          [
            -111.896876,
            40.733527
          ],
          [
            -111.896876,
            40.732935
          ],
          [
            -111.896887,
            40.731726
          ],
          [
            -111.89688,
            40.72995
          ],
          [
            -111.896887,
            40.729229
          ],
          [
            -111.896872,
            40.726977
          ],
          [
            -111.896862,
            40.725448
          ],
          [
            -111.896867,
            40.723868
          ],
          [
            -111.89686,
            40.722717
          ],
          [
            -111.89686,
            40.72263
          ],
          [
            -111.896857,
            40.72171
          ],
          [
            -111.896863,
            40.72022
          ],
          [
            -111.896864,
            40.719634
          ],
          [
            -111.896868,
            40.717963
          ],
          [
            -111.896881,
            40.715528
          ],
          [
            -111.896888,
            40.71271
          ],
          [
            -111.896894,
            40.71054
          ],
          [
            -111.896898,
            40.70918
          ],
          [
            -111.896904,
            40.707301
          ],
          [
            -111.896914,
            40.703874
          ],
          [
            -111.896932,
            40.702804
          ],
          [
            -111.896942,
            40.701296
          ],
          [
            -111.896942,
            40.700156
          ],
          [
            -111.896942,
            40.699809
          ],
          [
            -111.896937,
            40.698175
          ],
          [
            -111.896942,
            40.694441
          ],
          [
            -111.896957,
            40.692123
          ],
          [
            -111.896958,
            40.690615
          ],
          [
            -111.896964,
            40.689478
          ],
          [
            -111.896961,
            40.689083
          ],
          [
            -111.896939,
            40.688843
          ],
          [
            -111.896881,
            40.688541
          ],
          [
            -111.896779,
            40.688202
          ],
          [
            -111.896473,
            40.687124
          ],
          [
            -111.896346,
            40.686662
          ],
          [
            -111.896156,
            40.686016
          ],
          [
            -111.895946,
            40.68533
          ],
          [
            -111.895761,
            40.684791
          ],
          [
            -111.895612,
            40.684303
          ],
          [
            -111.895432,
            40.683741
          ],
          [
            -111.89528,
            40.68325
          ],
          [
            -111.895115,
            40.68273
          ],
          [
            -111.894996,
            40.682326
          ],
          [
            -111.894903,
            40.68204
          ],
          [
            -111.894712,
            40.681303
          ],
          [
            -111.894571,
            40.680687
          ],
          [
            -111.894479,
            40.680246
          ],
          [
            -111.894385,
            40.679781
          ],
          [
            -111.89428,
            40.679278
          ],
          [
            -111.894201,
            40.678927
          ],
          [
            -111.894128,
            40.678538
          ],
          [
            -111.894055,
            40.678012
          ],
          [
            -111.894054,
            40.677374
          ],
          [
            -111.894063,
            40.676243
          ],
          [
            -111.894074,
            40.675808
          ],
          [
            -111.894083,
            40.675528
          ],
          [
            -111.894104,
            40.674664
          ],
          [
            -111.894115,
            40.674145
          ],
          [
            -111.894121,
            40.672683
          ],
          [
            -111.894128,
            40.671643
          ],
          [
            -111.894148,
            40.670356
          ],
          [
            -111.894172,
            40.669129
          ],
          [
            -111.894178,
            40.668792
          ],
          [
            -111.894189,
            40.668373
          ],
          [
            -111.894168,
            40.668065
          ],
          [
            -111.894115,
            40.667518
          ],
          [
            -111.893911,
            40.665491
          ],
          [
            -111.893871,
            40.665035
          ],
          [
            -111.893867,
            40.664901
          ],
          [
            -111.893876,
            40.664662
          ],
          [
            -111.89389,
            40.664425
          ],
          [
            -111.893928,
            40.664044
          ],
          [
            -111.893956,
            40.66384
          ],
          [
            -111.894008,
            40.663519
          ],
          [
            -111.894057,
            40.663273
          ],
          [
            -111.894105,
            40.66306
          ],
          [
            -111.894241,
            40.662557
          ],
          [
            -111.894396,
            40.662128
          ],
          [
            -111.894453,
            40.661936
          ],
          [
            -111.894609,
            40.661559
          ],
          [
            -111.894826,
            40.661076
          ],
          [
            -111.895042,
            40.660688
          ],
          [
            -111.895753,
            40.659432
          ],
          [
            -111.896296,
            40.658502
          ],
          [
            -111.897005,
            40.657263
          ],
          [
            -111.89722,
            40.656908
          ],
          [
            -111.897322,
            40.656696
          ],
          [
            -111.89741,
            40.6565
          ],
          [
            -111.897504,
            40.65625
          ],
          [
            -111.897744,
            40.655546
          ],
          [
            -111.897922,
            40.654942
          ],
          [
            -111.89798,
            40.654686
          ],
          [
            -111.898028,
            40.654418
          ],
          [
            -111.898059,
            40.654169
          ],
          [
            -111.89808,
            40.653736
          ],
          [
            -111.898109,
            40.65316
          ],
          [
            -111.89812,
            40.652538
          ],
          [
            -111.898135,
            40.651229
          ],
          [
            -111.898158,
            40.649603
          ],
          [
            -111.898177,
            40.647964
          ],
          [
            -111.898189,
            40.646359
          ],
          [
            -111.8982,
            40.645341
          ],
          [
            -111.898209,
            40.644469
          ],
          [
            -111.898224,
            40.643017
          ],
          [
            -111.898226,
            40.642412
          ],
          [
            -111.898253,
            40.640616
          ],
          [
            -111.898262,
            40.639691
          ],
          [
            -111.898279,
            40.638507
          ],
          [
            -111.898349,
            40.635112
          ],
          [
            -111.89837,
            40.634231
          ],
          [
            -111.898413,
            40.63383
          ],
          [
            -111.898439,
            40.633413
          ],
          [
            -111.898446,
            40.633102
          ],
          [
            -111.898473,
            40.632755
          ],
          [
            -111.898492,
            40.632432
          ],
          [
            -111.898649,
            40.632275
          ],
          [
            -111.898875,
            40.632147
          ],
          [
            -111.89912,
            40.632098
          ],
          [
            -111.900338,
            40.632088
          ],
          [
            -111.900977,
            40.63197
          ],
          [
            -111.901478,
            40.631793
          ],
          [
            -111.902648,
            40.631378
          ],
          [
            -111.903211,
            40.631233
          ],
          [
            -111.903615,
            40.63106
          ],
          [
            -111.903873,
            40.630917
          ],
          [
            -111.90414,
            40.630748
          ],
          [
            -111.904552,
            40.630405
          ],
          [
            -111.904932,
            40.629777
          ],
          [
            -111.906265,
            40.627623
          ],
          [
            -111.907322,
            40.625943
          ],
          [
            -111.907496,
            40.625548
          ],
          [
            -111.907609,
            40.625135
          ],
          [
            -111.907657,
            40.624893
          ],
          [
            -111.907677,
            40.622168
          ],
          [
            -111.907686,
            40.619591
          ],
          [
            -111.907695,
            40.619095
          ],
          [
            -111.907705,
            40.618952
          ],
          [
            -111.907729,
            40.61884
          ],
          [
            -111.907757,
            40.618712
          ],
          [
            -111.907826,
            40.618565
          ],
          [
            -111.907925,
            40.618405
          ],
          [
            -111.908043,
            40.618216
          ],
          [
            -111.90831,
            40.617964
          ],
          [
            -111.90865,
            40.617754
          ],
          [
            -111.909002,
            40.617628
          ],
          [
            -111.909355,
            40.617575
          ],
          [
            -111.911523,
            40.617452
          ],
          [
            -111.91262,
            40.617355
          ],
          [
            -111.916371,
            40.617049
          ],
          [
            -111.917393,
            40.616948
          ],
          [
            -111.918099,
            40.616816
          ],
          [
            -111.918726,
            40.616623
          ],
          [
            -111.919242,
            40.616403
          ],
          [
            -111.919643,
            40.616188
          ],
          [
            -111.920031,
            40.615927
          ],
          [
            -111.920322,
            40.615703
          ],
          [
            -111.920595,
            40.615456
          ],
          [
            -111.920843,
            40.615204
          ],
          [
            -111.921085,
            40.614878
          ],
          [
            -111.921308,
            40.614525
          ],
          [
            -111.921464,
            40.614176
          ],
          [
            -111.921572,
            40.613869
          ],
          [
            -111.921661,
            40.613511
          ],
          [
            -111.921712,
            40.612847
          ],
          [
            -111.921783,
            40.610586
          ],
          [
            -111.921818,
            40.610363
          ],
          [
            -111.921878,
            40.610108
          ],
          [
            -111.921986,
            40.609847
          ],
          [
            -111.922136,
            40.609573
          ],
          [
            -111.922378,
            40.609261
          ],
          [
            -111.9225,
            40.609146
          ],
          [
            -111.922712,
            40.608938
          ],
          [
            -111.922891,
            40.608789
          ],
          [
            -111.923103,
            40.608659
          ],
          [
            -111.923492,
            40.608456
          ],
          [
            -111.924004,
            40.608214
          ],
          [
            -111.925356,
            40.607579
          ],
          [
            -111.925782,
            40.607406
          ],
          [
            -111.926183,
            40.607281
          ],
          [
            -111.926547,
            40.607192
          ],
          [
            -111.926953,
            40.607115
          ],
          [
            -111.92852,
            40.606862
          ],
          [
            -111.930514,
            40.60652
          ],
          [
            -111.931251,
            40.60636
          ],
          [
            -111.936519,
            40.604873
          ],
          [
            -111.939346,
            40.604073
          ],
          [
            -111.944143,
            40.60269
          ],
          [
            -111.950588,
            40.60085
          ],
          [
            -111.957159,
            40.598964
          ],
          [
            -111.958284,
            40.598625
          ],
          [
            -111.960916,
            40.597872
          ],
          [
            -111.96744,
            40.595985
          ],
          [
            -111.971735,
            40.594794
          ],
          [
            -111.975519,
            40.593715
          ],
          [
            -111.980887,
            40.592178
          ],
          [
            -111.983099,
            40.591548
          ],
          [
            -111.983646,
            40.591377
          ],
          [
            -111.984206,
            40.59119
          ],
          [
            -111.984765,
            40.590987
          ],
          [
            -111.9853,
            40.590771
          ],
          [
            -111.985917,
            40.590516
          ],
          [
            -111.986726,
            40.590135
          ],
          [
            -111.988201,
            40.589396
          ],
          [
            -111.990368,
            40.588331
          ],
          [
            -111.990885,
            40.588067
          ],
          [
            -111.992098,
            40.587468
          ],
          [
            -111.995352,
            40.585859
          ],
          [
            -111.998519,
            40.584276
          ],
          [
            -112.000419,
            40.583338
          ],
          [
            -112.003695,
            40.581725
          ],
          [
            -112.006615,
            40.580263
          ],
          [
            -112.008523,
            40.579318
          ],
          [
            -112.010886,
            40.578139
          ],
          [
            -112.012669,
            40.577256
          ],
          [
            -112.015489,
            40.575849
          ],
          [
            -112.01696,
            40.575119
          ],
          [
            -112.019592,
            40.573813
          ],
          [
            -112.02265,
            40.572317
          ],
          [
            -112.02342,
            40.571919
          ],
          [
            -112.023749,
            40.57175
          ],
          [
            -112.02392,
            40.571627
          ],
          [
            -112.024068,
            40.571501
          ],
          [
            -112.024288,
            40.571307
          ],
          [
            -112.024387,
            40.571191
          ],
          [
            -112.02449,
            40.571062
          ],
          [
            -112.024556,
            40.570962
          ],
          [
            -112.024625,
            40.570849
          ],
          [
            -112.024699,
            40.570714
          ],
          [
            -112.024751,
            40.570579
          ],
          [
            -112.024808,
            40.570416
          ],
          [
            -112.024835,
            40.570291
          ],
          [
            -112.024862,
            40.570111
          ],
          [
            -112.024875,
            40.569893
          ],
          [
            -112.024848,
            40.567151
          ],
          [
            -112.024782,
            40.565977
          ],
          [
            -112.024721,
            40.564989
          ],
          [
            -112.024703,
            40.564083
          ],
          [
            -112.024702,
            40.561824
          ],
          [
            -112.024698,
            40.560185
          ],
          [
            -112.024705,
            40.558169
          ],
          [
            -112.024708,
            40.556742
          ],
          [
            -112.024694,
            40.556374
          ],
          [
            -112.024699,
            40.556089
          ],
          [
            -112.024685,
            40.555778
          ],
          [
            -112.024671,
            40.55567
          ],
          [
            -112.024643,
            40.555475
          ],
          [
            -112.024577,
            40.555271
          ],
          [
            -112.02452,
            40.555108
          ],
          [
            -112.024442,
            40.554945
          ],
          [
            -112.024355,
            40.55478
          ],
          [
            -112.024235,
            40.554576
          ],
          [
            -112.024097,
            40.554379
          ],
          [
            -112.023969,
            40.554226
          ],
          [
            -112.023803,
            40.554045
          ],
          [
            -112.023585,
            40.553823
          ],
          [
            -112.022682,
            40.552906
          ],
          [
            -112.02177,
            40.551967
          ],
          [
            -112.020947,
            40.551117
          ],
          [
            -112.020018,
            40.550162
          ],
          [
            -112.018765,
            40.54887
          ],
          [
            -112.017397,
            40.547461
          ],
          [
            -112.015535,
            40.545557
          ],
          [
            -112.013652,
            40.543644
          ],
          [
            -112.01245,
            40.54241
          ]
        ]
      }
    },
    {
      "type": "Feature",
      "properties": {
        "type": "Light Rail",
        "network": "UTA TRAX",
        "route_name": "Red Line",
        "color": "#be2036"
      },
      "geometry": {
        "type": "LineString",
        "coordinates": [
          [
            -111.840146,
            40.770775
          ],
          [
            -111.839807,
            40.770455
          ],
          [
            -111.839556,
            40.770225
          ],
          [
            -111.839257,
            40.769938
          ],
          [
            -111.838966,
            40.769661
          ],
          [
            -111.838637,
            40.769346
          ],
          [
            -111.838403,
            40.769129
          ],
          [
            -111.838291,
            40.769045
          ],
          [
            -111.838154,
            40.768963
          ],
          [
            -111.83784,
            40.768789
          ],
          [
            -111.837348,
            40.768501
          ],
          [
            -111.836989,
            40.768297
          ],
          [
            -111.836799,
            40.768153
          ],
          [
            -111.836723,
            40.768094
          ],
          [
            -111.836637,
            40.768002
          ],
          [
            -111.83657,
            40.767912
          ],
          [
            -111.83652,
            40.76782
          ],
          [
            -111.83648,
            40.767733
          ],
          [
            -111.836451,
            40.767644
          ],
          [
            -111.836438,
            40.767558
          ],
          [
            -111.836436,
            40.767484
          ],
          [
            -111.836442,
            40.767393
          ],
          [
            -111.836451,
            40.767316
          ],
          [
            -111.83647,
            40.767247
          ],
          [
            -111.836483,
            40.767188
          ],
          [
            -111.836526,
            40.767068
          ],
          [
            -111.836588,
            40.766929
          ],
          [
            -111.836772,
            40.766533
          ],
          [
            -111.836917,
            40.766227
          ],
          [
            -111.837021,
            40.765921
          ],
          [
            -111.837043,
            40.765807
          ],
          [
            -111.837054,
            40.765685
          ],
          [
            -111.837053,
            40.765524
          ],
          [
            -111.837047,
            40.765452
          ],
          [
            -111.837035,
            40.765376
          ],
          [
            -111.837007,
            40.765263
          ],
          [
            -111.836969,
            40.765132
          ],
          [
            -111.836889,
            40.764956
          ],
          [
            -111.836851,
            40.76488
          ],
          [
            -111.836372,
            40.763956
          ],
          [
            -111.83619,
            40.763585
          ],
          [
            -111.836072,
            40.763283
          ],
          [
            -111.836013,
            40.763098
          ],
          [
            -111.835948,
            40.762856
          ],
          [
            -111.835838,
            40.762435
          ],
          [
            -111.835836,
            40.762374
          ],
          [
            -111.83585,
            40.762313
          ],
          [
            -111.835877,
            40.762261
          ],
          [
            -111.835931,
            40.762203
          ],
          [
            -111.835989,
            40.762161
          ],
          [
            -111.836107,
            40.762095
          ],
          [
            -111.836421,
            40.761928
          ],
          [
            -111.836767,
            40.761731
          ],
          [
            -111.837114,
            40.761542
          ],
          [
            -111.837512,
            40.761333
          ],
          [
            -111.838665,
            40.760744
          ],
          [
            -111.839025,
            40.76058
          ],
          [
            -111.840112,
            40.760012
          ],
          [
            -111.840831,
            40.759622
          ],
          [
            -111.841152,
            40.759469
          ],
          [
            -111.841276,
            40.759419
          ],
          [
            -111.841406,
            40.759371
          ],
          [
            -111.84154,
            40.759332
          ],
          [
            -111.84167,
            40.759301
          ],
          [
            -111.8418,
            40.759279
          ],
          [
            -111.842072,
            40.759248
          ],
          [
            -111.842243,
            40.759248
          ],
          [
            -111.842401,
            40.759249
          ],
          [
            -111.842546,
            40.759262
          ],
          [
            -111.842721,
            40.759282
          ],
          [
            -111.84291,
            40.759313
          ],
          [
            -111.84324,
            40.759374
          ],
          [
            -111.843797,
            40.75947
          ],
          [
            -111.844474,
            40.759595
          ],
          [
            -111.844784,
            40.759658
          ],
          [
            -111.845154,
            40.759738
          ],
          [
            -111.845626,
            40.759866
          ],
          [
            -111.8459,
            40.759944
          ],
          [
            -111.846131,
            40.760018
          ],
          [
            -111.846284,
            40.760077
          ],
          [
            -111.846387,
            40.760117
          ],
          [
            -111.846492,
            40.760172
          ],
          [
            -111.846595,
            40.760237
          ],
          [
            -111.846721,
            40.760322
          ],
          [
            -111.846851,
            40.760419
          ],
          [
            -111.846995,
            40.760525
          ],
          [
            -111.847133,
            40.76063
          ],
          [
            -111.847264,
            40.760704
          ],
          [
            -111.847435,
            40.760775
          ],
          [
            -111.847635,
            40.76084
          ],
          [
            -111.8478,
            40.760879
          ],
          [
            -111.847876,
            40.760897
          ],
          [
            -111.847964,
            40.760908
          ],
          [
            -111.848058,
            40.760917
          ],
          [
            -111.848143,
            40.760918
          ],
          [
            -111.849253,
            40.760913
          ],
          [
            -111.849522,
            40.7609
          ],
          [
            -111.849668,
            40.760891
          ],
          [
            -111.849793,
            40.760867
          ],
          [
            -111.849922,
            40.76083
          ],
          [
            -111.850037,
            40.760788
          ],
          [
            -111.850159,
            40.76074
          ],
          [
            -111.850323,
            40.760664
          ],
          [
            -111.850464,
            40.760601
          ],
          [
            -111.850663,
            40.760531
          ],
          [
            -111.850773,
            40.760503
          ],
          [
            -111.85094,
            40.760471
          ],
          [
            -111.851244,
            40.760462
          ],
          [
            -111.851553,
            40.760462
          ],
          [
            -111.851878,
            40.760459
          ],
          [
            -111.851954,
            40.760451
          ],
          [
            -111.852018,
            40.760435
          ],
          [
            -111.852078,
            40.760402
          ],
          [
            -111.852121,
            40.760363
          ],
          [
            -111.852158,
            40.760312
          ],
          [
            -111.852179,
            40.760242
          ],
          [
            -111.852186,
            40.760161
          ],
          [
            -111.852186,
            40.759648
          ],
          [
            -111.852178,
            40.759019
          ],
          [
            -111.852181,
            40.758744
          ],
          [
            -111.852208,
            40.758661
          ],
          [
            -111.852247,
            40.758607
          ],
          [
            -111.852309,
            40.758569
          ],
          [
            -111.852393,
            40.758537
          ],
          [
            -111.8525,
            40.758507
          ],
          [
            -111.852605,
            40.758489
          ],
          [
            -111.852717,
            40.758477
          ],
          [
            -111.853004,
            40.758474
          ],
          [
            -111.853297,
            40.758481
          ],
          [
            -111.85358,
            40.758478
          ],
          [
            -111.854617,
            40.758478
          ],
          [
            -111.856451,
            40.758473
          ],
          [
            -111.858002,
            40.758469
          ],
          [
            -111.859384,
            40.758472
          ],
          [
            -111.859917,
            40.758469
          ],
          [
            -111.860987,
            40.75847
          ],
          [
            -111.861144,
            40.758476
          ],
          [
            -111.861292,
            40.758489
          ],
          [
            -111.861415,
            40.758507
          ],
          [
            -111.861534,
            40.758533
          ],
          [
            -111.861633,
            40.758568
          ],
          [
            -111.861725,
            40.758606
          ],
          [
            -111.861811,
            40.758648
          ],
          [
            -111.861889,
            40.758694
          ],
          [
            -111.861995,
            40.758763
          ],
          [
            -111.862067,
            40.758821
          ],
          [
            -111.862152,
            40.758909
          ],
          [
            -111.862272,
            40.759036
          ],
          [
            -111.86233,
            40.759118
          ],
          [
            -111.862367,
            40.75918
          ],
          [
            -111.862401,
            40.759233
          ],
          [
            -111.862428,
            40.75929
          ],
          [
            -111.86246,
            40.759358
          ],
          [
            -111.862483,
            40.759435
          ],
          [
            -111.862508,
            40.759551
          ],
          [
            -111.862522,
            40.759687
          ],
          [
            -111.862537,
            40.759954
          ],
          [
            -111.862544,
            40.760042
          ],
          [
            -111.862563,
            40.760177
          ],
          [
            -111.862588,
            40.760264
          ],
          [
            -111.862608,
            40.760316
          ],
          [
            -111.862688,
            40.760418
          ],
          [
            -111.862765,
            40.760489
          ],
          [
            -111.862851,
            40.760546
          ],
          [
            -111.862926,
            40.760583
          ],
          [
            -111.863003,
            40.760614
          ],
          [
            -111.863087,
            40.760635
          ],
          [
            -111.863191,
            40.760649
          ],
          [
            -111.863312,
            40.760661
          ],
          [
            -111.863454,
            40.760657
          ],
          [
            -111.863835,
            40.760653
          ],
          [
            -111.865026,
            40.760649
          ],
          [
            -111.865558,
            40.760657
          ],
          [
            -111.866872,
            40.760657
          ],
          [
            -111.867337,
            40.760645
          ],
          [
            -111.867906,
            40.760645
          ],
          [
            -111.868418,
            40.760671
          ],
          [
            -111.868919,
            40.760672
          ],
          [
            -111.869386,
            40.760665
          ],
          [
            -111.869837,
            40.760643
          ],
          [
            -111.871901,
            40.760664
          ],
          [
            -111.872377,
            40.76065
          ],
          [
            -111.873675,
            40.760652
          ],
          [
            -111.874146,
            40.760658
          ],
          [
            -111.875099,
            40.760654
          ],
          [
            -111.875554,
            40.760634
          ],
          [
            -111.876015,
            40.760635
          ],
          [
            -111.876488,
            40.760638
          ],
          [
            -111.877053,
            40.760656
          ],
          [
            -111.877818,
            40.760654
          ],
          [
            -111.878264,
            40.760645
          ],
          [
            -111.878818,
            40.760629
          ],
          [
            -111.879348,
            40.760629
          ],
          [
            -111.879892,
            40.760649
          ],
          [
            -111.880385,
            40.76065
          ],
          [
            -111.880846,
            40.760642
          ],
          [
            -111.881303,
            40.760627
          ],
          [
            -111.882225,
            40.760622
          ],
          [
            -111.882774,
            40.760648
          ],
          [
            -111.883363,
            40.760646
          ],
          [
            -111.883819,
            40.76062
          ],
          [
            -111.885108,
            40.760633
          ],
          [
            -111.885592,
            40.760642
          ],
          [
            -111.88655,
            40.760641
          ],
          [
            -111.887004,
            40.76062
          ],
          [
            -111.887882,
            40.760615
          ],
          [
            -111.888478,
            40.760638
          ],
          [
            -111.88998,
            40.760648
          ],
          [
            -111.891094,
            40.760631
          ],
          [
            -111.891091,
            40.759331
          ],
          [
            -111.891084,
            40.758638
          ],
          [
            -111.891102,
            40.757282
          ],
          [
            -111.891084,
            40.755138
          ],
          [
            -111.891055,
            40.754474
          ],
          [
            -111.891066,
            40.754354
          ],
          [
            -111.891101,
            40.754282
          ],
          [
            -111.891143,
            40.754241
          ],
          [
            -111.891204,
            40.754192
          ],
          [
            -111.891284,
            40.754151
          ],
          [
            -111.891406,
            40.754127
          ],
          [
            -111.892312,
            40.754133
          ],
          [
            -111.893935,
            40.754124
          ],
          [
            -111.896283,
            40.754119
          ],
          [
            -111.896404,
            40.754121
          ],
          [
            -111.896493,
            40.754112
          ],
          [
            -111.896595,
            40.754084
          ],
          [
            -111.896689,
            40.754043
          ],
          [
            -111.896763,
            40.753971
          ],
          [
            -111.896785,
            40.753919
          ],
          [
            -111.8968,
            40.753864
          ],
          [
            -111.896806,
            40.753803
          ],
          [
            -111.896805,
            40.753741
          ],
          [
            -111.896799,
            40.750935
          ],
          [
            -111.896805,
            40.749894
          ],
          [
            -111.896805,
            40.749567
          ],
          [
            -111.896811,
            40.746848
          ],
          [
            -111.896806,
            40.74384
          ],
          [
            -111.896788,
            40.742773
          ],
          [
            -111.8968,
            40.739671
          ],
          [
            -111.896806,
            40.738086
          ],
          [
            -111.89682,
            40.737496
          ],
          [
            -111.896846,
            40.736754
          ],
          [
            -111.896864,
            40.735512
          ],
          [
            -111.896876,
            40.733527
          ],
          [
            -111.896876,
            40.732935
          ],
          [
            -111.896887,
            40.731726
          ],
          [
            -111.89688,
            40.72995
          ],
          [
            -111.896887,
            40.729229
          ],
          [
            -111.896872,
            40.726977
          ],
          [
            -111.896862,
            40.725448
          ],
          [
            -111.896867,
            40.723868
          ]
        ]
      }
    },
    {
      "type": "Feature",
      "properties": {
        "type": "Light Rail",
        "network": "UTA TRAX",
        "route_name": "Red Line",
        "color": "#be2036"
      },
      "geometry": {
        "type": "LineString",
        "coordinates": [
          [
            -111.896867,
            40.723868
          ],
          [
            -111.896862,
            40.725448
          ],
          [
            -111.896872,
            40.726977
          ],
          [
            -111.896887,
            40.729229
          ],
          [
            -111.89688,
            40.72995
          ],
          [
            -111.896887,
            40.731726
          ],
          [
            -111.896876,
            40.732935
          ],
          [
            -111.896876,
            40.733527
          ],
          [
            -111.896864,
            40.735512
          ],
          [
            -111.896846,
            40.736754
          ],
          [
            -111.89682,
            40.737496
          ],
          [
            -111.896806,
            40.738086
          ],
          [
            -111.8968,
            40.739671
          ],
          [
            -111.896788,
            40.742773
          ],
          [
            -111.896806,
            40.74384
          ],
          [
            -111.896811,
            40.746848
          ],
          [
            -111.896805,
            40.749567
          ],
          [
            -111.896805,
            40.749894
          ],
          [
            -111.896799,
            40.750935
          ],
          [
            -111.896805,
            40.753741
          ],
          [
            -111.896806,
            40.753803
          ],
          [
            -111.8968,
            40.753864
          ],
          [
            -111.896785,
            40.753919
          ],
          [
            -111.896763,
            40.753971
          ],
          [
            -111.896689,
            40.754043
          ],
          [
            -111.896595,
            40.754084
          ],
          [
            -111.896493,
            40.754112
          ],
          [
            -111.896404,
            40.754121
          ],
          [
            -111.896283,
            40.754119
          ],
          [
            -111.893935,
            40.754124
          ],
          [
            -111.892312,
            40.754133
          ],
          [
            -111.891406,
            40.754127
          ],
          [
            -111.891284,
            40.754151
          ],
          [
            -111.891204,
            40.754192
          ],
          [
            -111.891143,
            40.754241
          ],
          [
            -111.891101,
            40.754282
          ],
          [
            -111.891066,
            40.754354
          ],
          [
            -111.891055,
            40.754474
          ],
          [
            -111.891084,
            40.755138
          ],
          [
            -111.891102,
            40.757282
          ],
          [
            -111.891084,
            40.758638
          ],
          [
            -111.891091,
            40.759331
          ],
          [
            -111.891094,
            40.760631
          ],
          [
            -111.88998,
            40.760648
          ],
          [
            -111.888478,
            40.760638
          ],
          [
            -111.887882,
            40.760615
          ],
          [
            -111.887004,
            40.76062
          ],
          [
            -111.88655,
            40.760641
          ],
          [
            -111.885592,
            40.760642
          ],
          [
            -111.885108,
            40.760633
          ],
          [
            -111.883819,
            40.76062
          ],
          [
            -111.883363,
            40.760646
          ],
          [
            -111.882774,
            40.760648
          ],
          [
            -111.882225,
            40.760622
          ],
          [
            -111.881303,
            40.760627
          ],
          [
            -111.880846,
            40.760642
          ],
          [
            -111.880385,
            40.76065
          ],
          [
            -111.879892,
            40.760649
          ],
          [
            -111.879348,
            40.760629
          ],
          [
            -111.878818,
            40.760629
          ],
          [
            -111.878264,
            40.760645
          ],
          [
            -111.877818,
            40.760654
          ],
          [
            -111.877053,
            40.760656
          ],
          [
            -111.876488,
            40.760638
          ],
          [
            -111.876015,
            40.760635
          ],
          [
            -111.875554,
            40.760634
          ],
          [
            -111.875099,
            40.760654
          ],
          [
            -111.874146,
            40.760658
          ],
          [
            -111.873675,
            40.760652
          ],
          [
            -111.872377,
            40.76065
          ],
          [
            -111.871901,
            40.760664
          ],
          [
            -111.869837,
            40.760643
          ],
          [
            -111.869386,
            40.760665
          ],
          [
            -111.868919,
            40.760672
          ],
          [
            -111.868418,
            40.760671
          ],
          [
            -111.867906,
            40.760645
          ],
          [
            -111.867337,
            40.760645
          ],
          [
            -111.866872,
            40.760657
          ],
          [
            -111.865558,
            40.760657
          ],
          [
            -111.865026,
            40.760649
          ],
          [
            -111.863835,
            40.760653
          ],
          [
            -111.863454,
            40.760657
          ],
          [
            -111.863312,
            40.760661
          ],
          [
            -111.863191,
            40.760649
          ],
          [
            -111.863087,
            40.760635
          ],
          [
            -111.863003,
            40.760614
          ],
          [
            -111.862926,
            40.760583
          ],
          [
            -111.862851,
            40.760546
          ],
          [
            -111.862765,
            40.760489
          ],
          [
            -111.862688,
            40.760418
          ],
          [
            -111.862608,
            40.760316
          ],
          [
            -111.862588,
            40.760264
          ],
          [
            -111.862563,
            40.760177
          ],
          [
            -111.862544,
            40.760042
          ],
          [
            -111.862537,
            40.759954
          ],
          [
            -111.862522,
            40.759687
          ],
          [
            -111.862508,
            40.759551
          ],
          [
            -111.862483,
            40.759435
          ],
          [
            -111.86246,
            40.759358
          ],
          [
            -111.862428,
            40.75929
          ],
          [
            -111.862401,
            40.759233
          ],
          [
            -111.862367,
            40.75918
          ],
          [
            -111.86233,
            40.759118
          ],
          [
            -111.862272,
            40.759036
          ],
          [
            -111.862152,
            40.758909
          ],
          [
            -111.862067,
            40.758821
          ],
          [
            -111.861995,
            40.758763
          ],
          [
            -111.861889,
            40.758694
          ],
          [
            -111.861811,
            40.758648
          ],
          [
            -111.861725,
            40.758606
          ],
          [
            -111.861633,
            40.758568
          ],
          [
            -111.861534,
            40.758533
          ],
          [
            -111.861415,
            40.758507
          ],
          [
            -111.861292,
            40.758489
          ],
          [
            -111.861144,
            40.758476
          ],
          [
            -111.860987,
            40.75847
          ],
          [
            -111.859917,
            40.758469
          ],
          [
            -111.859384,
            40.758472
          ],
          [
            -111.858002,
            40.758469
          ],
          [
            -111.856451,
            40.758473
          ],
          [
            -111.854617,
            40.758478
          ],
          [
            -111.85358,
            40.758478
          ],
          [
            -111.853297,
            40.758481
          ],
          [
            -111.853004,
            40.758474
          ],
          [
            -111.852717,
            40.758477
          ],
          [
            -111.852605,
            40.758489
          ],
          [
            -111.8525,
            40.758507
          ],
          [
            -111.852393,
            40.758537
          ],
          [
            -111.852309,
            40.758569
          ],
          [
            -111.852247,
            40.758607
          ],
          [
            -111.852208,
            40.758661
          ],
          [
            -111.852181,
            40.758744
          ],
          [
            -111.852178,
            40.759019
          ],
          [
            -111.852186,
            40.759648
          ],
          [
            -111.852186,
            40.760161
          ],
          [
            -111.852179,
            40.760242
          ],
          [
            -111.852158,
            40.760312
          ],
          [
            -111.852121,
            40.760363
          ],
          [
            -111.852078,
            40.760402
          ],
          [
            -111.852018,
            40.760435
          ],
          [
            -111.851954,
            40.760451
          ],
          [
            -111.851878,
            40.760459
          ],
          [
            -111.851553,
            40.760462
          ],
          [
            -111.851244,
            40.760462
          ],
          [
            -111.85094,
            40.760471
          ],
          [
            -111.850773,
            40.760503
          ],
          [
            -111.850663,
            40.760531
          ],
          [
            -111.850464,
            40.760601
          ],
          [
            -111.850323,
            40.760664
          ],
          [
            -111.850159,
            40.76074
          ],
          [
            -111.850037,
            40.760788
          ],
          [
            -111.849922,
            40.76083
          ],
          [
            -111.849793,
            40.760867
          ],
          [
            -111.849668,
            40.760891
          ],
          [
            -111.849522,
            40.7609
          ],
          [
            -111.849253,
            40.760913
          ],
          [
            -111.848143,
            40.760918
          ],
          [
            -111.848058,
            40.760917
          ],
          [
            -111.847964,
            40.760908
          ],
          [
            -111.847876,
            40.760897
          ],
          [
            -111.8478,
            40.760879
          ],
          [
            -111.847635,
            40.76084
          ],
          [
            -111.847435,
            40.760775
          ],
          [
            -111.847264,
            40.760704
          ],
          [
            -111.847133,
            40.76063
          ],
          [
            -111.846995,
            40.760525
          ],
          [
            -111.846851,
            40.760419
          ],
          [
            -111.846721,
            40.760322
          ],
          [
            -111.846595,
            40.760237
          ],
          [
            -111.846492,
            40.760172
          ],
          [
            -111.846387,
            40.760117
          ],
          [
            -111.846284,
            40.760077
          ],
          [
            -111.846131,
            40.760018
          ],
          [
            -111.8459,
            40.759944
          ],
          [
            -111.845626,
            40.759866
          ],
          [
            -111.845154,
            40.759738
          ],
          [
            -111.844784,
            40.759658
          ],
          [
            -111.844474,
            40.759595
          ],
          [
            -111.843797,
            40.75947
          ],
          [
            -111.84324,
            40.759374
          ],
          [
            -111.84291,
            40.759313
          ],
          [
            -111.842721,
            40.759282
          ],
          [
            -111.842546,
            40.759262
          ],
          [
            -111.842401,
            40.759249
          ],
          [
            -111.842243,
            40.759248
          ],
          [
            -111.842072,
            40.759248
          ],
          [
            -111.8418,
            40.759279
          ],
          [
            -111.84167,
            40.759301
          ],
          [
            -111.84154,
            40.759332
          ],
          [
            -111.841406,
            40.759371
          ],
          [
            -111.841276,
            40.759419
          ],
          [
            -111.841152,
            40.759469
          ],
          [
            -111.840831,
            40.759622
          ],
          [
            -111.840112,
            40.760012
          ],
          [
            -111.839025,
            40.76058
          ],
          [
            -111.838665,
            40.760744
          ],
          [
            -111.837512,
            40.761333
          ],
          [
            -111.837114,
            40.761542
          ],
          [
            -111.836767,
            40.761731
          ],
          [
            -111.836421,
            40.761928
          ],
          [
            -111.836107,
            40.762095
          ],
          [
            -111.835989,
            40.762161
          ],
          [
            -111.835931,
            40.762203
          ],
          [
            -111.835877,
            40.762261
          ],
          [
            -111.83585,
            40.762313
          ],
          [
            -111.835836,
            40.762374
          ],
          [
            -111.835838,
            40.762435
          ],
          [
            -111.835948,
            40.762856
          ],
          [
            -111.836013,
            40.763098
          ],
          [
            -111.836072,
            40.763283
          ],
          [
            -111.83619,
            40.763585
          ],
          [
            -111.836372,
            40.763956
          ],
          [
            -111.836851,
            40.76488
          ],
          [
            -111.836889,
            40.764956
          ],
          [
            -111.836969,
            40.765132
          ],
          [
            -111.837007,
            40.765263
          ],
          [
            -111.837035,
            40.765376
          ],
          [
            -111.837047,
            40.765452
          ],
          [
            -111.837053,
            40.765524
          ],
          [
            -111.837054,
            40.765685
          ],
          [
            -111.837043,
            40.765807
          ],
          [
            -111.837021,
            40.765921
          ],
          [
            -111.836917,
            40.766227
          ],
          [
            -111.836772,
            40.766533
          ],
          [
            -111.836588,
            40.766929
          ],
          [
            -111.836526,
            40.767068
          ],
          [
            -111.836483,
            40.767188
          ],
          [
            -111.83647,
            40.767247
          ],
          [
            -111.836451,
            40.767316
          ],
          [
            -111.836442,
            40.767393
          ],
          [
            -111.836436,
            40.767484
          ],
          [
            -111.836438,
            40.767558
          ],
          [
            -111.836451,
            40.767644
          ],
          [
            -111.83648,
            40.767733
          ],
          [
            -111.83652,
            40.76782
          ],
          [
            -111.83657,
            40.767912
          ],
          [
            -111.836637,
            40.768002
          ],
          [
            -111.836723,
            40.768094
          ],
          [
            -111.836799,
            40.768153
          ],
          [
            -111.836989,
            40.768297
          ],
          [
            -111.837348,
            40.768501
          ],
          [
            -111.83784,
            40.768789
          ],
          [
            -111.838154,
            40.768963
          ],
          [
            -111.838291,
            40.769045
          ],
          [
            -111.838403,
            40.769129
          ],
          [
            -111.838637,
            40.769346
          ],
          [
            -111.838966,
            40.769661
          ],
          [
            -111.839257,
            40.769938
          ],
          [
            -111.839556,
            40.770225
          ],
          [
            -111.839807,
            40.770455
          ],
          [
            -111.840146,
            40.770775
          ]
        ]
      }
    },
    {
      "type": "Feature",
      "properties": {
        "type": "Light Rail",
        "network": "UTA TRAX",
        "route_name": "Red Line",
        "color": "#be2036"
      },
      "geometry": {
        "type": "LineString",
        "coordinates": [
          [
            -112.01245,
            40.54241
          ],
          [
            -112.013652,
            40.543644
          ],
          [
            -112.015535,
            40.545557
          ],
          [
            -112.017397,
            40.547461
          ],
          [
            -112.018765,
            40.54887
          ],
          [
            -112.020018,
            40.550162
          ],
          [
            -112.020947,
            40.551117
          ],
          [
            -112.02177,
            40.551967
          ],
          [
            -112.022682,
            40.552906
          ],
          [
            -112.023585,
            40.553823
          ],
          [
            -112.023803,
            40.554045
          ],
          [
            -112.023969,
            40.554226
          ],
          [
            -112.024097,
            40.554379
          ],
          [
            -112.024235,
            40.554576
          ],
          [
            -112.024355,
            40.55478
          ],
          [
            -112.024442,
            40.554945
          ],
          [
            -112.02452,
            40.555108
          ],
          [
            -112.024577,
            40.555271
          ],
          [
            -112.024643,
            40.555475
          ],
          [
            -112.024671,
            40.55567
          ],
          [
            -112.024685,
            40.555778
          ],
          [
            -112.024699,
            40.556089
          ],
          [
            -112.024694,
            40.556374
          ],
          [
            -112.024708,
            40.556742
          ],
          [
            -112.024705,
            40.558169
          ],
          [
            -112.024698,
            40.560185
          ],
          [
            -112.024702,
            40.561824
          ],
          [
            -112.024703,
            40.564083
          ],
          [
            -112.024721,
            40.564989
          ],
          [
            -112.024782,
            40.565977
          ],
          [
            -112.024848,
            40.567151
          ],
          [
            -112.024875,
            40.569893
          ],
          [
            -112.024862,
            40.570111
          ],
          [
            -112.024835,
            40.570291
          ],
          [
            -112.024808,
            40.570416
          ],
          [
            -112.024751,
            40.570579
          ],
          [
            -112.024699,
            40.570714
          ],
          [
            -112.024625,
            40.570849
          ],
          [
            -112.024556,
            40.570962
          ],
          [
            -112.02449,
            40.571062
          ],
          [
            -112.024387,
            40.571191
          ],
          [
            -112.024288,
            40.571307
          ],
          [
            -112.024068,
            40.571501
          ],
          [
            -112.02392,
            40.571627
          ],
          [
            -112.023749,
            40.57175
          ],
          [
            -112.02342,
            40.571919
          ],
          [
            -112.02265,
            40.572317
          ],
          [
            -112.019592,
            40.573813
          ],
          [
            -112.01696,
            40.575119
          ],
          [
            -112.015489,
            40.575849
          ],
          [
            -112.012669,
            40.577256
          ],
          [
            -112.010886,
            40.578139
          ],
          [
            -112.008523,
            40.579318
          ],
          [
            -112.006615,
            40.580263
          ],
          [
            -112.003695,
            40.581725
          ],
          [
            -112.000419,
            40.583338
          ],
          [
            -111.998519,
            40.584276
          ],
          [
            -111.995352,
            40.585859
          ],
          [
            -111.992098,
            40.587468
          ],
          [
            -111.990885,
            40.588067
          ],
          [
            -111.990368,
            40.588331
          ],
          [
            -111.988201,
            40.589396
          ],
          [
            -111.986726,
            40.590135
          ],
          [
            -111.985917,
            40.590516
          ],
          [
            -111.9853,
            40.590771
          ],
          [
            -111.984765,
            40.590987
          ],
          [
            -111.984206,
            40.59119
          ],
          [
            -111.983646,
            40.591377
          ],
          [
            -111.983099,
            40.591548
          ],
          [
            -111.980887,
            40.592178
          ],
          [
            -111.975519,
            40.593715
          ],
          [
            -111.971735,
            40.594794
          ],
          [
            -111.96744,
            40.595985
          ],
          [
            -111.960916,
            40.597872
          ],
          [
            -111.958284,
            40.598625
          ],
          [
            -111.957159,
            40.598964
          ],
          [
            -111.950588,
            40.60085
          ],
          [
            -111.944143,
            40.60269
          ],
          [
            -111.939346,
            40.604073
          ],
          [
            -111.936519,
            40.604873
          ],
          [
            -111.931251,
            40.60636
          ],
          [
            -111.930514,
            40.60652
          ],
          [
            -111.92852,
            40.606862
          ],
          [
            -111.926953,
            40.607115
          ],
          [
            -111.926547,
            40.607192
          ],
          [
            -111.926183,
            40.607281
          ],
          [
            -111.925782,
            40.607406
          ],
          [
            -111.925356,
            40.607579
          ],
          [
            -111.924004,
            40.608214
          ],
          [
            -111.923492,
            40.608456
          ],
          [
            -111.923103,
            40.608659
          ],
          [
            -111.922891,
            40.608789
          ],
          [
            -111.922712,
            40.608938
          ],
          [
            -111.9225,
            40.609146
          ],
          [
            -111.922378,
            40.609261
          ],
          [
            -111.922136,
            40.609573
          ],
          [
            -111.921986,
            40.609847
          ],
          [
            -111.921878,
            40.610108
          ],
          [
            -111.921818,
            40.610363
          ],
          [
            -111.921783,
            40.610586
          ],
          [
            -111.921712,
            40.612847
          ],
          [
            -111.921661,
            40.613511
          ],
          [
            -111.921572,
            40.613869
          ],
          [
            -111.921464,
            40.614176
          ],
          [
            -111.921308,
            40.614525
          ],
          [
            -111.921085,
            40.614878
          ],
          [
            -111.920843,
            40.615204
          ],
          [
            -111.920595,
            40.615456
          ],
          [
            -111.920322,
            40.615703
          ],
          [
            -111.920031,
            40.615927
          ],
          [
            -111.919643,
            40.616188
          ],
          [
            -111.919242,
            40.616403
          ],
          [
            -111.918726,
            40.616623
          ],
          [
            -111.918099,
            40.616816
          ],
          [
            -111.917393,
            40.616948
          ],
          [
            -111.916371,
            40.617049
          ],
          [
            -111.91262,
            40.617355
          ],
          [
            -111.911523,
            40.617452
          ],
          [
            -111.909355,
            40.617575
          ],
          [
            -111.909002,
            40.617628
          ],
          [
            -111.90865,
            40.617754
          ],
          [
            -111.90831,
            40.617964
          ],
          [
            -111.908043,
            40.618216
          ],
          [
            -111.907925,
            40.618405
          ],
          [
            -111.907826,
            40.618565
          ],
          [
            -111.907757,
            40.618712
          ],
          [
            -111.907729,
            40.61884
          ],
          [
            -111.907705,
            40.618952
          ],
          [
            -111.907695,
            40.619095
          ],
          [
            -111.907686,
            40.619591
          ],
          [
            -111.907677,
            40.622168
          ],
          [
            -111.907657,
            40.624893
          ],
          [
            -111.907609,
            40.625135
          ],
          [
            -111.907496,
            40.625548
          ],
          [
            -111.907322,
            40.625943
          ],
          [
            -111.906265,
            40.627623
          ],
          [
            -111.904932,
            40.629777
          ],
          [
            -111.904552,
            40.630405
          ],
          [
            -111.90414,
            40.630748
          ],
          [
            -111.903873,
            40.630917
          ],
          [
            -111.903615,
            40.63106
          ],
          [
            -111.903211,
            40.631233
          ],
          [
            -111.902648,
            40.631378
          ],
          [
            -111.901478,
            40.631793
          ],
          [
            -111.900977,
            40.63197
          ],
          [
            -111.900338,
            40.632088
          ],
          [
            -111.89912,
            40.632098
          ],
          [
            -111.898875,
            40.632147
          ],
          [
            -111.898649,
            40.632275
          ],
          [
            -111.898492,
            40.632432
          ],
          [
            -111.898473,
            40.632755
          ],
          [
            -111.898446,
            40.633102
          ],
          [
            -111.898439,
            40.633413
          ],
          [
            -111.898413,
            40.63383
          ],
          [
            -111.89837,
            40.634231
          ],
          [
            -111.898349,
            40.635112
          ],
          [
            -111.898279,
            40.638507
          ],
          [
            -111.898262,
            40.639691
          ],
          [
            -111.898253,
            40.640616
          ],
          [
            -111.898226,
            40.642412
          ],
          [
            -111.898224,
            40.643017
          ],
          [
            -111.898209,
            40.644469
          ],
          [
            -111.8982,
            40.645341
          ],
          [
            -111.898189,
            40.646359
          ],
          [
            -111.898177,
            40.647964
          ],
          [
            -111.898158,
            40.649603
          ],
          [
            -111.898135,
            40.651229
          ],
          [
            -111.89812,
            40.652538
          ],
          [
            -111.898109,
            40.65316
          ],
          [
            -111.89808,
            40.653736
          ],
          [
            -111.898059,
            40.654169
          ],
          [
            -111.898028,
            40.654418
          ],
          [
            -111.89798,
            40.654686
          ],
          [
            -111.897922,
            40.654942
          ],
          [
            -111.897744,
            40.655546
          ],
          [
            -111.897504,
            40.65625
          ],
          [
            -111.89741,
            40.6565
          ],
          [
            -111.897322,
            40.656696
          ],
          [
            -111.89722,
            40.656908
          ],
          [
            -111.897005,
            40.657263
          ],
          [
            -111.896296,
            40.658502
          ],
          [
            -111.895753,
            40.659432
          ],
          [
            -111.895042,
            40.660688
          ],
          [
            -111.894826,
            40.661076
          ],
          [
            -111.894609,
            40.661559
          ],
          [
            -111.894453,
            40.661936
          ],
          [
            -111.894396,
            40.662128
          ],
          [
            -111.894241,
            40.662557
          ],
          [
            -111.894105,
            40.66306
          ],
          [
            -111.894057,
            40.663273
          ],
          [
            -111.894008,
            40.663519
          ],
          [
            -111.893956,
            40.66384
          ],
          [
            -111.893928,
            40.664044
          ],
          [
            -111.89389,
            40.664425
          ],
          [
            -111.893876,
            40.664662
          ],
          [
            -111.893867,
            40.664901
          ],
          [
            -111.893871,
            40.665035
          ],
          [
            -111.893911,
            40.665491
          ],
          [
            -111.894115,
            40.667518
          ],
          [
            -111.894168,
            40.668065
          ],
          [
            -111.894189,
            40.668373
          ],
          [
            -111.894178,
            40.668792
          ],
          [
            -111.894172,
            40.669129
          ],
          [
            -111.894148,
            40.670356
          ],
          [
            -111.894128,
            40.671643
          ],
          [
            -111.894121,
            40.672683
          ],
          [
            -111.894115,
            40.674145
          ],
          [
            -111.894104,
            40.674664
          ],
          [
            -111.894083,
            40.675528
          ],
          [
            -111.894074,
            40.675808
          ],
          [
            -111.894063,
            40.676243
          ],
          [
            -111.894054,
            40.677374
          ],
          [
            -111.894055,
            40.678012
          ],
          [
            -111.894128,
            40.678538
          ],
          [
            -111.894201,
            40.678927
          ],
          [
            -111.89428,
            40.679278
          ],
          [
            -111.894385,
            40.679781
          ],
          [
            -111.894479,
            40.680246
          ],
          [
            -111.894571,
            40.680687
          ],
          [
            -111.894712,
            40.681303
          ],
          [
            -111.894903,
            40.68204
          ],
          [
            -111.894996,
            40.682326
          ],
          [
            -111.895115,
            40.68273
          ],
          [
            -111.89528,
            40.68325
          ],
          [
            -111.895432,
            40.683741
          ],
          [
            -111.895612,
            40.684303
          ],
          [
            -111.895761,
            40.684791
          ],
          [
            -111.895946,
            40.68533
          ],
          [
            -111.896156,
            40.686016
          ],
          [
            -111.896346,
            40.686662
          ],
          [
            -111.896473,
            40.687124
          ],
          [
            -111.896779,
            40.688202
          ],
          [
            -111.896881,
            40.688541
          ],
          [
            -111.896939,
            40.688843
          ],
          [
            -111.896961,
            40.689083
          ],
          [
            -111.896964,
            40.689478
          ],
          [
            -111.896958,
            40.690615
          ],
          [
            -111.896957,
            40.692123
          ],
          [
            -111.896942,
            40.694441
          ],
          [
            -111.896937,
            40.698175
          ],
          [
            -111.896942,
            40.699809
          ],
          [
            -111.896942,
            40.700156
          ],
          [
            -111.896942,
            40.701296
          ],
          [
            -111.896932,
            40.702804
          ],
          [
            -111.896914,
            40.703874
          ],
          [
            -111.896904,
            40.707301
          ],
          [
            -111.896898,
            40.70918
          ],
          [
            -111.896894,
            40.71054
          ],
          [
            -111.896888,
            40.71271
          ],
          [
            -111.896881,
            40.715528
          ],
          [
            -111.896868,
            40.717963
          ],
          [
            -111.896864,
            40.719634
          ],
          [
            -111.896863,
            40.72022
          ],
          [
            -111.896857,
            40.72171
          ],
          [
            -111.89686,
            40.72263
          ],
          [
            -111.89686,
            40.722717
          ],
          [
            -111.896867,
            40.723868
          ],
          [
            -111.896862,
            40.725448
          ],
          [
            -111.896872,
            40.726977
          ],
          [
            -111.896887,
            40.729229
          ],
          [
            -111.89688,
            40.72995
          ],
          [
            -111.896887,
            40.731726
          ],
          [
            -111.896876,
            40.732935
          ],
          [
            -111.896876,
            40.733527
          ],
          [
            -111.896864,
            40.735512
          ],
          [
            -111.896846,
            40.736754
          ],
          [
            -111.89682,
            40.737496
          ],
          [
            -111.896806,
            40.738086
          ],
          [
            -111.8968,
            40.739671
          ],
          [
            -111.896788,
            40.742773
          ],
          [
            -111.896806,
            40.74384
          ],
          [
            -111.896811,
            40.746848
          ],
          [
            -111.896805,
            40.749567
          ],
          [
            -111.896805,
            40.749894
          ],
          [
            -111.896799,
            40.750935
          ],
          [
            -111.896805,
            40.753741
          ],
          [
            -111.896806,
            40.753803
          ],
          [
            -111.8968,
            40.753864
          ],
          [
            -111.896785,
            40.753919
          ],
          [
            -111.896763,
            40.753971
          ],
          [
            -111.896689,
            40.754043
          ],
          [
            -111.896595,
            40.754084
          ],
          [
            -111.896493,
            40.754112
          ],
          [
            -111.896404,
            40.754121
          ],
          [
            -111.896283,
            40.754119
          ],
          [
            -111.893935,
            40.754124
          ],
          [
            -111.892312,
            40.754133
          ],
          [
            -111.891406,
            40.754127
          ],
          [
            -111.891284,
            40.754151
          ],
          [
            -111.891204,
            40.754192
          ],
          [
            -111.891143,
            40.754241
          ],
          [
            -111.891101,
            40.754282
          ],
          [
            -111.891066,
            40.754354
          ],
          [
            -111.891055,
            40.754474
          ],
          [
            -111.891084,
            40.755138
          ],
          [
            -111.891102,
            40.757282
          ],
          [
            -111.891084,
            40.758638
          ],
          [
            -111.891091,
            40.759331
          ],
          [
            -111.891094,
            40.760631
          ],
          [
            -111.88998,
            40.760648
          ],
          [
            -111.888478,
            40.760638
          ],
          [
            -111.887882,
            40.760615
          ],
          [
            -111.887004,
            40.76062
          ],
          [
            -111.88655,
            40.760641
          ],
          [
            -111.885592,
            40.760642
          ],
          [
            -111.885108,
            40.760633
          ],
          [
            -111.883819,
            40.76062
          ],
          [
            -111.883363,
            40.760646
          ],
          [
            -111.882774,
            40.760648
          ],
          [
            -111.882225,
            40.760622
          ],
          [
            -111.881303,
            40.760627
          ],
          [
            -111.880846,
            40.760642
          ],
          [
            -111.880385,
            40.76065
          ],
          [
            -111.879892,
            40.760649
          ],
          [
            -111.879348,
            40.760629
          ],
          [
            -111.878818,
            40.760629
          ],
          [
            -111.878264,
            40.760645
          ],
          [
            -111.877818,
            40.760654
          ],
          [
            -111.877053,
            40.760656
          ],
          [
            -111.876488,
            40.760638
          ],
          [
            -111.876015,
            40.760635
          ],
          [
            -111.875554,
            40.760634
          ],
          [
            -111.875099,
            40.760654
          ],
          [
            -111.874146,
            40.760658
          ],
          [
            -111.873675,
            40.760652
          ],
          [
            -111.872377,
            40.76065
          ],
          [
            -111.871901,
            40.760664
          ],
          [
            -111.869837,
            40.760643
          ],
          [
            -111.869386,
            40.760665
          ],
          [
            -111.868919,
            40.760672
          ],
          [
            -111.868418,
            40.760671
          ],
          [
            -111.867906,
            40.760645
          ],
          [
            -111.867337,
            40.760645
          ],
          [
            -111.866872,
            40.760657
          ],
          [
            -111.865558,
            40.760657
          ],
          [
            -111.865026,
            40.760649
          ],
          [
            -111.863835,
            40.760653
          ],
          [
            -111.863454,
            40.760657
          ],
          [
            -111.863312,
            40.760661
          ],
          [
            -111.863191,
            40.760649
          ],
          [
            -111.863087,
            40.760635
          ],
          [
            -111.863003,
            40.760614
          ],
          [
            -111.862926,
            40.760583
          ],
          [
            -111.862851,
            40.760546
          ],
          [
            -111.862765,
            40.760489
          ],
          [
            -111.862688,
            40.760418
          ],
          [
            -111.862608,
            40.760316
          ],
          [
            -111.862588,
            40.760264
          ],
          [
            -111.862563,
            40.760177
          ],
          [
            -111.862544,
            40.760042
          ],
          [
            -111.862537,
            40.759954
          ],
          [
            -111.862522,
            40.759687
          ],
          [
            -111.862508,
            40.759551
          ],
          [
            -111.862483,
            40.759435
          ],
          [
            -111.86246,
            40.759358
          ],
          [
            -111.862428,
            40.75929
          ],
          [
            -111.862401,
            40.759233
          ],
          [
            -111.862367,
            40.75918
          ],
          [
            -111.86233,
            40.759118
          ],
          [
            -111.862272,
            40.759036
          ],
          [
            -111.862152,
            40.758909
          ],
          [
            -111.862067,
            40.758821
          ],
          [
            -111.861995,
            40.758763
          ],
          [
            -111.861889,
            40.758694
          ],
          [
            -111.861811,
            40.758648
          ],
          [
            -111.861725,
            40.758606
          ],
          [
            -111.861633,
            40.758568
          ],
          [
            -111.861534,
            40.758533
          ],
          [
            -111.861415,
            40.758507
          ],
          [
            -111.861292,
            40.758489
          ],
          [
            -111.861144,
            40.758476
          ],
          [
            -111.860987,
            40.75847
          ],
          [
            -111.859917,
            40.758469
          ],
          [
            -111.859384,
            40.758472
          ],
          [
            -111.858002,
            40.758469
          ],
          [
            -111.856451,
            40.758473
          ],
          [
            -111.854617,
            40.758478
          ],
          [
            -111.85358,
            40.758478
          ],
          [
            -111.853297,
            40.758481
          ],
          [
            -111.853004,
            40.758474
          ],
          [
            -111.852717,
            40.758477
          ],
          [
            -111.852605,
            40.758489
          ],
          [
            -111.8525,
            40.758507
          ],
          [
            -111.852393,
            40.758537
          ],
          [
            -111.852309,
            40.758569
          ],
          [
            -111.852247,
            40.758607
          ],
          [
            -111.852208,
            40.758661
          ],
          [
            -111.852181,
            40.758744
          ],
          [
            -111.852178,
            40.759019
          ],
          [
            -111.852186,
            40.759648
          ],
          [
            -111.852186,
            40.760161
          ],
          [
            -111.852179,
            40.760242
          ],
          [
            -111.852158,
            40.760312
          ],
          [
            -111.852121,
            40.760363
          ],
          [
            -111.852078,
            40.760402
          ],
          [
            -111.852018,
            40.760435
          ],
          [
            -111.851954,
            40.760451
          ],
          [
            -111.851878,
            40.760459
          ],
          [
            -111.851553,
            40.760462
          ],
          [
            -111.851244,
            40.760462
          ],
          [
            -111.85094,
            40.760471
          ],
          [
            -111.850773,
            40.760503
          ],
          [
            -111.850663,
            40.760531
          ],
          [
            -111.850464,
            40.760601
          ],
          [
            -111.850323,
            40.760664
          ],
          [
            -111.850159,
            40.76074
          ],
          [
            -111.850037,
            40.760788
          ],
          [
            -111.849922,
            40.76083
          ],
          [
            -111.849793,
            40.760867
          ],
          [
            -111.849668,
            40.760891
          ],
          [
            -111.849522,
            40.7609
          ],
          [
            -111.849253,
            40.760913
          ],
          [
            -111.848143,
            40.760918
          ],
          [
            -111.848058,
            40.760917
          ],
          [
            -111.847964,
            40.760908
          ],
          [
            -111.847876,
            40.760897
          ],
          [
            -111.8478,
            40.760879
          ],
          [
            -111.847635,
            40.76084
          ],
          [
            -111.847435,
            40.760775
          ],
          [
            -111.847264,
            40.760704
          ],
          [
            -111.847133,
            40.76063
          ],
          [
            -111.846995,
            40.760525
          ],
          [
            -111.846851,
            40.760419
          ],
          [
            -111.846721,
            40.760322
          ],
          [
            -111.846595,
            40.760237
          ],
          [
            -111.846492,
            40.760172
          ],
          [
            -111.846387,
            40.760117
          ],
          [
            -111.846284,
            40.760077
          ],
          [
            -111.846131,
            40.760018
          ],
          [
            -111.8459,
            40.759944
          ],
          [
            -111.845626,
            40.759866
          ],
          [
            -111.845154,
            40.759738
          ],
          [
            -111.844784,
            40.759658
          ],
          [
            -111.844474,
            40.759595
          ],
          [
            -111.843797,
            40.75947
          ],
          [
            -111.84324,
            40.759374
          ],
          [
            -111.84291,
            40.759313
          ],
          [
            -111.842721,
            40.759282
          ],
          [
            -111.842546,
            40.759262
          ],
          [
            -111.842401,
            40.759249
          ],
          [
            -111.842243,
            40.759248
          ],
          [
            -111.842072,
            40.759248
          ],
          [
            -111.8418,
            40.759279
          ],
          [
            -111.84167,
            40.759301
          ],
          [
            -111.84154,
            40.759332
          ],
          [
            -111.841406,
            40.759371
          ],
          [
            -111.841276,
            40.759419
          ],
          [
            -111.841152,
            40.759469
          ],
          [
            -111.840831,
            40.759622
          ],
          [
            -111.840112,
            40.760012
          ],
          [
            -111.839025,
            40.76058
          ],
          [
            -111.838665,
            40.760744
          ],
          [
            -111.837512,
            40.761333
          ],
          [
            -111.837114,
            40.761542
          ],
          [
            -111.836767,
            40.761731
          ],
          [
            -111.836421,
            40.761928
          ],
          [
            -111.836107,
            40.762095
          ],
          [
            -111.835989,
            40.762161
          ],
          [
            -111.835931,
            40.762203
          ],
          [
            -111.835877,
            40.762261
          ],
          [
            -111.83585,
            40.762313
          ],
          [
            -111.835836,
            40.762374
          ],
          [
            -111.835838,
            40.762435
          ],
          [
            -111.835948,
            40.762856
          ],
          [
            -111.836013,
            40.763098
          ],
          [
            -111.836072,
            40.763283
          ],
          [
            -111.83619,
            40.763585
          ],
          [
            -111.836372,
            40.763956
          ],
          [
            -111.836851,
            40.76488
          ],
          [
            -111.836889,
            40.764956
          ],
          [
            -111.836969,
            40.765132
          ],
          [
            -111.837007,
            40.765263
          ],
          [
            -111.837035,
            40.765376
          ],
          [
            -111.837047,
            40.765452
          ],
          [
            -111.837053,
            40.765524
          ],
          [
            -111.837054,
            40.765685
          ],
          [
            -111.837043,
            40.765807
          ],
          [
            -111.837021,
            40.765921
          ],
          [
            -111.836917,
            40.766227
          ],
          [
            -111.836772,
            40.766533
          ],
          [
            -111.836588,
            40.766929
          ],
          [
            -111.836526,
            40.767068
          ],
          [
            -111.836483,
            40.767188
          ],
          [
            -111.83647,
            40.767247
          ],
          [
            -111.836451,
            40.767316
          ],
          [
            -111.836442,
            40.767393
          ],
          [
            -111.836436,
            40.767484
          ],
          [
            -111.836438,
            40.767558
          ],
          [
            -111.836451,
            40.767644
          ],
          [
            -111.83648,
            40.767733
          ],
          [
            -111.83652,
            40.76782
          ],
          [
            -111.83657,
            40.767912
          ],
          [
            -111.836637,
            40.768002
          ],
          [
            -111.836723,
            40.768094
          ],
          [
            -111.836799,
            40.768153
          ],
          [
            -111.836989,
            40.768297
          ],
          [
            -111.837348,
            40.768501
          ],
          [
            -111.83784,
            40.768789
          ],
          [
            -111.838154,
            40.768963
          ],
          [
            -111.838291,
            40.769045
          ],
          [
            -111.838403,
            40.769129
          ],
          [
            -111.838637,
            40.769346
          ],
          [
            -111.838966,
            40.769661
          ],
          [
            -111.839257,
            40.769938
          ],
          [
            -111.839556,
            40.770225
          ],
          [
            -111.839807,
            40.770455
          ],
          [
            -111.840146,
            40.770775
          ]
        ]
      }
    },
    {
      "type": "Feature",
      "properties": {
        "type": "Light Rail",
        "network": "UTA TRAX",
        "route_name": "Red Line",
        "color": "#be2036"
      },
      "geometry": {
        "type": "LineString",
        "coordinates": [
          [
            -112.01245,
            40.54241
          ],
          [
            -112.013652,
            40.543644
          ],
          [
            -112.015535,
            40.545557
          ],
          [
            -112.017397,
            40.547461
          ],
          [
            -112.018765,
            40.54887
          ],
          [
            -112.020018,
            40.550162
          ],
          [
            -112.020947,
            40.551117
          ],
          [
            -112.02177,
            40.551967
          ],
          [
            -112.022682,
            40.552906
          ],
          [
            -112.023585,
            40.553823
          ],
          [
            -112.023803,
            40.554045
          ],
          [
            -112.023969,
            40.554226
          ],
          [
            -112.024097,
            40.554379
          ],
          [
            -112.024235,
            40.554576
          ],
          [
            -112.024355,
            40.55478
          ],
          [
            -112.024442,
            40.554945
          ],
          [
            -112.02452,
            40.555108
          ],
          [
            -112.024577,
            40.555271
          ],
          [
            -112.024643,
            40.555475
          ],
          [
            -112.024671,
            40.55567
          ],
          [
            -112.024685,
            40.555778
          ],
          [
            -112.024699,
            40.556089
          ],
          [
            -112.024694,
            40.556374
          ],
          [
            -112.024708,
            40.556742
          ],
          [
            -112.024705,
            40.558169
          ],
          [
            -112.024698,
            40.560185
          ],
          [
            -112.024702,
            40.561824
          ],
          [
            -112.024703,
            40.564083
          ],
          [
            -112.024721,
            40.564989
          ],
          [
            -112.024782,
            40.565977
          ],
          [
            -112.024848,
            40.567151
          ],
          [
            -112.024875,
            40.569893
          ],
          [
            -112.024862,
            40.570111
          ],
          [
            -112.024835,
            40.570291
          ],
          [
            -112.024808,
            40.570416
          ],
          [
            -112.024751,
            40.570579
          ],
          [
            -112.024699,
            40.570714
          ],
          [
            -112.024625,
            40.570849
          ],
          [
            -112.024556,
            40.570962
          ],
          [
            -112.02449,
            40.571062
          ],
          [
            -112.024387,
            40.571191
          ],
          [
            -112.024288,
            40.571307
          ],
          [
            -112.024068,
            40.571501
          ],
          [
            -112.02392,
            40.571627
          ],
          [
            -112.023749,
            40.57175
          ],
          [
            -112.02342,
            40.571919
          ],
          [
            -112.02265,
            40.572317
          ],
          [
            -112.019592,
            40.573813
          ],
          [
            -112.01696,
            40.575119
          ],
          [
            -112.015489,
            40.575849
          ],
          [
            -112.012669,
            40.577256
          ],
          [
            -112.010886,
            40.578139
          ],
          [
            -112.008523,
            40.579318
          ],
          [
            -112.006615,
            40.580263
          ],
          [
            -112.003695,
            40.581725
          ],
          [
            -112.000419,
            40.583338
          ],
          [
            -111.998519,
            40.584276
          ],
          [
            -111.995352,
            40.585859
          ],
          [
            -111.992098,
            40.587468
          ],
          [
            -111.990885,
            40.588067
          ],
          [
            -111.990368,
            40.588331
          ],
          [
            -111.988201,
            40.589396
          ],
          [
            -111.986726,
            40.590135
          ],
          [
            -111.985917,
            40.590516
          ],
          [
            -111.9853,
            40.590771
          ],
          [
            -111.984765,
            40.590987
          ],
          [
            -111.984206,
            40.59119
          ],
          [
            -111.983646,
            40.591377
          ],
          [
            -111.983099,
            40.591548
          ],
          [
            -111.980887,
            40.592178
          ],
          [
            -111.975519,
            40.593715
          ],
          [
            -111.971735,
            40.594794
          ],
          [
            -111.96744,
            40.595985
          ],
          [
            -111.960916,
            40.597872
          ],
          [
            -111.958284,
            40.598625
          ],
          [
            -111.957159,
            40.598964
          ],
          [
            -111.950588,
            40.60085
          ],
          [
            -111.944143,
            40.60269
          ],
          [
            -111.939346,
            40.604073
          ],
          [
            -111.936519,
            40.604873
          ],
          [
            -111.931251,
            40.60636
          ],
          [
            -111.930514,
            40.60652
          ],
          [
            -111.92852,
            40.606862
          ],
          [
            -111.926953,
            40.607115
          ],
          [
            -111.926547,
            40.607192
          ],
          [
            -111.926183,
            40.607281
          ],
          [
            -111.925782,
            40.607406
          ],
          [
            -111.925356,
            40.607579
          ],
          [
            -111.924004,
            40.608214
          ],
          [
            -111.923492,
            40.608456
          ],
          [
            -111.923103,
            40.608659
          ],
          [
            -111.922891,
            40.608789
          ],
          [
            -111.922712,
            40.608938
          ],
          [
            -111.9225,
            40.609146
          ],
          [
            -111.922378,
            40.609261
          ],
          [
            -111.922136,
            40.609573
          ],
          [
            -111.921986,
            40.609847
          ],
          [
            -111.921878,
            40.610108
          ],
          [
            -111.921818,
            40.610363
          ],
          [
            -111.921783,
            40.610586
          ],
          [
            -111.921712,
            40.612847
          ],
          [
            -111.921661,
            40.613511
          ],
          [
            -111.921572,
            40.613869
          ],
          [
            -111.921464,
            40.614176
          ],
          [
            -111.921308,
            40.614525
          ],
          [
            -111.921085,
            40.614878
          ],
          [
            -111.920843,
            40.615204
          ],
          [
            -111.920595,
            40.615456
          ],
          [
            -111.920322,
            40.615703
          ],
          [
            -111.920031,
            40.615927
          ],
          [
            -111.919643,
            40.616188
          ],
          [
            -111.919242,
            40.616403
          ],
          [
            -111.918726,
            40.616623
          ],
          [
            -111.918099,
            40.616816
          ],
          [
            -111.917393,
            40.616948
          ],
          [
            -111.916371,
            40.617049
          ],
          [
            -111.91262,
            40.617355
          ],
          [
            -111.911523,
            40.617452
          ],
          [
            -111.909355,
            40.617575
          ],
          [
            -111.909002,
            40.617628
          ],
          [
            -111.90865,
            40.617754
          ],
          [
            -111.90831,
            40.617964
          ],
          [
            -111.908043,
            40.618216
          ],
          [
            -111.907925,
            40.618405
          ],
          [
            -111.907826,
            40.618565
          ],
          [
            -111.907757,
            40.618712
          ],
          [
            -111.907729,
            40.61884
          ],
          [
            -111.907705,
            40.618952
          ],
          [
            -111.907695,
            40.619095
          ],
          [
            -111.907686,
            40.619591
          ],
          [
            -111.907677,
            40.622168
          ],
          [
            -111.907657,
            40.624893
          ],
          [
            -111.907609,
            40.625135
          ],
          [
            -111.907496,
            40.625548
          ],
          [
            -111.907322,
            40.625943
          ],
          [
            -111.906265,
            40.627623
          ],
          [
            -111.904932,
            40.629777
          ],
          [
            -111.904552,
            40.630405
          ],
          [
            -111.90414,
            40.630748
          ],
          [
            -111.903873,
            40.630917
          ],
          [
            -111.903615,
            40.63106
          ],
          [
            -111.903211,
            40.631233
          ],
          [
            -111.902648,
            40.631378
          ],
          [
            -111.901478,
            40.631793
          ],
          [
            -111.900977,
            40.63197
          ],
          [
            -111.900338,
            40.632088
          ],
          [
            -111.89912,
            40.632098
          ],
          [
            -111.898875,
            40.632147
          ],
          [
            -111.898649,
            40.632275
          ],
          [
            -111.898492,
            40.632432
          ],
          [
            -111.898473,
            40.632755
          ],
          [
            -111.898446,
            40.633102
          ],
          [
            -111.898439,
            40.633413
          ],
          [
            -111.898413,
            40.63383
          ],
          [
            -111.89837,
            40.634231
          ],
          [
            -111.898349,
            40.635112
          ],
          [
            -111.898279,
            40.638507
          ],
          [
            -111.898262,
            40.639691
          ],
          [
            -111.898253,
            40.640616
          ],
          [
            -111.898226,
            40.642412
          ],
          [
            -111.898224,
            40.643017
          ],
          [
            -111.898209,
            40.644469
          ],
          [
            -111.8982,
            40.645341
          ],
          [
            -111.898189,
            40.646359
          ],
          [
            -111.898177,
            40.647964
          ],
          [
            -111.898158,
            40.649603
          ],
          [
            -111.898135,
            40.651229
          ],
          [
            -111.89812,
            40.652538
          ],
          [
            -111.898109,
            40.65316
          ],
          [
            -111.89808,
            40.653736
          ],
          [
            -111.898059,
            40.654169
          ],
          [
            -111.898028,
            40.654418
          ],
          [
            -111.89798,
            40.654686
          ],
          [
            -111.897922,
            40.654942
          ],
          [
            -111.897744,
            40.655546
          ],
          [
            -111.897504,
            40.65625
          ],
          [
            -111.89741,
            40.6565
          ],
          [
            -111.897322,
            40.656696
          ],
          [
            -111.89722,
            40.656908
          ],
          [
            -111.897005,
            40.657263
          ],
          [
            -111.896296,
            40.658502
          ],
          [
            -111.895753,
            40.659432
          ],
          [
            -111.895042,
            40.660688
          ],
          [
            -111.894826,
            40.661076
          ],
          [
            -111.894609,
            40.661559
          ],
          [
            -111.894453,
            40.661936
          ],
          [
            -111.894396,
            40.662128
          ],
          [
            -111.894241,
            40.662557
          ],
          [
            -111.894105,
            40.66306
          ],
          [
            -111.894057,
            40.663273
          ],
          [
            -111.894008,
            40.663519
          ],
          [
            -111.893956,
            40.66384
          ],
          [
            -111.893928,
            40.664044
          ],
          [
            -111.89389,
            40.664425
          ],
          [
            -111.893876,
            40.664662
          ],
          [
            -111.893867,
            40.664901
          ],
          [
            -111.893871,
            40.665035
          ],
          [
            -111.893911,
            40.665491
          ],
          [
            -111.894115,
            40.667518
          ],
          [
            -111.894168,
            40.668065
          ],
          [
            -111.894189,
            40.668373
          ],
          [
            -111.894178,
            40.668792
          ],
          [
            -111.894172,
            40.669129
          ],
          [
            -111.894148,
            40.670356
          ],
          [
            -111.894128,
            40.671643
          ],
          [
            -111.894121,
            40.672683
          ],
          [
            -111.894115,
            40.674145
          ],
          [
            -111.894104,
            40.674664
          ],
          [
            -111.894083,
            40.675528
          ],
          [
            -111.894074,
            40.675808
          ],
          [
            -111.894063,
            40.676243
          ],
          [
            -111.894054,
            40.677374
          ],
          [
            -111.894055,
            40.678012
          ],
          [
            -111.894128,
            40.678538
          ],
          [
            -111.894201,
            40.678927
          ],
          [
            -111.89428,
            40.679278
          ],
          [
            -111.894385,
            40.679781
          ],
          [
            -111.894479,
            40.680246
          ],
          [
            -111.894571,
            40.680687
          ],
          [
            -111.894712,
            40.681303
          ],
          [
            -111.894903,
            40.68204
          ],
          [
            -111.894996,
            40.682326
          ],
          [
            -111.895115,
            40.68273
          ],
          [
            -111.89528,
            40.68325
          ],
          [
            -111.895432,
            40.683741
          ],
          [
            -111.895612,
            40.684303
          ],
          [
            -111.895761,
            40.684791
          ],
          [
            -111.895946,
            40.68533
          ],
          [
            -111.896156,
            40.686016
          ],
          [
            -111.896346,
            40.686662
          ],
          [
            -111.896473,
            40.687124
          ],
          [
            -111.896779,
            40.688202
          ],
          [
            -111.896881,
            40.688541
          ],
          [
            -111.896939,
            40.688843
          ],
          [
            -111.896961,
            40.689083
          ],
          [
            -111.896964,
            40.689478
          ],
          [
            -111.896958,
            40.690615
          ],
          [
            -111.896957,
            40.692123
          ],
          [
            -111.896942,
            40.694441
          ],
          [
            -111.896937,
            40.698175
          ],
          [
            -111.896942,
            40.699809
          ],
          [
            -111.896942,
            40.700156
          ],
          [
            -111.896942,
            40.701296
          ],
          [
            -111.896932,
            40.702804
          ],
          [
            -111.896914,
            40.703874
          ],
          [
            -111.896904,
            40.707301
          ],
          [
            -111.896898,
            40.70918
          ],
          [
            -111.896894,
            40.71054
          ],
          [
            -111.896888,
            40.71271
          ],
          [
            -111.896881,
            40.715528
          ],
          [
            -111.896868,
            40.717963
          ],
          [
            -111.896864,
            40.719634
          ],
          [
            -111.896863,
            40.72022
          ],
          [
            -111.896857,
            40.72171
          ],
          [
            -111.89686,
            40.72263
          ],
          [
            -111.89686,
            40.722717
          ],
          [
            -111.896867,
            40.723868
          ],
          [
            -111.896862,
            40.725448
          ]
        ]
      }
    },
    {
      "type": "Feature",
      "properties": {
        "type": "Light Rail",
        "network": "UTA TRAX",
        "route_name": "Blue Line",
        "color": "#004a97"
      },
      "geometry": {
        "type": "LineString",
        "coordinates": [
          [
            -111.898317,
            40.634066
          ],
          [
            -111.898334,
            40.634605
          ],
          [
            -111.898349,
            40.635112
          ],
          [
            -111.898279,
            40.638507
          ],
          [
            -111.898262,
            40.639691
          ],
          [
            -111.898253,
            40.640616
          ],
          [
            -111.898226,
            40.642412
          ],
          [
            -111.898224,
            40.643017
          ],
          [
            -111.898209,
            40.644469
          ],
          [
            -111.8982,
            40.645341
          ],
          [
            -111.898189,
            40.646359
          ],
          [
            -111.898177,
            40.647964
          ],
          [
            -111.898158,
            40.649603
          ],
          [
            -111.898135,
            40.651229
          ],
          [
            -111.89812,
            40.652538
          ],
          [
            -111.898109,
            40.65316
          ],
          [
            -111.89808,
            40.653736
          ],
          [
            -111.898059,
            40.654169
          ],
          [
            -111.898028,
            40.654418
          ],
          [
            -111.89798,
            40.654686
          ],
          [
            -111.897922,
            40.654942
          ],
          [
            -111.897744,
            40.655546
          ],
          [
            -111.897504,
            40.65625
          ],
          [
            -111.89741,
            40.6565
          ],
          [
            -111.897322,
            40.656696
          ],
          [
            -111.89722,
            40.656908
          ],
          [
            -111.897005,
            40.657263
          ],
          [
            -111.896296,
            40.658502
          ],
          [
            -111.895753,
            40.659432
          ],
          [
            -111.895042,
            40.660688
          ],
          [
            -111.894826,
            40.661076
          ],
          [
            -111.894609,
            40.661559
          ],
          [
            -111.894453,
            40.661936
          ],
          [
            -111.894396,
            40.662128
          ],
          [
            -111.894241,
            40.662557
          ],
          [
            -111.894105,
            40.66306
          ],
          [
            -111.894057,
            40.663273
          ],
          [
            -111.894008,
            40.663519
          ],
          [
            -111.893956,
            40.66384
          ],
          [
            -111.893928,
            40.664044
          ],
          [
            -111.89389,
            40.664425
          ],
          [
            -111.893876,
            40.664662
          ],
          [
            -111.893867,
            40.664901
          ],
          [
            -111.893871,
            40.665035
          ],
          [
            -111.893911,
            40.665491
          ],
          [
            -111.894115,
            40.667518
          ],
          [
            -111.894168,
            40.668065
          ],
          [
            -111.894189,
            40.668373
          ],
          [
            -111.894178,
            40.668792
          ],
          [
            -111.894172,
            40.669129
          ],
          [
            -111.894148,
            40.670356
          ],
          [
            -111.894128,
            40.671643
          ],
          [
            -111.894121,
            40.672683
          ],
          [
            -111.894115,
            40.674145
          ],
          [
            -111.894104,
            40.674664
          ],
          [
            -111.894083,
            40.675528
          ],
          [
            -111.894074,
            40.675808
          ],
          [
            -111.894063,
            40.676243
          ],
          [
            -111.894054,
            40.677374
          ],
          [
            -111.894055,
            40.678012
          ],
          [
            -111.894128,
            40.678538
          ],
          [
            -111.894201,
            40.678927
          ],
          [
            -111.89428,
            40.679278
          ],
          [
            -111.894385,
            40.679781
          ],
          [
            -111.894479,
            40.680246
          ],
          [
            -111.894571,
            40.680687
          ],
          [
            -111.894712,
            40.681303
          ],
          [
            -111.894903,
            40.68204
          ],
          [
            -111.894996,
            40.682326
          ],
          [
            -111.895115,
            40.68273
          ],
          [
            -111.89528,
            40.68325
          ],
          [
            -111.895432,
            40.683741
          ],
          [
            -111.895612,
            40.684303
          ],
          [
            -111.895761,
            40.684791
          ],
          [
            -111.895946,
            40.68533
          ],
          [
            -111.896156,
            40.686016
          ],
          [
            -111.896346,
            40.686662
          ],
          [
            -111.896473,
            40.687124
          ],
          [
            -111.896779,
            40.688202
          ],
          [
            -111.896881,
            40.688541
          ],
          [
            -111.896939,
            40.688843
          ],
          [
            -111.896961,
            40.689083
          ],
          [
            -111.896964,
            40.689478
          ],
          [
            -111.896958,
            40.690615
          ],
          [
            -111.896957,
            40.692123
          ],
          [
            -111.896942,
            40.694441
          ],
          [
            -111.896937,
            40.698175
          ],
          [
            -111.896942,
            40.699809
          ],
          [
            -111.896942,
            40.700156
          ],
          [
            -111.896942,
            40.701296
          ],
          [
            -111.896932,
            40.702804
          ],
          [
            -111.896914,
            40.703874
          ],
          [
            -111.896904,
            40.707301
          ],
          [
            -111.896898,
            40.70918
          ],
          [
            -111.896894,
            40.71054
          ],
          [
            -111.896888,
            40.71271
          ],
          [
            -111.896881,
            40.715528
          ],
          [
            -111.896868,
            40.717963
          ],
          [
            -111.896864,
            40.719634
          ],
          [
            -111.896863,
            40.72022
          ],
          [
            -111.896857,
            40.72171
          ],
          [
            -111.89686,
            40.72263
          ],
          [
            -111.89686,
            40.722717
          ],
          [
            -111.896867,
            40.723868
          ],
          [
            -111.896862,
            40.725448
          ],
          [
            -111.896872,
            40.726977
          ],
          [
            -111.896887,
            40.729229
          ],
          [
            -111.89688,
            40.72995
          ],
          [
            -111.896887,
            40.731726
          ],
          [
            -111.896876,
            40.732935
          ],
          [
            -111.896876,
            40.733527
          ],
          [
            -111.896864,
            40.735512
          ],
          [
            -111.896846,
            40.736754
          ],
          [
            -111.89682,
            40.737496
          ],
          [
            -111.896806,
            40.738086
          ],
          [
            -111.8968,
            40.739671
          ],
          [
            -111.896789,
            40.741599
          ],
          [
            -111.896788,
            40.742773
          ],
          [
            -111.896806,
            40.74384
          ],
          [
            -111.896811,
            40.746848
          ],
          [
            -111.896805,
            40.749567
          ],
          [
            -111.896805,
            40.749894
          ],
          [
            -111.896799,
            40.750935
          ],
          [
            -111.896805,
            40.753741
          ],
          [
            -111.896806,
            40.753803
          ],
          [
            -111.8968,
            40.753864
          ],
          [
            -111.896785,
            40.753919
          ],
          [
            -111.896763,
            40.753971
          ],
          [
            -111.896689,
            40.754043
          ],
          [
            -111.896595,
            40.754084
          ],
          [
            -111.896493,
            40.754112
          ],
          [
            -111.896404,
            40.754121
          ],
          [
            -111.896283,
            40.754119
          ],
          [
            -111.893935,
            40.754124
          ],
          [
            -111.892312,
            40.754133
          ],
          [
            -111.891406,
            40.754127
          ],
          [
            -111.891284,
            40.754151
          ],
          [
            -111.891204,
            40.754192
          ],
          [
            -111.891143,
            40.754241
          ],
          [
            -111.891101,
            40.754282
          ],
          [
            -111.891066,
            40.754354
          ],
          [
            -111.891055,
            40.754474
          ],
          [
            -111.891084,
            40.755138
          ],
          [
            -111.891102,
            40.757282
          ],
          [
            -111.891084,
            40.758638
          ],
          [
            -111.891091,
            40.759331
          ],
          [
            -111.891094,
            40.760631
          ],
          [
            -111.891113,
            40.76188
          ],
          [
            -111.891114,
            40.762985
          ],
          [
            -111.891117,
            40.76413
          ],
          [
            -111.89111,
            40.765282
          ],
          [
            -111.891105,
            40.767346
          ],
          [
            -111.891088,
            40.767747
          ],
          [
            -111.891063,
            40.768168
          ],
          [
            -111.891063,
            40.76901
          ],
          [
            -111.891092,
            40.769123
          ],
          [
            -111.891149,
            40.769219
          ],
          [
            -111.891219,
            40.769277
          ],
          [
            -111.89136,
            40.769325
          ],
          [
            -111.891571,
            40.769345
          ],
          [
            -111.899566,
            40.769356
          ],
          [
            -111.902087,
            40.769335
          ],
          [
            -111.902513,
            40.769335
          ],
          [
            -111.902511,
            40.768863
          ],
          [
            -111.902508,
            40.767348
          ],
          [
            -111.902534,
            40.766972
          ],
          [
            -111.902532,
            40.765957
          ],
          [
            -111.90252,
            40.765703
          ],
          [
            -111.902505,
            40.765378
          ],
          [
            -111.90251,
            40.765288
          ],
          [
            -111.902518,
            40.765222
          ],
          [
            -111.902551,
            40.765161
          ],
          [
            -111.902579,
            40.765112
          ],
          [
            -111.902632,
            40.76507
          ],
          [
            -111.902688,
            40.765039
          ],
          [
            -111.902755,
            40.765014
          ],
          [
            -111.902832,
            40.764999
          ],
          [
            -111.902933,
            40.764994
          ],
          [
            -111.903588,
            40.764986
          ],
          [
            -111.904201,
            40.764972
          ],
          [
            -111.904954,
            40.764962
          ],
          [
            -111.905248,
            40.764977
          ],
          [
            -111.905643,
            40.765
          ],
          [
            -111.906951,
            40.764996
          ],
          [
            -111.907376,
            40.764985
          ],
          [
            -111.907831,
            40.764982
          ],
          [
            -111.907951,
            40.76497
          ],
          [
            -111.908042,
            40.764941
          ],
          [
            -111.908114,
            40.764899
          ],
          [
            -111.908171,
            40.764841
          ],
          [
            -111.908207,
            40.764782
          ],
          [
            -111.908229,
            40.764711
          ],
          [
            -111.908235,
            40.764638
          ],
          [
            -111.90823,
            40.76395
          ],
          [
            -111.908199,
            40.763225
          ],
          [
            -111.908198,
            40.763086
          ],
          [
            -111.908213,
            40.762995
          ],
          [
            -111.90824,
            40.762907
          ],
          [
            -111.908268,
            40.7628
          ],
          [
            -111.908281,
            40.762665
          ]
        ]
      }
    },
    {
      "type": "Feature",
      "properties": {
        "type": "Commuter Rail",
        "network": "UTA FrontRunner",
        "route_name": "FrontRunner",
        "color": "#c227b9"
      },
      "geometry": {
        "type": "LineString",
        "coordinates": [
          [
            -111.659271,
            40.22545
          ],
          [
            -111.660692,
            40.22557
          ],
          [
            -111.661483,
            40.225637
          ],
          [
            -111.662665,
            40.225736
          ],
          [
            -111.662911,
            40.225754
          ],
          [
            -111.663154,
            40.225769
          ],
          [
            -111.66356,
            40.225771
          ],
          [
            -111.664953,
            40.225775
          ],
          [
            -111.666474,
            40.22578
          ],
          [
            -111.667818,
            40.225782
          ],
          [
            -111.668864,
            40.225786
          ],
          [
            -111.669301,
            40.225791
          ],
          [
            -111.669738,
            40.225809
          ],
          [
            -111.670015,
            40.22583
          ],
          [
            -111.67043,
            40.22587
          ],
          [
            -111.670866,
            40.225928
          ],
          [
            -111.671313,
            40.226008
          ],
          [
            -111.671732,
            40.226101
          ],
          [
            -111.672148,
            40.226214
          ],
          [
            -111.672441,
            40.226303
          ],
          [
            -111.672688,
            40.226389
          ],
          [
            -111.673122,
            40.226556
          ],
          [
            -111.673615,
            40.226776
          ],
          [
            -111.673952,
            40.226948
          ],
          [
            -111.67427,
            40.227128
          ],
          [
            -111.674655,
            40.227373
          ],
          [
            -111.674918,
            40.227561
          ],
          [
            -111.675085,
            40.227686
          ],
          [
            -111.675487,
            40.228021
          ],
          [
            -111.675835,
            40.22835
          ],
          [
            -111.676865,
            40.229347
          ],
          [
            -111.677779,
            40.230229
          ],
          [
            -111.678701,
            40.231123
          ],
          [
            -111.679598,
            40.231991
          ],
          [
            -111.680483,
            40.232846
          ],
          [
            -111.681397,
            40.23373
          ],
          [
            -111.682287,
            40.234592
          ],
          [
            -111.683171,
            40.235444
          ],
          [
            -111.684083,
            40.236325
          ],
          [
            -111.684959,
            40.237177
          ],
          [
            -111.685842,
            40.238028
          ],
          [
            -111.686743,
            40.238901
          ],
          [
            -111.687628,
            40.239756
          ],
          [
            -111.688528,
            40.240628
          ],
          [
            -111.689408,
            40.241482
          ],
          [
            -111.690318,
            40.242359
          ],
          [
            -111.691215,
            40.243232
          ],
          [
            -111.692117,
            40.244104
          ],
          [
            -111.692988,
            40.244949
          ],
          [
            -111.693868,
            40.245801
          ],
          [
            -111.69486,
            40.246764
          ],
          [
            -111.695218,
            40.247128
          ],
          [
            -111.695504,
            40.247384
          ],
          [
            -111.696167,
            40.248027
          ],
          [
            -111.697047,
            40.248881
          ],
          [
            -111.697931,
            40.249738
          ],
          [
            -111.698804,
            40.250585
          ],
          [
            -111.699695,
            40.251445
          ],
          [
            -111.700527,
            40.252252
          ],
          [
            -111.701425,
            40.253121
          ],
          [
            -111.702319,
            40.253986
          ],
          [
            -111.703187,
            40.254829
          ],
          [
            -111.704096,
            40.255707
          ],
          [
            -111.704911,
            40.256498
          ],
          [
            -111.705775,
            40.257336
          ],
          [
            -111.706609,
            40.258142
          ],
          [
            -111.707536,
            40.25904
          ],
          [
            -111.708407,
            40.259886
          ],
          [
            -111.709301,
            40.260748
          ],
          [
            -111.71015,
            40.261571
          ],
          [
            -111.711008,
            40.262403
          ],
          [
            -111.711872,
            40.263238
          ],
          [
            -111.713,
            40.26434
          ],
          [
            -111.713475,
            40.264849
          ],
          [
            -111.713896,
            40.265334
          ],
          [
            -111.714227,
            40.265755
          ],
          [
            -111.714526,
            40.266151
          ],
          [
            -111.715144,
            40.267008
          ],
          [
            -111.715776,
            40.267887
          ],
          [
            -111.716396,
            40.268741
          ],
          [
            -111.717151,
            40.269789
          ],
          [
            -111.717753,
            40.270624
          ],
          [
            -111.718384,
            40.271497
          ],
          [
            -111.718766,
            40.272029
          ],
          [
            -111.719131,
            40.272525
          ],
          [
            -111.719346,
            40.272793
          ],
          [
            -111.71991,
            40.273454
          ],
          [
            -111.720405,
            40.27396
          ],
          [
            -111.72066,
            40.274232
          ],
          [
            -111.721091,
            40.274743
          ],
          [
            -111.721222,
            40.274908
          ],
          [
            -111.721445,
            40.275192
          ],
          [
            -111.725206,
            40.280158
          ],
          [
            -111.726867,
            40.282354
          ],
          [
            -111.729212,
            40.285449
          ],
          [
            -111.731053,
            40.287882
          ],
          [
            -111.732679,
            40.290023
          ],
          [
            -111.733991,
            40.291751
          ],
          [
            -111.737475,
            40.296333
          ],
          [
            -111.738537,
            40.29773
          ],
          [
            -111.739823,
            40.299421
          ],
          [
            -111.741177,
            40.301201
          ],
          [
            -111.742461,
            40.302888
          ],
          [
            -111.744422,
            40.305464
          ],
          [
            -111.744974,
            40.306185
          ],
          [
            -111.745236,
            40.30655
          ],
          [
            -111.745734,
            40.307268
          ],
          [
            -111.746415,
            40.308166
          ],
          [
            -111.748317,
            40.310671
          ],
          [
            -111.749105,
            40.311706
          ],
          [
            -111.750206,
            40.313147
          ],
          [
            -111.750886,
            40.314044
          ],
          [
            -111.751439,
            40.314796
          ],
          [
            -111.75194,
            40.315522
          ],
          [
            -111.754687,
            40.319577
          ],
          [
            -111.756246,
            40.321875
          ],
          [
            -111.760471,
            40.328108
          ],
          [
            -111.761227,
            40.329218
          ],
          [
            -111.761424,
            40.329509
          ],
          [
            -111.761614,
            40.329768
          ],
          [
            -111.761769,
            40.32998
          ],
          [
            -111.762091,
            40.330387
          ],
          [
            -111.762321,
            40.330666
          ],
          [
            -111.762539,
            40.330913
          ],
          [
            -111.762946,
            40.331352
          ],
          [
            -111.763281,
            40.331695
          ],
          [
            -111.765875,
            40.334301
          ],
          [
            -111.768658,
            40.337091
          ],
          [
            -111.772697,
            40.341148
          ],
          [
            -111.775293,
            40.343757
          ],
          [
            -111.777206,
            40.345676
          ],
          [
            -111.779851,
            40.348334
          ],
          [
            -111.782407,
            40.350901
          ],
          [
            -111.784817,
            40.353323
          ],
          [
            -111.787851,
            40.356372
          ],
          [
            -111.790656,
            40.359191
          ],
          [
            -111.79274,
            40.361283
          ],
          [
            -111.793841,
            40.36239
          ],
          [
            -111.795036,
            40.363595
          ],
          [
            -111.795874,
            40.364439
          ],
          [
            -111.796686,
            40.365254
          ],
          [
            -111.797528,
            40.366104
          ],
          [
            -111.798294,
            40.366877
          ],
          [
            -111.799502,
            40.368084
          ],
          [
            -111.799879,
            40.368435
          ],
          [
            -111.800176,
            40.368695
          ],
          [
            -111.800377,
            40.368861
          ],
          [
            -111.800749,
            40.369159
          ],
          [
            -111.800983,
            40.369333
          ],
          [
            -111.801662,
            40.36981
          ],
          [
            -111.802154,
            40.37012
          ],
          [
            -111.802488,
            40.370322
          ],
          [
            -111.802694,
            40.370438
          ],
          [
            -111.803141,
            40.370681
          ],
          [
            -111.803395,
            40.370812
          ],
          [
            -111.803667,
            40.370945
          ],
          [
            -111.804033,
            40.371116
          ],
          [
            -111.804369,
            40.371267
          ],
          [
            -111.804752,
            40.371428
          ],
          [
            -111.805096,
            40.371563
          ],
          [
            -111.805431,
            40.371688
          ],
          [
            -111.805996,
            40.371883
          ],
          [
            -111.80644,
            40.372023
          ],
          [
            -111.806874,
            40.372151
          ],
          [
            -111.807654,
            40.372347
          ],
          [
            -111.808646,
            40.372562
          ],
          [
            -111.810683,
            40.372986
          ],
          [
            -111.813202,
            40.373512
          ],
          [
            -111.816936,
            40.374292
          ],
          [
            -111.820706,
            40.375077
          ],
          [
            -111.824659,
            40.3759
          ],
          [
            -111.829692,
            40.37695
          ],
          [
            -111.836131,
            40.37829
          ],
          [
            -111.838759,
            40.378837
          ],
          [
            -111.841079,
            40.379323
          ],
          [
            -111.844556,
            40.380044
          ],
          [
            -111.847235,
            40.380602
          ],
          [
            -111.849663,
            40.381108
          ],
          [
            -111.851228,
            40.381438
          ],
          [
            -111.851506,
            40.381501
          ],
          [
            -111.851687,
            40.381547
          ],
          [
            -111.851915,
            40.381608
          ],
          [
            -111.852177,
            40.38169
          ],
          [
            -111.852396,
            40.381767
          ],
          [
            -111.852712,
            40.381899
          ],
          [
            -111.852943,
            40.382009
          ],
          [
            -111.853201,
            40.382146
          ],
          [
            -111.853435,
            40.382291
          ],
          [
            -111.853638,
            40.382431
          ],
          [
            -111.853861,
            40.382602
          ],
          [
            -111.854039,
            40.382758
          ],
          [
            -111.854256,
            40.382974
          ],
          [
            -111.854441,
            40.383184
          ],
          [
            -111.854583,
            40.38337
          ],
          [
            -111.854721,
            40.383579
          ],
          [
            -111.854822,
            40.383758
          ],
          [
            -111.854939,
            40.384002
          ],
          [
            -111.855016,
            40.384201
          ],
          [
            -111.855093,
            40.384449
          ],
          [
            -111.855133,
            40.384623
          ],
          [
            -111.855151,
            40.384736
          ],
          [
            -111.855179,
            40.384906
          ],
          [
            -111.855216,
            40.385312
          ],
          [
            -111.855231,
            40.385608
          ],
          [
            -111.855336,
            40.388123
          ],
          [
            -111.855364,
            40.388662
          ],
          [
            -111.855381,
            40.388874
          ],
          [
            -111.855409,
            40.38911
          ],
          [
            -111.855459,
            40.389378
          ],
          [
            -111.855532,
            40.389644
          ],
          [
            -111.855596,
            40.389832
          ],
          [
            -111.855672,
            40.390022
          ],
          [
            -111.855816,
            40.390316
          ],
          [
            -111.855971,
            40.390577
          ],
          [
            -111.856134,
            40.390807
          ],
          [
            -111.856289,
            40.391003
          ],
          [
            -111.856472,
            40.391206
          ],
          [
            -111.856683,
            40.391414
          ],
          [
            -111.856977,
            40.391675
          ],
          [
            -111.857757,
            40.392339
          ],
          [
            -111.860309,
            40.39449
          ],
          [
            -111.863272,
            40.396987
          ],
          [
            -111.864312,
            40.397867
          ],
          [
            -111.865936,
            40.399233
          ],
          [
            -111.867712,
            40.400733
          ],
          [
            -111.870324,
            40.402934
          ],
          [
            -111.872043,
            40.404381
          ],
          [
            -111.875461,
            40.407263
          ],
          [
            -111.878082,
            40.409469
          ],
          [
            -111.879054,
            40.410287
          ],
          [
            -111.881187,
            40.412084
          ],
          [
            -111.882866,
            40.413501
          ],
          [
            -111.884398,
            40.414792
          ],
          [
            -111.886073,
            40.416202
          ],
          [
            -111.886864,
            40.41687
          ],
          [
            -111.887777,
            40.417638
          ],
          [
            -111.88833,
            40.418104
          ],
          [
            -111.889026,
            40.418703
          ],
          [
            -111.889709,
            40.41932
          ],
          [
            -111.889956,
            40.419522
          ],
          [
            -111.890282,
            40.41979
          ],
          [
            -111.89074,
            40.420192
          ],
          [
            -111.891287,
            40.420702
          ],
          [
            -111.893383,
            40.422657
          ],
          [
            -111.895096,
            40.424239
          ],
          [
            -111.89666,
            40.425686
          ],
          [
            -111.898913,
            40.427771
          ],
          [
            -111.900714,
            40.429438
          ],
          [
            -111.902571,
            40.431157
          ],
          [
            -111.904729,
            40.433151
          ],
          [
            -111.906183,
            40.434494
          ],
          [
            -111.906943,
            40.4352
          ],
          [
            -111.907128,
            40.435393
          ],
          [
            -111.907384,
            40.435671
          ],
          [
            -111.908017,
            40.436255
          ],
          [
            -111.910314,
            40.438379
          ],
          [
            -111.911205,
            40.439193
          ],
          [
            -111.911506,
            40.439454
          ],
          [
            -111.911823,
            40.439696
          ],
          [
            -111.912139,
            40.439914
          ],
          [
            -111.91239,
            40.440067
          ],
          [
            -111.912689,
            40.440231
          ],
          [
            -111.912966,
            40.440367
          ],
          [
            -111.913326,
            40.440522
          ],
          [
            -111.913601,
            40.440625
          ],
          [
            -111.913866,
            40.440715
          ],
          [
            -111.914147,
            40.440799
          ],
          [
            -111.91442,
            40.440869
          ],
          [
            -111.914669,
            40.440926
          ],
          [
            -111.914952,
            40.440981
          ],
          [
            -111.915233,
            40.441026
          ],
          [
            -111.915678,
            40.441085
          ],
          [
            -111.917531,
            40.44129
          ],
          [
            -111.918404,
            40.441384
          ],
          [
            -111.918883,
            40.441434
          ],
          [
            -111.919218,
            40.441477
          ],
          [
            -111.919432,
            40.441509
          ],
          [
            -111.919636,
            40.441547
          ],
          [
            -111.919836,
            40.441589
          ],
          [
            -111.919997,
            40.441632
          ],
          [
            -111.920156,
            40.441676
          ],
          [
            -111.9203,
            40.441724
          ],
          [
            -111.920442,
            40.441772
          ],
          [
            -111.9206,
            40.441835
          ],
          [
            -111.920732,
            40.441892
          ],
          [
            -111.920965,
            40.442001
          ],
          [
            -111.921243,
            40.442158
          ],
          [
            -111.921418,
            40.442272
          ],
          [
            -111.921567,
            40.442376
          ],
          [
            -111.921824,
            40.442594
          ],
          [
            -111.921983,
            40.442742
          ],
          [
            -111.922078,
            40.442844
          ],
          [
            -111.922165,
            40.442945
          ],
          [
            -111.922286,
            40.443095
          ],
          [
            -111.922462,
            40.443355
          ],
          [
            -111.922537,
            40.443495
          ],
          [
            -111.922644,
            40.44372
          ],
          [
            -111.922738,
            40.443984
          ],
          [
            -111.922787,
            40.444169
          ],
          [
            -111.922819,
            40.444353
          ],
          [
            -111.922841,
            40.444559
          ],
          [
            -111.922843,
            40.444755
          ],
          [
            -111.922823,
            40.444998
          ],
          [
            -111.9228,
            40.445148
          ],
          [
            -111.922699,
            40.445636
          ],
          [
            -111.922506,
            40.446523
          ],
          [
            -111.922398,
            40.447021
          ],
          [
            -111.922336,
            40.447383
          ],
          [
            -111.922308,
            40.447603
          ],
          [
            -111.922301,
            40.447701
          ],
          [
            -111.922292,
            40.44791
          ],
          [
            -111.922292,
            40.448135
          ],
          [
            -111.922297,
            40.448298
          ],
          [
            -111.922311,
            40.448475
          ],
          [
            -111.92233,
            40.448646
          ],
          [
            -111.922376,
            40.448918
          ],
          [
            -111.922416,
            40.449104
          ],
          [
            -111.922497,
            40.449391
          ],
          [
            -111.922581,
            40.449634
          ],
          [
            -111.922692,
            40.449909
          ],
          [
            -111.922819,
            40.45017
          ],
          [
            -111.922954,
            40.450417
          ],
          [
            -111.923164,
            40.45075
          ],
          [
            -111.923424,
            40.451098
          ],
          [
            -111.923646,
            40.451354
          ],
          [
            -111.92403,
            40.451747
          ],
          [
            -111.924304,
            40.451987
          ],
          [
            -111.924592,
            40.452223
          ],
          [
            -111.925775,
            40.453133
          ],
          [
            -111.926887,
            40.453989
          ],
          [
            -111.928003,
            40.454846
          ],
          [
            -111.929104,
            40.455696
          ],
          [
            -111.929715,
            40.456167
          ],
          [
            -111.930027,
            40.456409
          ],
          [
            -111.930215,
            40.456561
          ],
          [
            -111.930432,
            40.456747
          ],
          [
            -111.930712,
            40.457
          ],
          [
            -111.931022,
            40.457305
          ],
          [
            -111.931365,
            40.457676
          ],
          [
            -111.931589,
            40.457949
          ],
          [
            -111.931796,
            40.458219
          ],
          [
            -111.931958,
            40.458453
          ],
          [
            -111.932179,
            40.458787
          ],
          [
            -111.932392,
            40.459164
          ],
          [
            -111.932576,
            40.459522
          ],
          [
            -111.932694,
            40.459781
          ],
          [
            -111.932777,
            40.459984
          ],
          [
            -111.932863,
            40.46021
          ],
          [
            -111.93297,
            40.460532
          ],
          [
            -111.93308,
            40.460949
          ],
          [
            -111.933138,
            40.461206
          ],
          [
            -111.933194,
            40.46154
          ],
          [
            -111.933228,
            40.461832
          ],
          [
            -111.933253,
            40.462111
          ],
          [
            -111.933263,
            40.462433
          ],
          [
            -111.933255,
            40.462831
          ],
          [
            -111.93324,
            40.463054
          ],
          [
            -111.933208,
            40.463375
          ],
          [
            -111.93317,
            40.463628
          ],
          [
            -111.932898,
            40.465236
          ],
          [
            -111.932753,
            40.466067
          ],
          [
            -111.932411,
            40.468082
          ],
          [
            -111.932343,
            40.468486
          ],
          [
            -111.932181,
            40.46943
          ],
          [
            -111.932086,
            40.469893
          ],
          [
            -111.932004,
            40.470201
          ],
          [
            -111.931894,
            40.470525
          ],
          [
            -111.931793,
            40.47078
          ],
          [
            -111.931614,
            40.471169
          ],
          [
            -111.931431,
            40.471504
          ],
          [
            -111.931036,
            40.472155
          ],
          [
            -111.930525,
            40.472979
          ],
          [
            -111.929996,
            40.473838
          ],
          [
            -111.927006,
            40.47868
          ],
          [
            -111.92649,
            40.479517
          ],
          [
            -111.926045,
            40.480202
          ],
          [
            -111.925441,
            40.481062
          ],
          [
            -111.924084,
            40.48297
          ],
          [
            -111.923475,
            40.483833
          ],
          [
            -111.921821,
            40.486154
          ],
          [
            -111.920408,
            40.488151
          ],
          [
            -111.919683,
            40.489166
          ],
          [
            -111.919243,
            40.489787
          ],
          [
            -111.918154,
            40.491319
          ],
          [
            -111.917202,
            40.492659
          ],
          [
            -111.916875,
            40.493121
          ],
          [
            -111.916609,
            40.493487
          ],
          [
            -111.915507,
            40.495041
          ],
          [
            -111.914718,
            40.496154
          ],
          [
            -111.914109,
            40.497006
          ],
          [
            -111.91377,
            40.497483
          ],
          [
            -111.91353,
            40.497822
          ],
          [
            -111.912557,
            40.499189
          ],
          [
            -111.911789,
            40.500273
          ],
          [
            -111.911232,
            40.501051
          ],
          [
            -111.91065,
            40.501871
          ],
          [
            -111.910344,
            40.502301
          ],
          [
            -111.909958,
            40.502841
          ],
          [
            -111.909104,
            40.504045
          ],
          [
            -111.908566,
            40.504802
          ],
          [
            -111.908181,
            40.505344
          ],
          [
            -111.907846,
            40.505814
          ],
          [
            -111.906635,
            40.507515
          ],
          [
            -111.905915,
            40.508525
          ],
          [
            -111.905426,
            40.509216
          ],
          [
            -111.905195,
            40.509556
          ],
          [
            -111.904998,
            40.509874
          ],
          [
            -111.904819,
            40.510196
          ],
          [
            -111.904642,
            40.510559
          ],
          [
            -111.90453,
            40.510832
          ],
          [
            -111.904427,
            40.511111
          ],
          [
            -111.90431,
            40.511498
          ],
          [
            -111.904239,
            40.511784
          ],
          [
            -111.904171,
            40.512147
          ],
          [
            -111.904137,
            40.512401
          ],
          [
            -111.904109,
            40.512703
          ],
          [
            -111.904097,
            40.512903
          ],
          [
            -111.904095,
            40.513095
          ],
          [
            -111.904102,
            40.513512
          ],
          [
            -111.904172,
            40.515163
          ],
          [
            -111.904263,
            40.517322
          ],
          [
            -111.904365,
            40.519671
          ],
          [
            -111.904465,
            40.522048
          ],
          [
            -111.904591,
            40.525063
          ],
          [
            -111.904626,
            40.525904
          ],
          [
            -111.904659,
            40.526669
          ],
          [
            -111.904684,
            40.527235
          ],
          [
            -111.904695,
            40.52752
          ],
          [
            -111.904714,
            40.527988
          ],
          [
            -111.904722,
            40.528278
          ],
          [
            -111.904722,
            40.528535
          ],
          [
            -111.904716,
            40.52891
          ],
          [
            -111.904682,
            40.529433
          ],
          [
            -111.904544,
            40.530627
          ],
          [
            -111.904337,
            40.532321
          ],
          [
            -111.90405,
            40.534689
          ],
          [
            -111.903772,
            40.536972
          ],
          [
            -111.903092,
            40.542529
          ],
          [
            -111.902588,
            40.546649
          ],
          [
            -111.901714,
            40.553806
          ],
          [
            -111.901222,
            40.557863
          ],
          [
            -111.900697,
            40.562192
          ],
          [
            -111.900533,
            40.563546
          ],
          [
            -111.900471,
            40.564055
          ],
          [
            -111.900449,
            40.564224
          ],
          [
            -111.900425,
            40.564443
          ],
          [
            -111.900411,
            40.56462
          ],
          [
            -111.900402,
            40.564747
          ],
          [
            -111.900396,
            40.564898
          ],
          [
            -111.900394,
            40.565056
          ],
          [
            -111.900396,
            40.565206
          ],
          [
            -111.900411,
            40.565496
          ],
          [
            -111.90043,
            40.565729
          ],
          [
            -111.900473,
            40.566028
          ],
          [
            -111.900507,
            40.566229
          ],
          [
            -111.900599,
            40.566627
          ],
          [
            -111.90068,
            40.566903
          ],
          [
            -111.900785,
            40.567209
          ],
          [
            -111.900997,
            40.567723
          ],
          [
            -111.901312,
            40.568332
          ],
          [
            -111.901841,
            40.569303
          ],
          [
            -111.902613,
            40.570715
          ],
          [
            -111.90306,
            40.57153
          ],
          [
            -111.903716,
            40.572729
          ],
          [
            -111.903939,
            40.573184
          ],
          [
            -111.904106,
            40.573567
          ],
          [
            -111.904224,
            40.573898
          ],
          [
            -111.904309,
            40.574177
          ],
          [
            -111.904367,
            40.57439
          ],
          [
            -111.904431,
            40.574672
          ],
          [
            -111.904474,
            40.574933
          ],
          [
            -111.904499,
            40.575129
          ],
          [
            -111.904523,
            40.575319
          ],
          [
            -111.904531,
            40.575472
          ],
          [
            -111.904537,
            40.57577
          ],
          [
            -111.904534,
            40.576103
          ],
          [
            -111.904521,
            40.576331
          ],
          [
            -111.904499,
            40.576544
          ],
          [
            -111.904455,
            40.576886
          ],
          [
            -111.904229,
            40.578456
          ],
          [
            -111.904013,
            40.579973
          ],
          [
            -111.903804,
            40.58144
          ],
          [
            -111.90372,
            40.582019
          ],
          [
            -111.903469,
            40.583754
          ],
          [
            -111.90308,
            40.586466
          ],
          [
            -111.902886,
            40.587817
          ],
          [
            -111.902796,
            40.588423
          ],
          [
            -111.902761,
            40.588748
          ],
          [
            -111.902733,
            40.589015
          ],
          [
            -111.902714,
            40.589283
          ],
          [
            -111.902705,
            40.589536
          ],
          [
            -111.902699,
            40.589893
          ],
          [
            -111.902711,
            40.590245
          ],
          [
            -111.902733,
            40.590605
          ],
          [
            -111.902758,
            40.590849
          ],
          [
            -111.902799,
            40.591175
          ],
          [
            -111.90285,
            40.591491
          ],
          [
            -111.903156,
            40.593137
          ],
          [
            -111.90376,
            40.596344
          ],
          [
            -111.904228,
            40.598826
          ],
          [
            -111.904537,
            40.60047
          ],
          [
            -111.904988,
            40.602869
          ],
          [
            -111.90548,
            40.605488
          ],
          [
            -111.905666,
            40.606483
          ],
          [
            -111.905944,
            40.607845
          ],
          [
            -111.906234,
            40.609339
          ],
          [
            -111.906303,
            40.609712
          ],
          [
            -111.906444,
            40.610582
          ],
          [
            -111.906503,
            40.610907
          ],
          [
            -111.906647,
            40.611693
          ],
          [
            -111.906798,
            40.612545
          ],
          [
            -111.906845,
            40.612941
          ],
          [
            -111.906875,
            40.613241
          ],
          [
            -111.906877,
            40.613354
          ],
          [
            -111.906888,
            40.613603
          ],
          [
            -111.906889,
            40.61389
          ],
          [
            -111.906887,
            40.614088
          ],
          [
            -111.906874,
            40.614382
          ],
          [
            -111.906848,
            40.614684
          ],
          [
            -111.90678,
            40.615223
          ],
          [
            -111.906741,
            40.615467
          ],
          [
            -111.906649,
            40.615892
          ],
          [
            -111.906552,
            40.616295
          ],
          [
            -111.906219,
            40.617646
          ],
          [
            -111.905713,
            40.619699
          ],
          [
            -111.905393,
            40.621004
          ],
          [
            -111.905187,
            40.621842
          ],
          [
            -111.904822,
            40.623328
          ],
          [
            -111.904443,
            40.624873
          ],
          [
            -111.904045,
            40.626494
          ],
          [
            -111.903711,
            40.627844
          ],
          [
            -111.903239,
            40.629761
          ],
          [
            -111.903059,
            40.630515
          ],
          [
            -111.902692,
            40.632004
          ],
          [
            -111.902439,
            40.633018
          ],
          [
            -111.902225,
            40.633896
          ],
          [
            -111.901879,
            40.635304
          ],
          [
            -111.901504,
            40.636818
          ],
          [
            -111.901141,
            40.638298
          ],
          [
            -111.900903,
            40.639283
          ],
          [
            -111.900811,
            40.639702
          ],
          [
            -111.90077,
            40.63993
          ],
          [
            -111.90071,
            40.640302
          ],
          [
            -111.900648,
            40.640778
          ],
          [
            -111.900596,
            40.64148
          ],
          [
            -111.90053,
            40.642961
          ],
          [
            -111.900432,
            40.645193
          ],
          [
            -111.900395,
            40.646048
          ],
          [
            -111.90035,
            40.647043
          ],
          [
            -111.900312,
            40.64726
          ],
          [
            -111.900284,
            40.647436
          ],
          [
            -111.900275,
            40.647539
          ],
          [
            -111.900257,
            40.647955
          ],
          [
            -111.900229,
            40.648354
          ],
          [
            -111.900184,
            40.648788
          ],
          [
            -111.90015,
            40.649037
          ],
          [
            -111.900038,
            40.649702
          ],
          [
            -111.899948,
            40.650108
          ],
          [
            -111.899856,
            40.650472
          ],
          [
            -111.899751,
            40.650837
          ],
          [
            -111.899642,
            40.651177
          ],
          [
            -111.899191,
            40.652473
          ],
          [
            -111.899025,
            40.652808
          ],
          [
            -111.89873,
            40.653644
          ],
          [
            -111.898398,
            40.654611
          ],
          [
            -111.89831,
            40.655019
          ],
          [
            -111.897991,
            40.655936
          ],
          [
            -111.897891,
            40.656138
          ],
          [
            -111.897813,
            40.656305
          ],
          [
            -111.897722,
            40.656553
          ],
          [
            -111.897217,
            40.658009
          ],
          [
            -111.896941,
            40.658804
          ],
          [
            -111.89667,
            40.659583
          ],
          [
            -111.896593,
            40.659809
          ],
          [
            -111.896532,
            40.660132
          ],
          [
            -111.896248,
            40.661113
          ],
          [
            -111.896096,
            40.661562
          ],
          [
            -111.895936,
            40.662097
          ],
          [
            -111.895856,
            40.662418
          ],
          [
            -111.895799,
            40.662696
          ],
          [
            -111.895716,
            40.663256
          ],
          [
            -111.895682,
            40.663635
          ],
          [
            -111.895664,
            40.663939
          ],
          [
            -111.895666,
            40.664355
          ],
          [
            -111.895684,
            40.664785
          ],
          [
            -111.89572,
            40.665182
          ],
          [
            -111.895962,
            40.667609
          ],
          [
            -111.896103,
            40.669049
          ],
          [
            -111.896305,
            40.671141
          ],
          [
            -111.896459,
            40.672684
          ],
          [
            -111.89661,
            40.674226
          ],
          [
            -111.89676,
            40.675727
          ],
          [
            -111.896902,
            40.677183
          ],
          [
            -111.896994,
            40.678113
          ],
          [
            -111.897051,
            40.67855
          ],
          [
            -111.897102,
            40.678871
          ],
          [
            -111.897202,
            40.679376
          ],
          [
            -111.89733,
            40.679911
          ],
          [
            -111.897481,
            40.680431
          ],
          [
            -111.897777,
            40.68131
          ],
          [
            -111.898475,
            40.683356
          ],
          [
            -111.899192,
            40.685453
          ],
          [
            -111.899725,
            40.687022
          ],
          [
            -111.900182,
            40.688362
          ],
          [
            -111.900655,
            40.689746
          ],
          [
            -111.901148,
            40.691187
          ],
          [
            -111.901539,
            40.692339
          ],
          [
            -111.90202,
            40.693747
          ],
          [
            -111.902699,
            40.695737
          ],
          [
            -111.903225,
            40.69728
          ],
          [
            -111.903733,
            40.69876
          ],
          [
            -111.904008,
            40.699577
          ],
          [
            -111.904535,
            40.701119
          ],
          [
            -111.905038,
            40.702599
          ],
          [
            -111.905557,
            40.704119
          ],
          [
            -111.906354,
            40.706441
          ],
          [
            -111.906638,
            40.707272
          ],
          [
            -111.90757,
            40.710008
          ],
          [
            -111.907845,
            40.710811
          ],
          [
            -111.908136,
            40.71185
          ],
          [
            -111.908287,
            40.712647
          ],
          [
            -111.908382,
            40.713339
          ],
          [
            -111.908431,
            40.713908
          ],
          [
            -111.908447,
            40.715263
          ],
          [
            -111.908446,
            40.716792
          ],
          [
            -111.908435,
            40.718281
          ],
          [
            -111.908432,
            40.71979
          ],
          [
            -111.908431,
            40.721255
          ],
          [
            -111.908426,
            40.7227
          ],
          [
            -111.908429,
            40.724171
          ],
          [
            -111.908409,
            40.724772
          ],
          [
            -111.908407,
            40.725076
          ],
          [
            -111.908425,
            40.72519
          ],
          [
            -111.908426,
            40.726326
          ],
          [
            -111.908423,
            40.728505
          ],
          [
            -111.908419,
            40.730712
          ],
          [
            -111.908415,
            40.732874
          ],
          [
            -111.908413,
            40.734448
          ],
          [
            -111.90841,
            40.736572
          ],
          [
            -111.908409,
            40.738098
          ],
          [
            -111.90841,
            40.738976
          ],
          [
            -111.908408,
            40.739802
          ],
          [
            -111.908412,
            40.740893
          ],
          [
            -111.90843,
            40.74125
          ],
          [
            -111.908494,
            40.742081
          ],
          [
            -111.908589,
            40.743227
          ],
          [
            -111.908684,
            40.744403
          ],
          [
            -111.908754,
            40.745272
          ],
          [
            -111.908849,
            40.746454
          ],
          [
            -111.90891,
            40.747355
          ],
          [
            -111.908929,
            40.747817
          ],
          [
            -111.908941,
            40.748492
          ],
          [
            -111.908934,
            40.749934
          ],
          [
            -111.908936,
            40.75076
          ],
          [
            -111.908935,
            40.751652
          ],
          [
            -111.908932,
            40.752445
          ],
          [
            -111.908911,
            40.752731
          ],
          [
            -111.908892,
            40.752956
          ],
          [
            -111.908879,
            40.753169
          ],
          [
            -111.908877,
            40.753942
          ],
          [
            -111.908877,
            40.75422
          ],
          [
            -111.908876,
            40.754762
          ],
          [
            -111.908873,
            40.755807
          ],
          [
            -111.908871,
            40.756203
          ],
          [
            -111.908875,
            40.756705
          ],
          [
            -111.908868,
            40.757234
          ],
          [
            -111.908871,
            40.757675
          ],
          [
            -111.908865,
            40.757907
          ],
          [
            -111.908831,
            40.758144
          ],
          [
            -111.908803,
            40.758378
          ],
          [
            -111.908784,
            40.758864
          ],
          [
            -111.908557,
            40.759431
          ],
          [
            -111.908453,
            40.760036
          ],
          [
            -111.908435,
            40.760415
          ],
          [
            -111.908458,
            40.760634
          ],
          [
            -111.908481,
            40.760839
          ],
          [
            -111.908505,
            40.76095
          ],
          [
            -111.908566,
            40.761164
          ],
          [
            -111.90863,
            40.76137
          ],
          [
            -111.909053,
            40.762326
          ],
          [
            -111.909246,
            40.762717
          ],
          [
            -111.910465,
            40.765217
          ],
          [
            -111.910902,
            40.766327
          ],
          [
            -111.910963,
            40.76655
          ],
          [
            -111.910976,
            40.766773
          ],
          [
            -111.910943,
            40.767222
          ],
          [
            -111.91086,
            40.767491
          ],
          [
            -111.910735,
            40.76776
          ],
          [
            -111.910609,
            40.767986
          ],
          [
            -111.910413,
            40.768223
          ],
          [
            -111.910202,
            40.768438
          ],
          [
            -111.909879,
            40.768643
          ],
          [
            -111.909597,
            40.768816
          ],
          [
            -111.909315,
            40.768935
          ],
          [
            -111.909047,
            40.769032
          ],
          [
            -111.90871,
            40.769119
          ],
          [
            -111.908329,
            40.769221
          ],
          [
            -111.907906,
            40.769326
          ],
          [
            -111.907454,
            40.769457
          ],
          [
            -111.906947,
            40.769597
          ],
          [
            -111.906524,
            40.769739
          ],
          [
            -111.906242,
            40.769879
          ],
          [
            -111.905976,
            40.770031
          ],
          [
            -111.905737,
            40.770278
          ],
          [
            -111.905541,
            40.770526
          ],
          [
            -111.905359,
            40.770838
          ],
          [
            -111.905233,
            40.771139
          ],
          [
            -111.905238,
            40.771505
          ],
          [
            -111.905149,
            40.772945
          ]
        ]
      }
    },
    {
      "type": "Feature",
      "properties": {
        "type": "Commuter Rail",
        "network": "UTA FrontRunner",
        "route_name": "FrontRunner",
        "color": "#c227b9"
      },
      "geometry": {
        "type": "LineString",
        "coordinates": [
          [
            -111.659271,
            40.22545
          ],
          [
            -111.660692,
            40.22557
          ],
          [
            -111.661483,
            40.225637
          ],
          [
            -111.662665,
            40.225736
          ],
          [
            -111.662911,
            40.225754
          ],
          [
            -111.663154,
            40.225769
          ],
          [
            -111.66356,
            40.225771
          ],
          [
            -111.664953,
            40.225775
          ],
          [
            -111.666474,
            40.22578
          ],
          [
            -111.667818,
            40.225782
          ],
          [
            -111.668864,
            40.225786
          ],
          [
            -111.669301,
            40.225791
          ],
          [
            -111.669738,
            40.225809
          ],
          [
            -111.670015,
            40.22583
          ],
          [
            -111.67043,
            40.22587
          ],
          [
            -111.670866,
            40.225928
          ],
          [
            -111.671313,
            40.226008
          ],
          [
            -111.671732,
            40.226101
          ],
          [
            -111.672148,
            40.226214
          ],
          [
            -111.672441,
            40.226303
          ],
          [
            -111.672688,
            40.226389
          ],
          [
            -111.673122,
            40.226556
          ],
          [
            -111.673615,
            40.226776
          ],
          [
            -111.673952,
            40.226948
          ],
          [
            -111.67427,
            40.227128
          ],
          [
            -111.674655,
            40.227373
          ],
          [
            -111.674918,
            40.227561
          ],
          [
            -111.675085,
            40.227686
          ],
          [
            -111.675487,
            40.228021
          ],
          [
            -111.675835,
            40.22835
          ],
          [
            -111.676865,
            40.229347
          ],
          [
            -111.677779,
            40.230229
          ],
          [
            -111.678701,
            40.231123
          ],
          [
            -111.679598,
            40.231991
          ],
          [
            -111.680483,
            40.232846
          ],
          [
            -111.681397,
            40.23373
          ],
          [
            -111.682287,
            40.234592
          ],
          [
            -111.683171,
            40.235444
          ],
          [
            -111.684083,
            40.236325
          ],
          [
            -111.684959,
            40.237177
          ],
          [
            -111.685842,
            40.238028
          ],
          [
            -111.686743,
            40.238901
          ],
          [
            -111.687628,
            40.239756
          ],
          [
            -111.688528,
            40.240628
          ],
          [
            -111.689408,
            40.241482
          ],
          [
            -111.690318,
            40.242359
          ],
          [
            -111.691215,
            40.243232
          ],
          [
            -111.692117,
            40.244104
          ],
          [
            -111.692988,
            40.244949
          ],
          [
            -111.693868,
            40.245801
          ],
          [
            -111.69486,
            40.246764
          ],
          [
            -111.695218,
            40.247128
          ],
          [
            -111.695504,
            40.247384
          ],
          [
            -111.696167,
            40.248027
          ],
          [
            -111.697047,
            40.248881
          ],
          [
            -111.697931,
            40.249738
          ],
          [
            -111.698804,
            40.250585
          ],
          [
            -111.699695,
            40.251445
          ],
          [
            -111.700527,
            40.252252
          ],
          [
            -111.701425,
            40.253121
          ],
          [
            -111.702319,
            40.253986
          ],
          [
            -111.703187,
            40.254829
          ],
          [
            -111.704096,
            40.255707
          ],
          [
            -111.704911,
            40.256498
          ],
          [
            -111.705775,
            40.257336
          ],
          [
            -111.706609,
            40.258142
          ],
          [
            -111.707536,
            40.25904
          ],
          [
            -111.708407,
            40.259886
          ],
          [
            -111.709301,
            40.260748
          ],
          [
            -111.71015,
            40.261571
          ],
          [
            -111.711008,
            40.262403
          ],
          [
            -111.711872,
            40.263238
          ],
          [
            -111.713,
            40.26434
          ],
          [
            -111.713475,
            40.264849
          ],
          [
            -111.713896,
            40.265334
          ],
          [
            -111.714227,
            40.265755
          ],
          [
            -111.714526,
            40.266151
          ],
          [
            -111.715144,
            40.267008
          ],
          [
            -111.715776,
            40.267887
          ],
          [
            -111.716396,
            40.268741
          ],
          [
            -111.717151,
            40.269789
          ],
          [
            -111.717753,
            40.270624
          ],
          [
            -111.718384,
            40.271497
          ],
          [
            -111.718766,
            40.272029
          ],
          [
            -111.719131,
            40.272525
          ],
          [
            -111.719346,
            40.272793
          ],
          [
            -111.71991,
            40.273454
          ],
          [
            -111.720405,
            40.27396
          ],
          [
            -111.72066,
            40.274232
          ],
          [
            -111.721091,
            40.274743
          ],
          [
            -111.721222,
            40.274908
          ],
          [
            -111.721445,
            40.275192
          ],
          [
            -111.725206,
            40.280158
          ],
          [
            -111.726867,
            40.282354
          ],
          [
            -111.729212,
            40.285449
          ],
          [
            -111.731053,
            40.287882
          ],
          [
            -111.732679,
            40.290023
          ],
          [
            -111.733991,
            40.291751
          ],
          [
            -111.737475,
            40.296333
          ],
          [
            -111.738537,
            40.29773
          ],
          [
            -111.739823,
            40.299421
          ],
          [
            -111.741177,
            40.301201
          ],
          [
            -111.742461,
            40.302888
          ],
          [
            -111.744422,
            40.305464
          ],
          [
            -111.744974,
            40.306185
          ],
          [
            -111.745236,
            40.30655
          ],
          [
            -111.745734,
            40.307268
          ],
          [
            -111.746415,
            40.308166
          ],
          [
            -111.748317,
            40.310671
          ],
          [
            -111.749105,
            40.311706
          ],
          [
            -111.750206,
            40.313147
          ],
          [
            -111.750886,
            40.314044
          ],
          [
            -111.751439,
            40.314796
          ],
          [
            -111.75194,
            40.315522
          ],
          [
            -111.754687,
            40.319577
          ],
          [
            -111.756246,
            40.321875
          ],
          [
            -111.760471,
            40.328108
          ],
          [
            -111.761227,
            40.329218
          ],
          [
            -111.761424,
            40.329509
          ],
          [
            -111.761614,
            40.329768
          ],
          [
            -111.761769,
            40.32998
          ],
          [
            -111.762091,
            40.330387
          ],
          [
            -111.762321,
            40.330666
          ],
          [
            -111.762539,
            40.330913
          ],
          [
            -111.762946,
            40.331352
          ],
          [
            -111.763281,
            40.331695
          ],
          [
            -111.765875,
            40.334301
          ],
          [
            -111.768658,
            40.337091
          ],
          [
            -111.772697,
            40.341148
          ],
          [
            -111.775293,
            40.343757
          ],
          [
            -111.777206,
            40.345676
          ],
          [
            -111.779851,
            40.348334
          ],
          [
            -111.782407,
            40.350901
          ],
          [
            -111.784817,
            40.353323
          ],
          [
            -111.787851,
            40.356372
          ],
          [
            -111.790656,
            40.359191
          ],
          [
            -111.79274,
            40.361283
          ],
          [
            -111.793841,
            40.36239
          ],
          [
            -111.795036,
            40.363595
          ],
          [
            -111.795874,
            40.364439
          ],
          [
            -111.796686,
            40.365254
          ],
          [
            -111.797528,
            40.366104
          ],
          [
            -111.798294,
            40.366877
          ],
          [
            -111.799502,
            40.368084
          ],
          [
            -111.799879,
            40.368435
          ],
          [
            -111.800176,
            40.368695
          ],
          [
            -111.800377,
            40.368861
          ],
          [
            -111.800749,
            40.369159
          ],
          [
            -111.800983,
            40.369333
          ],
          [
            -111.801662,
            40.36981
          ],
          [
            -111.802154,
            40.37012
          ],
          [
            -111.802488,
            40.370322
          ],
          [
            -111.802694,
            40.370438
          ],
          [
            -111.803141,
            40.370681
          ],
          [
            -111.803395,
            40.370812
          ],
          [
            -111.803667,
            40.370945
          ],
          [
            -111.804033,
            40.371116
          ],
          [
            -111.804369,
            40.371267
          ],
          [
            -111.804752,
            40.371428
          ],
          [
            -111.805096,
            40.371563
          ],
          [
            -111.805431,
            40.371688
          ],
          [
            -111.805996,
            40.371883
          ],
          [
            -111.80644,
            40.372023
          ],
          [
            -111.806874,
            40.372151
          ],
          [
            -111.807654,
            40.372347
          ],
          [
            -111.808646,
            40.372562
          ],
          [
            -111.810683,
            40.372986
          ],
          [
            -111.813202,
            40.373512
          ],
          [
            -111.816936,
            40.374292
          ],
          [
            -111.820706,
            40.375077
          ],
          [
            -111.824659,
            40.3759
          ],
          [
            -111.829692,
            40.37695
          ],
          [
            -111.836131,
            40.37829
          ],
          [
            -111.838759,
            40.378837
          ],
          [
            -111.841079,
            40.379323
          ],
          [
            -111.844556,
            40.380044
          ],
          [
            -111.847235,
            40.380602
          ],
          [
            -111.849663,
            40.381108
          ],
          [
            -111.851228,
            40.381438
          ],
          [
            -111.851506,
            40.381501
          ],
          [
            -111.851687,
            40.381547
          ],
          [
            -111.851915,
            40.381608
          ],
          [
            -111.852177,
            40.38169
          ],
          [
            -111.852396,
            40.381767
          ],
          [
            -111.852712,
            40.381899
          ],
          [
            -111.852943,
            40.382009
          ],
          [
            -111.853201,
            40.382146
          ],
          [
            -111.853435,
            40.382291
          ],
          [
            -111.853638,
            40.382431
          ],
          [
            -111.853861,
            40.382602
          ],
          [
            -111.854039,
            40.382758
          ],
          [
            -111.854256,
            40.382974
          ],
          [
            -111.854441,
            40.383184
          ],
          [
            -111.854583,
            40.38337
          ],
          [
            -111.854721,
            40.383579
          ],
          [
            -111.854822,
            40.383758
          ],
          [
            -111.854939,
            40.384002
          ],
          [
            -111.855016,
            40.384201
          ],
          [
            -111.855093,
            40.384449
          ],
          [
            -111.855133,
            40.384623
          ],
          [
            -111.855151,
            40.384736
          ],
          [
            -111.855179,
            40.384906
          ],
          [
            -111.855216,
            40.385312
          ],
          [
            -111.855231,
            40.385608
          ],
          [
            -111.855336,
            40.388123
          ],
          [
            -111.855364,
            40.388662
          ],
          [
            -111.855381,
            40.388874
          ],
          [
            -111.855409,
            40.38911
          ],
          [
            -111.855459,
            40.389378
          ],
          [
            -111.855532,
            40.389644
          ],
          [
            -111.855596,
            40.389832
          ],
          [
            -111.855672,
            40.390022
          ],
          [
            -111.855816,
            40.390316
          ],
          [
            -111.855971,
            40.390577
          ],
          [
            -111.856134,
            40.390807
          ],
          [
            -111.856289,
            40.391003
          ],
          [
            -111.856472,
            40.391206
          ],
          [
            -111.856683,
            40.391414
          ],
          [
            -111.856977,
            40.391675
          ],
          [
            -111.857757,
            40.392339
          ],
          [
            -111.860309,
            40.39449
          ],
          [
            -111.863272,
            40.396987
          ],
          [
            -111.864312,
            40.397867
          ],
          [
            -111.865936,
            40.399233
          ],
          [
            -111.867712,
            40.400733
          ],
          [
            -111.870324,
            40.402934
          ],
          [
            -111.872043,
            40.404381
          ],
          [
            -111.875461,
            40.407263
          ],
          [
            -111.878082,
            40.409469
          ],
          [
            -111.879054,
            40.410287
          ],
          [
            -111.881187,
            40.412084
          ],
          [
            -111.882866,
            40.413501
          ],
          [
            -111.884398,
            40.414792
          ],
          [
            -111.886073,
            40.416202
          ],
          [
            -111.886864,
            40.41687
          ],
          [
            -111.887777,
            40.417638
          ],
          [
            -111.88833,
            40.418104
          ],
          [
            -111.889026,
            40.418703
          ],
          [
            -111.889709,
            40.41932
          ],
          [
            -111.889956,
            40.419522
          ],
          [
            -111.890282,
            40.41979
          ],
          [
            -111.89074,
            40.420192
          ],
          [
            -111.891287,
            40.420702
          ],
          [
            -111.893383,
            40.422657
          ],
          [
            -111.895096,
            40.424239
          ],
          [
            -111.89666,
            40.425686
          ],
          [
            -111.898913,
            40.427771
          ],
          [
            -111.900714,
            40.429438
          ],
          [
            -111.902571,
            40.431157
          ],
          [
            -111.904729,
            40.433151
          ],
          [
            -111.906183,
            40.434494
          ],
          [
            -111.906943,
            40.4352
          ],
          [
            -111.907128,
            40.435393
          ],
          [
            -111.907384,
            40.435671
          ],
          [
            -111.908017,
            40.436255
          ],
          [
            -111.910314,
            40.438379
          ],
          [
            -111.911205,
            40.439193
          ],
          [
            -111.911506,
            40.439454
          ],
          [
            -111.911823,
            40.439696
          ],
          [
            -111.912139,
            40.439914
          ],
          [
            -111.91239,
            40.440067
          ],
          [
            -111.912689,
            40.440231
          ],
          [
            -111.912966,
            40.440367
          ],
          [
            -111.913326,
            40.440522
          ],
          [
            -111.913601,
            40.440625
          ],
          [
            -111.913866,
            40.440715
          ],
          [
            -111.914147,
            40.440799
          ],
          [
            -111.91442,
            40.440869
          ],
          [
            -111.914669,
            40.440926
          ],
          [
            -111.914952,
            40.440981
          ],
          [
            -111.915233,
            40.441026
          ],
          [
            -111.915678,
            40.441085
          ],
          [
            -111.917531,
            40.44129
          ],
          [
            -111.918404,
            40.441384
          ],
          [
            -111.918883,
            40.441434
          ],
          [
            -111.919218,
            40.441477
          ],
          [
            -111.919432,
            40.441509
          ],
          [
            -111.919636,
            40.441547
          ],
          [
            -111.919836,
            40.441589
          ],
          [
            -111.919997,
            40.441632
          ],
          [
            -111.920156,
            40.441676
          ],
          [
            -111.9203,
            40.441724
          ],
          [
            -111.920442,
            40.441772
          ],
          [
            -111.9206,
            40.441835
          ],
          [
            -111.920732,
            40.441892
          ],
          [
            -111.920965,
            40.442001
          ],
          [
            -111.921243,
            40.442158
          ],
          [
            -111.921418,
            40.442272
          ],
          [
            -111.921567,
            40.442376
          ],
          [
            -111.921824,
            40.442594
          ],
          [
            -111.921983,
            40.442742
          ],
          [
            -111.922078,
            40.442844
          ],
          [
            -111.922165,
            40.442945
          ],
          [
            -111.922286,
            40.443095
          ],
          [
            -111.922462,
            40.443355
          ],
          [
            -111.922537,
            40.443495
          ],
          [
            -111.922644,
            40.44372
          ],
          [
            -111.922738,
            40.443984
          ],
          [
            -111.922787,
            40.444169
          ],
          [
            -111.922819,
            40.444353
          ],
          [
            -111.922841,
            40.444559
          ],
          [
            -111.922843,
            40.444755
          ],
          [
            -111.922823,
            40.444998
          ],
          [
            -111.9228,
            40.445148
          ],
          [
            -111.922699,
            40.445636
          ],
          [
            -111.922506,
            40.446523
          ],
          [
            -111.922398,
            40.447021
          ],
          [
            -111.922336,
            40.447383
          ],
          [
            -111.922308,
            40.447603
          ],
          [
            -111.922301,
            40.447701
          ],
          [
            -111.922292,
            40.44791
          ],
          [
            -111.922292,
            40.448135
          ],
          [
            -111.922297,
            40.448298
          ],
          [
            -111.922311,
            40.448475
          ],
          [
            -111.92233,
            40.448646
          ],
          [
            -111.922376,
            40.448918
          ],
          [
            -111.922416,
            40.449104
          ],
          [
            -111.922497,
            40.449391
          ],
          [
            -111.922581,
            40.449634
          ],
          [
            -111.922692,
            40.449909
          ],
          [
            -111.922819,
            40.45017
          ],
          [
            -111.922954,
            40.450417
          ],
          [
            -111.923164,
            40.45075
          ],
          [
            -111.923424,
            40.451098
          ],
          [
            -111.923646,
            40.451354
          ],
          [
            -111.92403,
            40.451747
          ],
          [
            -111.924304,
            40.451987
          ],
          [
            -111.924592,
            40.452223
          ],
          [
            -111.925775,
            40.453133
          ],
          [
            -111.926887,
            40.453989
          ],
          [
            -111.928003,
            40.454846
          ],
          [
            -111.929104,
            40.455696
          ],
          [
            -111.929715,
            40.456167
          ],
          [
            -111.930027,
            40.456409
          ],
          [
            -111.930215,
            40.456561
          ],
          [
            -111.930432,
            40.456747
          ],
          [
            -111.930712,
            40.457
          ],
          [
            -111.931022,
            40.457305
          ],
          [
            -111.931365,
            40.457676
          ],
          [
            -111.931589,
            40.457949
          ],
          [
            -111.931796,
            40.458219
          ],
          [
            -111.931958,
            40.458453
          ],
          [
            -111.932179,
            40.458787
          ],
          [
            -111.932392,
            40.459164
          ],
          [
            -111.932576,
            40.459522
          ],
          [
            -111.932694,
            40.459781
          ],
          [
            -111.932777,
            40.459984
          ],
          [
            -111.932863,
            40.46021
          ],
          [
            -111.93297,
            40.460532
          ],
          [
            -111.93308,
            40.460949
          ],
          [
            -111.933138,
            40.461206
          ],
          [
            -111.933194,
            40.46154
          ],
          [
            -111.933228,
            40.461832
          ],
          [
            -111.933253,
            40.462111
          ],
          [
            -111.933263,
            40.462433
          ],
          [
            -111.933255,
            40.462831
          ],
          [
            -111.93324,
            40.463054
          ],
          [
            -111.933208,
            40.463375
          ],
          [
            -111.93317,
            40.463628
          ],
          [
            -111.932898,
            40.465236
          ],
          [
            -111.932753,
            40.466067
          ],
          [
            -111.932411,
            40.468082
          ],
          [
            -111.932343,
            40.468486
          ],
          [
            -111.932181,
            40.46943
          ],
          [
            -111.932086,
            40.469893
          ],
          [
            -111.932004,
            40.470201
          ],
          [
            -111.931894,
            40.470525
          ],
          [
            -111.931793,
            40.47078
          ],
          [
            -111.931614,
            40.471169
          ],
          [
            -111.931431,
            40.471504
          ],
          [
            -111.931036,
            40.472155
          ],
          [
            -111.930525,
            40.472979
          ],
          [
            -111.929996,
            40.473838
          ],
          [
            -111.927006,
            40.47868
          ],
          [
            -111.92649,
            40.479517
          ],
          [
            -111.926045,
            40.480202
          ],
          [
            -111.925441,
            40.481062
          ],
          [
            -111.924084,
            40.48297
          ],
          [
            -111.923475,
            40.483833
          ],
          [
            -111.921821,
            40.486154
          ],
          [
            -111.920408,
            40.488151
          ],
          [
            -111.919683,
            40.489166
          ],
          [
            -111.919243,
            40.489787
          ],
          [
            -111.918154,
            40.491319
          ],
          [
            -111.917202,
            40.492659
          ],
          [
            -111.916875,
            40.493121
          ],
          [
            -111.916609,
            40.493487
          ],
          [
            -111.915507,
            40.495041
          ],
          [
            -111.914718,
            40.496154
          ],
          [
            -111.914109,
            40.497006
          ],
          [
            -111.91377,
            40.497483
          ],
          [
            -111.91353,
            40.497822
          ],
          [
            -111.912557,
            40.499189
          ],
          [
            -111.911789,
            40.500273
          ],
          [
            -111.911232,
            40.501051
          ],
          [
            -111.91065,
            40.501871
          ],
          [
            -111.910344,
            40.502301
          ],
          [
            -111.909958,
            40.502841
          ],
          [
            -111.909104,
            40.504045
          ],
          [
            -111.908566,
            40.504802
          ],
          [
            -111.908181,
            40.505344
          ],
          [
            -111.907846,
            40.505814
          ],
          [
            -111.906635,
            40.507515
          ],
          [
            -111.905915,
            40.508525
          ],
          [
            -111.905426,
            40.509216
          ],
          [
            -111.905195,
            40.509556
          ],
          [
            -111.904998,
            40.509874
          ],
          [
            -111.904819,
            40.510196
          ],
          [
            -111.904642,
            40.510559
          ],
          [
            -111.90453,
            40.510832
          ],
          [
            -111.904427,
            40.511111
          ],
          [
            -111.90431,
            40.511498
          ],
          [
            -111.904239,
            40.511784
          ],
          [
            -111.904171,
            40.512147
          ],
          [
            -111.904137,
            40.512401
          ],
          [
            -111.904109,
            40.512703
          ],
          [
            -111.904097,
            40.512903
          ],
          [
            -111.904095,
            40.513095
          ],
          [
            -111.904102,
            40.513512
          ],
          [
            -111.904172,
            40.515163
          ],
          [
            -111.904263,
            40.517322
          ],
          [
            -111.904365,
            40.519671
          ],
          [
            -111.904465,
            40.522048
          ],
          [
            -111.904591,
            40.525063
          ],
          [
            -111.904626,
            40.525904
          ],
          [
            -111.904659,
            40.526669
          ],
          [
            -111.904684,
            40.527235
          ],
          [
            -111.904695,
            40.52752
          ],
          [
            -111.904714,
            40.527988
          ],
          [
            -111.904722,
            40.528278
          ],
          [
            -111.904722,
            40.528535
          ],
          [
            -111.904716,
            40.52891
          ],
          [
            -111.904682,
            40.529433
          ],
          [
            -111.904544,
            40.530627
          ],
          [
            -111.904337,
            40.532321
          ],
          [
            -111.90405,
            40.534689
          ],
          [
            -111.903772,
            40.536972
          ],
          [
            -111.903092,
            40.542529
          ],
          [
            -111.902588,
            40.546649
          ],
          [
            -111.901714,
            40.553806
          ],
          [
            -111.901222,
            40.557863
          ],
          [
            -111.900697,
            40.562192
          ],
          [
            -111.900533,
            40.563546
          ],
          [
            -111.900471,
            40.564055
          ],
          [
            -111.900449,
            40.564224
          ],
          [
            -111.900425,
            40.564443
          ],
          [
            -111.900411,
            40.56462
          ],
          [
            -111.900402,
            40.564747
          ],
          [
            -111.900396,
            40.564898
          ],
          [
            -111.900394,
            40.565056
          ],
          [
            -111.900396,
            40.565206
          ],
          [
            -111.900411,
            40.565496
          ],
          [
            -111.90043,
            40.565729
          ],
          [
            -111.900473,
            40.566028
          ],
          [
            -111.900507,
            40.566229
          ],
          [
            -111.900599,
            40.566627
          ],
          [
            -111.90068,
            40.566903
          ],
          [
            -111.900785,
            40.567209
          ],
          [
            -111.900997,
            40.567723
          ],
          [
            -111.901312,
            40.568332
          ],
          [
            -111.901841,
            40.569303
          ],
          [
            -111.902613,
            40.570715
          ],
          [
            -111.90306,
            40.57153
          ],
          [
            -111.903716,
            40.572729
          ],
          [
            -111.903939,
            40.573184
          ],
          [
            -111.904106,
            40.573567
          ],
          [
            -111.904224,
            40.573898
          ],
          [
            -111.904309,
            40.574177
          ],
          [
            -111.904367,
            40.57439
          ],
          [
            -111.904431,
            40.574672
          ],
          [
            -111.904474,
            40.574933
          ],
          [
            -111.904499,
            40.575129
          ],
          [
            -111.904523,
            40.575319
          ],
          [
            -111.904531,
            40.575472
          ],
          [
            -111.904537,
            40.57577
          ],
          [
            -111.904534,
            40.576103
          ],
          [
            -111.904521,
            40.576331
          ],
          [
            -111.904499,
            40.576544
          ],
          [
            -111.904455,
            40.576886
          ],
          [
            -111.904229,
            40.578456
          ],
          [
            -111.904013,
            40.579973
          ],
          [
            -111.903804,
            40.58144
          ],
          [
            -111.90372,
            40.582019
          ],
          [
            -111.903469,
            40.583754
          ],
          [
            -111.90308,
            40.586466
          ],
          [
            -111.902886,
            40.587817
          ],
          [
            -111.902796,
            40.588423
          ],
          [
            -111.902761,
            40.588748
          ],
          [
            -111.902733,
            40.589015
          ],
          [
            -111.902714,
            40.589283
          ],
          [
            -111.902705,
            40.589536
          ],
          [
            -111.902699,
            40.589893
          ],
          [
            -111.902711,
            40.590245
          ],
          [
            -111.902733,
            40.590605
          ],
          [
            -111.902758,
            40.590849
          ],
          [
            -111.902799,
            40.591175
          ],
          [
            -111.90285,
            40.591491
          ],
          [
            -111.903156,
            40.593137
          ],
          [
            -111.90376,
            40.596344
          ],
          [
            -111.904228,
            40.598826
          ],
          [
            -111.904537,
            40.60047
          ],
          [
            -111.904988,
            40.602869
          ],
          [
            -111.90548,
            40.605488
          ],
          [
            -111.905666,
            40.606483
          ],
          [
            -111.905944,
            40.607845
          ],
          [
            -111.906234,
            40.609339
          ],
          [
            -111.906303,
            40.609712
          ],
          [
            -111.906444,
            40.610582
          ],
          [
            -111.906503,
            40.610907
          ],
          [
            -111.906647,
            40.611693
          ],
          [
            -111.906798,
            40.612545
          ],
          [
            -111.906845,
            40.612941
          ],
          [
            -111.906875,
            40.613241
          ],
          [
            -111.906877,
            40.613354
          ],
          [
            -111.906888,
            40.613603
          ],
          [
            -111.906889,
            40.61389
          ],
          [
            -111.906887,
            40.614088
          ],
          [
            -111.906874,
            40.614382
          ],
          [
            -111.906848,
            40.614684
          ],
          [
            -111.90678,
            40.615223
          ],
          [
            -111.906741,
            40.615467
          ],
          [
            -111.906649,
            40.615892
          ],
          [
            -111.906552,
            40.616295
          ],
          [
            -111.906219,
            40.617646
          ],
          [
            -111.905713,
            40.619699
          ],
          [
            -111.905393,
            40.621004
          ],
          [
            -111.905187,
            40.621842
          ],
          [
            -111.904822,
            40.623328
          ],
          [
            -111.904443,
            40.624873
          ],
          [
            -111.904045,
            40.626494
          ],
          [
            -111.903711,
            40.627844
          ],
          [
            -111.903239,
            40.629761
          ],
          [
            -111.903059,
            40.630515
          ],
          [
            -111.902692,
            40.632004
          ],
          [
            -111.902439,
            40.633018
          ],
          [
            -111.902225,
            40.633896
          ],
          [
            -111.901879,
            40.635304
          ],
          [
            -111.901504,
            40.636818
          ],
          [
            -111.901141,
            40.638298
          ],
          [
            -111.900903,
            40.639283
          ],
          [
            -111.900811,
            40.639702
          ],
          [
            -111.90077,
            40.63993
          ],
          [
            -111.90071,
            40.640302
          ],
          [
            -111.900648,
            40.640778
          ],
          [
            -111.900596,
            40.64148
          ],
          [
            -111.90053,
            40.642961
          ],
          [
            -111.900432,
            40.645193
          ],
          [
            -111.900395,
            40.646048
          ],
          [
            -111.90035,
            40.647043
          ],
          [
            -111.900312,
            40.64726
          ],
          [
            -111.900284,
            40.647436
          ],
          [
            -111.900275,
            40.647539
          ],
          [
            -111.900257,
            40.647955
          ],
          [
            -111.900229,
            40.648354
          ],
          [
            -111.900184,
            40.648788
          ],
          [
            -111.90015,
            40.649037
          ],
          [
            -111.900038,
            40.649702
          ],
          [
            -111.899948,
            40.650108
          ],
          [
            -111.899856,
            40.650472
          ],
          [
            -111.899751,
            40.650837
          ],
          [
            -111.899642,
            40.651177
          ],
          [
            -111.899191,
            40.652473
          ],
          [
            -111.899025,
            40.652808
          ],
          [
            -111.89873,
            40.653644
          ],
          [
            -111.898398,
            40.654611
          ],
          [
            -111.89831,
            40.655019
          ],
          [
            -111.897991,
            40.655936
          ],
          [
            -111.897891,
            40.656138
          ],
          [
            -111.897813,
            40.656305
          ],
          [
            -111.897722,
            40.656553
          ],
          [
            -111.897217,
            40.658009
          ],
          [
            -111.896941,
            40.658804
          ],
          [
            -111.89667,
            40.659583
          ],
          [
            -111.896593,
            40.659809
          ],
          [
            -111.896532,
            40.660132
          ],
          [
            -111.896248,
            40.661113
          ],
          [
            -111.896096,
            40.661562
          ],
          [
            -111.895936,
            40.662097
          ],
          [
            -111.895856,
            40.662418
          ],
          [
            -111.895799,
            40.662696
          ],
          [
            -111.895716,
            40.663256
          ],
          [
            -111.895682,
            40.663635
          ],
          [
            -111.895664,
            40.663939
          ],
          [
            -111.895666,
            40.664355
          ],
          [
            -111.895684,
            40.664785
          ],
          [
            -111.89572,
            40.665182
          ],
          [
            -111.895962,
            40.667609
          ],
          [
            -111.896103,
            40.669049
          ],
          [
            -111.896305,
            40.671141
          ],
          [
            -111.896459,
            40.672684
          ],
          [
            -111.89661,
            40.674226
          ],
          [
            -111.89676,
            40.675727
          ],
          [
            -111.896902,
            40.677183
          ],
          [
            -111.896994,
            40.678113
          ],
          [
            -111.897051,
            40.67855
          ],
          [
            -111.897102,
            40.678871
          ],
          [
            -111.897202,
            40.679376
          ],
          [
            -111.89733,
            40.679911
          ],
          [
            -111.897481,
            40.680431
          ],
          [
            -111.897777,
            40.68131
          ],
          [
            -111.898475,
            40.683356
          ],
          [
            -111.899192,
            40.685453
          ],
          [
            -111.899725,
            40.687022
          ],
          [
            -111.900182,
            40.688362
          ],
          [
            -111.900655,
            40.689746
          ],
          [
            -111.901148,
            40.691187
          ],
          [
            -111.901539,
            40.692339
          ],
          [
            -111.90202,
            40.693747
          ],
          [
            -111.902699,
            40.695737
          ],
          [
            -111.903225,
            40.69728
          ],
          [
            -111.903733,
            40.69876
          ],
          [
            -111.904008,
            40.699577
          ],
          [
            -111.904535,
            40.701119
          ],
          [
            -111.905038,
            40.702599
          ],
          [
            -111.905557,
            40.704119
          ],
          [
            -111.906354,
            40.706441
          ],
          [
            -111.906638,
            40.707272
          ],
          [
            -111.90757,
            40.710008
          ],
          [
            -111.907845,
            40.710811
          ],
          [
            -111.908136,
            40.71185
          ],
          [
            -111.908287,
            40.712647
          ],
          [
            -111.908382,
            40.713339
          ],
          [
            -111.908431,
            40.713908
          ],
          [
            -111.908447,
            40.715263
          ],
          [
            -111.908446,
            40.716792
          ],
          [
            -111.908435,
            40.718281
          ],
          [
            -111.908432,
            40.71979
          ],
          [
            -111.908431,
            40.721255
          ],
          [
            -111.908426,
            40.7227
          ],
          [
            -111.908429,
            40.724171
          ],
          [
            -111.908409,
            40.724772
          ],
          [
            -111.908407,
            40.725076
          ],
          [
            -111.908425,
            40.72519
          ],
          [
            -111.908426,
            40.726326
          ],
          [
            -111.908423,
            40.728505
          ],
          [
            -111.908419,
            40.730712
          ],
          [
            -111.908415,
            40.732874
          ],
          [
            -111.908413,
            40.734448
          ],
          [
            -111.90841,
            40.736572
          ],
          [
            -111.908409,
            40.738098
          ],
          [
            -111.90841,
            40.738976
          ],
          [
            -111.908408,
            40.739802
          ],
          [
            -111.908412,
            40.740893
          ],
          [
            -111.90843,
            40.74125
          ],
          [
            -111.908494,
            40.742081
          ],
          [
            -111.908589,
            40.743227
          ],
          [
            -111.908684,
            40.744403
          ],
          [
            -111.908754,
            40.745272
          ],
          [
            -111.908849,
            40.746454
          ],
          [
            -111.90891,
            40.747355
          ],
          [
            -111.908929,
            40.747817
          ],
          [
            -111.908941,
            40.748492
          ],
          [
            -111.908934,
            40.749934
          ],
          [
            -111.908936,
            40.75076
          ],
          [
            -111.908935,
            40.751652
          ],
          [
            -111.908932,
            40.752445
          ],
          [
            -111.908911,
            40.752731
          ],
          [
            -111.908892,
            40.752956
          ],
          [
            -111.908879,
            40.753169
          ],
          [
            -111.908877,
            40.753942
          ],
          [
            -111.908877,
            40.75422
          ],
          [
            -111.908876,
            40.754762
          ],
          [
            -111.908873,
            40.755807
          ],
          [
            -111.908871,
            40.756203
          ],
          [
            -111.908875,
            40.756705
          ],
          [
            -111.908868,
            40.757234
          ],
          [
            -111.908871,
            40.757675
          ],
          [
            -111.908865,
            40.757907
          ],
          [
            -111.908831,
            40.758144
          ],
          [
            -111.908803,
            40.758378
          ],
          [
            -111.908784,
            40.758864
          ],
          [
            -111.908557,
            40.759431
          ],
          [
            -111.908453,
            40.760036
          ],
          [
            -111.908435,
            40.760415
          ],
          [
            -111.908458,
            40.760634
          ],
          [
            -111.908481,
            40.760839
          ],
          [
            -111.908505,
            40.76095
          ],
          [
            -111.908566,
            40.761164
          ],
          [
            -111.90863,
            40.76137
          ],
          [
            -111.909053,
            40.762326
          ],
          [
            -111.909246,
            40.762717
          ],
          [
            -111.910465,
            40.765217
          ],
          [
            -111.910902,
            40.766327
          ],
          [
            -111.910963,
            40.76655
          ],
          [
            -111.910976,
            40.766773
          ],
          [
            -111.910943,
            40.767222
          ],
          [
            -111.91086,
            40.767491
          ],
          [
            -111.910735,
            40.76776
          ],
          [
            -111.910609,
            40.767986
          ],
          [
            -111.910413,
            40.768223
          ],
          [
            -111.910202,
            40.768438
          ],
          [
            -111.909879,
            40.768643
          ],
          [
            -111.909597,
            40.768816
          ],
          [
            -111.909315,
            40.768935
          ],
          [
            -111.909047,
            40.769032
          ],
          [
            -111.90871,
            40.769119
          ],
          [
            -111.908329,
            40.769221
          ],
          [
            -111.907906,
            40.769326
          ],
          [
            -111.907454,
            40.769457
          ],
          [
            -111.906947,
            40.769597
          ],
          [
            -111.906524,
            40.769739
          ],
          [
            -111.906242,
            40.769879
          ],
          [
            -111.905976,
            40.770031
          ],
          [
            -111.905737,
            40.770278
          ],
          [
            -111.905541,
            40.770526
          ],
          [
            -111.905359,
            40.770838
          ],
          [
            -111.905233,
            40.771139
          ],
          [
            -111.905238,
            40.771505
          ],
          [
            -111.905149,
            40.772945
          ]
        ]
      }
    },
    {
      "type": "Feature",
      "properties": {
        "type": "Commuter Rail",
        "network": "UTA FrontRunner",
        "route_name": "FrontRunner",
        "color": "#c227b9"
      },
      "geometry": {
        "type": "LineString",
        "coordinates": [
          [
            -111.980646,
            41.224352
          ],
          [
            -111.980649,
            41.22288
          ],
          [
            -111.980649,
            41.22287
          ],
          [
            -111.980739,
            41.218489
          ],
          [
            -111.98082,
            41.21805
          ],
          [
            -111.98132,
            41.21666
          ],
          [
            -111.98242,
            41.21497
          ],
          [
            -111.98328,
            41.21376
          ],
          [
            -111.9836,
            41.21284
          ],
          [
            -111.98367,
            41.21252
          ],
          [
            -111.98384,
            41.21159
          ],
          [
            -111.98405,
            41.21115
          ],
          [
            -111.98419,
            41.210889
          ],
          [
            -111.984369,
            41.21062
          ],
          [
            -111.98489,
            41.21027
          ],
          [
            -111.98512,
            41.21014
          ],
          [
            -111.9854,
            41.21005
          ],
          [
            -111.98599,
            41.21001
          ],
          [
            -111.98677,
            41.21008
          ],
          [
            -111.98857,
            41.21033
          ],
          [
            -111.98956,
            41.21037
          ],
          [
            -111.99001,
            41.2104
          ],
          [
            -111.99057,
            41.21043
          ],
          [
            -111.99113,
            41.21045
          ],
          [
            -111.99146,
            41.21045
          ],
          [
            -111.99742,
            41.21053
          ],
          [
            -111.99778,
            41.2105
          ],
          [
            -112.00646,
            41.21035
          ],
          [
            -112.0083,
            41.2103
          ],
          [
            -112.00987,
            41.21021
          ],
          [
            -112.01103,
            41.21002
          ],
          [
            -112.01128,
            41.20998
          ],
          [
            -112.01237,
            41.20973
          ],
          [
            -112.013919,
            41.20917
          ],
          [
            -112.014829,
            41.20874
          ],
          [
            -112.01692,
            41.20763
          ],
          [
            -112.01733,
            41.20735
          ],
          [
            -112.0201,
            41.2051
          ],
          [
            -112.02579,
            41.20041
          ],
          [
            -112.03742,
            41.19064
          ],
          [
            -112.03903,
            41.18929
          ],
          [
            -112.04041,
            41.18774
          ],
          [
            -112.041689,
            41.185929
          ],
          [
            -112.04298,
            41.183589
          ],
          [
            -112.04356,
            41.18234
          ],
          [
            -112.04424,
            41.18024
          ],
          [
            -112.04469,
            41.1779
          ],
          [
            -112.04482,
            41.17644
          ],
          [
            -112.0448,
            41.17618
          ],
          [
            -112.04472,
            41.17374
          ],
          [
            -112.04457,
            41.17255
          ],
          [
            -112.04424,
            41.17104
          ],
          [
            -112.04335,
            41.16847
          ],
          [
            -112.04075,
            41.16166
          ],
          [
            -112.038,
            41.15442
          ],
          [
            -112.03732,
            41.15273
          ],
          [
            -112.03676,
            41.15125
          ],
          [
            -112.03661,
            41.15074
          ],
          [
            -112.03616,
            41.14935
          ],
          [
            -112.03592,
            41.14755
          ],
          [
            -112.035899,
            41.147139
          ],
          [
            -112.035809,
            41.143399
          ],
          [
            -112.03573,
            41.13988
          ],
          [
            -112.03548,
            41.13259
          ],
          [
            -112.03536,
            41.12881
          ],
          [
            -112.03527,
            41.1265
          ],
          [
            -112.03525,
            41.12589
          ],
          [
            -112.03522,
            41.12531
          ],
          [
            -112.03522,
            41.12504
          ],
          [
            -112.03517,
            41.12454
          ],
          [
            -112.03508,
            41.1239
          ],
          [
            -112.03497,
            41.12335
          ],
          [
            -112.03482,
            41.12288
          ],
          [
            -112.03464,
            41.12237
          ],
          [
            -112.03438,
            41.12181
          ],
          [
            -112.0341,
            41.1213
          ],
          [
            -112.03385,
            41.12089
          ],
          [
            -112.03346,
            41.12033
          ],
          [
            -112.03282,
            41.11947
          ],
          [
            -112.03217,
            41.11862
          ],
          [
            -112.03175,
            41.11807
          ],
          [
            -112.0301,
            41.11591
          ],
          [
            -112.0265,
            41.11125
          ],
          [
            -112.02603,
            41.11063
          ],
          [
            -112.02473,
            41.10885
          ],
          [
            -112.02077,
            41.10365
          ],
          [
            -112.02053,
            41.10333
          ],
          [
            -112.02028,
            41.103
          ],
          [
            -112.01731,
            41.09911
          ],
          [
            -112.01684,
            41.0985
          ],
          [
            -112.01609,
            41.09751
          ],
          [
            -112.01204,
            41.09218
          ],
          [
            -112.01059,
            41.09027
          ],
          [
            -112.01002,
            41.08953
          ],
          [
            -112.00969,
            41.08909
          ],
          [
            -112.00691,
            41.08556
          ],
          [
            -112.00598,
            41.0843
          ],
          [
            -112.00537,
            41.08363
          ],
          [
            -112.00465,
            41.08293
          ],
          [
            -112.00421,
            41.08253
          ],
          [
            -112.00282,
            41.08142
          ],
          [
            -111.99242,
            41.07467
          ],
          [
            -111.9866,
            41.07094
          ],
          [
            -111.97832,
            41.06564
          ],
          [
            -111.9699,
            41.06017
          ],
          [
            -111.96671,
            41.05806
          ],
          [
            -111.96518,
            41.05698
          ],
          [
            -111.96436,
            41.056299
          ],
          [
            -111.96365,
            41.055679
          ],
          [
            -111.96313,
            41.05511
          ],
          [
            -111.96269,
            41.05452
          ],
          [
            -111.96222,
            41.05383
          ],
          [
            -111.95958,
            41.04957
          ],
          [
            -111.95837,
            41.04764
          ],
          [
            -111.95711,
            41.04559
          ],
          [
            -111.95259,
            41.0382
          ],
          [
            -111.95052,
            41.03478
          ],
          [
            -111.94923,
            41.03261
          ],
          [
            -111.939929,
            41.01282
          ],
          [
            -111.939609,
            41.01218
          ],
          [
            -111.93895,
            41.01112
          ],
          [
            -111.938259,
            41.0101
          ],
          [
            -111.937679,
            41.00932
          ],
          [
            -111.9373,
            41.00888
          ],
          [
            -111.93681,
            41.00833
          ],
          [
            -111.93633,
            41.00787
          ],
          [
            -111.93533,
            41.00702
          ],
          [
            -111.9348,
            41.00665
          ],
          [
            -111.93257,
            41.00517
          ],
          [
            -111.92604,
            41.0011
          ],
          [
            -111.92403,
            40.99988
          ],
          [
            -111.90642,
            40.98887
          ],
          [
            -111.90431,
            40.98756
          ],
          [
            -111.90294,
            40.98671
          ],
          [
            -111.90146,
            40.98575
          ],
          [
            -111.90091,
            40.98532
          ],
          [
            -111.89958,
            40.98413
          ],
          [
            -111.898959,
            40.98352
          ],
          [
            -111.89864,
            40.982989
          ],
          [
            -111.89824,
            40.9821
          ],
          [
            -111.89765,
            40.98054
          ],
          [
            -111.89725,
            40.9796
          ],
          [
            -111.89461,
            40.9727
          ],
          [
            -111.89212,
            40.96605
          ],
          [
            -111.89195,
            40.96558
          ],
          [
            -111.89186,
            40.96516
          ],
          [
            -111.89182,
            40.96492
          ],
          [
            -111.891749,
            40.96437
          ],
          [
            -111.89174,
            40.963119
          ],
          [
            -111.8918,
            40.95222
          ],
          [
            -111.89197,
            40.93149
          ],
          [
            -111.89211,
            40.9215
          ],
          [
            -111.89215,
            40.91348
          ],
          [
            -111.89217,
            40.90956
          ],
          [
            -111.89217,
            40.90898
          ],
          [
            -111.89213,
            40.90662
          ],
          [
            -111.89214,
            40.90416
          ],
          [
            -111.8922,
            40.90362
          ],
          [
            -111.892289,
            40.903169
          ],
          [
            -111.892409,
            40.90268
          ],
          [
            -111.8926,
            40.90217
          ],
          [
            -111.89276,
            40.90181
          ],
          [
            -111.89298,
            40.90139
          ],
          [
            -111.894199,
            40.899079
          ],
          [
            -111.89713,
            40.893789
          ],
          [
            -111.89896,
            40.89038
          ],
          [
            -111.89943,
            40.88919
          ],
          [
            -111.90155,
            40.88424
          ],
          [
            -111.90199,
            40.88338
          ],
          [
            -111.90207,
            40.88321
          ],
          [
            -111.9056,
            40.87472
          ],
          [
            -111.90849,
            40.86626
          ],
          [
            -111.90879,
            40.86528
          ],
          [
            -111.90928,
            40.86377
          ],
          [
            -111.90942,
            40.86345
          ],
          [
            -111.90953,
            40.86325
          ],
          [
            -111.91011,
            40.86161
          ],
          [
            -111.91185,
            40.85669
          ],
          [
            -111.917,
            40.84186
          ],
          [
            -111.91768,
            40.84009
          ],
          [
            -111.917829,
            40.839369
          ],
          [
            -111.917889,
            40.838779
          ],
          [
            -111.91794,
            40.83807
          ],
          [
            -111.918169,
            40.834859
          ],
          [
            -111.918179,
            40.834329
          ],
          [
            -111.91828,
            40.8321
          ],
          [
            -111.91834,
            40.83114
          ],
          [
            -111.91835,
            40.83065
          ],
          [
            -111.91836,
            40.83003
          ],
          [
            -111.91819,
            40.82908
          ],
          [
            -111.91814,
            40.82875
          ],
          [
            -111.9181,
            40.82793
          ],
          [
            -111.91811,
            40.82753
          ],
          [
            -111.91819,
            40.82651
          ],
          [
            -111.91851,
            40.82191
          ],
          [
            -111.91862,
            40.82045
          ],
          [
            -111.91867,
            40.82006
          ],
          [
            -111.91889,
            40.81917
          ],
          [
            -111.91912,
            40.81817
          ],
          [
            -111.91918,
            40.81731
          ],
          [
            -111.9192,
            40.81703
          ],
          [
            -111.91921,
            40.81676
          ],
          [
            -111.91924,
            40.8164
          ],
          [
            -111.91935,
            40.81541
          ],
          [
            -111.91949,
            40.81339
          ],
          [
            -111.91955,
            40.81193
          ],
          [
            -111.91963,
            40.8099
          ],
          [
            -111.91968,
            40.80903
          ],
          [
            -111.9197,
            40.80826
          ],
          [
            -111.91971,
            40.80688
          ],
          [
            -111.91972,
            40.80632
          ],
          [
            -111.91975,
            40.8056
          ],
          [
            -111.91978,
            40.80467
          ],
          [
            -111.91976,
            40.8042
          ],
          [
            -111.91971,
            40.80377
          ],
          [
            -111.91959,
            40.80323
          ],
          [
            -111.91944,
            40.80272
          ],
          [
            -111.9193,
            40.80233
          ],
          [
            -111.91905,
            40.80175
          ],
          [
            -111.91879,
            40.80127
          ],
          [
            -111.91851,
            40.80081
          ],
          [
            -111.91825,
            40.80045
          ],
          [
            -111.91795,
            40.80011
          ],
          [
            -111.91725,
            40.79935
          ],
          [
            -111.91571,
            40.79775
          ],
          [
            -111.91527,
            40.79731
          ],
          [
            -111.91504,
            40.79707
          ],
          [
            -111.91449,
            40.79648
          ],
          [
            -111.91405,
            40.796
          ],
          [
            -111.91352,
            40.79539
          ],
          [
            -111.91322,
            40.79503
          ],
          [
            -111.9127,
            40.79438
          ],
          [
            -111.91216,
            40.79368
          ],
          [
            -111.91179,
            40.79323
          ],
          [
            -111.9114,
            40.79283
          ],
          [
            -111.91091,
            40.79237
          ],
          [
            -111.91053,
            40.79205
          ],
          [
            -111.91015,
            40.79176
          ],
          [
            -111.90959,
            40.79138
          ],
          [
            -111.90925,
            40.79119
          ],
          [
            -111.90894,
            40.79104
          ],
          [
            -111.90856,
            40.79089
          ],
          [
            -111.90787,
            40.79065
          ],
          [
            -111.90712,
            40.7904
          ],
          [
            -111.90682,
            40.79028
          ],
          [
            -111.90657,
            40.79016
          ],
          [
            -111.9063,
            40.78999
          ],
          [
            -111.90607,
            40.78981
          ],
          [
            -111.90589,
            40.78963
          ],
          [
            -111.9057,
            40.7894
          ],
          [
            -111.90559,
            40.78921
          ],
          [
            -111.90547,
            40.78891
          ],
          [
            -111.905439,
            40.788799
          ],
          [
            -111.90538,
            40.78831
          ],
          [
            -111.905359,
            40.787399
          ],
          [
            -111.9054,
            40.786069
          ],
          [
            -111.905379,
            40.78432
          ],
          [
            -111.905289,
            40.78238
          ],
          [
            -111.905097,
            40.780612
          ],
          [
            -111.905099,
            40.779239
          ],
          [
            -111.905145,
            40.776185
          ],
          [
            -111.905149,
            40.772945
          ],
          [
            -111.905238,
            40.771505
          ],
          [
            -111.905233,
            40.771139
          ],
          [
            -111.905359,
            40.770838
          ],
          [
            -111.905541,
            40.770526
          ],
          [
            -111.905737,
            40.770278
          ],
          [
            -111.905976,
            40.770031
          ],
          [
            -111.906243,
            40.769879
          ],
          [
            -111.906524,
            40.769739
          ],
          [
            -111.906947,
            40.769597
          ],
          [
            -111.907454,
            40.769457
          ],
          [
            -111.907905,
            40.769326
          ],
          [
            -111.908329,
            40.769221
          ],
          [
            -111.90871,
            40.769119
          ],
          [
            -111.909048,
            40.769032
          ],
          [
            -111.909315,
            40.768935
          ],
          [
            -111.909596,
            40.768816
          ],
          [
            -111.909879,
            40.768643
          ],
          [
            -111.910202,
            40.768438
          ],
          [
            -111.910413,
            40.768223
          ],
          [
            -111.910609,
            40.767986
          ],
          [
            -111.910735,
            40.76776
          ],
          [
            -111.91086,
            40.767491
          ],
          [
            -111.910943,
            40.767222
          ],
          [
            -111.910976,
            40.766773
          ],
          [
            -111.910963,
            40.76655
          ],
          [
            -111.910902,
            40.766327
          ],
          [
            -111.910465,
            40.765217
          ],
          [
            -111.909246,
            40.762717
          ],
          [
            -111.909054,
            40.762326
          ],
          [
            -111.90863,
            40.76137
          ]
        ]
      }
    },
    {
      "type": "Feature",
      "properties": {
        "type": "Commuter Rail",
        "network": "UTA FrontRunner",
        "route_name": "FrontRunner",
        "color": "#c227b9",
        "is_station": true,
        "station_name": "Provo Central Station"
      },
      "geometry": {
        "type": "Point",
        "coordinates": [
          -111.660632,
          40.22544
        ]
      }
    },
    {
      "type": "Feature",
      "properties": {
        "type": "Commuter Rail",
        "network": "UTA FrontRunner",
        "route_name": "FrontRunner",
        "color": "#c227b9",
        "is_station": true,
        "station_name": "Orem Central Station"
      },
      "geometry": {
        "type": "Point",
        "coordinates": [
          -111.725489,
          40.28014
        ]
      }
    },
    {
      "type": "Feature",
      "properties": {
        "type": "Commuter Rail",
        "network": "UTA FrontRunner",
        "route_name": "FrontRunner",
        "color": "#c227b9",
        "is_station": true,
        "station_name": "Vineyard Station"
      },
      "geometry": {
        "type": "Point",
        "coordinates": [
          -111.750248,
          40.312735
        ]
      }
    },
    {
      "type": "Feature",
      "properties": {
        "type": "Commuter Rail",
        "network": "UTA FrontRunner",
        "route_name": "FrontRunner",
        "color": "#c227b9",
        "is_station": true,
        "station_name": "American Fork Station"
      },
      "geometry": {
        "type": "Point",
        "coordinates": [
          -111.820649,
          40.374774
        ]
      }
    },
    {
      "type": "Feature",
      "properties": {
        "type": "Commuter Rail",
        "network": "UTA FrontRunner",
        "route_name": "FrontRunner",
        "color": "#c227b9",
        "is_station": true,
        "station_name": "Lehi Station"
      },
      "geometry": {
        "type": "Point",
        "coordinates": [
          -111.896354,
          40.425196
        ]
      }
    },
    {
      "type": "Feature",
      "properties": {
        "type": "Commuter Rail",
        "network": "UTA FrontRunner",
        "route_name": "FrontRunner",
        "color": "#c227b9",
        "is_station": true,
        "station_name": "Draper Station"
      },
      "geometry": {
        "type": "Point",
        "coordinates": [
          -111.904407,
          40.515484
        ]
      }
    },
    {
      "type": "Feature",
      "properties": {
        "type": "Commuter Rail",
        "network": "UTA FrontRunner",
        "route_name": "FrontRunner",
        "color": "#c227b9",
        "is_station": true,
        "station_name": "South Jordan Station"
      },
      "geometry": {
        "type": "Point",
        "coordinates": [
          -111.900753,
          40.563155
        ]
      }
    },
    {
      "type": "Feature",
      "properties": {
        "type": "Commuter Rail",
        "network": "UTA FrontRunner",
        "route_name": "FrontRunner",
        "color": "#c227b9",
        "is_station": true,
        "station_name": "Murray Central Station"
      },
      "geometry": {
        "type": "Point",
        "coordinates": [
          -111.896432,
          40.659758
        ]
      }
    },
    {
      "type": "Feature",
      "properties": {
        "type": "Commuter Rail",
        "network": "UTA FrontRunner",
        "route_name": "FrontRunner",
        "color": "#c227b9",
        "is_station": true,
        "station_name": "Salt Lake Central Station"
      },
      "geometry": {
        "type": "Point",
        "coordinates": [
          -111.909052,
          40.76234
        ]
      }
    },
    {
      "type": "Feature",
      "properties": {
        "type": "Commuter Rail",
        "network": "UTA FrontRunner",
        "route_name": "FrontRunner",
        "color": "#c227b9",
        "is_station": true,
        "station_name": "North Temple Station"
      },
      "geometry": {
        "type": "Point",
        "coordinates": [
          -111.905124,
          40.772532
        ]
      }
    },
    {
      "type": "Feature",
      "properties": {
        "type": "Commuter Rail",
        "network": "UTA FrontRunner",
        "route_name": "FrontRunner",
        "color": "#c227b9",
        "is_station": true,
        "station_name": "Warm Springs Relief Point Station"
      },
      "geometry": {
        "type": "Point",
        "coordinates": [
          -111.90769,
          40.790626
        ]
      }
    },
    {
      "type": "Feature",
      "properties": {
        "type": "Commuter Rail",
        "network": "UTA FrontRunner",
        "route_name": "FrontRunner",
        "color": "#c227b9",
        "is_station": true,
        "station_name": "Woods Cross Station"
      },
      "geometry": {
        "type": "Point",
        "coordinates": [
          -111.903151,
          40.880457
        ]
      }
    },
    {
      "type": "Feature",
      "properties": {
        "type": "Commuter Rail",
        "network": "UTA FrontRunner",
        "route_name": "FrontRunner",
        "color": "#c227b9",
        "is_station": true,
        "station_name": "Farmington Station"
      },
      "geometry": {
        "type": "Point",
        "coordinates": [
          -111.903667,
          40.987266
        ]
      }
    },
    {
      "type": "Feature",
      "properties": {
        "type": "Commuter Rail",
        "network": "UTA FrontRunner",
        "route_name": "FrontRunner",
        "color": "#c227b9",
        "is_station": true,
        "station_name": "Layton Station"
      },
      "geometry": {
        "type": "Point",
        "coordinates": [
          -111.964955,
          41.056903
        ]
      }
    },
    {
      "type": "Feature",
      "properties": {
        "type": "Commuter Rail",
        "network": "UTA FrontRunner",
        "route_name": "FrontRunner",
        "color": "#c227b9",
        "is_station": true,
        "station_name": "Clearfield Station"
      },
      "geometry": {
        "type": "Point",
        "coordinates": [
          -112.013807,
          41.094769
        ]
      }
    },
    {
      "type": "Feature",
      "properties": {
        "type": "Commuter Rail",
        "network": "UTA FrontRunner",
        "route_name": "FrontRunner",
        "color": "#c227b9",
        "is_station": true,
        "station_name": "Roy Station"
      },
      "geometry": {
        "type": "Point",
        "coordinates": [
          -112.039378,
          41.188757
        ]
      }
    },
    {
      "type": "Feature",
      "properties": {
        "type": "Commuter Rail",
        "network": "UTA FrontRunner",
        "route_name": "FrontRunner",
        "color": "#c227b9",
        "is_station": true,
        "station_name": "Ogden Central Station"
      },
      "geometry": {
        "type": "Point",
        "coordinates": [
          -111.980631,
          41.224285
        ]
      }
    },
    {
      "type": "Feature",
      "properties": {
        "type": "Light Rail",
        "network": "UTA TRAX",
        "route_name": "Blue Line",
        "color": "#004a97",
        "is_station": true,
        "station_name": "Salt Lake Central Station"
      },
      "geometry": {
        "type": "Point",
        "coordinates": [
          -111.908301,
          40.761721
        ]
      }
    },
    {
      "type": "Feature",
      "properties": {
        "type": "Light Rail",
        "network": "UTA TRAX",
        "route_name": "Blue Line",
        "color": "#004a97",
        "is_station": true,
        "station_name": "Old Greektown Station"
      },
      "geometry": {
        "type": "Point",
        "coordinates": [
          -111.906778,
          40.765022
        ]
      }
    },
    {
      "type": "Feature",
      "properties": {
        "type": "Light Rail",
        "network": "UTA TRAX",
        "route_name": "Blue Line",
        "color": "#004a97",
        "is_station": true,
        "station_name": "Planetarium Station"
      },
      "geometry": {
        "type": "Point",
        "coordinates": [
          -111.902524,
          40.766858
        ]
      }
    },
    {
      "type": "Feature",
      "properties": {
        "type": "Light Rail",
        "network": "UTA TRAX",
        "route_name": "Blue Line",
        "color": "#004a97",
        "is_station": true,
        "station_name": "Arena Station"
      },
      "geometry": {
        "type": "Point",
        "coordinates": [
          -111.900051,
          40.769343
        ]
      }
    },
    {
      "type": "Feature",
      "properties": {
        "type": "Light Rail",
        "network": "UTA TRAX",
        "route_name": "Blue Line",
        "color": "#004a97",
        "is_station": true,
        "station_name": "Temple Square Station"
      },
      "geometry": {
        "type": "Point",
        "coordinates": [
          -111.894303,
          40.769335
        ]
      }
    },
    {
      "type": "Feature",
      "properties": {
        "type": "Light Rail",
        "network": "UTA TRAX",
        "route_name": "Blue Line",
        "color": "#004a97",
        "is_station": true,
        "station_name": "City Center Station"
      },
      "geometry": {
        "type": "Point",
        "coordinates": [
          -111.891101,
          40.767452
        ]
      }
    },
    {
      "type": "Feature",
      "properties": {
        "type": "Light Rail",
        "network": "UTA TRAX",
        "route_name": "Blue Line",
        "color": "#004a97",
        "is_station": true,
        "station_name": "Gallivan Plaza Station"
      },
      "geometry": {
        "type": "Point",
        "coordinates": [
          -111.891102,
          40.763087
        ]
      }
    },
    {
      "type": "Feature",
      "properties": {
        "type": "Light Rail",
        "network": "UTA TRAX",
        "route_name": "Blue Line",
        "color": "#004a97",
        "is_station": true,
        "station_name": "Courthouse Station"
      },
      "geometry": {
        "type": "Point",
        "coordinates": [
          -111.891096,
          40.758762
        ]
      }
    },
    {
      "type": "Feature",
      "properties": {
        "type": "Light Rail",
        "network": "UTA TRAX",
        "route_name": "Blue Line",
        "color": "#004a97",
        "is_station": true,
        "station_name": "600 South Station"
      },
      "geometry": {
        "type": "Point",
        "coordinates": [
          -111.891095,
          40.755113
        ]
      }
    },
    {
      "type": "Feature",
      "properties": {
        "type": "Light Rail",
        "network": "UTA TRAX",
        "route_name": "Blue Line",
        "color": "#004a97",
        "is_station": true,
        "station_name": "900 South Station"
      },
      "geometry": {
        "type": "Point",
        "coordinates": [
          -111.896818,
          40.750058
        ]
      }
    },
    {
      "type": "Feature",
      "properties": {
        "type": "Light Rail",
        "network": "UTA TRAX",
        "route_name": "Blue Line",
        "color": "#004a97",
        "is_station": true,
        "station_name": "Ballpark Station"
      },
      "geometry": {
        "type": "Point",
        "coordinates": [
          -111.896785,
          40.741876
        ]
      }
    },
    {
      "type": "Feature",
      "properties": {
        "type": "Light Rail",
        "network": "UTA TRAX",
        "route_name": "Blue Line",
        "color": "#004a97",
        "is_station": true,
        "station_name": "Central Pointe Station"
      },
      "geometry": {
        "type": "Point",
        "coordinates": [
          -111.896892,
          40.724091
        ]
      }
    },
    {
      "type": "Feature",
      "properties": {
        "type": "Light Rail",
        "network": "UTA TRAX",
        "route_name": "Blue Line",
        "color": "#004a97",
        "is_station": true,
        "station_name": "Millcreek Station"
      },
      "geometry": {
        "type": "Point",
        "coordinates": [
          -111.896952,
          40.700365
        ]
      }
    },
    {
      "type": "Feature",
      "properties": {
        "type": "Light Rail",
        "network": "UTA TRAX",
        "route_name": "Blue Line",
        "color": "#004a97",
        "is_station": true,
        "station_name": "Meadowbrook Station"
      },
      "geometry": {
        "type": "Point",
        "coordinates": [
          -111.896553,
          40.687328
        ]
      }
    },
    {
      "type": "Feature",
      "properties": {
        "type": "Light Rail",
        "network": "UTA TRAX",
        "route_name": "Blue Line",
        "color": "#004a97",
        "is_station": true,
        "station_name": "Murray North Station"
      },
      "geometry": {
        "type": "Point",
        "coordinates": [
          -111.894079,
          40.676454
        ]
      }
    },
    {
      "type": "Feature",
      "properties": {
        "type": "Light Rail",
        "network": "UTA TRAX",
        "route_name": "Blue Line",
        "color": "#004a97",
        "is_station": true,
        "station_name": "Murray Central Station"
      },
      "geometry": {
        "type": "Point",
        "coordinates": [
          -111.895661,
          40.659631
        ]
      }
    },
    {
      "type": "Feature",
      "properties": {
        "type": "Light Rail",
        "network": "UTA TRAX",
        "route_name": "Blue Line",
        "color": "#004a97",
        "is_station": true,
        "station_name": "Fashion Place West Station"
      },
      "geometry": {
        "type": "Point",
        "coordinates": [
          -111.898355,
          40.633116
        ]
      }
    },
    {
      "type": "Feature",
      "properties": {
        "type": "Light Rail",
        "network": "UTA TRAX",
        "route_name": "Blue Line",
        "color": "#004a97",
        "is_station": true,
        "station_name": "Midvale Fort Union Station"
      },
      "geometry": {
        "type": "Point",
        "coordinates": [
          -111.898291,
          40.618761
        ]
      }
    },
    {
      "type": "Feature",
      "properties": {
        "type": "Light Rail",
        "network": "UTA TRAX",
        "route_name": "Blue Line",
        "color": "#004a97",
        "is_station": true,
        "station_name": "Midvale Center Station"
      },
      "geometry": {
        "type": "Point",
        "coordinates": [
          -111.892645,
          40.609975
        ]
      }
    },
    {
      "type": "Feature",
      "properties": {
        "type": "Light Rail",
        "network": "UTA TRAX",
        "route_name": "Blue Line",
        "color": "#004a97",
        "is_station": true,
        "station_name": "Historic Sandy Station"
      },
      "geometry": {
        "type": "Point",
        "coordinates": [
          -111.885744,
          40.589114
        ]
      }
    },
    {
      "type": "Feature",
      "properties": {
        "type": "Light Rail",
        "network": "UTA TRAX",
        "route_name": "Blue Line",
        "color": "#004a97",
        "is_station": true,
        "station_name": "Sandy Expo Station"
      },
      "geometry": {
        "type": "Point",
        "coordinates": [
          -111.886429,
          40.581007
        ]
      }
    },
    {
      "type": "Feature",
      "properties": {
        "type": "Light Rail",
        "network": "UTA TRAX",
        "route_name": "Blue Line",
        "color": "#004a97",
        "is_station": true,
        "station_name": "Sandy Civic Center Station"
      },
      "geometry": {
        "type": "Point",
        "coordinates": [
          -111.884471,
          40.570273
        ]
      }
    },
    {
      "type": "Feature",
      "properties": {
        "type": "Light Rail",
        "network": "UTA TRAX",
        "route_name": "Blue Line",
        "color": "#004a97",
        "is_station": true,
        "station_name": "Crescent View Station"
      },
      "geometry": {
        "type": "Point",
        "coordinates": [
          -111.878506,
          40.544591
        ]
      }
    },
    {
      "type": "Feature",
      "properties": {
        "type": "Light Rail",
        "network": "UTA TRAX",
        "route_name": "Blue Line",
        "color": "#004a97",
        "is_station": true,
        "station_name": "Kimballs Lane Station"
      },
      "geometry": {
        "type": "Point",
        "coordinates": [
          -111.871887,
          40.535876
        ]
      }
    },
    {
      "type": "Feature",
      "properties": {
        "type": "Light Rail",
        "network": "UTA TRAX",
        "route_name": "Blue Line",
        "color": "#004a97",
        "is_station": true,
        "station_name": "Draper Town Center Station"
      },
      "geometry": {
        "type": "Point",
        "coordinates": [
          -111.858805,
          40.525496
        ]
      }
    },
    {
      "type": "Feature",
      "properties": {
        "type": "Light Rail",
        "network": "UTA TRAX",
        "route_name": "Blue Line",
        "color": "#004a97",
        "is_station": true,
        "station_name": "Draper Town Center Station"
      },
      "geometry": {
        "type": "Point",
        "coordinates": [
          -111.859915,
          40.525675
        ]
      }
    },
    {
      "type": "Feature",
      "properties": {
        "type": "Light Rail",
        "network": "UTA TRAX",
        "route_name": "Blue Line",
        "color": "#004a97",
        "is_station": true,
        "station_name": "Kimballs Lane Station"
      },
      "geometry": {
        "type": "Point",
        "coordinates": [
          -111.872436,
          40.536528
        ]
      }
    },
    {
      "type": "Feature",
      "properties": {
        "type": "Light Rail",
        "network": "UTA TRAX",
        "route_name": "Blue Line",
        "color": "#004a97",
        "is_station": true,
        "station_name": "Crescent View Station"
      },
      "geometry": {
        "type": "Point",
        "coordinates": [
          -111.878751,
          40.545343
        ]
      }
    },
    {
      "type": "Feature",
      "properties": {
        "type": "Light Rail",
        "network": "UTA TRAX",
        "route_name": "Blue Line",
        "color": "#004a97",
        "is_station": true,
        "station_name": "Sandy Civic Center Station"
      },
      "geometry": {
        "type": "Point",
        "coordinates": [
          -111.884681,
          40.571127
        ]
      }
    },
    {
      "type": "Feature",
      "properties": {
        "type": "Light Rail",
        "network": "UTA TRAX",
        "route_name": "Blue Line",
        "color": "#004a97",
        "is_station": true,
        "station_name": "Sandy Expo Station"
      },
      "geometry": {
        "type": "Point",
        "coordinates": [
          -111.886234,
          40.581703
        ]
      }
    },
    {
      "type": "Feature",
      "properties": {
        "type": "Light Rail",
        "network": "UTA TRAX",
        "route_name": "Blue Line",
        "color": "#004a97",
        "is_station": true,
        "station_name": "Historic Sandy Station"
      },
      "geometry": {
        "type": "Point",
        "coordinates": [
          -111.885661,
          40.589811
        ]
      }
    },
    {
      "type": "Feature",
      "properties": {
        "type": "Light Rail",
        "network": "UTA TRAX",
        "route_name": "Blue Line",
        "color": "#004a97",
        "is_station": true,
        "station_name": "Midvale Center Station"
      },
      "geometry": {
        "type": "Point",
        "coordinates": [
          -111.893216,
          40.610541
        ]
      }
    },
    {
      "type": "Feature",
      "properties": {
        "type": "Light Rail",
        "network": "UTA TRAX",
        "route_name": "Blue Line",
        "color": "#004a97",
        "is_station": true,
        "station_name": "Midvale Fort Union Station"
      },
      "geometry": {
        "type": "Point",
        "coordinates": [
          -111.898381,
          40.619458
        ]
      }
    },
    {
      "type": "Feature",
      "properties": {
        "type": "Light Rail",
        "network": "UTA TRAX",
        "route_name": "Blue Line",
        "color": "#004a97",
        "is_station": true,
        "station_name": "Fashion Place West Station"
      },
      "geometry": {
        "type": "Point",
        "coordinates": [
          -111.898319,
          40.633823
        ]
      }
    },
    {
      "type": "Feature",
      "properties": {
        "type": "Light Rail",
        "network": "UTA TRAX",
        "route_name": "Blue Line",
        "color": "#004a97",
        "is_station": true,
        "station_name": "Murray Central Station"
      },
      "geometry": {
        "type": "Point",
        "coordinates": [
          -111.895282,
          40.660269
        ]
      }
    },
    {
      "type": "Feature",
      "properties": {
        "type": "Light Rail",
        "network": "UTA TRAX",
        "route_name": "Blue Line",
        "color": "#004a97",
        "is_station": true,
        "station_name": "Murray North Station"
      },
      "geometry": {
        "type": "Point",
        "coordinates": [
          -111.894053,
          40.677155
        ]
      }
    },
    {
      "type": "Feature",
      "properties": {
        "type": "Light Rail",
        "network": "UTA TRAX",
        "route_name": "Blue Line",
        "color": "#004a97",
        "is_station": true,
        "station_name": "Meadowbrook Station"
      },
      "geometry": {
        "type": "Point",
        "coordinates": [
          -111.896725,
          40.688026
        ]
      }
    },
    {
      "type": "Feature",
      "properties": {
        "type": "Light Rail",
        "network": "UTA TRAX",
        "route_name": "Blue Line",
        "color": "#004a97",
        "is_station": true,
        "station_name": "Millcreek Station"
      },
      "geometry": {
        "type": "Point",
        "coordinates": [
          -111.896939,
          40.701067
        ]
      }
    },
    {
      "type": "Feature",
      "properties": {
        "type": "Light Rail",
        "network": "UTA TRAX",
        "route_name": "Blue Line",
        "color": "#004a97",
        "is_station": true,
        "station_name": "Central Pointe Station"
      },
      "geometry": {
        "type": "Point",
        "coordinates": [
          -111.896861,
          40.724801
        ]
      }
    },
    {
      "type": "Feature",
      "properties": {
        "type": "Light Rail",
        "network": "UTA TRAX",
        "route_name": "Blue Line",
        "color": "#004a97",
        "is_station": true,
        "station_name": "Ballpark Station"
      },
      "geometry": {
        "type": "Point",
        "coordinates": [
          -111.896781,
          40.742583
        ]
      }
    },
    {
      "type": "Feature",
      "properties": {
        "type": "Light Rail",
        "network": "UTA TRAX",
        "route_name": "Blue Line",
        "color": "#004a97",
        "is_station": true,
        "station_name": "900 South Station"
      },
      "geometry": {
        "type": "Point",
        "coordinates": [
          -111.896788,
          40.750822
        ]
      }
    },
    {
      "type": "Feature",
      "properties": {
        "type": "Light Rail",
        "network": "UTA TRAX",
        "route_name": "Blue Line",
        "color": "#004a97",
        "is_station": true,
        "station_name": "600 South Station"
      },
      "geometry": {
        "type": "Point",
        "coordinates": [
          -111.891096,
          40.756057
        ]
      }
    },
    {
      "type": "Feature",
      "properties": {
        "type": "Light Rail",
        "network": "UTA TRAX",
        "route_name": "Blue Line",
        "color": "#004a97",
        "is_station": true,
        "station_name": "Courthouse Station"
      },
      "geometry": {
        "type": "Point",
        "coordinates": [
          -111.891071,
          40.759536
        ]
      }
    },
    {
      "type": "Feature",
      "properties": {
        "type": "Light Rail",
        "network": "UTA TRAX",
        "route_name": "Blue Line",
        "color": "#004a97",
        "is_station": true,
        "station_name": "Gallivan Plaza Station"
      },
      "geometry": {
        "type": "Point",
        "coordinates": [
          -111.891071,
          40.763855
        ]
      }
    },
    {
      "type": "Feature",
      "properties": {
        "type": "Light Rail",
        "network": "UTA TRAX",
        "route_name": "Blue Line",
        "color": "#004a97",
        "is_station": true,
        "station_name": "City Center Station"
      },
      "geometry": {
        "type": "Point",
        "coordinates": [
          -111.891081,
          40.768217
        ]
      }
    },
    {
      "type": "Feature",
      "properties": {
        "type": "Light Rail",
        "network": "UTA TRAX",
        "route_name": "Blue Line",
        "color": "#004a97",
        "is_station": true,
        "station_name": "Temple Square Station"
      },
      "geometry": {
        "type": "Point",
        "coordinates": [
          -111.895321,
          40.769353
        ]
      }
    },
    {
      "type": "Feature",
      "properties": {
        "type": "Light Rail",
        "network": "UTA TRAX",
        "route_name": "Blue Line",
        "color": "#004a97",
        "is_station": true,
        "station_name": "Arena Station"
      },
      "geometry": {
        "type": "Point",
        "coordinates": [
          -111.901146,
          40.769344
        ]
      }
    },
    {
      "type": "Feature",
      "properties": {
        "type": "Light Rail",
        "network": "UTA TRAX",
        "route_name": "Blue Line",
        "color": "#004a97",
        "is_station": true,
        "station_name": "Planetarium Station"
      },
      "geometry": {
        "type": "Point",
        "coordinates": [
          -111.902558,
          40.766096
        ]
      }
    },
    {
      "type": "Feature",
      "properties": {
        "type": "Light Rail",
        "network": "UTA TRAX",
        "route_name": "Blue Line",
        "color": "#004a97",
        "is_station": true,
        "station_name": "Old Greektown Station"
      },
      "geometry": {
        "type": "Point",
        "coordinates": [
          -111.905788,
          40.765022
        ]
      }
    },
    {
      "type": "Feature",
      "properties": {
        "type": "Light Rail",
        "network": "UTA TRAX",
        "route_name": "Blue Line",
        "color": "#004a97",
        "is_station": true,
        "station_name": "Salt Lake Central Station"
      },
      "geometry": {
        "type": "Point",
        "coordinates": [
          -111.908296,
          40.762533
        ]
      }
    },
    {
      "type": "Feature",
      "properties": {
        "type": "Light Rail",
        "network": "UTA TRAX",
        "route_name": "Green Line",
        "color": "#2eb566",
        "is_station": true,
        "station_name": "River Trail Station"
      },
      "geometry": {
        "type": "Point",
        "coordinates": [
          -111.923801,
          40.719897
        ]
      }
    },
    {
      "type": "Feature",
      "properties": {
        "type": "Light Rail",
        "network": "UTA TRAX",
        "route_name": "Green Line",
        "color": "#2eb566",
        "is_station": true,
        "station_name": "Redwood Junction Station"
      },
      "geometry": {
        "type": "Point",
        "coordinates": [
          -111.939324,
          40.711149
        ]
      }
    },
    {
      "type": "Feature",
      "properties": {
        "type": "Light Rail",
        "network": "UTA TRAX",
        "route_name": "Green Line",
        "color": "#2eb566",
        "is_station": true,
        "station_name": "Decker Lake Station"
      },
      "geometry": {
        "type": "Point",
        "coordinates": [
          -111.948675,
          40.705035
        ]
      }
    },
    {
      "type": "Feature",
      "properties": {
        "type": "Light Rail",
        "network": "UTA TRAX",
        "route_name": "Green Line",
        "color": "#2eb566",
        "is_station": true,
        "station_name": "West Valley Central Station"
      },
      "geometry": {
        "type": "Point",
        "coordinates": [
          -111.958917,
          40.694366
        ]
      }
    },
    {
      "type": "Feature",
      "properties": {
        "type": "Light Rail",
        "network": "UTA TRAX",
        "route_name": "Green Line",
        "color": "#2eb566",
        "is_station": true,
        "station_name": "Airport Station"
      },
      "geometry": {
        "type": "Point",
        "coordinates": [
          -111.983364,
          40.784267
        ]
      }
    },
    {
      "type": "Feature",
      "properties": {
        "type": "Light Rail",
        "network": "UTA TRAX",
        "route_name": "Green Line",
        "color": "#2eb566",
        "is_station": true,
        "station_name": "1940 W. North Temple Station"
      },
      "geometry": {
        "type": "Point",
        "coordinates": [
          -111.946607,
          40.77153
        ]
      }
    },
    {
      "type": "Feature",
      "properties": {
        "type": "Light Rail",
        "network": "UTA TRAX",
        "route_name": "Green Line",
        "color": "#2eb566",
        "is_station": true,
        "station_name": "Power Station"
      },
      "geometry": {
        "type": "Point",
        "coordinates": [
          -111.934373,
          40.771509
        ]
      }
    },
    {
      "type": "Feature",
      "properties": {
        "type": "Light Rail",
        "network": "UTA TRAX",
        "route_name": "Green Line",
        "color": "#2eb566",
        "is_station": true,
        "station_name": "Fairpark Station"
      },
      "geometry": {
        "type": "Point",
        "coordinates": [
          -111.924632,
          40.77148
        ]
      }
    },
    {
      "type": "Feature",
      "properties": {
        "type": "Light Rail",
        "network": "UTA TRAX",
        "route_name": "Green Line",
        "color": "#2eb566",
        "is_station": true,
        "station_name": "Jackson/Euclid Station"
      },
      "geometry": {
        "type": "Point",
        "coordinates": [
          -111.915361,
          40.771505
        ]
      }
    },
    {
      "type": "Feature",
      "properties": {
        "type": "Light Rail",
        "network": "UTA TRAX",
        "route_name": "Green Line",
        "color": "#2eb566",
        "is_station": true,
        "station_name": "North Temple Bridge/Guadalupe Station"
      },
      "geometry": {
        "type": "Point",
        "coordinates": [
          -111.904318,
          40.771578
        ]
      }
    },
    {
      "type": "Feature",
      "properties": {
        "type": "Light Rail",
        "network": "UTA TRAX",
        "route_name": "Green Line",
        "color": "#2eb566",
        "is_station": true,
        "station_name": "Arena Station"
      },
      "geometry": {
        "type": "Point",
        "coordinates": [
          -111.900051,
          40.769343
        ]
      }
    },
    {
      "type": "Feature",
      "properties": {
        "type": "Light Rail",
        "network": "UTA TRAX",
        "route_name": "Green Line",
        "color": "#2eb566",
        "is_station": true,
        "station_name": "Temple Square Station"
      },
      "geometry": {
        "type": "Point",
        "coordinates": [
          -111.894303,
          40.769335
        ]
      }
    },
    {
      "type": "Feature",
      "properties": {
        "type": "Light Rail",
        "network": "UTA TRAX",
        "route_name": "Green Line",
        "color": "#2eb566",
        "is_station": true,
        "station_name": "City Center Station"
      },
      "geometry": {
        "type": "Point",
        "coordinates": [
          -111.891101,
          40.767452
        ]
      }
    },
    {
      "type": "Feature",
      "properties": {
        "type": "Light Rail",
        "network": "UTA TRAX",
        "route_name": "Green Line",
        "color": "#2eb566",
        "is_station": true,
        "station_name": "Gallivan Plaza Station"
      },
      "geometry": {
        "type": "Point",
        "coordinates": [
          -111.891102,
          40.763087
        ]
      }
    },
    {
      "type": "Feature",
      "properties": {
        "type": "Light Rail",
        "network": "UTA TRAX",
        "route_name": "Green Line",
        "color": "#2eb566",
        "is_station": true,
        "station_name": "Courthouse Station"
      },
      "geometry": {
        "type": "Point",
        "coordinates": [
          -111.891096,
          40.758762
        ]
      }
    },
    {
      "type": "Feature",
      "properties": {
        "type": "Light Rail",
        "network": "UTA TRAX",
        "route_name": "Green Line",
        "color": "#2eb566",
        "is_station": true,
        "station_name": "600 South Station"
      },
      "geometry": {
        "type": "Point",
        "coordinates": [
          -111.891095,
          40.755113
        ]
      }
    },
    {
      "type": "Feature",
      "properties": {
        "type": "Light Rail",
        "network": "UTA TRAX",
        "route_name": "Green Line",
        "color": "#2eb566",
        "is_station": true,
        "station_name": "900 South Station"
      },
      "geometry": {
        "type": "Point",
        "coordinates": [
          -111.896818,
          40.750058
        ]
      }
    },
    {
      "type": "Feature",
      "properties": {
        "type": "Light Rail",
        "network": "UTA TRAX",
        "route_name": "Green Line",
        "color": "#2eb566",
        "is_station": true,
        "station_name": "Ballpark Station"
      },
      "geometry": {
        "type": "Point",
        "coordinates": [
          -111.896785,
          40.741876
        ]
      }
    },
    {
      "type": "Feature",
      "properties": {
        "type": "Light Rail",
        "network": "UTA TRAX",
        "route_name": "Green Line",
        "color": "#2eb566",
        "is_station": true,
        "station_name": "Central Pointe Station"
      },
      "geometry": {
        "type": "Point",
        "coordinates": [
          -111.896892,
          40.724091
        ]
      }
    },
    {
      "type": "Feature",
      "properties": {
        "type": "Light Rail",
        "network": "UTA TRAX",
        "route_name": "Green Line",
        "color": "#2eb566",
        "is_station": true,
        "station_name": "Jordan River Service Center Relief Station"
      },
      "geometry": {
        "type": "Point",
        "coordinates": [
          -111.919923,
          40.723584
        ]
      }
    },
    {
      "type": "Feature",
      "properties": {
        "type": "Light Rail",
        "network": "UTA TRAX",
        "route_name": "Green Line",
        "color": "#2eb566",
        "is_station": true,
        "station_name": "Central Pointe Station"
      },
      "geometry": {
        "type": "Point",
        "coordinates": [
          -111.896861,
          40.724801
        ]
      }
    },
    {
      "type": "Feature",
      "properties": {
        "type": "Light Rail",
        "network": "UTA TRAX",
        "route_name": "Green Line",
        "color": "#2eb566",
        "is_station": true,
        "station_name": "Ballpark Station"
      },
      "geometry": {
        "type": "Point",
        "coordinates": [
          -111.896781,
          40.742583
        ]
      }
    },
    {
      "type": "Feature",
      "properties": {
        "type": "Light Rail",
        "network": "UTA TRAX",
        "route_name": "Green Line",
        "color": "#2eb566",
        "is_station": true,
        "station_name": "900 South Station"
      },
      "geometry": {
        "type": "Point",
        "coordinates": [
          -111.896788,
          40.750822
        ]
      }
    },
    {
      "type": "Feature",
      "properties": {
        "type": "Light Rail",
        "network": "UTA TRAX",
        "route_name": "Green Line",
        "color": "#2eb566",
        "is_station": true,
        "station_name": "600 South Station"
      },
      "geometry": {
        "type": "Point",
        "coordinates": [
          -111.891096,
          40.756057
        ]
      }
    },
    {
      "type": "Feature",
      "properties": {
        "type": "Light Rail",
        "network": "UTA TRAX",
        "route_name": "Green Line",
        "color": "#2eb566",
        "is_station": true,
        "station_name": "Courthouse Station"
      },
      "geometry": {
        "type": "Point",
        "coordinates": [
          -111.891071,
          40.759536
        ]
      }
    },
    {
      "type": "Feature",
      "properties": {
        "type": "Light Rail",
        "network": "UTA TRAX",
        "route_name": "Green Line",
        "color": "#2eb566",
        "is_station": true,
        "station_name": "Gallivan Plaza Station"
      },
      "geometry": {
        "type": "Point",
        "coordinates": [
          -111.891071,
          40.763855
        ]
      }
    },
    {
      "type": "Feature",
      "properties": {
        "type": "Light Rail",
        "network": "UTA TRAX",
        "route_name": "Green Line",
        "color": "#2eb566",
        "is_station": true,
        "station_name": "City Center Station"
      },
      "geometry": {
        "type": "Point",
        "coordinates": [
          -111.891081,
          40.768217
        ]
      }
    },
    {
      "type": "Feature",
      "properties": {
        "type": "Light Rail",
        "network": "UTA TRAX",
        "route_name": "Green Line",
        "color": "#2eb566",
        "is_station": true,
        "station_name": "Temple Square Station"
      },
      "geometry": {
        "type": "Point",
        "coordinates": [
          -111.895321,
          40.769353
        ]
      }
    },
    {
      "type": "Feature",
      "properties": {
        "type": "Light Rail",
        "network": "UTA TRAX",
        "route_name": "Green Line",
        "color": "#2eb566",
        "is_station": true,
        "station_name": "Arena Station"
      },
      "geometry": {
        "type": "Point",
        "coordinates": [
          -111.901146,
          40.769344
        ]
      }
    },
    {
      "type": "Feature",
      "properties": {
        "type": "Light Rail",
        "network": "UTA TRAX",
        "route_name": "Green Line",
        "color": "#2eb566",
        "is_station": true,
        "station_name": "North Temple Bridge/Guadalupe Station"
      },
      "geometry": {
        "type": "Point",
        "coordinates": [
          -111.905195,
          40.771587
        ]
      }
    },
    {
      "type": "Feature",
      "properties": {
        "type": "Light Rail",
        "network": "UTA TRAX",
        "route_name": "Green Line",
        "color": "#2eb566",
        "is_station": true,
        "station_name": "Jackson/Euclid Station"
      },
      "geometry": {
        "type": "Point",
        "coordinates": [
          -111.914486,
          40.771502
        ]
      }
    },
    {
      "type": "Feature",
      "properties": {
        "type": "Light Rail",
        "network": "UTA TRAX",
        "route_name": "Green Line",
        "color": "#2eb566",
        "is_station": true,
        "station_name": "Fairpark Station"
      },
      "geometry": {
        "type": "Point",
        "coordinates": [
          -111.923759,
          40.771468
        ]
      }
    },
    {
      "type": "Feature",
      "properties": {
        "type": "Light Rail",
        "network": "UTA TRAX",
        "route_name": "Green Line",
        "color": "#2eb566",
        "is_station": true,
        "station_name": "Power Station"
      },
      "geometry": {
        "type": "Point",
        "coordinates": [
          -111.933502,
          40.771499
        ]
      }
    },
    {
      "type": "Feature",
      "properties": {
        "type": "Light Rail",
        "network": "UTA TRAX",
        "route_name": "Green Line",
        "color": "#2eb566",
        "is_station": true,
        "station_name": "1940 W. North Temple Station"
      },
      "geometry": {
        "type": "Point",
        "coordinates": [
          -111.945736,
          40.771536
        ]
      }
    },
    {
      "type": "Feature",
      "properties": {
        "type": "Light Rail",
        "network": "UTA TRAX",
        "route_name": "Green Line",
        "color": "#2eb566",
        "is_station": true,
        "station_name": "Airport Station"
      },
      "geometry": {
        "type": "Point",
        "coordinates": [
          -111.982117,
          40.784356
        ]
      }
    },
    {
      "type": "Feature",
      "properties": {
        "type": "Light Rail",
        "network": "UTA TRAX",
        "route_name": "Green Line",
        "color": "#2eb566",
        "is_station": true,
        "station_name": "West Valley Central Station"
      },
      "geometry": {
        "type": "Point",
        "coordinates": [
          -111.959834,
          40.694361
        ]
      }
    },
    {
      "type": "Feature",
      "properties": {
        "type": "Light Rail",
        "network": "UTA TRAX",
        "route_name": "Green Line",
        "color": "#2eb566",
        "is_station": true,
        "station_name": "Decker Lake Station"
      },
      "geometry": {
        "type": "Point",
        "coordinates": [
          -111.948681,
          40.704288
        ]
      }
    },
    {
      "type": "Feature",
      "properties": {
        "type": "Light Rail",
        "network": "UTA TRAX",
        "route_name": "Green Line",
        "color": "#2eb566",
        "is_station": true,
        "station_name": "Redwood Junction Station"
      },
      "geometry": {
        "type": "Point",
        "coordinates": [
          -111.940293,
          40.711146
        ]
      }
    },
    {
      "type": "Feature",
      "properties": {
        "type": "Light Rail",
        "network": "UTA TRAX",
        "route_name": "Green Line",
        "color": "#2eb566",
        "is_station": true,
        "station_name": "River Trail Station"
      },
      "geometry": {
        "type": "Point",
        "coordinates": [
          -111.923811,
          40.720605
        ]
      }
    },
    {
      "type": "Feature",
      "properties": {
        "type": "Streetcar",
        "network": "UTA S-Line",
        "route_name": "S-Line",
        "color": "#77777a",
        "is_station": true,
        "station_name": "Central Pointe Station"
      },
      "geometry": {
        "type": "Point",
        "coordinates": [
          -111.896794,
          40.723424
        ]
      }
    },
    {
      "type": "Feature",
      "properties": {
        "type": "Streetcar",
        "network": "UTA S-Line",
        "route_name": "S-Line",
        "color": "#77777a",
        "is_station": true,
        "station_name": "South Salt Lake City Station"
      },
      "geometry": {
        "type": "Point",
        "coordinates": [
          -111.890174,
          40.722263
        ]
      }
    },
    {
      "type": "Feature",
      "properties": {
        "type": "Streetcar",
        "network": "UTA S-Line",
        "route_name": "S-Line",
        "color": "#77777a",
        "is_station": true,
        "station_name": "300 East Station"
      },
      "geometry": {
        "type": "Point",
        "coordinates": [
          -111.882335,
          40.722324
        ]
      }
    },
    {
      "type": "Feature",
      "properties": {
        "type": "Streetcar",
        "network": "UTA S-Line",
        "route_name": "S-Line",
        "color": "#77777a",
        "is_station": true,
        "station_name": "500 East Station"
      },
      "geometry": {
        "type": "Point",
        "coordinates": [
          -111.877085,
          40.722306
        ]
      }
    },
    {
      "type": "Feature",
      "properties": {
        "type": "Streetcar",
        "network": "UTA S-Line",
        "route_name": "S-Line",
        "color": "#77777a",
        "is_station": true,
        "station_name": "700 East Station"
      },
      "geometry": {
        "type": "Point",
        "coordinates": [
          -111.871612,
          40.722798
        ]
      }
    },
    {
      "type": "Feature",
      "properties": {
        "type": "Streetcar",
        "network": "UTA S-Line",
        "route_name": "S-Line",
        "color": "#77777a",
        "is_station": true,
        "station_name": "Sugarmont Station"
      },
      "geometry": {
        "type": "Point",
        "coordinates": [
          -111.865092,
          40.722818
        ]
      }
    },
    {
      "type": "Feature",
      "properties": {
        "type": "Streetcar",
        "network": "UTA S-Line",
        "route_name": "S-Line",
        "color": "#77777a",
        "is_station": true,
        "station_name": "Fairmont Station"
      },
      "geometry": {
        "type": "Point",
        "coordinates": [
          -111.861675,
          40.722757
        ]
      }
    },
    {
      "type": "Feature",
      "properties": {
        "type": "Light Rail",
        "network": "UTA TRAX",
        "route_name": "Red Line",
        "color": "#be2036",
        "is_station": true,
        "station_name": "University Medical Center Station"
      },
      "geometry": {
        "type": "Point",
        "coordinates": [
          -111.838503,
          40.769208
        ]
      }
    },
    {
      "type": "Feature",
      "properties": {
        "type": "Light Rail",
        "network": "UTA TRAX",
        "route_name": "Red Line",
        "color": "#be2036",
        "is_station": true,
        "station_name": "Fort Douglas Station"
      },
      "geometry": {
        "type": "Point",
        "coordinates": [
          -111.836427,
          40.764059
        ]
      }
    },
    {
      "type": "Feature",
      "properties": {
        "type": "Light Rail",
        "network": "UTA TRAX",
        "route_name": "Red Line",
        "color": "#be2036",
        "is_station": true,
        "station_name": "University South Campus Station"
      },
      "geometry": {
        "type": "Point",
        "coordinates": [
          -111.839976,
          40.760085
        ]
      }
    },
    {
      "type": "Feature",
      "properties": {
        "type": "Light Rail",
        "network": "UTA TRAX",
        "route_name": "Red Line",
        "color": "#be2036",
        "is_station": true,
        "station_name": "Stadium Station"
      },
      "geometry": {
        "type": "Point",
        "coordinates": [
          -111.852178,
          40.759286
        ]
      }
    },
    {
      "type": "Feature",
      "properties": {
        "type": "Light Rail",
        "network": "UTA TRAX",
        "route_name": "Red Line",
        "color": "#be2036",
        "is_station": true,
        "station_name": "900 East Station"
      },
      "geometry": {
        "type": "Point",
        "coordinates": [
          -111.866732,
          40.760671
        ]
      }
    },
    {
      "type": "Feature",
      "properties": {
        "type": "Light Rail",
        "network": "UTA TRAX",
        "route_name": "Red Line",
        "color": "#be2036",
        "is_station": true,
        "station_name": "Trolley Station"
      },
      "geometry": {
        "type": "Point",
        "coordinates": [
          -111.873552,
          40.760672
        ]
      }
    },
    {
      "type": "Feature",
      "properties": {
        "type": "Light Rail",
        "network": "UTA TRAX",
        "route_name": "Red Line",
        "color": "#be2036",
        "is_station": true,
        "station_name": "Library Station"
      },
      "geometry": {
        "type": "Point",
        "coordinates": [
          -111.884956,
          40.760643
        ]
      }
    },
    {
      "type": "Feature",
      "properties": {
        "type": "Light Rail",
        "network": "UTA TRAX",
        "route_name": "Red Line",
        "color": "#be2036",
        "is_station": true,
        "station_name": "Courthouse Station"
      },
      "geometry": {
        "type": "Point",
        "coordinates": [
          -111.891096,
          40.758762
        ]
      }
    },
    {
      "type": "Feature",
      "properties": {
        "type": "Light Rail",
        "network": "UTA TRAX",
        "route_name": "Red Line",
        "color": "#be2036",
        "is_station": true,
        "station_name": "600 South Station"
      },
      "geometry": {
        "type": "Point",
        "coordinates": [
          -111.891095,
          40.755113
        ]
      }
    },
    {
      "type": "Feature",
      "properties": {
        "type": "Light Rail",
        "network": "UTA TRAX",
        "route_name": "Red Line",
        "color": "#be2036",
        "is_station": true,
        "station_name": "900 South Station"
      },
      "geometry": {
        "type": "Point",
        "coordinates": [
          -111.896818,
          40.750058
        ]
      }
    },
    {
      "type": "Feature",
      "properties": {
        "type": "Light Rail",
        "network": "UTA TRAX",
        "route_name": "Red Line",
        "color": "#be2036",
        "is_station": true,
        "station_name": "Ballpark Station"
      },
      "geometry": {
        "type": "Point",
        "coordinates": [
          -111.896785,
          40.741876
        ]
      }
    },
    {
      "type": "Feature",
      "properties": {
        "type": "Light Rail",
        "network": "UTA TRAX",
        "route_name": "Red Line",
        "color": "#be2036",
        "is_station": true,
        "station_name": "Central Pointe Station"
      },
      "geometry": {
        "type": "Point",
        "coordinates": [
          -111.896892,
          40.724091
        ]
      }
    },
    {
      "type": "Feature",
      "properties": {
        "type": "Light Rail",
        "network": "UTA TRAX",
        "route_name": "Red Line",
        "color": "#be2036",
        "is_station": true,
        "station_name": "Millcreek Station"
      },
      "geometry": {
        "type": "Point",
        "coordinates": [
          -111.896952,
          40.700365
        ]
      }
    },
    {
      "type": "Feature",
      "properties": {
        "type": "Light Rail",
        "network": "UTA TRAX",
        "route_name": "Red Line",
        "color": "#be2036",
        "is_station": true,
        "station_name": "Meadowbrook Station"
      },
      "geometry": {
        "type": "Point",
        "coordinates": [
          -111.896553,
          40.687328
        ]
      }
    },
    {
      "type": "Feature",
      "properties": {
        "type": "Light Rail",
        "network": "UTA TRAX",
        "route_name": "Red Line",
        "color": "#be2036",
        "is_station": true,
        "station_name": "Murray North Station"
      },
      "geometry": {
        "type": "Point",
        "coordinates": [
          -111.894079,
          40.676454
        ]
      }
    },
    {
      "type": "Feature",
      "properties": {
        "type": "Light Rail",
        "network": "UTA TRAX",
        "route_name": "Red Line",
        "color": "#be2036",
        "is_station": true,
        "station_name": "Murray Central Station"
      },
      "geometry": {
        "type": "Point",
        "coordinates": [
          -111.895661,
          40.659631
        ]
      }
    },
    {
      "type": "Feature",
      "properties": {
        "type": "Light Rail",
        "network": "UTA TRAX",
        "route_name": "Red Line",
        "color": "#be2036",
        "is_station": true,
        "station_name": "Fashion Place West Station"
      },
      "geometry": {
        "type": "Point",
        "coordinates": [
          -111.898355,
          40.633116
        ]
      }
    },
    {
      "type": "Feature",
      "properties": {
        "type": "Light Rail",
        "network": "UTA TRAX",
        "route_name": "Red Line",
        "color": "#be2036",
        "is_station": true,
        "station_name": "Mrsc Operator Relief Station"
      },
      "geometry": {
        "type": "Point",
        "coordinates": [
          -111.906399,
          40.627338
        ]
      }
    },
    {
      "type": "Feature",
      "properties": {
        "type": "Light Rail",
        "network": "UTA TRAX",
        "route_name": "Red Line",
        "color": "#be2036",
        "is_station": true,
        "station_name": "Bingham Junction Station"
      },
      "geometry": {
        "type": "Point",
        "coordinates": [
          -111.915754,
          40.617073
        ]
      }
    },
    {
      "type": "Feature",
      "properties": {
        "type": "Light Rail",
        "network": "UTA TRAX",
        "route_name": "Red Line",
        "color": "#be2036",
        "is_station": true,
        "station_name": "Historic Gardner Station"
      },
      "geometry": {
        "type": "Point",
        "coordinates": [
          -111.924723,
          40.607889
        ]
      }
    },
    {
      "type": "Feature",
      "properties": {
        "type": "Light Rail",
        "network": "UTA TRAX",
        "route_name": "Red Line",
        "color": "#be2036",
        "is_station": true,
        "station_name": "West Jordan City Center Station"
      },
      "geometry": {
        "type": "Point",
        "coordinates": [
          -111.936857,
          40.604797
        ]
      }
    },
    {
      "type": "Feature",
      "properties": {
        "type": "Light Rail",
        "network": "UTA TRAX",
        "route_name": "Red Line",
        "color": "#be2036",
        "is_station": true,
        "station_name": "2700 W. Sugar Factory Rd Station"
      },
      "geometry": {
        "type": "Point",
        "coordinates": [
          -111.957251,
          40.598976
        ]
      }
    },
    {
      "type": "Feature",
      "properties": {
        "type": "Light Rail",
        "network": "UTA TRAX",
        "route_name": "Red Line",
        "color": "#be2036",
        "is_station": true,
        "station_name": "Jordan Valley Station"
      },
      "geometry": {
        "type": "Point",
        "coordinates": [
          -111.972171,
          40.594708
        ]
      }
    },
    {
      "type": "Feature",
      "properties": {
        "type": "Light Rail",
        "network": "UTA TRAX",
        "route_name": "Red Line",
        "color": "#be2036",
        "is_station": true,
        "station_name": "4800 W. Old Bingham Hwy Station"
      },
      "geometry": {
        "type": "Point",
        "coordinates": [
          -112.004538,
          40.581307
        ]
      }
    },
    {
      "type": "Feature",
      "properties": {
        "type": "Light Rail",
        "network": "UTA TRAX",
        "route_name": "Red Line",
        "color": "#be2036",
        "is_station": true,
        "station_name": "5600 W. Old Bingham Hwy Station"
      },
      "geometry": {
        "type": "Point",
        "coordinates": [
          -112.024871,
          40.568807
        ]
      }
    },
    {
      "type": "Feature",
      "properties": {
        "type": "Light Rail",
        "network": "UTA TRAX",
        "route_name": "Red Line",
        "color": "#be2036",
        "is_station": true,
        "station_name": "South Jordan Parkway Station"
      },
      "geometry": {
        "type": "Point",
        "coordinates": [
          -112.024764,
          40.558395
        ]
      }
    },
    {
      "type": "Feature",
      "properties": {
        "type": "Light Rail",
        "network": "UTA TRAX",
        "route_name": "Red Line",
        "color": "#be2036",
        "is_station": true,
        "station_name": "South Jordan Downtown Station"
      },
      "geometry": {
        "type": "Point",
        "coordinates": [
          -112.019345,
          40.549573
        ]
      }
    },
    {
      "type": "Feature",
      "properties": {
        "type": "Light Rail",
        "network": "UTA TRAX",
        "route_name": "Red Line",
        "color": "#be2036",
        "is_station": true,
        "station_name": "Daybreak Parkway Station"
      },
      "geometry": {
        "type": "Point",
        "coordinates": [
          -112.013905,
          40.543811
        ]
      }
    },
    {
      "type": "Feature",
      "properties": {
        "type": "Light Rail",
        "network": "UTA TRAX",
        "route_name": "Red Line",
        "color": "#be2036",
        "is_station": true,
        "station_name": "Daybreak Parkway Station"
      },
      "geometry": {
        "type": "Point",
        "coordinates": [
          -112.014304,
          40.544377
        ]
      }
    },
    {
      "type": "Feature",
      "properties": {
        "type": "Light Rail",
        "network": "UTA TRAX",
        "route_name": "Red Line",
        "color": "#be2036",
        "is_station": true,
        "station_name": "South Jordan Downtown Station"
      },
      "geometry": {
        "type": "Point",
        "coordinates": [
          -112.020504,
          40.550678
        ]
      }
    },
    {
      "type": "Feature",
      "properties": {
        "type": "Light Rail",
        "network": "UTA TRAX",
        "route_name": "Red Line",
        "color": "#be2036",
        "is_station": true,
        "station_name": "South Jordan Parkway Station"
      },
      "geometry": {
        "type": "Point",
        "coordinates": [
          -112.024643,
          40.559038
        ]
      }
    },
    {
      "type": "Feature",
      "properties": {
        "type": "Light Rail",
        "network": "UTA TRAX",
        "route_name": "Red Line",
        "color": "#be2036",
        "is_station": true,
        "station_name": "5600 W. Old Bingham Hwy Station"
      },
      "geometry": {
        "type": "Point",
        "coordinates": [
          -112.024871,
          40.569441
        ]
      }
    },
    {
      "type": "Feature",
      "properties": {
        "type": "Light Rail",
        "network": "UTA TRAX",
        "route_name": "Red Line",
        "color": "#be2036",
        "is_station": true,
        "station_name": "4800 W. Old Bingham Hwy Station"
      },
      "geometry": {
        "type": "Point",
        "coordinates": [
          -112.003837,
          40.581652
        ]
      }
    },
    {
      "type": "Feature",
      "properties": {
        "type": "Light Rail",
        "network": "UTA TRAX",
        "route_name": "Red Line",
        "color": "#be2036",
        "is_station": true,
        "station_name": "Jordan Valley Station"
      },
      "geometry": {
        "type": "Point",
        "coordinates": [
          -111.971375,
          40.594939
        ]
      }
    },
    {
      "type": "Feature",
      "properties": {
        "type": "Light Rail",
        "network": "UTA TRAX",
        "route_name": "Red Line",
        "color": "#be2036",
        "is_station": true,
        "station_name": "2700 W. Sugar Factory Rd Station"
      },
      "geometry": {
        "type": "Point",
        "coordinates": [
          -111.956458,
          40.599207
        ]
      }
    },
    {
      "type": "Feature",
      "properties": {
        "type": "Light Rail",
        "network": "UTA TRAX",
        "route_name": "Red Line",
        "color": "#be2036",
        "is_station": true,
        "station_name": "West Jordan City Center Station"
      },
      "geometry": {
        "type": "Point",
        "coordinates": [
          -111.936071,
          40.605024
        ]
      }
    },
    {
      "type": "Feature",
      "properties": {
        "type": "Light Rail",
        "network": "UTA TRAX",
        "route_name": "Red Line",
        "color": "#be2036",
        "is_station": true,
        "station_name": "Historic Gardner Station"
      },
      "geometry": {
        "type": "Point",
        "coordinates": [
          -111.924005,
          40.608219
        ]
      }
    },
    {
      "type": "Feature",
      "properties": {
        "type": "Light Rail",
        "network": "UTA TRAX",
        "route_name": "Red Line",
        "color": "#be2036",
        "is_station": true,
        "station_name": "Bingham Junction Station"
      },
      "geometry": {
        "type": "Point",
        "coordinates": [
          -111.914906,
          40.617138
        ]
      }
    },
    {
      "type": "Feature",
      "properties": {
        "type": "Light Rail",
        "network": "UTA TRAX",
        "route_name": "Red Line",
        "color": "#be2036",
        "is_station": true,
        "station_name": "Fashion Place West Station"
      },
      "geometry": {
        "type": "Point",
        "coordinates": [
          -111.898319,
          40.633823
        ]
      }
    },
    {
      "type": "Feature",
      "properties": {
        "type": "Light Rail",
        "network": "UTA TRAX",
        "route_name": "Red Line",
        "color": "#be2036",
        "is_station": true,
        "station_name": "Murray Central Station"
      },
      "geometry": {
        "type": "Point",
        "coordinates": [
          -111.895282,
          40.660269
        ]
      }
    },
    {
      "type": "Feature",
      "properties": {
        "type": "Light Rail",
        "network": "UTA TRAX",
        "route_name": "Red Line",
        "color": "#be2036",
        "is_station": true,
        "station_name": "Murray North Station"
      },
      "geometry": {
        "type": "Point",
        "coordinates": [
          -111.894053,
          40.677155
        ]
      }
    },
    {
      "type": "Feature",
      "properties": {
        "type": "Light Rail",
        "network": "UTA TRAX",
        "route_name": "Red Line",
        "color": "#be2036",
        "is_station": true,
        "station_name": "Meadowbrook Station"
      },
      "geometry": {
        "type": "Point",
        "coordinates": [
          -111.896725,
          40.688026
        ]
      }
    },
    {
      "type": "Feature",
      "properties": {
        "type": "Light Rail",
        "network": "UTA TRAX",
        "route_name": "Red Line",
        "color": "#be2036",
        "is_station": true,
        "station_name": "Millcreek Station"
      },
      "geometry": {
        "type": "Point",
        "coordinates": [
          -111.896939,
          40.701067
        ]
      }
    },
    {
      "type": "Feature",
      "properties": {
        "type": "Light Rail",
        "network": "UTA TRAX",
        "route_name": "Red Line",
        "color": "#be2036",
        "is_station": true,
        "station_name": "Central Pointe Station"
      },
      "geometry": {
        "type": "Point",
        "coordinates": [
          -111.896861,
          40.724801
        ]
      }
    },
    {
      "type": "Feature",
      "properties": {
        "type": "Light Rail",
        "network": "UTA TRAX",
        "route_name": "Red Line",
        "color": "#be2036",
        "is_station": true,
        "station_name": "Ballpark Station"
      },
      "geometry": {
        "type": "Point",
        "coordinates": [
          -111.896781,
          40.742583
        ]
      }
    },
    {
      "type": "Feature",
      "properties": {
        "type": "Light Rail",
        "network": "UTA TRAX",
        "route_name": "Red Line",
        "color": "#be2036",
        "is_station": true,
        "station_name": "900 South Station"
      },
      "geometry": {
        "type": "Point",
        "coordinates": [
          -111.896788,
          40.750822
        ]
      }
    },
    {
      "type": "Feature",
      "properties": {
        "type": "Light Rail",
        "network": "UTA TRAX",
        "route_name": "Red Line",
        "color": "#be2036",
        "is_station": true,
        "station_name": "600 South Station"
      },
      "geometry": {
        "type": "Point",
        "coordinates": [
          -111.891096,
          40.756057
        ]
      }
    },
    {
      "type": "Feature",
      "properties": {
        "type": "Light Rail",
        "network": "UTA TRAX",
        "route_name": "Red Line",
        "color": "#be2036",
        "is_station": true,
        "station_name": "Courthouse Station"
      },
      "geometry": {
        "type": "Point",
        "coordinates": [
          -111.891071,
          40.759536
        ]
      }
    },
    {
      "type": "Feature",
      "properties": {
        "type": "Light Rail",
        "network": "UTA TRAX",
        "route_name": "Red Line",
        "color": "#be2036",
        "is_station": true,
        "station_name": "Library Station"
      },
      "geometry": {
        "type": "Point",
        "coordinates": [
          -111.883942,
          40.760637
        ]
      }
    },
    {
      "type": "Feature",
      "properties": {
        "type": "Light Rail",
        "network": "UTA TRAX",
        "route_name": "Red Line",
        "color": "#be2036",
        "is_station": true,
        "station_name": "Trolley Station"
      },
      "geometry": {
        "type": "Point",
        "coordinates": [
          -111.872527,
          40.760664
        ]
      }
    },
    {
      "type": "Feature",
      "properties": {
        "type": "Light Rail",
        "network": "UTA TRAX",
        "route_name": "Red Line",
        "color": "#be2036",
        "is_station": true,
        "station_name": "900 East Station"
      },
      "geometry": {
        "type": "Point",
        "coordinates": [
          -111.865711,
          40.760661
        ]
      }
    },
    {
      "type": "Feature",
      "properties": {
        "type": "Light Rail",
        "network": "UTA TRAX",
        "route_name": "Red Line",
        "color": "#be2036",
        "is_station": true,
        "station_name": "Stadium Station"
      },
      "geometry": {
        "type": "Point",
        "coordinates": [
          -111.852171,
          40.760126
        ]
      }
    },
    {
      "type": "Feature",
      "properties": {
        "type": "Light Rail",
        "network": "UTA TRAX",
        "route_name": "Red Line",
        "color": "#be2036",
        "is_station": true,
        "station_name": "University South Campus Station"
      },
      "geometry": {
        "type": "Point",
        "coordinates": [
          -111.839146,
          40.760509
        ]
      }
    },
    {
      "type": "Feature",
      "properties": {
        "type": "Light Rail",
        "network": "UTA TRAX",
        "route_name": "Red Line",
        "color": "#be2036",
        "is_station": true,
        "station_name": "Fort Douglas Station"
      },
      "geometry": {
        "type": "Point",
        "coordinates": [
          -111.836793,
          40.764766
        ]
      }
    },
    {
      "type": "Feature",
      "properties": {
        "type": "Light Rail",
        "network": "UTA TRAX",
        "route_name": "Red Line",
        "color": "#be2036",
        "is_station": true,
        "station_name": "University Medical Center Station"
      },
      "geometry": {
        "type": "Point",
        "coordinates": [
          -111.839201,
          40.769871
        ]
      }
    }
  ]
}