{"type":"FeatureCollection","features":[{"type":"Feature","properties":{"type":"Light Rail","network":"MetroLink","route_name":"Red Line","color":"#E2382D"},"geometry":{"type":"LineString","coordinates":[[-90.36462,38.74131],[-90.3644,38.74053],[-90.36437,38.74043],[-90.36433,38.74033],[-90.36428,38.74024],[-90.36423,38.74015],[-90.36418,38.74006],[-90.36412,38.73997],[-90.36405,38.73989],[-90.3639,38.73974],[-90.36374,38.73962],[-90.36365,38.73956],[-90.36356,38.73951],[-90.36346,38.73947],[-90.36336,38.73943],[-90.36326,38.7394],[-90.36255,38.73918],[-90.36239,38.73913],[-90.36224,38.73908],[-90.36209,38.73902],[-90.36194,38.73895],[-90.3618,38.73889],[-90.36034,38.73821],[-90.3594,38.73774],[-90.35854,38.73732],[-90.35839,38.73724],[-90.35824,38.73718],[-90.35808,38.73712],[-90.35793,38.73706],[-90.35778,38.73701],[-90.35767,38.73698],[-90.35753,38.73694],[-90.35742,38.73689],[-90.3573,38.73684],[-90.35719,38.73679],[-90.35708,38.73673],[-90.35643,38.73638],[-90.35562,38.73596],[-90.35545,38.73587],[-90.3551,38.73569],[-90.35495,38.73562],[-90.35481,38.73555],[-90.35466,38.73549],[-90.35451,38.73543],[-90.35436,38.73538],[-90.35421,38.73534],[-90.35405,38.7353],[-90.35393,38.73527],[-90.35374,38.73524],[-90.35353,38.7352],[-90.35333,38.73516],[-90.35306,38.7351],[-90.35256,38.73501],[-90.3524,38.73497],[-90.35223,38.73493],[-90.35207,38.73488],[-90.35192,38.73483],[-90.35176,38.73477],[-90.35161,38.7347],[-90.35146,38.73462],[-90.35129,38.73454],[-90.35113,38.73446],[-90.35096,38.73439],[-90.35079,38.73432],[-90.35061,38.73426],[-90.35046,38.7342],[-90.3503,38.73414],[-90.35014,38.7341],[-90.34994,38.73404],[-90.34974,38.73399],[-90.34954,38.73394],[-90.34934,38.7339],[-90.34914,38.73386],[-90.34808,38.73367],[-90.34789,38.73364],[-90.3477,38.73362],[-90.34751,38.73361],[-90.34732,38.7336],[-90.34713,38.7336],[-90.34664,38.73362],[-90.34606,38.73365],[-90.34553,38.73368],[-90.34499,38.7337],[-90.34483,38.73371],[-90.34467,38.73371],[-90.3445,38.7337],[-90.34434,38.73369],[-90.34417,38.73367],[-90.34398,38.73365],[-90.34382,38.73363],[-90.34361,38.7336],[-90.34342,38.73356],[-90.34324,38.73352],[-90.34305,38.73347],[-90.34277,38.7334],[-90.34248,38.73332],[-90.3422,38.73324],[-90.34192,38.73315],[-90.34129,38.73296],[-90.34109,38.7329],[-90.34089,38.73285],[-90.34069,38.7328],[-90.34049,38.73275],[-90.34029,38.73271],[-90.34008,38.73268],[-90.33987,38.73265],[-90.33966,38.73263],[-90.33944,38.73262],[-90.33923,38.7326],[-90.33822,38.73255],[-90.3377,38.73252],[-90.33713,38.73248],[-90.33699,38.73247],[-90.33685,38.73244],[-90.33671,38.73242],[-90.33658,38.73238],[-90.33644,38.73234],[-90.33631,38.7323],[-90.33618,38.73225],[-90.33606,38.73221],[-90.33595,38.73216],[-90.33584,38.7321],[-90.33573,38.73204],[-90.33562,38.73198],[-90.33552,38.73191],[-90.33542,38.73183],[-90.33533,38.73176],[-90.33524,38.73167],[-90.33515,38.73158],[-90.33506,38.73147],[-90.33497,38.73134],[-90.33489,38.73122],[-90.33481,38.73109],[-90.33473,38.73096],[-90.33467,38.73083],[-90.33425,38.73012],[-90.33415,38.72994],[-90.3341,38.72985],[-90.33404,38.72975],[-90.33397,38.72965],[-90.33391,38.72955],[-90.33383,38.72946],[-90.33375,38.72938],[-90.33367,38.7293],[-90.33358,38.72923],[-90.33349,38.72916],[-90.3334,38.72909],[-90.3333,38.72903],[-90.33321,38.72898],[-90.3331,38.72893],[-90.33246,38.7286],[-90.3322,38.72846],[-90.33149,38.7281],[-90.33132,38.72801],[-90.3312,38.72795],[-90.33059,38.72763],[-90.32963,38.72715],[-90.32932,38.72699],[-90.32879,38.72672],[-90.32788,38.72625],[-90.32771,38.72615],[-90.32754,38.72605],[-90.32737,38.72595],[-90.3272,38.72584],[-90.32703,38.72573],[-90.32681,38.72559],[-90.3266,38.72544],[-90.32639,38.72529],[-90.32618,38.72513],[-90.32585,38.72486],[-90.32544,38.72451],[-90.32514,38.72427],[-90.32436,38.72364],[-90.32382,38.7232],[-90.32327,38.72277],[-90.32284,38.72241],[-90.32246,38.7221],[-90.32209,38.72182],[-90.32194,38.72172],[-90.32178,38.72161],[-90.32161,38.72151],[-90.32145,38.72142],[-90.32128,38.72133],[-90.32113,38.72125],[-90.32099,38.72118],[-90.32084,38.72111],[-90.32069,38.72105],[-90.32053,38.72099],[-90.32038,38.72094],[-90.31991,38.72078],[-90.31941,38.72064],[-90.31894,38.72051],[-90.31853,38.72039],[-90.31775,38.72015],[-90.31761,38.72011],[-90.31746,38.72007],[-90.31731,38.72004],[-90.31717,38.72001],[-90.31701,38.71999],[-90.31686,38.71998],[-90.31671,38.71997],[-90.31605,38.71996],[-90.31567,38.71996],[-90.31535,38.71996],[-90.315,38.71997],[-90.3149,38.71997],[-90.31467,38.71997],[-90.3145,38.71996],[-90.31433,38.71995],[-90.31416,38.71993],[-90.314,38.71991],[-90.31388,38.71988],[-90.31376,38.71986],[-90.31364,38.71982],[-90.31353,38.71978],[-90.31341,38.71973],[-90.3133,38.71968],[-90.3132,38.71962],[-90.31309,38.71956],[-90.313,38.7195],[-90.31291,38.71943],[-90.31283,38.71936],[-90.31274,38.71929],[-90.31267,38.71921],[-90.3126,38.71912],[-90.31253,38.71903],[-90.31247,38.71894],[-90.31237,38.71878],[-90.3123,38.71862],[-90.31224,38.71844],[-90.31217,38.71822],[-90.31198,38.71759],[-90.31193,38.71744],[-90.31188,38.71727],[-90.31172,38.71678],[-90.31169,38.71668],[-90.31166,38.71658],[-90.31162,38.71648],[-90.31158,38.71637],[-90.31154,38.71627],[-90.31149,38.71617],[-90.31143,38.71607],[-90.31137,38.71597],[-90.3113,38.71588],[-90.31123,38.71579],[-90.31115,38.71571],[-90.31107,38.71563],[-90.31098,38.71555],[-90.31082,38.71541],[-90.31064,38.71528],[-90.31047,38.71515],[-90.31035,38.71507],[-90.31016,38.71494],[-90.30999,38.71484],[-90.3097,38.71469],[-90.30948,38.71458],[-90.30939,38.71453],[-90.30926,38.71447],[-90.30904,38.71437],[-90.30878,38.71425],[-90.30852,38.71413],[-90.30827,38.71399],[-90.30795,38.71384],[-90.30765,38.71369],[-90.30719,38.71345],[-90.30703,38.71337],[-90.30691,38.71332],[-90.30682,38.71326],[-90.30669,38.71318],[-90.30658,38.71312],[-90.3062,38.71291],[-90.3059,38.71273],[-90.30577,38.71266],[-90.30562,38.71257],[-90.30548,38.71247],[-90.30533,38.71237],[-90.3052,38.71226],[-90.30509,38.71219],[-90.30499,38.7121],[-90.30489,38.71201],[-90.30479,38.71192],[-90.30468,38.71179],[-90.30458,38.71165],[-90.30451,38.71149],[-90.30445,38.71133],[-90.30442,38.71116],[-90.30443,38.71095],[-90.30445,38.71083],[-90.30447,38.71071],[-90.3045,38.71059],[-90.30454,38.71047],[-90.30471,38.70996],[-90.30485,38.70954],[-90.305,38.70909],[-90.30516,38.70859],[-90.30519,38.70849],[-90.30522,38.70839],[-90.30525,38.70828],[-90.30527,38.70818],[-90.3053,38.708],[-90.30532,38.70781],[-90.30535,38.70763],[-90.30536,38.70745],[-90.30537,38.70726],[-90.30538,38.70708],[-90.30537,38.70696],[-90.30537,38.70673],[-90.30535,38.70655],[-90.30534,38.70638],[-90.30531,38.70617],[-90.30527,38.70597],[-90.30523,38.70576],[-90.30519,38.70558],[-90.30515,38.70534],[-90.30499,38.70448],[-90.30483,38.70365],[-90.30468,38.70282],[-90.30452,38.70194],[-90.30442,38.70138],[-90.30431,38.70083],[-90.30421,38.70027],[-90.3041,38.69971],[-90.304,38.69916],[-90.3039,38.6986],[-90.30379,38.69804],[-90.3037,38.69751],[-90.30362,38.69708],[-90.30352,38.69656],[-90.30344,38.69615],[-90.30336,38.6957],[-90.30327,38.69523],[-90.30318,38.69475],[-90.30306,38.69412],[-90.30296,38.69355],[-90.30288,38.69313],[-90.30275,38.6924],[-90.30265,38.69186],[-90.30257,38.69145],[-90.30245,38.69078],[-90.30242,38.69066],[-90.30234,38.69023],[-90.30224,38.68969],[-90.30214,38.68914],[-90.30204,38.6886],[-90.30194,38.68806],[-90.30189,38.68778],[-90.30184,38.68751],[-90.30174,38.68697],[-90.30164,38.68643],[-90.30154,38.68588],[-90.30148,38.68555],[-90.30144,38.68532],[-90.30135,38.68488],[-90.30125,38.68434],[-90.30117,38.68385],[-90.30113,38.68364],[-90.30109,38.68344],[-90.30101,38.68301],[-90.30093,38.68256],[-90.30085,38.68216],[-90.30076,38.68167],[-90.30065,38.68109],[-90.30054,38.68048],[-90.30043,38.67986],[-90.30032,38.67927],[-90.3002,38.67864],[-90.30009,38.67804],[-90.29999,38.6775],[-90.29988,38.67695],[-90.29978,38.67644],[-90.2997,38.67592],[-90.29959,38.67538],[-90.29954,38.67509],[-90.29949,38.67483],[-90.29939,38.67427],[-90.29929,38.67373],[-90.29919,38.67319],[-90.29914,38.67292],[-90.2991,38.6727],[-90.29901,38.67222],[-90.29892,38.67173],[-90.29883,38.67124],[-90.29875,38.67081],[-90.29866,38.67032],[-90.29856,38.66978],[-90.29847,38.66929],[-90.29839,38.66887],[-90.29829,38.66832],[-90.29803,38.66699],[-90.29789,38.66619],[-90.29787,38.66608],[-90.29776,38.66544],[-90.29765,38.66488],[-90.29756,38.66435],[-90.29749,38.664],[-90.29746,38.66383],[-90.29735,38.66329],[-90.29726,38.66279],[-90.29718,38.66236],[-90.29709,38.66187],[-90.29706,38.6617],[-90.29699,38.66137],[-90.29696,38.66119],[-90.29694,38.66106],[-90.29691,38.66091],[-90.29688,38.66074],[-90.29685,38.66057],[-90.29681,38.6604],[-90.29676,38.66024],[-90.29671,38.66007],[-90.29666,38.65991],[-90.29659,38.65975],[-90.29653,38.6596],[-90.29638,38.65928],[-90.29623,38.65896],[-90.29607,38.65865],[-90.29576,38.65806],[-90.2955,38.65753],[-90.29521,38.65697],[-90.29493,38.65642],[-90.29484,38.65625],[-90.29455,38.65567],[-90.29444,38.65544],[-90.29418,38.65491],[-90.29399,38.65456],[-90.29375,38.65414],[-90.29363,38.65394],[-90.29351,38.65375],[-90.29338,38.65356],[-90.29324,38.65338],[-90.29309,38.65319],[-90.29292,38.653],[-90.29276,38.65282],[-90.29259,38.65263],[-90.29242,38.65246],[-90.29224,38.6523],[-90.29206,38.65213],[-90.29187,38.65198],[-90.29169,38.65182],[-90.29083,38.6511],[-90.29003,38.65042],[-90.28963,38.65008],[-90.28906,38.6496],[-90.28865,38.64926],[-90.28848,38.64912],[-90.2883,38.64899],[-90.28812,38.64887],[-90.28794,38.64875],[-90.28775,38.64864],[-90.28756,38.64853],[-90.2874,38.64845],[-90.28724,38.64837],[-90.28708,38.6483],[-90.28692,38.64823],[-90.28676,38.64817],[-90.28659,38.64811],[-90.28641,38.64805],[-90.28621,38.648],[-90.28602,38.64795],[-90.28583,38.64791],[-90.28563,38.64787],[-90.28544,38.64784],[-90.28528,38.64783],[-90.28514,38.64782],[-90.28464,38.64778],[-90.28345,38.64768],[-90.28277,38.64761],[-90.28198,38.64754],[-90.28125,38.64748],[-90.28051,38.6474],[-90.27971,38.64733],[-90.27899,38.64728],[-90.27813,38.6472],[-90.27797,38.64718],[-90.27782,38.64715],[-90.27766,38.64712],[-90.27751,38.64708],[-90.27735,38.64703],[-90.2772,38.64698],[-90.27705,38.64693],[-90.2769,38.64686],[-90.27676,38.6468],[-90.27662,38.64673],[-90.27648,38.64666],[-90.27634,38.64657],[-90.27621,38.64649],[-90.27608,38.64639],[-90.27595,38.6463],[-90.27584,38.64619],[-90.27572,38.64608],[-90.27561,38.64597],[-90.27505,38.6454],[-90.27493,38.64527],[-90.27481,38.64515],[-90.27468,38.64504],[-90.27455,38.64492],[-90.27442,38.64481],[-90.27428,38.64471],[-90.27413,38.64461],[-90.27399,38.64452],[-90.27384,38.64443],[-90.27367,38.64434],[-90.27349,38.64426],[-90.27331,38.64418],[-90.27313,38.64411],[-90.27295,38.64404],[-90.27277,38.64398],[-90.27258,38.64393],[-90.27133,38.64363],[-90.2701,38.64333],[-90.26993,38.64329],[-90.26976,38.64325],[-90.26959,38.6432],[-90.26943,38.64315],[-90.26927,38.64309],[-90.2691,38.64302],[-90.26895,38.64294],[-90.26882,38.64288],[-90.26869,38.64281],[-90.26857,38.64273],[-90.26844,38.64265],[-90.26833,38.64257],[-90.26821,38.64248],[-90.2681,38.64238],[-90.268,38.64228],[-90.26789,38.64218],[-90.2678,38.64207],[-90.26771,38.64197],[-90.26763,38.64187],[-90.26755,38.64176],[-90.26748,38.64165],[-90.26741,38.64154],[-90.26735,38.64142],[-90.26729,38.6413],[-90.26724,38.64118],[-90.26719,38.64106],[-90.26715,38.64093],[-90.26711,38.64071],[-90.26707,38.6405],[-90.26704,38.64028],[-90.26702,38.64006],[-90.26701,38.63984],[-90.26699,38.63965],[-90.26697,38.63945],[-90.26694,38.63926],[-90.2669,38.63907],[-90.26688,38.63895],[-90.26685,38.63883],[-90.26681,38.63871],[-90.26677,38.63859],[-90.26672,38.63848],[-90.26667,38.63837],[-90.26661,38.63826],[-90.26654,38.63815],[-90.26647,38.63805],[-90.26637,38.63791],[-90.26624,38.63778],[-90.2661,38.63766],[-90.26589,38.63752],[-90.2656,38.63734],[-90.26534,38.63719],[-90.26508,38.63704],[-90.26481,38.6369],[-90.26461,38.63678],[-90.26441,38.63668],[-90.2642,38.63658],[-90.264,38.63648],[-90.26378,38.63639],[-90.26357,38.63631],[-90.26336,38.63623],[-90.26314,38.63616],[-90.26292,38.6361],[-90.2627,38.63604],[-90.26204,38.63586],[-90.26157,38.63575],[-90.2608,38.6356],[-90.25964,38.63539],[-90.25954,38.63537],[-90.25847,38.63515],[-90.25761,38.63497],[-90.25703,38.63485],[-90.25626,38.63469],[-90.25608,38.63465],[-90.25523,38.63447],[-90.25461,38.63434],[-90.25352,38.6341],[-90.25294,38.63398],[-90.25276,38.63394],[-90.25217,38.63381],[-90.25158,38.63369],[-90.25103,38.63357],[-90.25048,38.63346],[-90.24995,38.63334],[-90.24939,38.63322],[-90.2488,38.6331],[-90.24846,38.63302],[-90.24816,38.63296],[-90.24752,38.63282],[-90.24691,38.63269],[-90.24654,38.63261],[-90.24617,38.63251],[-90.2458,38.63242],[-90.24555,38.63235],[-90.24531,38.63229],[-90.24507,38.63221],[-90.24468,38.63211],[-90.24427,38.632],[-90.24398,38.63193],[-90.24356,38.63182],[-90.24302,38.63169],[-90.24268,38.6316],[-90.24207,38.63146],[-90.24192,38.63142],[-90.24177,38.63138],[-90.24162,38.63134],[-90.24148,38.63129],[-90.24125,38.63122],[-90.24102,38.63114],[-90.24079,38.63105],[-90.24056,38.63096],[-90.24034,38.63087],[-90.23979,38.63062],[-90.23962,38.63054],[-90.23945,38.63046],[-90.23927,38.63039],[-90.2391,38.63032],[-90.23892,38.63026],[-90.23874,38.6302],[-90.23852,38.63014],[-90.23829,38.63008],[-90.23807,38.63002],[-90.23785,38.62997],[-90.23762,38.62993],[-90.23695,38.6298],[-90.23584,38.62959],[-90.23556,38.62954],[-90.23545,38.62952],[-90.235,38.62944],[-90.23474,38.62938],[-90.23448,38.62933],[-90.23422,38.62926],[-90.23396,38.62919],[-90.23371,38.62911],[-90.23345,38.62902],[-90.2332,38.62893],[-90.23297,38.62884],[-90.23274,38.62875],[-90.23251,38.62864],[-90.23228,38.62854],[-90.23206,38.62842],[-90.23098,38.62794],[-90.23073,38.62784],[-90.23047,38.62774],[-90.23022,38.62766],[-90.22996,38.62757],[-90.2297,38.6275],[-90.22943,38.62743],[-90.22859,38.6272],[-90.22764,38.62693],[-90.22602,38.62649],[-90.22569,38.62639],[-90.22535,38.6263],[-90.22502,38.62622],[-90.22469,38.62613],[-90.22435,38.62606],[-90.22266,38.6257],[-90.2209,38.62532],[-90.21923,38.62497],[-90.21813,38.62476],[-90.21746,38.62462],[-90.21691,38.62451],[-90.21673,38.62447],[-90.21656,38.62445],[-90.21638,38.62442],[-90.2162,38.62441],[-90.21603,38.6244],[-90.21585,38.6244],[-90.21567,38.62441],[-90.21476,38.62446],[-90.21442,38.62448],[-90.21426,38.6245],[-90.21411,38.62452],[-90.21396,38.62456],[-90.21381,38.62459],[-90.21366,38.62464],[-90.21351,38.62469],[-90.21337,38.62474],[-90.21322,38.62481],[-90.21308,38.62488],[-90.21295,38.62495],[-90.21282,38.62503],[-90.21271,38.62512],[-90.2126,38.62521],[-90.2125,38.6253],[-90.21241,38.6254],[-90.21232,38.62551],[-90.21224,38.62562],[-90.21215,38.62573],[-90.21208,38.62584],[-90.21201,38.62596],[-90.21195,38.62608],[-90.21185,38.62626],[-90.2118,38.62636],[-90.21166,38.62661],[-90.21155,38.62678],[-90.21143,38.62691],[-90.21129,38.62703],[-90.21121,38.62709],[-90.21105,38.62717],[-90.21086,38.62724],[-90.21076,38.62727],[-90.21065,38.62729],[-90.21054,38.62731],[-90.21043,38.62732],[-90.21032,38.62732],[-90.21021,38.62732],[-90.2101,38.62731],[-90.20999,38.62729],[-90.20988,38.62727],[-90.20978,38.62725],[-90.20748,38.62678],[-90.2071,38.6267],[-90.20698,38.62668],[-90.206,38.62647],[-90.20503,38.62627],[-90.20477,38.62622],[-90.20394,38.62605],[-90.20361,38.62598],[-90.20347,38.62594],[-90.20334,38.62588],[-90.20322,38.62579],[-90.20312,38.62569],[-90.20305,38.62555],[-90.20303,38.62539],[-90.20304,38.62522],[-90.20306,38.6251],[-90.20309,38.62491],[-90.20318,38.62447],[-90.20325,38.62412],[-90.20329,38.62394],[-90.2033,38.62382],[-90.20331,38.62372],[-90.2033,38.62361],[-90.20327,38.62351],[-90.20322,38.62342],[-90.20314,38.62335],[-90.20297,38.62327],[-90.20279,38.62321],[-90.2026,38.62317],[-90.20226,38.62311],[-90.20189,38.62305],[-90.20144,38.62298],[-90.20067,38.62285],[-90.20018,38.62277],[-90.19988,38.62272],[-90.19942,38.62264],[-90.19906,38.62257],[-90.19888,38.62254],[-90.19871,38.6225],[-90.19854,38.62246],[-90.19807,38.62233],[-90.19792,38.62229],[-90.19776,38.62225],[-90.1976,38.62223],[-90.19744,38.6222],[-90.19727,38.62219],[-90.19711,38.62217],[-90.19695,38.62217],[-90.19679,38.62217],[-90.19664,38.62217],[-90.19649,38.62217],[-90.19638,38.62218],[-90.19619,38.6222],[-90.19604,38.62222],[-90.19589,38.62225],[-90.19575,38.62228],[-90.19561,38.62232],[-90.19551,38.62234],[-90.19533,38.62241],[-90.19524,38.62246],[-90.19515,38.62251],[-90.19507,38.62257],[-90.19493,38.62269],[-90.19486,38.62277],[-90.19474,38.62292],[-90.19469,38.62301],[-90.19461,38.62318],[-90.19457,38.62328],[-90.19451,38.62345],[-90.19426,38.62403],[-90.19411,38.62438],[-90.19372,38.62537],[-90.19337,38.62625],[-90.19329,38.62643],[-90.19325,38.62655],[-90.19304,38.62706],[-90.19292,38.62736],[-90.19272,38.62783],[-90.19246,38.62845],[-90.19239,38.62861],[-90.1921,38.62935],[-90.19179,38.6301],[-90.19167,38.63039],[-90.1916,38.63047],[-90.1915,38.63054],[-90.19139,38.63058],[-90.19127,38.63059],[-90.19115,38.63058],[-90.19047,38.63044],[-90.18976,38.63029],[-90.18934,38.6302],[-90.18846,38.63003],[-90.18815,38.62996],[-90.18721,38.62978],[-90.1871,38.62975],[-90.18698,38.62973],[-90.18686,38.62971],[-90.18675,38.6297],[-90.18663,38.62969],[-90.18651,38.62969],[-90.18623,38.62967],[-90.18606,38.62967],[-90.1859,38.62966],[-90.18507,38.6296],[-90.18463,38.62956],[-90.18403,38.6295],[-90.18374,38.62947],[-90.1835,38.62945],[-90.1827,38.62937],[-90.18225,38.62932],[-90.18154,38.62926],[-90.1803,38.62912],[-90.17921,38.62901],[-90.17885,38.62897],[-90.17793,38.62888],[-90.17672,38.62873],[-90.17552,38.62859],[-90.17518,38.62856],[-90.175,38.62854],[-90.17485,38.62852],[-90.17364,38.62837],[-90.1732,38.62832],[-90.17288,38.62828],[-90.17256,38.62823],[-90.17205,38.62816],[-90.17167,38.62811],[-90.17125,38.62806],[-90.17099,38.62802],[-90.17062,38.62798],[-90.17007,38.6279],[-90.16957,38.62784],[-90.16912,38.62778],[-90.16866,38.62772],[-90.16817,38.62766],[-90.168,38.62763],[-90.16783,38.62761],[-90.16766,38.62757],[-90.1675,38.62753],[-90.16734,38.62749],[-90.16718,38.62744],[-90.16702,38.62738],[-90.16686,38.62733],[-90.1667,38.62726],[-90.16655,38.62719],[-90.1664,38.62711],[-90.16625,38.62703],[-90.16611,38.62694],[-90.16596,38.62685],[-90.16579,38.62672],[-90.16562,38.62659],[-90.16545,38.62645],[-90.16526,38.62629],[-90.16505,38.62611],[-90.16485,38.62594],[-90.16457,38.62571],[-90.16432,38.6255],[-90.16418,38.62539],[-90.16384,38.6251],[-90.16372,38.625],[-90.16321,38.62457],[-90.16294,38.62435],[-90.16286,38.62428],[-90.16272,38.62418],[-90.16258,38.6241],[-90.16243,38.62405],[-90.16227,38.62402],[-90.16211,38.62402],[-90.16177,38.62405],[-90.16105,38.62413],[-90.16095,38.62414],[-90.16085,38.62416],[-90.16075,38.62419],[-90.16056,38.62425],[-90.16047,38.6243],[-90.1603,38.6244],[-90.16021,38.62446],[-90.15993,38.62466],[-90.15946,38.62501],[-90.15888,38.62544],[-90.15841,38.62577],[-90.15785,38.62617],[-90.15735,38.62654],[-90.15695,38.62684],[-90.15671,38.62703],[-90.15612,38.62749],[-90.15568,38.62784],[-90.1552,38.6282],[-90.15507,38.6283],[-90.15472,38.62855],[-90.15422,38.62891],[-90.15343,38.62949],[-90.15306,38.62974],[-90.15286,38.62986],[-90.15266,38.62998],[-90.15245,38.63009],[-90.15224,38.6302],[-90.15203,38.6303],[-90.15181,38.6304],[-90.15133,38.63063],[-90.15078,38.63088],[-90.15045,38.63103],[-90.15016,38.63116],[-90.15003,38.63122],[-90.1499,38.63128],[-90.14976,38.63133],[-90.14963,38.63137],[-90.14949,38.63141],[-90.14935,38.63144],[-90.1492,38.63146],[-90.14906,38.63148],[-90.14892,38.63148],[-90.1488,38.63148],[-90.14867,38.63148],[-90.14855,38.63146],[-90.14843,38.63145],[-90.14831,38.63142],[-90.14819,38.63139],[-90.14807,38.63136],[-90.14796,38.63132],[-90.14785,38.63127],[-90.14773,38.63121],[-90.14763,38.63115],[-90.14752,38.63108],[-90.14742,38.63101],[-90.14719,38.63083],[-90.14663,38.63035],[-90.14651,38.63027],[-90.14639,38.6302],[-90.14627,38.63014],[-90.14614,38.63008],[-90.14602,38.63002],[-90.14592,38.62998],[-90.14582,38.62994],[-90.14571,38.62991],[-90.14544,38.62982],[-90.14512,38.62971],[-90.14477,38.62959],[-90.14464,38.62955],[-90.14452,38.62952],[-90.14439,38.62949],[-90.14426,38.62947],[-90.14414,38.62945],[-90.14401,38.62944],[-90.14388,38.62944],[-90.14375,38.62944],[-90.14362,38.62945],[-90.14338,38.62947],[-90.14315,38.6295],[-90.14291,38.62953],[-90.14231,38.62963],[-90.14159,38.62975],[-90.14119,38.62982],[-90.14109,38.62983],[-90.14086,38.62987],[-90.14036,38.62996],[-90.14008,38.63],[-90.13997,38.63002],[-90.13979,38.63005],[-90.13964,38.63007],[-90.13949,38.63008],[-90.13935,38.63008],[-90.1392,38.63007],[-90.13905,38.63007],[-90.1389,38.63005],[-90.13876,38.63003],[-90.13863,38.63],[-90.1385,38.62996],[-90.13838,38.62992],[-90.13826,38.62987],[-90.13814,38.62981],[-90.13803,38.62975],[-90.13792,38.62968],[-90.13781,38.62961],[-90.13771,38.62953],[-90.13761,38.62945],[-90.13722,38.62911],[-90.13698,38.6289],[-90.13641,38.62841],[-90.13553,38.62764],[-90.1354,38.62753],[-90.13527,38.62743],[-90.13513,38.62733],[-90.13499,38.62723],[-90.13484,38.62714],[-90.13469,38.62706],[-90.13454,38.62699],[-90.13439,38.62692],[-90.13412,38.62682],[-90.13377,38.62668],[-90.13326,38.62649],[-90.13238,38.62617],[-90.13138,38.62579],[-90.13016,38.62533],[-90.12978,38.6252],[-90.12939,38.62506],[-90.12902,38.62492],[-90.12794,38.62453],[-90.12708,38.62421],[-90.12661,38.62404],[-90.12579,38.62375],[-90.12535,38.62359],[-90.12456,38.6233],[-90.12404,38.62311],[-90.1236,38.62295],[-90.12346,38.62291],[-90.12322,38.62282],[-90.12227,38.62246],[-90.12124,38.62208],[-90.12025,38.62171],[-90.11983,38.62156],[-90.11924,38.62135],[-90.11898,38.62125],[-90.1182,38.62097],[-90.11718,38.62061],[-90.1163,38.62032],[-90.11616,38.62027],[-90.11503,38.61992],[-90.11383,38.61954],[-90.11303,38.6193],[-90.11194,38.61896],[-90.1112,38.61873],[-90.11093,38.61864],[-90.10988,38.61832],[-90.10884,38.618],[-90.10768,38.61764],[-90.1065,38.61728],[-90.10516,38.61685],[-90.10414,38.61653],[-90.10314,38.61622],[-90.10204,38.61588],[-90.10086,38.61551],[-90.09975,38.61516],[-90.09918,38.61498],[-90.09855,38.61479],[-90.09769,38.61452],[-90.09658,38.61416],[-90.09549,38.61381],[-90.09529,38.61375],[-90.09518,38.61372],[-90.09449,38.6135],[-90.09325,38.61313],[-90.09283,38.613],[-90.09194,38.61273],[-90.09078,38.61237],[-90.08961,38.612],[-90.08864,38.6117],[-90.08809,38.61153],[-90.08782,38.61144],[-90.08756,38.61134],[-90.08729,38.61124],[-90.08703,38.61113],[-90.08676,38.61102],[-90.08553,38.61049],[-90.08444,38.61003],[-90.08355,38.60964],[-90.08225,38.60909],[-90.0818,38.6089],[-90.08151,38.60877],[-90.08115,38.60862],[-90.08018,38.60821],[-90.07922,38.6078],[-90.07808,38.6073],[-90.07764,38.60713],[-90.07713,38.60695],[-90.07661,38.60679],[-90.07604,38.60663],[-90.07545,38.60647],[-90.07486,38.6063],[-90.07363,38.60596],[-90.07251,38.60564],[-90.07148,38.60535],[-90.0703,38.60502],[-90.06905,38.60466],[-90.06784,38.60433],[-90.06665,38.60399],[-90.06539,38.60364],[-90.06453,38.6034],[-90.0643,38.60334],[-90.06315,38.60301],[-90.06216,38.60273],[-90.06196,38.60267],[-90.06176,38.60262],[-90.06157,38.60255],[-90.06138,38.60248],[-90.06119,38.60241],[-90.06095,38.60232],[-90.06072,38.60222],[-90.06049,38.60212],[-90.06026,38.60202],[-90.06004,38.60191],[-90.05982,38.60179],[-90.05877,38.60128],[-90.05765,38.60074],[-90.05654,38.6002],[-90.05544,38.59965],[-90.0544,38.59915],[-90.05332,38.59861],[-90.05322,38.59857],[-90.05312,38.59851],[-90.05248,38.59821],[-90.05198,38.59795],[-90.05177,38.59783],[-90.05156,38.59771],[-90.05136,38.59759],[-90.05116,38.59745],[-90.05097,38.59732],[-90.05077,38.59718],[-90.05056,38.597],[-90.05034,38.59682],[-90.05014,38.59664],[-90.04993,38.59645],[-90.04973,38.59626],[-90.04958,38.59609],[-90.04944,38.59592],[-90.04929,38.59575],[-90.04915,38.59558],[-90.04902,38.5954],[-90.04889,38.59522],[-90.04831,38.59437],[-90.0478,38.59362],[-90.0471,38.59265],[-90.04634,38.59153],[-90.04564,38.59052],[-90.04495,38.5895],[-90.04479,38.58926],[-90.04467,38.58904],[-90.04456,38.58882],[-90.04445,38.5886],[-90.04435,38.58838],[-90.04425,38.58816],[-90.04389,38.58733],[-90.04372,38.58695],[-90.04335,38.58613],[-90.04327,38.58597],[-90.04292,38.58516],[-90.04265,38.58455],[-90.04253,38.58428],[-90.04237,38.58388],[-90.04231,38.58374],[-90.04226,38.58359],[-90.04222,38.58345],[-90.04219,38.5833],[-90.04215,38.58315],[-90.04213,38.583],[-90.04211,38.58285],[-90.04211,38.58269],[-90.04211,38.58253],[-90.04212,38.58237],[-90.04214,38.58221],[-90.04217,38.58206],[-90.0422,38.5819],[-90.04224,38.58175],[-90.0423,38.58156],[-90.04236,38.58138],[-90.04243,38.58119],[-90.04251,38.58101],[-90.04259,38.58083],[-90.04268,38.58066],[-90.04322,38.57955],[-90.04328,38.57942],[-90.04334,38.57929],[-90.0434,38.57915],[-90.04344,38.57902],[-90.04349,38.57888],[-90.04352,38.57874],[-90.04355,38.5786],[-90.04358,38.57846],[-90.04359,38.57832],[-90.0436,38.57817],[-90.0436,38.57803],[-90.0436,38.57789],[-90.04359,38.57775],[-90.04357,38.57761],[-90.04354,38.57747],[-90.0435,38.5773],[-90.04346,38.57714],[-90.04341,38.57698],[-90.04335,38.57682],[-90.04329,38.57666],[-90.04322,38.57651],[-90.04315,38.57635],[-90.04306,38.57618],[-90.04297,38.57601],[-90.04287,38.57585],[-90.04277,38.57569],[-90.04266,38.57552],[-90.04254,38.57534],[-90.0424,38.57515],[-90.04226,38.57497],[-90.04212,38.5748],[-90.04197,38.57463],[-90.04182,38.57446],[-90.04163,38.57427],[-90.04144,38.57409],[-90.04125,38.57391],[-90.04105,38.57374],[-90.04094,38.57365],[-90.04083,38.57357],[-90.04072,38.57348],[-90.0406,38.57341],[-90.04048,38.57334],[-90.04035,38.57327],[-90.04023,38.57321],[-90.0401,38.57315],[-90.03997,38.5731],[-90.03981,38.57305],[-90.03964,38.57299],[-90.03948,38.57295],[-90.03931,38.57291],[-90.03914,38.57288],[-90.03897,38.57285],[-90.03844,38.57279],[-90.03785,38.57273],[-90.03738,38.57267],[-90.03714,38.57264],[-90.0369,38.57259],[-90.03666,38.57254],[-90.03642,38.57249],[-90.03619,38.57243],[-90.03607,38.57239],[-90.03591,38.57234],[-90.0358,38.57231],[-90.03561,38.57224],[-90.03542,38.57217],[-90.03523,38.57209],[-90.03505,38.57202],[-90.03487,38.57194],[-90.0347,38.57185],[-90.03453,38.57176],[-90.03436,38.57166],[-90.0342,38.57156],[-90.03404,38.57145],[-90.03389,38.57134],[-90.03373,38.57122],[-90.03358,38.5711],[-90.03343,38.57097],[-90.03328,38.57083],[-90.03314,38.57069],[-90.033,38.57055],[-90.03287,38.5704],[-90.03276,38.57028],[-90.03266,38.57015],[-90.03257,38.57002],[-90.03247,38.56988],[-90.03239,38.56974],[-90.03231,38.5696],[-90.03223,38.56945],[-90.03217,38.56931],[-90.03207,38.56911],[-90.03199,38.56891],[-90.03191,38.56871],[-90.03176,38.56827],[-90.03146,38.56747],[-90.03104,38.56628],[-90.03065,38.56523],[-90.03059,38.56509],[-90.03053,38.56495],[-90.03046,38.56482],[-90.03038,38.56469],[-90.0303,38.56456],[-90.03021,38.56444],[-90.03012,38.56433],[-90.03002,38.56423],[-90.02992,38.56413],[-90.02982,38.56403],[-90.02971,38.56394],[-90.0296,38.56386],[-90.02948,38.56378],[-90.02936,38.5637],[-90.02923,38.56364],[-90.02911,38.56357],[-90.02898,38.56351],[-90.02882,38.56345],[-90.02866,38.5634],[-90.0285,38.56334],[-90.02834,38.5633],[-90.02818,38.56326],[-90.02801,38.56323],[-90.02784,38.5632],[-90.02767,38.56317],[-90.02667,38.56306],[-90.02535,38.56291],[-90.02468,38.56284],[-90.02447,38.56282],[-90.02426,38.56279],[-90.02405,38.56275],[-90.02384,38.56271],[-90.02363,38.56267],[-90.02343,38.56261],[-90.02322,38.56255],[-90.02303,38.56249],[-90.02283,38.56242],[-90.02263,38.56235],[-90.02244,38.56227],[-90.02225,38.56218],[-90.02209,38.5621],[-90.02193,38.56201],[-90.02177,38.56192],[-90.02162,38.56182],[-90.02147,38.56172],[-90.02132,38.56161],[-90.02118,38.5615],[-90.02104,38.56139],[-90.02091,38.56126],[-90.02079,38.56115],[-90.02067,38.56103],[-90.02055,38.56091],[-90.02044,38.56078],[-90.02034,38.56065],[-90.02024,38.56051],[-90.02015,38.56037],[-90.02006,38.56023],[-90.01943,38.55923],[-90.01935,38.55911],[-90.01925,38.559],[-90.01915,38.55889],[-90.01905,38.55878],[-90.01895,38.55868],[-90.01883,38.55858],[-90.01872,38.55849],[-90.0186,38.5584],[-90.01848,38.55832],[-90.01835,38.55825],[-90.01821,38.55817],[-90.01807,38.55811],[-90.01792,38.55805],[-90.01778,38.55799],[-90.01763,38.55794],[-90.01748,38.5579],[-90.01732,38.55786],[-90.01717,38.55783],[-90.01703,38.55781],[-90.0169,38.55778],[-90.01676,38.55776],[-90.01627,38.5577],[-90.0159,38.55765],[-90.0146,38.55748],[-90.01418,38.55743],[-90.01401,38.5574],[-90.01384,38.55737],[-90.01367,38.55733],[-90.0135,38.55729],[-90.01333,38.55724],[-90.01316,38.55719],[-90.013,38.55713],[-90.01284,38.55706],[-90.0127,38.55699],[-90.01255,38.55691],[-90.01241,38.55682],[-90.01227,38.55674],[-90.01214,38.55664],[-90.012,38.55654],[-90.01157,38.55621],[-90.01085,38.55566],[-90.00958,38.55469],[-90.00832,38.55375],[-90.00718,38.55289],[-90.00608,38.55206],[-90.00484,38.55111],[-90.00378,38.55031],[-90.00361,38.55019],[-90.00343,38.55008],[-90.00325,38.54997],[-90.00307,38.54986],[-90.00288,38.54977],[-90.00269,38.54967],[-90.00181,38.54928],[-90.00158,38.54918],[-90.00143,38.54912],[-90.00128,38.54904],[-90.00113,38.54896],[-90.00099,38.54888],[-90.00084,38.54879],[-90.00071,38.5487],[-90.00057,38.5486],[-90.00044,38.54849],[-90.00032,38.54838],[-90.00019,38.54827],[-90.00007,38.54815],[-89.99913,38.54711],[-89.99844,38.54634],[-89.99828,38.54618],[-89.99818,38.54608],[-89.99795,38.54587],[-89.99778,38.54572],[-89.99761,38.54558],[-89.99743,38.54544],[-89.99724,38.54531],[-89.99703,38.54517],[-89.99681,38.54502],[-89.9966,38.54489],[-89.99638,38.54475],[-89.99505,38.54398],[-89.99466,38.54374],[-89.99454,38.54367],[-89.99412,38.5434],[-89.99392,38.54326],[-89.99372,38.54311],[-89.99352,38.54296],[-89.99333,38.5428],[-89.99314,38.54264],[-89.99246,38.54204],[-89.99228,38.54188],[-89.9921,38.54171],[-89.99192,38.54154],[-89.99176,38.54137],[-89.99159,38.54119],[-89.99143,38.54101],[-89.99111,38.54065],[-89.99079,38.54026],[-89.98998,38.53923],[-89.98911,38.53811],[-89.98831,38.5371],[-89.9882,38.53697],[-89.98808,38.53684],[-89.98796,38.53672],[-89.98783,38.5366],[-89.98768,38.53646],[-89.98754,38.53633],[-89.98735,38.53616],[-89.98664,38.53555],[-89.98655,38.53548],[-89.98646,38.53541],[-89.98638,38.53533],[-89.98631,38.53525],[-89.98624,38.53516],[-89.98618,38.53507],[-89.98612,38.53498],[-89.98607,38.53488],[-89.98602,38.53478],[-89.98598,38.53467],[-89.98593,38.53454],[-89.98589,38.53441],[-89.98586,38.53427],[-89.98583,38.53413],[-89.9858,38.53399],[-89.98579,38.53386],[-89.98578,38.53376],[-89.98577,38.53357],[-89.98565,38.53274],[-89.9856,38.53258],[-89.98555,38.53241],[-89.9855,38.53225],[-89.98544,38.53209],[-89.98537,38.53194],[-89.98529,38.53178],[-89.98521,38.53164],[-89.98511,38.5315],[-89.98501,38.53137],[-89.98491,38.53124],[-89.9848,38.53111],[-89.98469,38.53099],[-89.98457,38.53087],[-89.98445,38.53076],[-89.98433,38.53065],[-89.984,38.53036],[-89.98366,38.53007],[-89.98352,38.52994],[-89.98338,38.52982],[-89.98324,38.52968],[-89.98311,38.52955],[-89.98298,38.52941],[-89.98286,38.52926],[-89.98274,38.52911],[-89.98197,38.52812],[-89.98137,38.52733],[-89.98089,38.52672],[-89.98082,38.52664],[-89.9805,38.52624],[-89.98011,38.52577],[-89.97997,38.52561],[-89.97982,38.52545],[-89.97967,38.5253],[-89.97951,38.52515],[-89.97935,38.52501],[-89.97919,38.52488],[-89.97902,38.52474],[-89.97883,38.5246],[-89.97864,38.52446],[-89.97844,38.52432],[-89.97825,38.52419],[-89.97801,38.52405],[-89.97701,38.52344],[-89.97601,38.52284],[-89.97491,38.52217],[-89.97447,38.52191],[-89.97422,38.52175],[-89.9732,38.52114],[-89.97204,38.52043],[-89.97077,38.51967],[-89.96947,38.51889],[-89.96918,38.51872],[-89.96815,38.5181],[-89.96739,38.51764],[-89.96686,38.51732],[-89.96581,38.51669],[-89.96563,38.51658],[-89.96471,38.51602],[-89.96353,38.51531],[-89.96289,38.51493],[-89.96228,38.51456],[-89.96131,38.51397],[-89.96004,38.51321],[-89.95979,38.51306],[-89.95871,38.51242],[-89.95755,38.51183],[-89.95667,38.51139],[-89.95626,38.51119],[-89.9553,38.51071],[-89.95405,38.51008],[-89.95393,38.51002],[-89.95367,38.50989],[-89.95341,38.50977],[-89.95327,38.50971],[-89.95314,38.50966],[-89.95287,38.50955],[-89.95262,38.50945],[-89.95236,38.50936],[-89.9521,38.50928],[-89.95184,38.50919],[-89.95158,38.50912],[-89.95131,38.50905],[-89.95104,38.50899],[-89.95077,38.50894],[-89.95041,38.50887],[-89.95004,38.50881],[-89.94967,38.50876],[-89.94939,38.50873],[-89.94911,38.50871],[-89.94883,38.50869],[-89.94855,38.50868],[-89.94827,38.50867],[-89.94799,38.50867],[-89.94771,38.50868],[-89.94743,38.50869],[-89.9463,38.50874],[-89.9452,38.50879],[-89.94379,38.50885],[-89.94242,38.50892],[-89.94112,38.50898],[-89.93978,38.50903],[-89.93845,38.5091],[-89.93835,38.5091],[-89.93714,38.50915],[-89.93585,38.50921],[-89.93451,38.50927],[-89.93321,38.50934],[-89.93181,38.5094],[-89.93056,38.50945],[-89.92923,38.50951],[-89.9285,38.50954],[-89.92791,38.50957],[-89.92733,38.50959],[-89.92657,38.50963],[-89.92518,38.5097],[-89.9238,38.50976],[-89.92287,38.50982],[-89.92269,38.50984],[-89.92252,38.50986],[-89.92234,38.50989],[-89.92217,38.50993],[-89.922,38.50997],[-89.92184,38.51002],[-89.92167,38.51008],[-89.92151,38.51015],[-89.92136,38.51021],[-89.92122,38.51029],[-89.92108,38.51037],[-89.92095,38.51045],[-89.92081,38.51054],[-89.92069,38.51063],[-89.92056,38.51073],[-89.92044,38.51084],[-89.92032,38.51095],[-89.92021,38.51106],[-89.92013,38.51118],[-89.92005,38.5113],[-89.91997,38.51142],[-89.9199,38.51155],[-89.91984,38.51168],[-89.91979,38.51181],[-89.91974,38.51195],[-89.91969,38.51208],[-89.91966,38.51219],[-89.91964,38.5123],[-89.91963,38.51242],[-89.91962,38.51253],[-89.91962,38.51264],[-89.91964,38.51377],[-89.91966,38.51487],[-89.91966,38.51575],[-89.91967,38.51622],[-89.91967,38.5169],[-89.91969,38.51781],[-89.91969,38.51803],[-89.91968,38.51825],[-89.91966,38.51847],[-89.91965,38.51869],[-89.91962,38.51891],[-89.91956,38.5195],[-89.9195,38.52003],[-89.91941,38.52108],[-89.91932,38.52198],[-89.91921,38.52309],[-89.9191,38.52421],[-89.91903,38.52495],[-89.91893,38.52588],[-89.91889,38.52607],[-89.91885,38.52625],[-89.91881,38.52644],[-89.91876,38.52663],[-89.9187,38.52681],[-89.91863,38.52699],[-89.91859,38.52709],[-89.91854,38.52719],[-89.91845,38.52738],[-89.91835,38.52757],[-89.91824,38.52776],[-89.91813,38.52795],[-89.91799,38.52814],[-89.91784,38.52833],[-89.91769,38.52851],[-89.91753,38.52869],[-89.91736,38.52886],[-89.91719,38.52903],[-89.91704,38.52916],[-89.91688,38.52929],[-89.91671,38.52942],[-89.91655,38.52954],[-89.91638,38.52966],[-89.9162,38.52977],[-89.91603,38.52988],[-89.91585,38.52998],[-89.91567,38.53007],[-89.91549,38.53016],[-89.91531,38.53025],[-89.91513,38.53033],[-89.91494,38.53041],[-89.91475,38.53048],[-89.91457,38.53054],[-89.91438,38.53061],[-89.91418,38.53066],[-89.91399,38.53071],[-89.91379,38.53076],[-89.91358,38.53081],[-89.91336,38.53085],[-89.91315,38.53089],[-89.91293,38.53092],[-89.91271,38.53094],[-89.91249,38.53096],[-89.91229,38.53098],[-89.91209,38.53099],[-89.91189,38.53099],[-89.91169,38.531],[-89.91035,38.53099],[-89.90901,38.53099],[-89.90766,38.53099],[-89.90634,38.53098],[-89.90601,38.53098],[-89.905,38.53098],[-89.90372,38.53097],[-89.90234,38.53097],[-89.90097,38.53096],[-89.89965,38.53096],[-89.89819,38.53096],[-89.89721,38.53095],[-89.89683,38.53095],[-89.89546,38.53095],[-89.89527,38.53095],[-89.89507,38.53096],[-89.89488,38.53097],[-89.89469,38.53099],[-89.8945,38.53101],[-89.89431,38.53103],[-89.89412,38.53105],[-89.89393,38.53108],[-89.89375,38.53112],[-89.89356,38.53116],[-89.89335,38.53121],[-89.89322,38.53124],[-89.89291,38.53133],[-89.8927,38.5314],[-89.89249,38.53148],[-89.89228,38.53156],[-89.89201,38.53169],[-89.89186,38.53176],[-89.89174,38.53182],[-89.89147,38.53196],[-89.8901,38.53268],[-89.88989,38.53278],[-89.88967,38.53289],[-89.88945,38.53298],[-89.88923,38.53307],[-89.88901,38.53316],[-89.88878,38.53323],[-89.88856,38.53331],[-89.88834,38.53338],[-89.88812,38.53344],[-89.8879,38.5335],[-89.88767,38.53355],[-89.88744,38.5336],[-89.88723,38.53364],[-89.88702,38.53368],[-89.88679,38.53372],[-89.88656,38.53375],[-89.88634,38.53377],[-89.88612,38.53378],[-89.88591,38.5338],[-89.88571,38.53381],[-89.8855,38.53382],[-89.8853,38.53382],[-89.88392,38.53379],[-89.88378,38.53379],[-89.88343,38.53378],[-89.88261,38.53376],[-89.88129,38.53374],[-89.88055,38.53372],[-89.88039,38.53372],[-89.88023,38.53373],[-89.88008,38.53374],[-89.87992,38.53376],[-89.87976,38.53379],[-89.87961,38.53383],[-89.87946,38.53387],[-89.87931,38.53392],[-89.87916,38.53397],[-89.87904,38.53402],[-89.87892,38.53407],[-89.87881,38.53413],[-89.8787,38.5342],[-89.87859,38.53427],[-89.87849,38.53435],[-89.87839,38.53443],[-89.8783,38.53452],[-89.87821,38.53461],[-89.87813,38.53471],[-89.87805,38.53481],[-89.87797,38.53491],[-89.87791,38.53502],[-89.87785,38.53511],[-89.87776,38.53529],[-89.8777,38.53548],[-89.87767,38.53558],[-89.87766,38.53568],[-89.87764,38.53587],[-89.87764,38.53606],[-89.87766,38.53625],[-89.87771,38.53644],[-89.87778,38.53662],[-89.87787,38.53679],[-89.87837,38.53769],[-89.87892,38.53865]]}},{"type":"Feature","properties":{"type":"Light Rail","network":"MetroLink","route_name":"Blue Line","color":"#002774"},"geometry":{"type":"LineString","coordinates":[[-90.31943,38.5928],[-90.31947,38.5934],[-90.31951,38.59395],[-90.31953,38.5941],[-90.31956,38.59435],[-90.31958,38.59454],[-90.31965,38.59515],[-90.31968,38.59542],[-90.31971,38.5958],[-90.31972,38.59598],[-90.31973,38.59613],[-90.31972,38.59636],[-90.31971,38.59647],[-90.31962,38.59726],[-90.3196,38.59745],[-90.31959,38.59766],[-90.31958,38.59777],[-90.31959,38.59791],[-90.31961,38.59805],[-90.31963,38.5982],[-90.31966,38.59834],[-90.31969,38.59848],[-90.31973,38.59861],[-90.31978,38.59875],[-90.31985,38.59888],[-90.31991,38.59901],[-90.31998,38.59913],[-90.32006,38.59925],[-90.32014,38.59937],[-90.32021,38.59947],[-90.32028,38.59956],[-90.32035,38.59965],[-90.32043,38.59973],[-90.32051,38.59981],[-90.32062,38.59991],[-90.32073,38.60001],[-90.32085,38.60011],[-90.32097,38.6002],[-90.3211,38.60028],[-90.32123,38.60036],[-90.32136,38.60044],[-90.3215,38.60051],[-90.32188,38.60069],[-90.32204,38.60076],[-90.32269,38.60104],[-90.32332,38.60132],[-90.32346,38.60139],[-90.32359,38.60146],[-90.32373,38.60155],[-90.32386,38.60164],[-90.32398,38.60173],[-90.3241,38.60182],[-90.32421,38.60191],[-90.32431,38.60201],[-90.32441,38.60211],[-90.3245,38.60221],[-90.32467,38.6024],[-90.32478,38.60254],[-90.32503,38.60284],[-90.32513,38.60296],[-90.3254,38.60328],[-90.32548,38.60337],[-90.32556,38.60345],[-90.32565,38.60353],[-90.32574,38.60361],[-90.32583,38.60368],[-90.32593,38.60374],[-90.32604,38.6038],[-90.32616,38.60386],[-90.32629,38.60392],[-90.32642,38.60397],[-90.32655,38.60402],[-90.32668,38.60406],[-90.32682,38.60409],[-90.32695,38.60412],[-90.32709,38.60414],[-90.32786,38.60424],[-90.32799,38.60425],[-90.32813,38.60427],[-90.32827,38.60429],[-90.3284,38.60432],[-90.32853,38.60435],[-90.32866,38.60439],[-90.32879,38.60444],[-90.32892,38.60449],[-90.32905,38.60455],[-90.32917,38.60461],[-90.32928,38.60467],[-90.32939,38.60475],[-90.3295,38.60482],[-90.3296,38.60491],[-90.3297,38.605],[-90.32979,38.60509],[-90.32987,38.60519],[-90.32995,38.60529],[-90.33001,38.60539],[-90.33007,38.60548],[-90.33011,38.60558],[-90.33015,38.60568],[-90.33019,38.60578],[-90.33024,38.60593],[-90.33026,38.60609],[-90.33028,38.60625],[-90.33028,38.60642],[-90.33029,38.60699],[-90.33029,38.6071],[-90.33029,38.60763],[-90.33028,38.60799],[-90.33029,38.60819],[-90.3303,38.60838],[-90.33032,38.60858],[-90.33035,38.60887],[-90.33037,38.60907],[-90.33039,38.60921],[-90.3304,38.60935],[-90.3304,38.60949],[-90.33041,38.60963],[-90.33041,38.60977],[-90.3304,38.60991],[-90.33038,38.61006],[-90.33036,38.61019],[-90.33022,38.6112],[-90.3302,38.61132],[-90.33019,38.61144],[-90.33018,38.61156],[-90.33019,38.61168],[-90.33019,38.6118],[-90.33021,38.61192],[-90.33023,38.61204],[-90.33025,38.61216],[-90.33029,38.61227],[-90.33032,38.61237],[-90.33036,38.61247],[-90.33041,38.61257],[-90.33051,38.61274],[-90.33085,38.61321],[-90.33108,38.6136],[-90.3314,38.61412],[-90.33156,38.61439],[-90.33164,38.61453],[-90.33179,38.61481],[-90.33187,38.61495],[-90.33204,38.61532],[-90.3321,38.61543],[-90.33217,38.61554],[-90.33223,38.61565],[-90.33251,38.61612],[-90.33296,38.61688],[-90.33312,38.61712],[-90.33322,38.61728],[-90.33347,38.61762],[-90.33382,38.61812],[-90.33397,38.61837],[-90.33413,38.61862],[-90.33427,38.61888],[-90.33473,38.61962],[-90.33511,38.62025],[-90.33558,38.62104],[-90.33608,38.62185],[-90.33651,38.62257],[-90.337,38.6234],[-90.3374,38.62406],[-90.33758,38.62439],[-90.33768,38.62456],[-90.33778,38.62477],[-90.33783,38.62489],[-90.33787,38.62501],[-90.33792,38.62512],[-90.33795,38.62524],[-90.33799,38.62536],[-90.33803,38.62548],[-90.33806,38.6256],[-90.33808,38.62573],[-90.3381,38.62585],[-90.33812,38.62597],[-90.33813,38.62609],[-90.33814,38.62622],[-90.33814,38.62635],[-90.33815,38.62647],[-90.33815,38.62667],[-90.33815,38.62689],[-90.33814,38.62723],[-90.3381,38.62805],[-90.33809,38.62847],[-90.33808,38.62866],[-90.33807,38.62901],[-90.33806,38.62922],[-90.33805,38.62942],[-90.33806,38.62963],[-90.33807,38.62984],[-90.33809,38.63005],[-90.33811,38.63026],[-90.33815,38.6304],[-90.33819,38.63053],[-90.33823,38.63067],[-90.33829,38.6308],[-90.33835,38.63093],[-90.33841,38.63106],[-90.33848,38.63118],[-90.33856,38.6313],[-90.33864,38.63142],[-90.33876,38.63159],[-90.33888,38.63176],[-90.33901,38.63193],[-90.33915,38.63209],[-90.33928,38.63225],[-90.33942,38.63241],[-90.33964,38.63264],[-90.34,38.633],[-90.34022,38.6332],[-90.34046,38.6334],[-90.34099,38.63386],[-90.34128,38.63412],[-90.34146,38.63428],[-90.34182,38.63464],[-90.34207,38.63488],[-90.3425,38.63533],[-90.34259,38.63542],[-90.34266,38.63552],[-90.34274,38.63565],[-90.34279,38.63578],[-90.34283,38.63592],[-90.34285,38.6361],[-90.34286,38.63634],[-90.34286,38.6365],[-90.34288,38.63668],[-90.34292,38.63685],[-90.34297,38.63702],[-90.34303,38.63719],[-90.34339,38.63788],[-90.34346,38.63802],[-90.34365,38.63836],[-90.34385,38.6387],[-90.34403,38.639],[-90.34429,38.63943],[-90.34445,38.6397],[-90.34458,38.63992],[-90.34486,38.6404],[-90.34499,38.64063],[-90.34512,38.64084],[-90.34536,38.64127],[-90.34559,38.64167],[-90.34581,38.64207],[-90.34608,38.64252],[-90.34625,38.64283],[-90.34648,38.64323],[-90.34671,38.64363],[-90.34676,38.64372],[-90.34685,38.6439],[-90.3469,38.64402],[-90.34693,38.64415],[-90.34695,38.64429],[-90.34696,38.64444],[-90.34696,38.64456],[-90.34695,38.64469],[-90.34691,38.64483],[-90.34685,38.64497],[-90.34678,38.6451],[-90.3467,38.64522],[-90.34659,38.64535],[-90.34647,38.64546],[-90.34635,38.64556],[-90.34619,38.64567],[-90.3461,38.64572],[-90.34591,38.6458],[-90.34581,38.64584],[-90.34571,38.64587],[-90.3456,38.6459],[-90.3455,38.64593],[-90.34539,38.64594],[-90.34529,38.64596],[-90.34519,38.64597],[-90.34509,38.64597],[-90.34499,38.64597],[-90.34473,38.64596],[-90.34456,38.64594],[-90.3444,38.64592],[-90.34398,38.64586],[-90.34333,38.64577],[-90.343,38.64572],[-90.34269,38.64568],[-90.34235,38.64563],[-90.34215,38.6456],[-90.34198,38.64558],[-90.34186,38.64557],[-90.34174,38.64556],[-90.34161,38.64556],[-90.3414,38.64555],[-90.34119,38.64555],[-90.34099,38.64555],[-90.34078,38.64556],[-90.3403,38.6456],[-90.33994,38.64562],[-90.33907,38.64567],[-90.33887,38.6457],[-90.33865,38.64572],[-90.33845,38.64576],[-90.33825,38.64579],[-90.33804,38.64583],[-90.33784,38.64588],[-90.33764,38.64594],[-90.33737,38.64601],[-90.33594,38.64643],[-90.33533,38.6466],[-90.33485,38.64673],[-90.33451,38.64682],[-90.33421,38.6469],[-90.33382,38.647],[-90.33326,38.64716],[-90.33271,38.64733],[-90.33214,38.64751],[-90.33159,38.64767],[-90.33112,38.6478],[-90.33085,38.64786],[-90.33059,38.64793],[-90.33033,38.64801],[-90.33007,38.64809],[-90.32981,38.64817],[-90.32955,38.64827],[-90.32934,38.64835],[-90.32904,38.64846],[-90.32891,38.64852],[-90.32863,38.64866],[-90.32842,38.64877],[-90.32822,38.64888],[-90.32802,38.649],[-90.32765,38.64919],[-90.3275,38.64927],[-90.32736,38.64935],[-90.32722,38.64943],[-90.32708,38.64952],[-90.32694,38.64961],[-90.32643,38.64995],[-90.32593,38.65028],[-90.32533,38.65066],[-90.32465,38.65109],[-90.32407,38.65145],[-90.32392,38.65154],[-90.32377,38.65162],[-90.32362,38.65169],[-90.32347,38.65177],[-90.32331,38.65183],[-90.32316,38.6519],[-90.323,38.65195],[-90.32284,38.65201],[-90.32268,38.65205],[-90.32251,38.6521],[-90.32234,38.65213],[-90.32218,38.65217],[-90.32201,38.65219],[-90.32183,38.65221],[-90.32172,38.65223],[-90.3216,38.65224],[-90.32149,38.65224],[-90.32137,38.65224],[-90.32126,38.65223],[-90.32114,38.65222],[-90.32039,38.65214],[-90.31962,38.65207],[-90.31878,38.65198],[-90.31812,38.65191],[-90.3172,38.65183],[-90.31641,38.65174],[-90.31557,38.65167],[-90.31491,38.6516],[-90.31418,38.65153],[-90.31388,38.65152],[-90.31358,38.6515],[-90.31328,38.65148],[-90.31306,38.65147],[-90.31284,38.65145],[-90.31262,38.65143],[-90.3124,38.6514],[-90.31218,38.65136],[-90.31202,38.65133],[-90.31173,38.65127],[-90.31151,38.65122],[-90.31129,38.65116],[-90.31051,38.65097],[-90.31003,38.65086],[-90.30949,38.65074],[-90.30894,38.6506],[-90.3084,38.65048],[-90.30787,38.65036],[-90.30734,38.65024],[-90.30717,38.6502],[-90.30702,38.65017],[-90.30682,38.65015],[-90.30665,38.65012],[-90.30648,38.6501],[-90.30631,38.65008],[-90.30575,38.65001],[-90.30521,38.64994],[-90.30465,38.64986],[-90.30438,38.64982],[-90.3041,38.64978],[-90.30382,38.64974],[-90.30355,38.64971],[-90.30327,38.64968],[-90.30299,38.64965],[-90.30272,38.64961],[-90.30246,38.64958],[-90.30219,38.64955],[-90.30198,38.64954],[-90.30177,38.64952],[-90.30156,38.6495],[-90.30135,38.64947],[-90.30114,38.64944],[-90.30092,38.64939],[-90.3007,38.64934],[-90.3005,38.64929],[-90.3003,38.64925],[-90.3001,38.64921],[-90.2999,38.64917],[-90.29976,38.64914],[-90.29962,38.64912],[-90.29948,38.6491],[-90.29934,38.64909],[-90.29819,38.649],[-90.29789,38.64897],[-90.29731,38.64891],[-90.29653,38.64884],[-90.29583,38.64877],[-90.29511,38.6487],[-90.29487,38.64867],[-90.29464,38.64865],[-90.2944,38.64863],[-90.29378,38.64858],[-90.29299,38.6485],[-90.29209,38.64841],[-90.29135,38.64834],[-90.29055,38.64826],[-90.2899,38.64819],[-90.28918,38.64812],[-90.28841,38.64805],[-90.28765,38.64798],[-90.28746,38.64796],[-90.28726,38.64794],[-90.28706,38.64792],[-90.28687,38.64791],[-90.28675,38.64791],[-90.28644,38.64789],[-90.28633,38.64789],[-90.28602,38.64787],[-90.2856,38.64785],[-90.28544,38.64784],[-90.28528,38.64783],[-90.28514,38.64782],[-90.28464,38.64778],[-90.28345,38.64768],[-90.28277,38.64761],[-90.28198,38.64754],[-90.28125,38.64748],[-90.28051,38.6474],[-90.27971,38.64733],[-90.27899,38.64728],[-90.27813,38.6472],[-90.27797,38.64718],[-90.27782,38.64715],[-90.27766,38.64712],[-90.27751,38.64708],[-90.27735,38.64703],[-90.2772,38.64698],[-90.27705,38.64693],[-90.2769,38.64686],[-90.27676,38.6468],[-90.27662,38.64673],[-90.27648,38.64666],[-90.27634,38.64657],[-90.27621,38.64649],[-90.27608,38.64639],[-90.27595,38.6463],[-90.27584,38.64619],[-90.27572,38.64608],[-90.27561,38.64597],[-90.27505,38.6454],[-90.27493,38.64527],[-90.27481,38.64515],[-90.27468,38.64504],[-90.27455,38.64492],[-90.27442,38.64481],[-90.27428,38.64471],[-90.27413,38.64461],[-90.27399,38.64452],[-90.27384,38.64443],[-90.27367,38.64434],[-90.27349,38.64426],[-90.27331,38.64418],[-90.27313,38.64411],[-90.27295,38.64404],[-90.27277,38.64398],[-90.27258,38.64393],[-90.27133,38.64363],[-90.2701,38.64333],[-90.26993,38.64329],[-90.26976,38.64325],[-90.26959,38.6432],[-90.26943,38.64315],[-90.26927,38.64309],[-90.2691,38.64302],[-90.26895,38.64294],[-90.26882,38.64288],[-90.26869,38.64281],[-90.26857,38.64273],[-90.26844,38.64265],[-90.26833,38.64257],[-90.26821,38.64248],[-90.2681,38.64238],[-90.268,38.64228],[-90.26789,38.64218],[-90.2678,38.64207],[-90.26771,38.64197],[-90.26763,38.64187],[-90.26755,38.64176],[-90.26748,38.64165],[-90.26741,38.64154],[-90.26735,38.64142],[-90.26729,38.6413],[-90.26724,38.64118],[-90.26719,38.64106],[-90.26715,38.64093],[-90.26711,38.64071],[-90.26707,38.6405],[-90.26704,38.64028],[-90.26702,38.64006],[-90.26701,38.63984],[-90.26699,38.63965],[-90.26697,38.63945],[-90.26694,38.63926],[-90.2669,38.63907],[-90.26688,38.63895],[-90.26685,38.63883],[-90.26681,38.63871],[-90.26677,38.63859],[-90.26672,38.63848],[-90.26667,38.63837],[-90.26661,38.63826],[-90.26654,38.63815],[-90.26647,38.63805],[-90.26637,38.63791],[-90.26624,38.63778],[-90.2661,38.63766],[-90.26589,38.63752],[-90.2656,38.63734],[-90.26534,38.63719],[-90.26508,38.63704],[-90.26481,38.6369],[-90.26461,38.63678],[-90.26441,38.63668],[-90.2642,38.63658],[-90.264,38.63648],[-90.26378,38.63639],[-90.26357,38.63631],[-90.26336,38.63623],[-90.26314,38.63616],[-90.26292,38.6361],[-90.2627,38.63604],[-90.26204,38.63586],[-90.26157,38.63575],[-90.2608,38.6356],[-90.25964,38.63539],[-90.25954,38.63537],[-90.25847,38.63515],[-90.25761,38.63497],[-90.25703,38.63485],[-90.25626,38.63469],[-90.25608,38.63465],[-90.25523,38.63447],[-90.25461,38.63434],[-90.25352,38.6341],[-90.25294,38.63398],[-90.25276,38.63394],[-90.25217,38.63381],[-90.25158,38.63369],[-90.25103,38.63357],[-90.25048,38.63346],[-90.24995,38.63334],[-90.24939,38.63322],[-90.2488,38.6331],[-90.24846,38.63302],[-90.24816,38.63296],[-90.24752,38.63282],[-90.24691,38.63269],[-90.24654,38.63261],[-90.24617,38.63251],[-90.2458,38.63242],[-90.24555,38.63235],[-90.24531,38.63229],[-90.24507,38.63221],[-90.24468,38.63211],[-90.24427,38.632],[-90.24398,38.63193],[-90.24356,38.63182],[-90.24302,38.63169],[-90.24268,38.6316],[-90.24207,38.63146],[-90.24192,38.63142],[-90.24177,38.63138],[-90.24162,38.63134],[-90.24148,38.63129],[-90.24125,38.63122],[-90.24102,38.63114],[-90.24079,38.63105],[-90.24056,38.63096],[-90.24034,38.63087],[-90.23979,38.63062],[-90.23962,38.63054],[-90.23945,38.63046],[-90.23927,38.63039],[-90.2391,38.63032],[-90.23892,38.63026],[-90.23874,38.6302],[-90.23852,38.63014],[-90.23829,38.63008],[-90.23807,38.63002],[-90.23785,38.62997],[-90.23762,38.62993],[-90.23695,38.6298],[-90.23584,38.62959],[-90.23556,38.62954],[-90.23545,38.62952],[-90.235,38.62944],[-90.23474,38.62938],[-90.23448,38.62933],[-90.23422,38.62926],[-90.23396,38.62919],[-90.23371,38.62911],[-90.23345,38.62902],[-90.2332,38.62893],[-90.23297,38.62884],[-90.23274,38.62875],[-90.23251,38.62864],[-90.23228,38.62854],[-90.23206,38.62842],[-90.23098,38.62794],[-90.23073,38.62784],[-90.23047,38.62774],[-90.23022,38.62766],[-90.22996,38.62757],[-90.2297,38.6275],[-90.22943,38.62743],[-90.22859,38.6272],[-90.22764,38.62693],[-90.22602,38.62649],[-90.22569,38.62639],[-90.22535,38.6263],[-90.22502,38.62622],[-90.22469,38.62613],[-90.22435,38.62606],[-90.22266,38.6257],[-90.2209,38.62532],[-90.21923,38.62497],[-90.21813,38.62476],[-90.21746,38.62462],[-90.21691,38.62451],[-90.21673,38.62447],[-90.21656,38.62445],[-90.21638,38.62442],[-90.2162,38.62441],[-90.21603,38.6244],[-90.21585,38.6244],[-90.21567,38.62441],[-90.21476,38.62446],[-90.21442,38.62448],[-90.21426,38.6245],[-90.21411,38.62452],[-90.21396,38.62456],[-90.21381,38.62459],[-90.21366,38.62464],[-90.21351,38.62469],[-90.21337,38.62474],[-90.21322,38.62481],[-90.21308,38.62488],[-90.21295,38.62495],[-90.21282,38.62503],[-90.21271,38.62512],[-90.2126,38.62521],[-90.2125,38.6253],[-90.21241,38.6254],[-90.21232,38.62551],[-90.21224,38.62562],[-90.21215,38.62573],[-90.21208,38.62584],[-90.21201,38.62596],[-90.21195,38.62608],[-90.21185,38.62626],[-90.2118,38.62636],[-90.21166,38.62661],[-90.21155,38.62678],[-90.21143,38.62691],[-90.21129,38.62703],[-90.21121,38.62709],[-90.21105,38.62717],[-90.21086,38.62724],[-90.21076,38.62727],[-90.21065,38.62729],[-90.21054,38.62731],[-90.21043,38.62732],[-90.21032,38.62732],[-90.21021,38.62732],[-90.2101,38.62731],[-90.20999,38.62729],[-90.20988,38.62727],[-90.20978,38.62725],[-90.20748,38.62678],[-90.2071,38.6267],[-90.20698,38.62668],[-90.206,38.62647],[-90.20503,38.62627],[-90.20477,38.62622],[-90.20394,38.62605],[-90.20361,38.62598],[-90.20347,38.62594],[-90.20334,38.62588],[-90.20322,38.62579],[-90.20312,38.62569],[-90.20305,38.62555],[-90.20303,38.62539],[-90.20304,38.62522],[-90.20306,38.6251],[-90.20309,38.62491],[-90.20318,38.62447],[-90.20325,38.62412],[-90.20329,38.62394],[-90.2033,38.62382],[-90.20331,38.62372],[-90.2033,38.62361],[-90.20327,38.62351],[-90.20322,38.62342],[-90.20314,38.62335],[-90.20297,38.62327],[-90.20279,38.62321],[-90.2026,38.62317],[-90.20226,38.62311],[-90.20189,38.62305],[-90.20144,38.62298],[-90.20067,38.62285],[-90.20018,38.62277],[-90.19988,38.62272],[-90.19942,38.62264],[-90.19906,38.62257],[-90.19888,38.62254],[-90.19871,38.6225],[-90.19854,38.62246],[-90.19807,38.62233],[-90.19792,38.62229],[-90.19776,38.62225],[-90.1976,38.62223],[-90.19744,38.6222],[-90.19727,38.62219],[-90.19711,38.62217],[-90.19695,38.62217],[-90.19679,38.62217],[-90.19664,38.62217],[-90.19649,38.62217],[-90.19638,38.62218],[-90.19619,38.6222],[-90.19604,38.62222],[-90.19589,38.62225],[-90.19575,38.62228],[-90.19561,38.62232],[-90.19551,38.62234],[-90.19533,38.62241],[-90.19524,38.62246],[-90.19515,38.62251],[-90.19507,38.62257],[-90.19493,38.62269],[-90.19486,38.62277],[-90.19474,38.62292],[-90.19469,38.62301],[-90.19461,38.62318],[-90.19457,38.62328],[-90.19451,38.62345],[-90.19426,38.62403],[-90.19411,38.62438],[-90.19372,38.62537],[-90.19337,38.62625],[-90.19329,38.62643],[-90.19325,38.62655],[-90.19304,38.62706],[-90.19292,38.62736],[-90.19272,38.62783],[-90.19246,38.62845],[-90.19239,38.62861],[-90.1921,38.62935],[-90.19179,38.6301],[-90.19167,38.63039],[-90.1916,38.63047],[-90.1915,38.63054],[-90.19139,38.63058],[-90.19127,38.63059],[-90.19115,38.63058],[-90.19047,38.63044],[-90.18976,38.63029],[-90.18934,38.6302],[-90.18846,38.63003],[-90.18815,38.62996],[-90.18721,38.62978],[-90.1871,38.62975],[-90.18698,38.62973],[-90.18686,38.62971],[-90.18675,38.6297],[-90.18663,38.62969],[-90.18651,38.62969],[-90.18623,38.62967],[-90.18606,38.62967],[-90.1859,38.62966],[-90.18507,38.6296],[-90.18463,38.62956],[-90.18403,38.6295],[-90.18374,38.62947],[-90.1835,38.62945],[-90.1827,38.62937],[-90.18225,38.62932],[-90.18154,38.62926],[-90.1803,38.62912],[-90.17921,38.62901],[-90.17885,38.62897],[-90.17793,38.62888],[-90.17672,38.62873],[-90.17552,38.62859],[-90.17518,38.62856],[-90.175,38.62854],[-90.17485,38.62852],[-90.17364,38.62837],[-90.1732,38.62832],[-90.17288,38.62828],[-90.17256,38.62823],[-90.17205,38.62816],[-90.17167,38.62811],[-90.17125,38.62806],[-90.17099,38.62802],[-90.17062,38.62798],[-90.17007,38.6279],[-90.16957,38.62784],[-90.16912,38.62778],[-90.16866,38.62772],[-90.16817,38.62766],[-90.168,38.62763],[-90.16783,38.62761],[-90.16766,38.62757],[-90.1675,38.62753],[-90.16734,38.62749],[-90.16718,38.62744],[-90.16702,38.62738],[-90.16686,38.62733],[-90.1667,38.62726],[-90.16655,38.62719],[-90.1664,38.62711],[-90.16625,38.62703],[-90.16611,38.62694],[-90.16596,38.62685],[-90.16579,38.62672],[-90.16562,38.62659],[-90.16545,38.62645],[-90.16526,38.62629],[-90.16505,38.62611],[-90.16485,38.62594],[-90.16457,38.62571],[-90.16432,38.6255],[-90.16418,38.62539],[-90.16384,38.6251],[-90.16372,38.625],[-90.16321,38.62457],[-90.16294,38.62435],[-90.16286,38.62428],[-90.16272,38.62418],[-90.16258,38.6241],[-90.16243,38.62405],[-90.16227,38.62402],[-90.16211,38.62402],[-90.16177,38.62405],[-90.16105,38.62413],[-90.16095,38.62414],[-90.16085,38.62416],[-90.16075,38.62419],[-90.16056,38.62425],[-90.16047,38.6243],[-90.1603,38.6244],[-90.16021,38.62446],[-90.15993,38.62466],[-90.15946,38.62501],[-90.15888,38.62544],[-90.15841,38.62577],[-90.15785,38.62617],[-90.15735,38.62654],[-90.15695,38.62684],[-90.15671,38.62703],[-90.15612,38.62749],[-90.15568,38.62784],[-90.1552,38.6282],[-90.15507,38.6283],[-90.15472,38.62855],[-90.15422,38.62891],[-90.15343,38.62949],[-90.15306,38.62974],[-90.15286,38.62986],[-90.15266,38.62998],[-90.15245,38.63009],[-90.15224,38.6302],[-90.15203,38.6303],[-90.15181,38.6304],[-90.15133,38.63063],[-90.15078,38.63088],[-90.15045,38.63103],[-90.15016,38.63116],[-90.15003,38.63122],[-90.1499,38.63128],[-90.14976,38.63133],[-90.14963,38.63137],[-90.14949,38.63141],[-90.14935,38.63144],[-90.1492,38.63146],[-90.14906,38.63148],[-90.14892,38.63148],[-90.1488,38.63148],[-90.14867,38.63148],[-90.14855,38.63146],[-90.14843,38.63145],[-90.14831,38.63142],[-90.14819,38.63139],[-90.14807,38.63136],[-90.14796,38.63132],[-90.14785,38.63127],[-90.14773,38.63121],[-90.14763,38.63115],[-90.14752,38.63108],[-90.14742,38.63101],[-90.14719,38.63083],[-90.14663,38.63035],[-90.14651,38.63027],[-90.14639,38.6302],[-90.14627,38.63014],[-90.14614,38.63008],[-90.14602,38.63002],[-90.14592,38.62998],[-90.14582,38.62994],[-90.14571,38.62991],[-90.14544,38.62982],[-90.14512,38.62971],[-90.14477,38.62959],[-90.14464,38.62955],[-90.14452,38.62952],[-90.14439,38.62949],[-90.14426,38.62947],[-90.14414,38.62945],[-90.14401,38.62944],[-90.14388,38.62944],[-90.14375,38.62944],[-90.14362,38.62945],[-90.14338,38.62947],[-90.14315,38.6295],[-90.14291,38.62953],[-90.14231,38.62963],[-90.14159,38.62975],[-90.14119,38.62982],[-90.14109,38.62983],[-90.14086,38.62987],[-90.14036,38.62996],[-90.14008,38.63],[-90.13997,38.63002],[-90.13979,38.63005],[-90.13964,38.63007],[-90.13949,38.63008],[-90.13935,38.63008],[-90.1392,38.63007],[-90.13905,38.63007],[-90.1389,38.63005],[-90.13876,38.63003],[-90.13863,38.63],[-90.1385,38.62996],[-90.13838,38.62992],[-90.13826,38.62987],[-90.13814,38.62981],[-90.13803,38.62975],[-90.13792,38.62968],[-90.13781,38.62961],[-90.13771,38.62953],[-90.13761,38.62945]]}},{"type":"Feature","properties":{"type":"Light Rail","network":"MetroLink","route_name":"Blue Line","color":"#002774"},"geometry":{"type":"LineString","coordinates":[[-90.31943,38.5928],[-90.31947,38.5934],[-90.31951,38.59395],[-90.31953,38.5941],[-90.31956,38.59435],[-90.31958,38.59454],[-90.31965,38.59515],[-90.31968,38.59542],[-90.31971,38.5958],[-90.31972,38.59598],[-90.31973,38.59613],[-90.31972,38.59636],[-90.31971,38.59647],[-90.31962,38.59726],[-90.3196,38.59745],[-90.31959,38.59766],[-90.31958,38.59777],[-90.31959,38.59791],[-90.31961,38.59805],[-90.31963,38.5982],[-90.31966,38.59834],[-90.31969,38.59848],[-90.31973,38.59861],[-90.31978,38.59875],[-90.31985,38.59888],[-90.31991,38.59901],[-90.31998,38.59913],[-90.32006,38.59925],[-90.32014,38.59937],[-90.32021,38.59947],[-90.32028,38.59956],[-90.32035,38.59965],[-90.32043,38.59973],[-90.32051,38.59981],[-90.32062,38.59991],[-90.32073,38.60001],[-90.32085,38.60011],[-90.32097,38.6002],[-90.3211,38.60028],[-90.32123,38.60036],[-90.32136,38.60044],[-90.3215,38.60051],[-90.32188,38.60069],[-90.32204,38.60076],[-90.32269,38.60104],[-90.32332,38.60132],[-90.32346,38.60139],[-90.32359,38.60146],[-90.32373,38.60155],[-90.32386,38.60164],[-90.32398,38.60173],[-90.3241,38.60182],[-90.32421,38.60191],[-90.32431,38.60201],[-90.32441,38.60211],[-90.3245,38.60221],[-90.32467,38.6024],[-90.32478,38.60254],[-90.32503,38.60284],[-90.32513,38.60296],[-90.3254,38.60328],[-90.32548,38.60337],[-90.32556,38.60345],[-90.32565,38.60353],[-90.32574,38.60361],[-90.32583,38.60368],[-90.32593,38.60374],[-90.32604,38.6038],[-90.32616,38.60386],[-90.32629,38.60392],[-90.32642,38.60397],[-90.32655,38.60402],[-90.32668,38.60406],[-90.32682,38.60409],[-90.32695,38.60412],[-90.32709,38.60414],[-90.32786,38.60424],[-90.32799,38.60425],[-90.32813,38.60427],[-90.32827,38.60429],[-90.3284,38.60432],[-90.32853,38.60435],[-90.32866,38.60439],[-90.32879,38.60444],[-90.32892,38.60449],[-90.32905,38.60455],[-90.32917,38.60461],[-90.32928,38.60467],[-90.32939,38.60475],[-90.3295,38.60482],[-90.3296,38.60491],[-90.3297,38.605],[-90.32979,38.60509],[-90.32987,38.60519],[-90.32995,38.60529],[-90.33001,38.60539],[-90.33007,38.60548],[-90.33011,38.60558],[-90.33015,38.60568],[-90.33019,38.60578],[-90.33024,38.60593],[-90.33026,38.60609],[-90.33028,38.60625],[-90.33028,38.60642],[-90.33029,38.60699],[-90.33029,38.6071],[-90.33029,38.60763],[-90.33028,38.60799],[-90.33029,38.60819],[-90.3303,38.60838],[-90.33032,38.60858],[-90.33035,38.60887],[-90.33037,38.60907],[-90.33039,38.60921],[-90.3304,38.60935],[-90.3304,38.60949],[-90.33041,38.60963],[-90.33041,38.60977],[-90.3304,38.60991],[-90.33038,38.61006],[-90.33036,38.61019],[-90.33022,38.6112],[-90.3302,38.61132],[-90.33019,38.61144],[-90.33018,38.61156],[-90.33019,38.61168],[-90.33019,38.6118],[-90.33021,38.61192],[-90.33023,38.61204],[-90.33025,38.61216],[-90.33029,38.61227],[-90.33032,38.61237],[-90.33036,38.61247],[-90.33041,38.61257],[-90.33051,38.61274],[-90.33085,38.61321],[-90.33108,38.6136],[-90.3314,38.61412],[-90.33156,38.61439],[-90.33164,38.61453],[-90.33179,38.61481],[-90.33187,38.61495],[-90.33204,38.61532],[-90.3321,38.61543],[-90.33217,38.61554],[-90.33223,38.61565],[-90.33251,38.61612],[-90.33296,38.61688],[-90.33312,38.61712],[-90.33322,38.61728],[-90.33347,38.61762],[-90.33382,38.61812],[-90.33397,38.61837],[-90.33413,38.61862],[-90.33427,38.61888],[-90.33473,38.61962],[-90.33511,38.62025],[-90.33558,38.62104],[-90.33608,38.62185],[-90.33651,38.62257],[-90.337,38.6234],[-90.3374,38.62406],[-90.33758,38.62439],[-90.33768,38.62456],[-90.33778,38.62477],[-90.33783,38.62489],[-90.33787,38.62501],[-90.33792,38.62512],[-90.33795,38.62524],[-90.33799,38.62536],[-90.33803,38.62548],[-90.33806,38.6256],[-90.33808,38.62573],[-90.3381,38.62585],[-90.33812,38.62597],[-90.33813,38.62609],[-90.33814,38.62622],[-90.33814,38.62635],[-90.33815,38.62647],[-90.33815,38.62667],[-90.33815,38.62689],[-90.33814,38.62723],[-90.3381,38.62805],[-90.33809,38.62847],[-90.33808,38.62866],[-90.33807,38.62901],[-90.33806,38.62922],[-90.33805,38.62942],[-90.33806,38.62963],[-90.33807,38.62984],[-90.33809,38.63005],[-90.33811,38.63026],[-90.33815,38.6304],[-90.33819,38.63053],[-90.33823,38.63067],[-90.33829,38.6308],[-90.33835,38.63093],[-90.33841,38.63106],[-90.33848,38.63118],[-90.33856,38.6313],[-90.33864,38.63142],[-90.33876,38.63159],[-90.33888,38.63176],[-90.33901,38.63193],[-90.33915,38.63209],[-90.33928,38.63225],[-90.33942,38.63241],[-90.33964,38.63264],[-90.34,38.633],[-90.34022,38.6332],[-90.34046,38.6334],[-90.34099,38.63386],[-90.34128,38.63412],[-90.34146,38.63428],[-90.34182,38.63464],[-90.34207,38.63488],[-90.3425,38.63533],[-90.34259,38.63542],[-90.34266,38.63552],[-90.34274,38.63565],[-90.34279,38.63578],[-90.34283,38.63592],[-90.34285,38.6361],[-90.34286,38.63634],[-90.34286,38.6365],[-90.34288,38.63668],[-90.34292,38.63685],[-90.34297,38.63702],[-90.34303,38.63719],[-90.34339,38.63788],[-90.34346,38.63802],[-90.34365,38.63836],[-90.34385,38.6387],[-90.34403,38.639],[-90.34429,38.63943],[-90.34445,38.6397],[-90.34458,38.63992],[-90.34486,38.6404],[-90.34499,38.64063],[-90.34512,38.64084],[-90.34536,38.64127],[-90.34559,38.64167],[-90.34581,38.64207],[-90.34608,38.64252],[-90.34625,38.64283],[-90.34648,38.64323],[-90.34671,38.64363],[-90.34676,38.64372],[-90.34685,38.6439],[-90.3469,38.64402],[-90.34693,38.64415],[-90.34695,38.64429],[-90.34696,38.64444],[-90.34696,38.64456],[-90.34695,38.64469],[-90.34691,38.64483],[-90.34685,38.64497],[-90.34678,38.6451],[-90.3467,38.64522],[-90.34659,38.64535],[-90.34647,38.64546],[-90.34635,38.64556],[-90.34619,38.64567],[-90.3461,38.64572],[-90.34591,38.6458],[-90.34581,38.64584],[-90.34571,38.64587],[-90.3456,38.6459],[-90.3455,38.64593],[-90.34539,38.64594],[-90.34529,38.64596],[-90.34519,38.64597],[-90.34509,38.64597],[-90.34499,38.64597],[-90.34473,38.64596],[-90.34456,38.64594],[-90.3444,38.64592],[-90.34398,38.64586],[-90.34333,38.64577],[-90.343,38.64572],[-90.34269,38.64568],[-90.34235,38.64563],[-90.34215,38.6456],[-90.34198,38.64558],[-90.34186,38.64557],[-90.34174,38.64556],[-90.34161,38.64556],[-90.3414,38.64555],[-90.34119,38.64555],[-90.34099,38.64555],[-90.34078,38.64556],[-90.3403,38.6456],[-90.33994,38.64562],[-90.33907,38.64567],[-90.33887,38.6457],[-90.33865,38.64572],[-90.33845,38.64576],[-90.33825,38.64579],[-90.33804,38.64583],[-90.33784,38.64588],[-90.33764,38.64594],[-90.33737,38.64601],[-90.33594,38.64643],[-90.33533,38.6466],[-90.33485,38.64673],[-90.33451,38.64682],[-90.33421,38.6469],[-90.33382,38.647],[-90.33326,38.64716],[-90.33271,38.64733],[-90.33214,38.64751],[-90.33159,38.64767],[-90.33112,38.6478],[-90.33085,38.64786],[-90.33059,38.64793],[-90.33033,38.64801],[-90.33007,38.64809],[-90.32981,38.64817],[-90.32955,38.64827],[-90.32934,38.64835],[-90.32904,38.64846],[-90.32891,38.64852],[-90.32863,38.64866],[-90.32842,38.64877],[-90.32822,38.64888],[-90.32802,38.649],[-90.32765,38.64919],[-90.3275,38.64927],[-90.32736,38.64935],[-90.32722,38.64943],[-90.32708,38.64952],[-90.32694,38.64961],[-90.32643,38.64995],[-90.32593,38.65028],[-90.32533,38.65066],[-90.32465,38.65109],[-90.32407,38.65145],[-90.32392,38.65154],[-90.32377,38.65162],[-90.32362,38.65169],[-90.32347,38.65177],[-90.32331,38.65183],[-90.32316,38.6519],[-90.323,38.65195],[-90.32284,38.65201],[-90.32268,38.65205],[-90.32251,38.6521],[-90.32234,38.65213],[-90.32218,38.65217],[-90.32201,38.65219],[-90.32183,38.65221],[-90.32172,38.65223],[-90.3216,38.65224],[-90.32149,38.65224],[-90.32137,38.65224],[-90.32126,38.65223],[-90.32114,38.65222],[-90.32039,38.65214],[-90.31962,38.65207],[-90.31878,38.65198],[-90.31812,38.65191],[-90.3172,38.65183],[-90.31641,38.65174],[-90.31557,38.65167],[-90.31491,38.6516],[-90.31418,38.65153],[-90.31388,38.65152],[-90.31358,38.6515],[-90.31328,38.65148],[-90.31306,38.65147],[-90.31284,38.65145],[-90.31262,38.65143],[-90.3124,38.6514],[-90.31218,38.65136],[-90.31202,38.65133],[-90.31173,38.65127],[-90.31151,38.65122],[-90.31129,38.65116],[-90.31051,38.65097],[-90.31003,38.65086],[-90.30949,38.65074],[-90.30894,38.6506],[-90.3084,38.65048],[-90.30787,38.65036],[-90.30734,38.65024],[-90.30717,38.6502],[-90.30702,38.65017],[-90.30682,38.65015],[-90.30665,38.65012],[-90.30648,38.6501],[-90.30631,38.65008],[-90.30575,38.65001],[-90.30521,38.64994],[-90.30465,38.64986],[-90.30438,38.64982],[-90.3041,38.64978],[-90.30382,38.64974],[-90.30355,38.64971],[-90.30327,38.64968],[-90.30299,38.64965],[-90.30272,38.64961],[-90.30246,38.64958],[-90.30219,38.64955],[-90.30198,38.64954],[-90.30177,38.64952],[-90.30156,38.6495],[-90.30135,38.64947],[-90.30114,38.64944],[-90.30092,38.64939],[-90.3007,38.64934],[-90.3005,38.64929],[-90.3003,38.64925],[-90.3001,38.64921],[-90.2999,38.64917],[-90.29976,38.64914],[-90.29962,38.64912],[-90.29948,38.6491],[-90.29934,38.64909],[-90.29819,38.649],[-90.29789,38.64897],[-90.29731,38.64891],[-90.29653,38.64884],[-90.29583,38.64877],[-90.29511,38.6487],[-90.29487,38.64867],[-90.29464,38.64865],[-90.2944,38.64863],[-90.29378,38.64858],[-90.29299,38.6485],[-90.29209,38.64841],[-90.29135,38.64834],[-90.29055,38.64826],[-90.2899,38.64819],[-90.28918,38.64812],[-90.28841,38.64805],[-90.28765,38.64798],[-90.28746,38.64796],[-90.28726,38.64794],[-90.28706,38.64792],[-90.28687,38.64791],[-90.28675,38.64791],[-90.28644,38.64789],[-90.28633,38.64789],[-90.28602,38.64787],[-90.2856,38.64785],[-90.28544,38.64784],[-90.28528,38.64783],[-90.28514,38.64782]]}},{"type":"Feature","properties":{"type":"Light Rail","network":"MetroLink","route_name":"Red Line","color":"#E2382D"},"geometry":{"type":"LineString","coordinates":[[-90.36462,38.74131],[-90.3644,38.74053],[-90.36437,38.74043],[-90.36433,38.74033],[-90.36428,38.74024],[-90.36423,38.74015],[-90.36418,38.74006],[-90.36412,38.73997],[-90.36405,38.73989],[-90.3639,38.73974],[-90.36374,38.73962],[-90.36365,38.73956],[-90.36356,38.73951],[-90.36346,38.73947],[-90.36336,38.73943],[-90.36326,38.7394],[-90.36255,38.73918],[-90.36239,38.73913],[-90.36224,38.73908],[-90.36209,38.73902],[-90.36194,38.73895],[-90.3618,38.73889],[-90.36034,38.73821],[-90.3594,38.73774],[-90.35854,38.73732],[-90.35839,38.73724],[-90.35824,38.73718],[-90.35808,38.73712],[-90.35793,38.73706],[-90.35778,38.73701],[-90.35767,38.73698],[-90.35753,38.73694],[-90.35742,38.73689],[-90.3573,38.73684],[-90.35719,38.73679],[-90.35708,38.73673],[-90.35643,38.73638],[-90.35562,38.73596],[-90.35545,38.73587],[-90.3551,38.73569],[-90.35495,38.73562],[-90.35481,38.73555],[-90.35466,38.73549],[-90.35451,38.73543],[-90.35436,38.73538],[-90.35421,38.73534],[-90.35405,38.7353],[-90.35393,38.73527],[-90.35374,38.73524],[-90.35353,38.7352],[-90.35333,38.73516],[-90.35306,38.7351],[-90.35256,38.73501],[-90.3524,38.73497],[-90.35223,38.73493],[-90.35207,38.73488],[-90.35192,38.73483],[-90.35176,38.73477],[-90.35161,38.7347],[-90.35146,38.73462],[-90.35129,38.73454],[-90.35113,38.73446],[-90.35096,38.73439],[-90.35079,38.73432],[-90.35061,38.73426],[-90.35046,38.7342],[-90.3503,38.73414],[-90.35014,38.7341],[-90.34994,38.73404],[-90.34974,38.73399],[-90.34954,38.73394],[-90.34934,38.7339],[-90.34914,38.73386],[-90.34808,38.73367],[-90.34789,38.73364],[-90.3477,38.73362],[-90.34751,38.73361],[-90.34732,38.7336],[-90.34713,38.7336],[-90.34664,38.73362],[-90.34606,38.73365],[-90.34553,38.73368],[-90.34499,38.7337],[-90.34483,38.73371],[-90.34467,38.73371],[-90.3445,38.7337],[-90.34434,38.73369],[-90.34417,38.73367],[-90.34398,38.73365],[-90.34382,38.73363],[-90.34361,38.7336],[-90.34342,38.73356],[-90.34324,38.73352],[-90.34305,38.73347],[-90.34277,38.7334],[-90.34248,38.73332],[-90.3422,38.73324],[-90.34192,38.73315],[-90.34129,38.73296],[-90.34109,38.7329],[-90.34089,38.73285],[-90.34069,38.7328],[-90.34049,38.73275],[-90.34029,38.73271],[-90.34008,38.73268],[-90.33987,38.73265],[-90.33966,38.73263],[-90.33944,38.73262],[-90.33923,38.7326],[-90.33822,38.73255],[-90.3377,38.73252],[-90.33713,38.73248],[-90.33699,38.73247],[-90.33685,38.73244],[-90.33671,38.73242],[-90.33658,38.73238],[-90.33644,38.73234],[-90.33631,38.7323],[-90.33618,38.73225],[-90.33606,38.73221],[-90.33595,38.73216],[-90.33584,38.7321],[-90.33573,38.73204],[-90.33562,38.73198],[-90.33552,38.73191],[-90.33542,38.73183],[-90.33533,38.73176],[-90.33524,38.73167],[-90.33515,38.73158],[-90.33506,38.73147],[-90.33497,38.73134],[-90.33489,38.73122],[-90.33481,38.73109],[-90.33473,38.73096],[-90.33467,38.73083],[-90.33425,38.73012],[-90.33415,38.72994],[-90.3341,38.72985],[-90.33404,38.72975],[-90.33397,38.72965],[-90.33391,38.72955],[-90.33383,38.72946],[-90.33375,38.72938],[-90.33367,38.7293],[-90.33358,38.72923],[-90.33349,38.72916],[-90.3334,38.72909],[-90.3333,38.72903],[-90.33321,38.72898],[-90.3331,38.72893],[-90.33246,38.7286],[-90.3322,38.72846],[-90.33149,38.7281],[-90.33132,38.72801],[-90.3312,38.72795],[-90.33059,38.72763],[-90.32963,38.72715],[-90.32932,38.72699],[-90.32879,38.72672],[-90.32788,38.72625],[-90.32771,38.72615],[-90.32754,38.72605],[-90.32737,38.72595],[-90.3272,38.72584],[-90.32703,38.72573],[-90.32681,38.72559],[-90.3266,38.72544],[-90.32639,38.72529],[-90.32618,38.72513],[-90.32585,38.72486],[-90.32544,38.72451],[-90.32514,38.72427],[-90.32436,38.72364],[-90.32382,38.7232],[-90.32327,38.72277],[-90.32284,38.72241],[-90.32246,38.7221],[-90.32209,38.72182],[-90.32194,38.72172],[-90.32178,38.72161],[-90.32161,38.72151],[-90.32145,38.72142],[-90.32128,38.72133],[-90.32113,38.72125],[-90.32099,38.72118],[-90.32084,38.72111],[-90.32069,38.72105],[-90.32053,38.72099],[-90.32038,38.72094],[-90.31991,38.72078],[-90.31941,38.72064],[-90.31894,38.72051],[-90.31853,38.72039],[-90.31775,38.72015],[-90.31761,38.72011],[-90.31746,38.72007],[-90.31731,38.72004],[-90.31717,38.72001],[-90.31701,38.71999],[-90.31686,38.71998],[-90.31671,38.71997],[-90.31605,38.71996],[-90.31567,38.71996],[-90.31535,38.71996],[-90.315,38.71997],[-90.3149,38.71997],[-90.31467,38.71997],[-90.3145,38.71996],[-90.31433,38.71995],[-90.31416,38.71993],[-90.314,38.71991],[-90.31388,38.71988],[-90.31376,38.71986],[-90.31364,38.71982],[-90.31353,38.71978],[-90.31341,38.71973],[-90.3133,38.71968],[-90.3132,38.71962],[-90.31309,38.71956],[-90.313,38.7195],[-90.31291,38.71943],[-90.31283,38.71936],[-90.31274,38.71929],[-90.31267,38.71921],[-90.3126,38.71912],[-90.31253,38.71903],[-90.31247,38.71894],[-90.31237,38.71878],[-90.3123,38.71862],[-90.31224,38.71844],[-90.31217,38.71822],[-90.31198,38.71759],[-90.31193,38.71744],[-90.31188,38.71727],[-90.31172,38.71678],[-90.31169,38.71668],[-90.31166,38.71658],[-90.31162,38.71648],[-90.31158,38.71637],[-90.31154,38.71627],[-90.31149,38.71617],[-90.31143,38.71607],[-90.31137,38.71597],[-90.3113,38.71588],[-90.31123,38.71579],[-90.31115,38.71571],[-90.31107,38.71563],[-90.31098,38.71555],[-90.31082,38.71541],[-90.31064,38.71528],[-90.31047,38.71515],[-90.31035,38.71507],[-90.31016,38.71494],[-90.30999,38.71484],[-90.3097,38.71469],[-90.30948,38.71458],[-90.30939,38.71453],[-90.30926,38.71447],[-90.30904,38.71437],[-90.30878,38.71425],[-90.30852,38.71413],[-90.30827,38.71399],[-90.30795,38.71384],[-90.30765,38.71369],[-90.30719,38.71345],[-90.30703,38.71337],[-90.30691,38.71332],[-90.30682,38.71326],[-90.30669,38.71318],[-90.30658,38.71312],[-90.3062,38.71291],[-90.3059,38.71273],[-90.30577,38.71266],[-90.30562,38.71257],[-90.30548,38.71247],[-90.30533,38.71237],[-90.3052,38.71226],[-90.30509,38.71219],[-90.30499,38.7121],[-90.30489,38.71201],[-90.30479,38.71192],[-90.30468,38.71179],[-90.30458,38.71165],[-90.30451,38.71149],[-90.30445,38.71133],[-90.30442,38.71116],[-90.30443,38.71095],[-90.30445,38.71083],[-90.30447,38.71071],[-90.3045,38.71059],[-90.30454,38.71047],[-90.30471,38.70996],[-90.30485,38.70954],[-90.305,38.70909],[-90.30516,38.70859],[-90.30519,38.70849],[-90.30522,38.70839],[-90.30525,38.70828],[-90.30527,38.70818],[-90.3053,38.708],[-90.30532,38.70781],[-90.30535,38.70763],[-90.30536,38.70745],[-90.30537,38.70726],[-90.30538,38.70708],[-90.30537,38.70696],[-90.30537,38.70673],[-90.30535,38.70655],[-90.30534,38.70638],[-90.30531,38.70617],[-90.30527,38.70597],[-90.30523,38.70576],[-90.30519,38.70558],[-90.30515,38.70534],[-90.30499,38.70448],[-90.30483,38.70365],[-90.30468,38.70282],[-90.30452,38.70194],[-90.30442,38.70138],[-90.30431,38.70083],[-90.30421,38.70027],[-90.3041,38.69971],[-90.304,38.69916],[-90.3039,38.6986],[-90.30379,38.69804],[-90.3037,38.69751],[-90.30362,38.69708],[-90.30352,38.69656],[-90.30344,38.69615],[-90.30336,38.6957],[-90.30327,38.69523],[-90.30318,38.69475],[-90.30306,38.69412],[-90.30296,38.69355],[-90.30288,38.69313],[-90.30275,38.6924],[-90.30265,38.69186],[-90.30257,38.69145],[-90.30245,38.69078],[-90.30242,38.69066],[-90.30234,38.69023],[-90.30224,38.68969],[-90.30214,38.68914],[-90.30204,38.6886],[-90.30194,38.68806],[-90.30189,38.68778],[-90.30184,38.68751],[-90.30174,38.68697],[-90.30164,38.68643],[-90.30154,38.68588],[-90.30148,38.68555],[-90.30144,38.68532],[-90.30135,38.68488],[-90.30125,38.68434],[-90.30117,38.68385],[-90.30113,38.68364],[-90.30109,38.68344],[-90.30101,38.68301],[-90.30093,38.68256],[-90.30085,38.68216],[-90.30076,38.68167],[-90.30065,38.68109],[-90.30054,38.68048],[-90.30043,38.67986],[-90.30032,38.67927],[-90.3002,38.67864],[-90.30009,38.67804],[-90.29999,38.6775],[-90.29988,38.67695],[-90.29978,38.67644],[-90.2997,38.67592],[-90.29959,38.67538],[-90.29954,38.67509],[-90.29949,38.67483],[-90.29939,38.67427],[-90.29929,38.67373],[-90.29919,38.67319],[-90.29914,38.67292],[-90.2991,38.6727],[-90.29901,38.67222],[-90.29892,38.67173],[-90.29883,38.67124],[-90.29875,38.67081],[-90.29866,38.67032],[-90.29856,38.66978],[-90.29847,38.66929],[-90.29839,38.66887],[-90.29829,38.66832],[-90.29803,38.66699],[-90.29789,38.66619],[-90.29787,38.66608],[-90.29776,38.66544],[-90.29765,38.66488],[-90.29756,38.66435],[-90.29749,38.664],[-90.29746,38.66383],[-90.29735,38.66329],[-90.29726,38.66279],[-90.29718,38.66236],[-90.29709,38.66187],[-90.29706,38.6617],[-90.29699,38.66137],[-90.29696,38.66119],[-90.29694,38.66106],[-90.29691,38.66091],[-90.29688,38.66074],[-90.29685,38.66057],[-90.29681,38.6604],[-90.29676,38.66024],[-90.29671,38.66007],[-90.29666,38.65991],[-90.29659,38.65975],[-90.29653,38.6596],[-90.29638,38.65928],[-90.29623,38.65896],[-90.29607,38.65865],[-90.29576,38.65806],[-90.2955,38.65753],[-90.29521,38.65697],[-90.29493,38.65642],[-90.29484,38.65625],[-90.29455,38.65567],[-90.29444,38.65544],[-90.29418,38.65491],[-90.29399,38.65456],[-90.29375,38.65414],[-90.29363,38.65394],[-90.29351,38.65375],[-90.29338,38.65356],[-90.29324,38.65338],[-90.29309,38.65319],[-90.29292,38.653],[-90.29276,38.65282],[-90.29259,38.65263],[-90.29242,38.65246],[-90.29224,38.6523],[-90.29206,38.65213],[-90.29187,38.65198],[-90.29169,38.65182],[-90.29083,38.6511],[-90.29003,38.65042],[-90.28963,38.65008],[-90.28906,38.6496],[-90.28865,38.64926],[-90.28848,38.64912],[-90.2883,38.64899],[-90.28812,38.64887],[-90.28794,38.64875],[-90.28775,38.64864],[-90.28756,38.64853],[-90.2874,38.64845],[-90.28724,38.64837],[-90.28708,38.6483],[-90.28692,38.64823],[-90.28676,38.64817],[-90.28659,38.64811],[-90.28641,38.64805],[-90.28621,38.648],[-90.28602,38.64795],[-90.28583,38.64791],[-90.28563,38.64787],[-90.28544,38.64784],[-90.28528,38.64783],[-90.28514,38.64782],[-90.28464,38.64778],[-90.28345,38.64768],[-90.28277,38.64761],[-90.28198,38.64754],[-90.28125,38.64748],[-90.28051,38.6474],[-90.27971,38.64733],[-90.27899,38.64728],[-90.27813,38.6472],[-90.27797,38.64718],[-90.27782,38.64715],[-90.27766,38.64712],[-90.27751,38.64708],[-90.27735,38.64703],[-90.2772,38.64698],[-90.27705,38.64693],[-90.2769,38.64686],[-90.27676,38.6468],[-90.27662,38.64673],[-90.27648,38.64666],[-90.27634,38.64657],[-90.27621,38.64649],[-90.27608,38.64639],[-90.27595,38.6463],[-90.27584,38.64619],[-90.27572,38.64608],[-90.27561,38.64597],[-90.27505,38.6454],[-90.27493,38.64527],[-90.27481,38.64515],[-90.27468,38.64504],[-90.27455,38.64492],[-90.27442,38.64481],[-90.27428,38.64471],[-90.27413,38.64461],[-90.27399,38.64452],[-90.27384,38.64443],[-90.27367,38.64434],[-90.27349,38.64426],[-90.27331,38.64418],[-90.27313,38.64411],[-90.27295,38.64404],[-90.27277,38.64398],[-90.27258,38.64393],[-90.27133,38.64363],[-90.2701,38.64333],[-90.26993,38.64329],[-90.26976,38.64325],[-90.26959,38.6432],[-90.26943,38.64315],[-90.26927,38.64309],[-90.2691,38.64302],[-90.26895,38.64294],[-90.26882,38.64288],[-90.26869,38.64281],[-90.26857,38.64273],[-90.26844,38.64265],[-90.26833,38.64257],[-90.26821,38.64248],[-90.2681,38.64238],[-90.268,38.64228],[-90.26789,38.64218],[-90.2678,38.64207],[-90.26771,38.64197],[-90.26763,38.64187],[-90.26755,38.64176],[-90.26748,38.64165],[-90.26741,38.64154],[-90.26735,38.64142],[-90.26729,38.6413],[-90.26724,38.64118],[-90.26719,38.64106],[-90.26715,38.64093],[-90.26711,38.64071],[-90.26707,38.6405],[-90.26704,38.64028],[-90.26702,38.64006],[-90.26701,38.63984],[-90.26699,38.63965],[-90.26697,38.63945],[-90.26694,38.63926],[-90.2669,38.63907],[-90.26688,38.63895],[-90.26685,38.63883],[-90.26681,38.63871],[-90.26677,38.63859],[-90.26672,38.63848],[-90.26667,38.63837],[-90.26661,38.63826],[-90.26654,38.63815],[-90.26647,38.63805],[-90.26637,38.63791],[-90.26624,38.63778],[-90.2661,38.63766],[-90.26589,38.63752],[-90.2656,38.63734],[-90.26534,38.63719],[-90.26508,38.63704],[-90.26481,38.6369],[-90.26461,38.63678],[-90.26441,38.63668],[-90.2642,38.63658],[-90.264,38.63648],[-90.26378,38.63639],[-90.26357,38.63631],[-90.26336,38.63623],[-90.26314,38.63616],[-90.26292,38.6361],[-90.2627,38.63604],[-90.26204,38.63586],[-90.26157,38.63575],[-90.2608,38.6356],[-90.25964,38.63539],[-90.25954,38.63537],[-90.25847,38.63515],[-90.25761,38.63497],[-90.25703,38.63485],[-90.25626,38.63469],[-90.25608,38.63465],[-90.25523,38.63447],[-90.25461,38.63434],[-90.25352,38.6341],[-90.25294,38.63398],[-90.25276,38.63394],[-90.25217,38.63381],[-90.25158,38.63369],[-90.25103,38.63357],[-90.25048,38.63346],[-90.24995,38.63334],[-90.24939,38.63322],[-90.2488,38.6331],[-90.24846,38.63302],[-90.24816,38.63296],[-90.24752,38.63282],[-90.24691,38.63269],[-90.24654,38.63261],[-90.24617,38.63251],[-90.2458,38.63242],[-90.24555,38.63235],[-90.24531,38.63229],[-90.24507,38.63221],[-90.24468,38.63211],[-90.24427,38.632],[-90.24398,38.63193],[-90.24356,38.63182],[-90.24302,38.63169],[-90.24268,38.6316],[-90.24207,38.63146],[-90.24192,38.63142],[-90.24177,38.63138],[-90.24162,38.63134],[-90.24148,38.63129],[-90.24125,38.63122],[-90.24102,38.63114],[-90.24079,38.63105],[-90.24056,38.63096],[-90.24034,38.63087],[-90.23979,38.63062],[-90.23962,38.63054],[-90.23945,38.63046],[-90.23927,38.63039],[-90.2391,38.63032],[-90.23892,38.63026],[-90.23874,38.6302],[-90.23852,38.63014],[-90.23829,38.63008],[-90.23807,38.63002],[-90.23785,38.62997],[-90.23762,38.62993],[-90.23695,38.6298],[-90.23584,38.62959],[-90.23556,38.62954],[-90.23545,38.62952],[-90.235,38.62944],[-90.23474,38.62938],[-90.23448,38.62933],[-90.23422,38.62926],[-90.23396,38.62919],[-90.23371,38.62911],[-90.23345,38.62902],[-90.2332,38.62893],[-90.23297,38.62884],[-90.23274,38.62875],[-90.23251,38.62864],[-90.23228,38.62854],[-90.23206,38.62842],[-90.23098,38.62794],[-90.23073,38.62784],[-90.23047,38.62774],[-90.23022,38.62766],[-90.22996,38.62757],[-90.2297,38.6275],[-90.22943,38.62743],[-90.22859,38.6272],[-90.22764,38.62693],[-90.22602,38.62649],[-90.22569,38.62639],[-90.22535,38.6263],[-90.22502,38.62622],[-90.22469,38.62613],[-90.22435,38.62606],[-90.22266,38.6257],[-90.2209,38.62532],[-90.21923,38.62497],[-90.21813,38.62476],[-90.21746,38.62462],[-90.21691,38.62451],[-90.21673,38.62447],[-90.21656,38.62445],[-90.21638,38.62442],[-90.2162,38.62441],[-90.21603,38.6244],[-90.21585,38.6244],[-90.21567,38.62441],[-90.21476,38.62446],[-90.21442,38.62448],[-90.21426,38.6245],[-90.21411,38.62452],[-90.21396,38.62456],[-90.21381,38.62459],[-90.21366,38.62464],[-90.21351,38.62469],[-90.21337,38.62474],[-90.21322,38.62481],[-90.21308,38.62488],[-90.21295,38.62495],[-90.21282,38.62503],[-90.21271,38.62512],[-90.2126,38.62521],[-90.2125,38.6253],[-90.21241,38.6254],[-90.21232,38.62551],[-90.21224,38.62562],[-90.21215,38.62573],[-90.21208,38.62584],[-90.21201,38.62596],[-90.21195,38.62608],[-90.21185,38.62626],[-90.2118,38.62636],[-90.21166,38.62661],[-90.21155,38.62678],[-90.21143,38.62691],[-90.21129,38.62703],[-90.21121,38.62709],[-90.21105,38.62717],[-90.21086,38.62724],[-90.21076,38.62727],[-90.21065,38.62729],[-90.21054,38.62731],[-90.21043,38.62732],[-90.21032,38.62732],[-90.21021,38.62732],[-90.2101,38.62731],[-90.20999,38.62729],[-90.20988,38.62727],[-90.20978,38.62725],[-90.20748,38.62678],[-90.2071,38.6267],[-90.20698,38.62668],[-90.206,38.62647],[-90.20503,38.62627],[-90.20477,38.62622],[-90.20394,38.62605],[-90.20361,38.62598],[-90.20347,38.62594],[-90.20334,38.62588],[-90.20322,38.62579],[-90.20312,38.62569],[-90.20305,38.62555],[-90.20303,38.62539],[-90.20304,38.62522],[-90.20306,38.6251],[-90.20309,38.62491],[-90.20318,38.62447],[-90.20325,38.62412],[-90.20329,38.62394],[-90.2033,38.62382],[-90.20331,38.62372],[-90.2033,38.62361],[-90.20327,38.62351],[-90.20322,38.62342],[-90.20314,38.62335],[-90.20297,38.62327],[-90.20279,38.62321],[-90.2026,38.62317],[-90.20226,38.62311],[-90.20189,38.62305],[-90.20144,38.62298],[-90.20067,38.62285],[-90.20018,38.62277],[-90.19988,38.62272],[-90.19942,38.62264],[-90.19906,38.62257],[-90.19888,38.62254],[-90.19871,38.6225],[-90.19854,38.62246],[-90.19807,38.62233],[-90.19792,38.62229],[-90.19776,38.62225],[-90.1976,38.62223],[-90.19744,38.6222],[-90.19727,38.62219],[-90.19711,38.62217],[-90.19695,38.62217],[-90.19679,38.62217],[-90.19664,38.62217],[-90.19649,38.62217],[-90.19638,38.62218],[-90.19619,38.6222],[-90.19604,38.62222],[-90.19589,38.62225],[-90.19575,38.62228],[-90.19561,38.62232],[-90.19551,38.62234],[-90.19533,38.62241],[-90.19524,38.62246],[-90.19515,38.62251],[-90.19507,38.62257],[-90.19493,38.62269],[-90.19486,38.62277],[-90.19474,38.62292],[-90.19469,38.62301],[-90.19461,38.62318],[-90.19457,38.62328],[-90.19451,38.62345],[-90.19426,38.62403],[-90.19411,38.62438],[-90.19372,38.62537],[-90.19337,38.62625],[-90.19329,38.62643],[-90.19325,38.62655],[-90.19304,38.62706],[-90.19292,38.62736],[-90.19272,38.62783],[-90.19246,38.62845],[-90.19239,38.62861],[-90.1921,38.62935],[-90.19179,38.6301],[-90.19167,38.63039],[-90.1916,38.63047],[-90.1915,38.63054],[-90.19139,38.63058],[-90.19127,38.63059],[-90.19115,38.63058],[-90.19047,38.63044],[-90.18976,38.63029],[-90.18934,38.6302],[-90.18846,38.63003],[-90.18815,38.62996],[-90.18721,38.62978],[-90.1871,38.62975],[-90.18698,38.62973],[-90.18686,38.62971],[-90.18675,38.6297],[-90.18663,38.62969],[-90.18651,38.62969],[-90.18623,38.62967],[-90.18606,38.62967],[-90.1859,38.62966],[-90.18507,38.6296],[-90.18463,38.62956],[-90.18403,38.6295],[-90.18374,38.62947],[-90.1835,38.62945],[-90.1827,38.62937],[-90.18225,38.62932],[-90.18154,38.62926],[-90.1803,38.62912],[-90.17921,38.62901],[-90.17885,38.62897],[-90.17793,38.62888],[-90.17672,38.62873],[-90.17552,38.62859],[-90.17518,38.62856],[-90.175,38.62854],[-90.17485,38.62852],[-90.17364,38.62837],[-90.1732,38.62832],[-90.17288,38.62828],[-90.17256,38.62823],[-90.17205,38.62816],[-90.17167,38.62811],[-90.17125,38.62806],[-90.17099,38.62802],[-90.17062,38.62798],[-90.17007,38.6279],[-90.16957,38.62784],[-90.16912,38.62778],[-90.16866,38.62772],[-90.16817,38.62766],[-90.168,38.62763],[-90.16783,38.62761],[-90.16766,38.62757],[-90.1675,38.62753],[-90.16734,38.62749],[-90.16718,38.62744],[-90.16702,38.62738],[-90.16686,38.62733],[-90.1667,38.62726],[-90.16655,38.62719],[-90.1664,38.62711],[-90.16625,38.62703],[-90.16611,38.62694],[-90.16596,38.62685],[-90.16579,38.62672],[-90.16562,38.62659],[-90.16545,38.62645],[-90.16526,38.62629],[-90.16505,38.62611],[-90.16485,38.62594],[-90.16457,38.62571],[-90.16432,38.6255],[-90.16418,38.62539],[-90.16384,38.6251],[-90.16372,38.625],[-90.16321,38.62457],[-90.16294,38.62435],[-90.16286,38.62428],[-90.16272,38.62418],[-90.16258,38.6241],[-90.16243,38.62405],[-90.16227,38.62402],[-90.16211,38.62402],[-90.16177,38.62405],[-90.16105,38.62413],[-90.16095,38.62414],[-90.16085,38.62416],[-90.16075,38.62419],[-90.16056,38.62425],[-90.16047,38.6243],[-90.1603,38.6244],[-90.16021,38.62446],[-90.15993,38.62466],[-90.15946,38.62501],[-90.15888,38.62544],[-90.15841,38.62577],[-90.15785,38.62617],[-90.15735,38.62654],[-90.15695,38.62684],[-90.15671,38.62703],[-90.15612,38.62749],[-90.15568,38.62784],[-90.1552,38.6282],[-90.15507,38.6283],[-90.15472,38.62855],[-90.15422,38.62891],[-90.15343,38.62949],[-90.15306,38.62974],[-90.15286,38.62986],[-90.15266,38.62998],[-90.15245,38.63009],[-90.15224,38.6302],[-90.15203,38.6303],[-90.15181,38.6304],[-90.15133,38.63063],[-90.15078,38.63088],[-90.15045,38.63103],[-90.15016,38.63116],[-90.15003,38.63122],[-90.1499,38.63128],[-90.14976,38.63133],[-90.14963,38.63137],[-90.14949,38.63141],[-90.14935,38.63144],[-90.1492,38.63146],[-90.14906,38.63148],[-90.14892,38.63148],[-90.1488,38.63148],[-90.14867,38.63148],[-90.14855,38.63146],[-90.14843,38.63145],[-90.14831,38.63142],[-90.14819,38.63139],[-90.14807,38.63136],[-90.14796,38.63132],[-90.14785,38.63127],[-90.14773,38.63121],[-90.14763,38.63115],[-90.14752,38.63108],[-90.14742,38.63101],[-90.14719,38.63083],[-90.14663,38.63035],[-90.14651,38.63027],[-90.14639,38.6302],[-90.14627,38.63014],[-90.14614,38.63008],[-90.14602,38.63002],[-90.14592,38.62998],[-90.14582,38.62994],[-90.14571,38.62991],[-90.14544,38.62982],[-90.14512,38.62971],[-90.14477,38.62959],[-90.14464,38.62955],[-90.14452,38.62952],[-90.14439,38.62949],[-90.14426,38.62947],[-90.14414,38.62945],[-90.14401,38.62944],[-90.14388,38.62944],[-90.14375,38.62944],[-90.14362,38.62945],[-90.14338,38.62947],[-90.14315,38.6295],[-90.14291,38.62953],[-90.14231,38.62963],[-90.14159,38.62975],[-90.14119,38.62982],[-90.14109,38.62983],[-90.14086,38.62987],[-90.14036,38.62996],[-90.14008,38.63],[-90.13997,38.63002],[-90.13979,38.63005],[-90.13964,38.63007],[-90.13949,38.63008],[-90.13935,38.63008],[-90.1392,38.63007],[-90.13905,38.63007],[-90.1389,38.63005],[-90.13876,38.63003],[-90.13863,38.63],[-90.1385,38.62996],[-90.13838,38.62992],[-90.13826,38.62987],[-90.13814,38.62981],[-90.13803,38.62975],[-90.13792,38.62968],[-90.13781,38.62961],[-90.13771,38.62953],[-90.13761,38.62945],[-90.13722,38.62911],[-90.13698,38.6289],[-90.13641,38.62841],[-90.13553,38.62764],[-90.1354,38.62753],[-90.13527,38.62743],[-90.13513,38.62733],[-90.13499,38.62723],[-90.13484,38.62714],[-90.13469,38.62706],[-90.13454,38.62699],[-90.13439,38.62692],[-90.13412,38.62682],[-90.13377,38.62668],[-90.13326,38.62649],[-90.13238,38.62617],[-90.13138,38.62579],[-90.13016,38.62533],[-90.12978,38.6252],[-90.12939,38.62506],[-90.12902,38.62492],[-90.12794,38.62453],[-90.12708,38.62421],[-90.12661,38.62404],[-90.12579,38.62375],[-90.12535,38.62359],[-90.12456,38.6233],[-90.12404,38.62311],[-90.1236,38.62295],[-90.12346,38.62291],[-90.12322,38.62282],[-90.12227,38.62246],[-90.12124,38.62208],[-90.12025,38.62171],[-90.11983,38.62156],[-90.11924,38.62135],[-90.11898,38.62125],[-90.1182,38.62097],[-90.11718,38.62061],[-90.1163,38.62032],[-90.11616,38.62027],[-90.11503,38.61992],[-90.11383,38.61954],[-90.11303,38.6193],[-90.11194,38.61896],[-90.1112,38.61873],[-90.11093,38.61864],[-90.10988,38.61832],[-90.10884,38.618],[-90.10768,38.61764],[-90.1065,38.61728],[-90.10516,38.61685],[-90.10414,38.61653],[-90.10314,38.61622],[-90.10204,38.61588],[-90.10086,38.61551],[-90.09975,38.61516],[-90.09918,38.61498],[-90.09855,38.61479],[-90.09769,38.61452],[-90.09658,38.61416],[-90.09549,38.61381],[-90.09529,38.61375],[-90.09518,38.61372],[-90.09449,38.6135],[-90.09325,38.61313],[-90.09283,38.613],[-90.09194,38.61273],[-90.09078,38.61237],[-90.08961,38.612],[-90.08864,38.6117],[-90.08809,38.61153],[-90.08782,38.61144],[-90.08756,38.61134],[-90.08729,38.61124],[-90.08703,38.61113],[-90.08676,38.61102],[-90.08553,38.61049],[-90.08444,38.61003],[-90.08355,38.60964],[-90.08225,38.60909],[-90.0818,38.6089],[-90.08151,38.60877],[-90.08115,38.60862],[-90.08018,38.60821],[-90.07922,38.6078],[-90.07808,38.6073],[-90.07764,38.60713],[-90.07713,38.60695],[-90.07661,38.60679],[-90.07604,38.60663],[-90.07545,38.60647],[-90.07486,38.6063],[-90.07363,38.60596],[-90.07251,38.60564],[-90.07148,38.60535],[-90.0703,38.60502],[-90.06905,38.60466],[-90.06784,38.60433],[-90.06665,38.60399],[-90.06539,38.60364],[-90.06453,38.6034],[-90.0643,38.60334],[-90.06315,38.60301],[-90.06216,38.60273],[-90.06196,38.60267],[-90.06176,38.60262],[-90.06157,38.60255],[-90.06138,38.60248],[-90.06119,38.60241],[-90.06095,38.60232],[-90.06072,38.60222],[-90.06049,38.60212],[-90.06026,38.60202],[-90.06004,38.60191],[-90.05982,38.60179],[-90.05877,38.60128],[-90.05765,38.60074],[-90.05654,38.6002],[-90.05544,38.59965],[-90.0544,38.59915],[-90.05332,38.59861],[-90.05322,38.59857],[-90.05312,38.59851],[-90.05248,38.59821],[-90.05198,38.59795],[-90.05177,38.59783],[-90.05156,38.59771],[-90.05136,38.59759],[-90.05116,38.59745],[-90.05097,38.59732],[-90.05077,38.59718],[-90.05056,38.597],[-90.05034,38.59682],[-90.05014,38.59664],[-90.04993,38.59645],[-90.04973,38.59626],[-90.04958,38.59609],[-90.04944,38.59592],[-90.04929,38.59575],[-90.04915,38.59558],[-90.04902,38.5954],[-90.04889,38.59522],[-90.04831,38.59437]]}},{"type":"Feature","properties":{"type":"Light Rail","network":"MetroLink","route_name":"Blue Line","color":"#002774"},"geometry":{"type":"LineString","coordinates":[[-90.31943,38.5928],[-90.31947,38.5934],[-90.31951,38.59395],[-90.31953,38.5941],[-90.31956,38.59435],[-90.31958,38.59454],[-90.31965,38.59515],[-90.31968,38.59542],[-90.31971,38.5958],[-90.31972,38.59598],[-90.31973,38.59613],[-90.31972,38.59636],[-90.31971,38.59647],[-90.31962,38.59726],[-90.3196,38.59745],[-90.31959,38.59766],[-90.31958,38.59777],[-90.31959,38.59791],[-90.31961,38.59805],[-90.31963,38.5982],[-90.31966,38.59834],[-90.31969,38.59848],[-90.31973,38.59861],[-90.31978,38.59875],[-90.31985,38.59888],[-90.31991,38.59901],[-90.31998,38.59913],[-90.32006,38.59925],[-90.32014,38.59937],[-90.32021,38.59947],[-90.32028,38.59956],[-90.32035,38.59965],[-90.32043,38.59973],[-90.32051,38.59981],[-90.32062,38.59991],[-90.32073,38.60001],[-90.32085,38.60011],[-90.32097,38.6002],[-90.3211,38.60028],[-90.32123,38.60036],[-90.32136,38.60044],[-90.3215,38.60051],[-90.32188,38.60069],[-90.32204,38.60076],[-90.32269,38.60104],[-90.32332,38.60132],[-90.32346,38.60139],[-90.32359,38.60146],[-90.32373,38.60155],[-90.32386,38.60164],[-90.32398,38.60173],[-90.3241,38.60182],[-90.32421,38.60191],[-90.32431,38.60201],[-90.32441,38.60211],[-90.3245,38.60221],[-90.32467,38.6024],[-90.32478,38.60254],[-90.32503,38.60284],[-90.32513,38.60296],[-90.3254,38.60328],[-90.32548,38.60337],[-90.32556,38.60345],[-90.32565,38.60353],[-90.32574,38.60361],[-90.32583,38.60368],[-90.32593,38.60374],[-90.32604,38.6038],[-90.32616,38.60386],[-90.32629,38.60392],[-90.32642,38.60397],[-90.32655,38.60402],[-90.32668,38.60406],[-90.32682,38.60409],[-90.32695,38.60412],[-90.32709,38.60414],[-90.32786,38.60424],[-90.32799,38.60425],[-90.32813,38.60427],[-90.32827,38.60429],[-90.3284,38.60432],[-90.32853,38.60435],[-90.32866,38.60439],[-90.32879,38.60444],[-90.32892,38.60449],[-90.32905,38.60455],[-90.32917,38.60461],[-90.32928,38.60467],[-90.32939,38.60475],[-90.3295,38.60482],[-90.3296,38.60491],[-90.3297,38.605],[-90.32979,38.60509],[-90.32987,38.60519],[-90.32995,38.60529],[-90.33001,38.60539],[-90.33007,38.60548],[-90.33011,38.60558],[-90.33015,38.60568],[-90.33019,38.60578],[-90.33024,38.60593],[-90.33026,38.60609],[-90.33028,38.60625],[-90.33028,38.60642],[-90.33029,38.60699],[-90.33029,38.6071],[-90.33029,38.60763],[-90.33028,38.60799],[-90.33029,38.60819],[-90.3303,38.60838],[-90.33032,38.60858],[-90.33035,38.60887],[-90.33037,38.60907],[-90.33039,38.60921],[-90.3304,38.60935],[-90.3304,38.60949],[-90.33041,38.60963],[-90.33041,38.60977],[-90.3304,38.60991],[-90.33038,38.61006],[-90.33036,38.61019],[-90.33022,38.6112],[-90.3302,38.61132],[-90.33019,38.61144],[-90.33018,38.61156],[-90.33019,38.61168],[-90.33019,38.6118],[-90.33021,38.61192],[-90.33023,38.61204],[-90.33025,38.61216],[-90.33029,38.61227],[-90.33032,38.61237],[-90.33036,38.61247],[-90.33041,38.61257],[-90.33051,38.61274],[-90.33085,38.61321],[-90.33108,38.6136],[-90.3314,38.61412],[-90.33156,38.61439],[-90.33164,38.61453],[-90.33179,38.61481],[-90.33187,38.61495],[-90.33204,38.61532],[-90.3321,38.61543],[-90.33217,38.61554],[-90.33223,38.61565],[-90.33251,38.61612],[-90.33296,38.61688],[-90.33312,38.61712],[-90.33322,38.61728],[-90.33347,38.61762],[-90.33382,38.61812],[-90.33397,38.61837],[-90.33413,38.61862],[-90.33427,38.61888],[-90.33473,38.61962],[-90.33511,38.62025],[-90.33558,38.62104],[-90.33608,38.62185],[-90.33651,38.62257],[-90.337,38.6234],[-90.3374,38.62406],[-90.33758,38.62439],[-90.33768,38.62456],[-90.33778,38.62477],[-90.33783,38.62489],[-90.33787,38.62501],[-90.33792,38.62512],[-90.33795,38.62524],[-90.33799,38.62536],[-90.33803,38.62548],[-90.33806,38.6256],[-90.33808,38.62573],[-90.3381,38.62585],[-90.33812,38.62597],[-90.33813,38.62609],[-90.33814,38.62622],[-90.33814,38.62635],[-90.33815,38.62647],[-90.33815,38.62667],[-90.33815,38.62689],[-90.33814,38.62723],[-90.3381,38.62805],[-90.33809,38.62847],[-90.33808,38.62866],[-90.33807,38.62901],[-90.33806,38.62922],[-90.33805,38.62942],[-90.33806,38.62963],[-90.33807,38.62984],[-90.33809,38.63005],[-90.33811,38.63026],[-90.33815,38.6304],[-90.33819,38.63053],[-90.33823,38.63067],[-90.33829,38.6308],[-90.33835,38.63093],[-90.33841,38.63106],[-90.33848,38.63118],[-90.33856,38.6313],[-90.33864,38.63142],[-90.33876,38.63159],[-90.33888,38.63176],[-90.33901,38.63193],[-90.33915,38.63209],[-90.33928,38.63225],[-90.33942,38.63241],[-90.33964,38.63264],[-90.34,38.633],[-90.34022,38.6332],[-90.34046,38.6334],[-90.34099,38.63386],[-90.34128,38.63412],[-90.34146,38.63428],[-90.34182,38.63464],[-90.34207,38.63488],[-90.3425,38.63533],[-90.34259,38.63542],[-90.34266,38.63552],[-90.34274,38.63565],[-90.34279,38.63578],[-90.34283,38.63592],[-90.34285,38.6361],[-90.34286,38.63634],[-90.34286,38.6365],[-90.34288,38.63668],[-90.34292,38.63685],[-90.34297,38.63702],[-90.34303,38.63719],[-90.34339,38.63788],[-90.34346,38.63802],[-90.34365,38.63836],[-90.34385,38.6387],[-90.34403,38.639],[-90.34429,38.63943],[-90.34445,38.6397],[-90.34458,38.63992],[-90.34486,38.6404],[-90.34499,38.64063],[-90.34512,38.64084],[-90.34536,38.64127],[-90.34559,38.64167],[-90.34581,38.64207],[-90.34608,38.64252],[-90.34625,38.64283],[-90.34648,38.64323],[-90.34671,38.64363],[-90.34676,38.64372],[-90.34685,38.6439],[-90.3469,38.64402],[-90.34693,38.64415],[-90.34695,38.64429],[-90.34696,38.64444],[-90.34696,38.64456],[-90.34695,38.64469],[-90.34691,38.64483],[-90.34685,38.64497],[-90.34678,38.6451],[-90.3467,38.64522],[-90.34659,38.64535],[-90.34647,38.64546],[-90.34635,38.64556],[-90.34619,38.64567],[-90.3461,38.64572],[-90.34591,38.6458],[-90.34581,38.64584],[-90.34571,38.64587],[-90.3456,38.6459],[-90.3455,38.64593],[-90.34539,38.64594],[-90.34529,38.64596],[-90.34519,38.64597],[-90.34509,38.64597],[-90.34499,38.64597],[-90.34473,38.64596],[-90.34456,38.64594],[-90.3444,38.64592],[-90.34398,38.64586],[-90.34333,38.64577],[-90.343,38.64572],[-90.34269,38.64568],[-90.34235,38.64563],[-90.34215,38.6456],[-90.34198,38.64558],[-90.34186,38.64557],[-90.34174,38.64556],[-90.34161,38.64556],[-90.3414,38.64555],[-90.34119,38.64555],[-90.34099,38.64555],[-90.34078,38.64556],[-90.3403,38.6456],[-90.33994,38.64562],[-90.33907,38.64567],[-90.33887,38.6457],[-90.33865,38.64572],[-90.33845,38.64576],[-90.33825,38.64579],[-90.33804,38.64583],[-90.33784,38.64588],[-90.33764,38.64594],[-90.33737,38.64601],[-90.33594,38.64643],[-90.33533,38.6466],[-90.33485,38.64673],[-90.33451,38.64682],[-90.33421,38.6469],[-90.33382,38.647],[-90.33326,38.64716],[-90.33271,38.64733],[-90.33214,38.64751],[-90.33159,38.64767],[-90.33112,38.6478],[-90.33085,38.64786],[-90.33059,38.64793],[-90.33033,38.64801],[-90.33007,38.64809],[-90.32981,38.64817],[-90.32955,38.64827],[-90.32934,38.64835],[-90.32904,38.64846],[-90.32891,38.64852],[-90.32863,38.64866],[-90.32842,38.64877],[-90.32822,38.64888],[-90.32802,38.649],[-90.32765,38.64919],[-90.3275,38.64927],[-90.32736,38.64935],[-90.32722,38.64943],[-90.32708,38.64952],[-90.32694,38.64961],[-90.32643,38.64995],[-90.32593,38.65028],[-90.32533,38.65066],[-90.32465,38.65109],[-90.32407,38.65145],[-90.32392,38.65154],[-90.32377,38.65162],[-90.32362,38.65169],[-90.32347,38.65177],[-90.32331,38.65183],[-90.32316,38.6519],[-90.323,38.65195],[-90.32284,38.65201],[-90.32268,38.65205],[-90.32251,38.6521],[-90.32234,38.65213],[-90.32218,38.65217],[-90.32201,38.65219],[-90.32183,38.65221],[-90.32172,38.65223],[-90.3216,38.65224],[-90.32149,38.65224],[-90.32137,38.65224],[-90.32126,38.65223],[-90.32114,38.65222],[-90.32039,38.65214],[-90.31962,38.65207],[-90.31878,38.65198],[-90.31812,38.65191],[-90.3172,38.65183],[-90.31641,38.65174],[-90.31557,38.65167],[-90.31491,38.6516],[-90.31418,38.65153],[-90.31388,38.65152],[-90.31358,38.6515],[-90.31328,38.65148],[-90.31306,38.65147],[-90.31284,38.65145],[-90.31262,38.65143],[-90.3124,38.6514],[-90.31218,38.65136],[-90.31202,38.65133],[-90.31173,38.65127],[-90.31151,38.65122],[-90.31129,38.65116],[-90.31051,38.65097],[-90.31003,38.65086],[-90.30949,38.65074],[-90.30894,38.6506],[-90.3084,38.65048],[-90.30787,38.65036],[-90.30734,38.65024],[-90.30717,38.6502],[-90.30702,38.65017],[-90.30682,38.65015],[-90.30665,38.65012],[-90.30648,38.6501],[-90.30631,38.65008],[-90.30575,38.65001],[-90.30521,38.64994],[-90.30465,38.64986],[-90.30438,38.64982],[-90.3041,38.64978],[-90.30382,38.64974],[-90.30355,38.64971],[-90.30327,38.64968],[-90.30299,38.64965],[-90.30272,38.64961],[-90.30246,38.64958],[-90.30219,38.64955],[-90.30198,38.64954],[-90.30177,38.64952],[-90.30156,38.6495],[-90.30135,38.64947],[-90.30114,38.64944],[-90.30092,38.64939],[-90.3007,38.64934],[-90.3005,38.64929],[-90.3003,38.64925],[-90.3001,38.64921],[-90.2999,38.64917],[-90.29976,38.64914],[-90.29962,38.64912],[-90.29948,38.6491],[-90.29934,38.64909],[-90.29819,38.649],[-90.29789,38.64897],[-90.29731,38.64891],[-90.29653,38.64884],[-90.29583,38.64877],[-90.29511,38.6487],[-90.29487,38.64867],[-90.29464,38.64865],[-90.2944,38.64863],[-90.29378,38.64858],[-90.29299,38.6485],[-90.29209,38.64841],[-90.29135,38.64834],[-90.29055,38.64826],[-90.2899,38.64819],[-90.28918,38.64812],[-90.28841,38.64805],[-90.28765,38.64798],[-90.28746,38.64796],[-90.28726,38.64794],[-90.28706,38.64792],[-90.28687,38.64791],[-90.28675,38.64791],[-90.28644,38.64789],[-90.28633,38.64789],[-90.28602,38.64787],[-90.2856,38.64785],[-90.28544,38.64784],[-90.28528,38.64783],[-90.28514,38.64782],[-90.28464,38.64778],[-90.28345,38.64768],[-90.28277,38.64761],[-90.28198,38.64754],[-90.28125,38.64748],[-90.28051,38.6474],[-90.27971,38.64733],[-90.27899,38.64728],[-90.27813,38.6472],[-90.27797,38.64718],[-90.27782,38.64715],[-90.27766,38.64712],[-90.27751,38.64708],[-90.27735,38.64703],[-90.2772,38.64698],[-90.27705,38.64693],[-90.2769,38.64686],[-90.27676,38.6468],[-90.27662,38.64673],[-90.27648,38.64666],[-90.27634,38.64657],[-90.27621,38.64649],[-90.27608,38.64639],[-90.27595,38.6463],[-90.27584,38.64619],[-90.27572,38.64608],[-90.27561,38.64597],[-90.27505,38.6454],[-90.27493,38.64527],[-90.27481,38.64515],[-90.27468,38.64504],[-90.27455,38.64492],[-90.27442,38.64481],[-90.27428,38.64471],[-90.27413,38.64461],[-90.27399,38.64452],[-90.27384,38.64443],[-90.27367,38.64434],[-90.27349,38.64426],[-90.27331,38.64418],[-90.27313,38.64411],[-90.27295,38.64404],[-90.27277,38.64398],[-90.27258,38.64393],[-90.27133,38.64363],[-90.2701,38.64333],[-90.26993,38.64329],[-90.26976,38.64325],[-90.26959,38.6432],[-90.26943,38.64315],[-90.26927,38.64309],[-90.2691,38.64302],[-90.26895,38.64294],[-90.26882,38.64288],[-90.26869,38.64281],[-90.26857,38.64273],[-90.26844,38.64265],[-90.26833,38.64257],[-90.26821,38.64248],[-90.2681,38.64238],[-90.268,38.64228],[-90.26789,38.64218],[-90.2678,38.64207],[-90.26771,38.64197],[-90.26763,38.64187],[-90.26755,38.64176],[-90.26748,38.64165],[-90.26741,38.64154],[-90.26735,38.64142],[-90.26729,38.6413],[-90.26724,38.64118],[-90.26719,38.64106],[-90.26715,38.64093],[-90.26711,38.64071],[-90.26707,38.6405],[-90.26704,38.64028],[-90.26702,38.64006],[-90.26701,38.63984],[-90.26699,38.63965],[-90.26697,38.63945],[-90.26694,38.63926],[-90.2669,38.63907],[-90.26688,38.63895],[-90.26685,38.63883],[-90.26681,38.63871],[-90.26677,38.63859],[-90.26672,38.63848],[-90.26667,38.63837],[-90.26661,38.63826],[-90.26654,38.63815],[-90.26647,38.63805],[-90.26637,38.63791],[-90.26624,38.63778],[-90.2661,38.63766],[-90.26589,38.63752],[-90.2656,38.63734],[-90.26534,38.63719],[-90.26508,38.63704],[-90.26481,38.6369],[-90.26461,38.63678],[-90.26441,38.63668],[-90.2642,38.63658],[-90.264,38.63648],[-90.26378,38.63639],[-90.26357,38.63631],[-90.26336,38.63623],[-90.26314,38.63616],[-90.26292,38.6361],[-90.2627,38.63604],[-90.26204,38.63586],[-90.26157,38.63575],[-90.2608,38.6356],[-90.25964,38.63539],[-90.25954,38.63537],[-90.25847,38.63515],[-90.25761,38.63497],[-90.25703,38.63485],[-90.25626,38.63469],[-90.25608,38.63465],[-90.25523,38.63447],[-90.25461,38.63434],[-90.25352,38.6341],[-90.25294,38.63398],[-90.25276,38.63394],[-90.25217,38.63381],[-90.25158,38.63369],[-90.25103,38.63357],[-90.25048,38.63346],[-90.24995,38.63334],[-90.24939,38.63322],[-90.2488,38.6331],[-90.24846,38.63302],[-90.24816,38.63296],[-90.24752,38.63282],[-90.24691,38.63269],[-90.24654,38.63261],[-90.24617,38.63251],[-90.2458,38.63242],[-90.24555,38.63235],[-90.24531,38.63229],[-90.24507,38.63221],[-90.24468,38.63211],[-90.24427,38.632],[-90.24398,38.63193],[-90.24356,38.63182],[-90.24302,38.63169],[-90.24268,38.6316],[-90.24207,38.63146],[-90.24192,38.63142],[-90.24177,38.63138],[-90.24162,38.63134],[-90.24148,38.63129],[-90.24125,38.63122],[-90.24102,38.63114],[-90.24079,38.63105],[-90.24056,38.63096],[-90.24034,38.63087],[-90.23979,38.63062],[-90.23962,38.63054],[-90.23945,38.63046],[-90.23927,38.63039],[-90.2391,38.63032],[-90.23892,38.63026],[-90.23874,38.6302],[-90.23852,38.63014],[-90.23829,38.63008],[-90.23807,38.63002],[-90.23785,38.62997],[-90.23762,38.62993],[-90.23695,38.6298],[-90.23584,38.62959],[-90.23556,38.62954],[-90.23545,38.62952],[-90.235,38.62944],[-90.23474,38.62938],[-90.23448,38.62933],[-90.23422,38.62926],[-90.23396,38.62919],[-90.23371,38.62911],[-90.23345,38.62902],[-90.2332,38.62893],[-90.23297,38.62884],[-90.23274,38.62875],[-90.23251,38.62864],[-90.23228,38.62854],[-90.23206,38.62842],[-90.23098,38.62794],[-90.23073,38.62784],[-90.23047,38.62774],[-90.23022,38.62766],[-90.22996,38.62757],[-90.2297,38.6275],[-90.22943,38.62743],[-90.22859,38.6272],[-90.22764,38.62693],[-90.22602,38.62649],[-90.22569,38.62639],[-90.22535,38.6263],[-90.22502,38.62622],[-90.22469,38.62613],[-90.22435,38.62606],[-90.22266,38.6257],[-90.2209,38.62532],[-90.21923,38.62497],[-90.21813,38.62476],[-90.21746,38.62462],[-90.21691,38.62451],[-90.21673,38.62447],[-90.21656,38.62445],[-90.21638,38.62442],[-90.2162,38.62441],[-90.21603,38.6244],[-90.21585,38.6244],[-90.21567,38.62441],[-90.21476,38.62446],[-90.21442,38.62448],[-90.21426,38.6245],[-90.21411,38.62452],[-90.21396,38.62456],[-90.21381,38.62459],[-90.21366,38.62464],[-90.21351,38.62469],[-90.21337,38.62474],[-90.21322,38.62481],[-90.21308,38.62488],[-90.21295,38.62495],[-90.21282,38.62503],[-90.21271,38.62512],[-90.2126,38.62521],[-90.2125,38.6253],[-90.21241,38.6254],[-90.21232,38.62551],[-90.21224,38.62562],[-90.21215,38.62573],[-90.21208,38.62584],[-90.21201,38.62596],[-90.21195,38.62608],[-90.21185,38.62626],[-90.2118,38.62636],[-90.21166,38.62661],[-90.21155,38.62678],[-90.21143,38.62691],[-90.21129,38.62703],[-90.21121,38.62709],[-90.21105,38.62717],[-90.21086,38.62724],[-90.21076,38.62727],[-90.21065,38.62729],[-90.21054,38.62731],[-90.21043,38.62732],[-90.21032,38.62732],[-90.21021,38.62732],[-90.2101,38.62731],[-90.20999,38.62729],[-90.20988,38.62727],[-90.20978,38.62725],[-90.20748,38.62678],[-90.2071,38.6267],[-90.20698,38.62668],[-90.206,38.62647],[-90.20503,38.62627],[-90.20477,38.62622],[-90.20394,38.62605],[-90.20361,38.62598],[-90.20347,38.62594],[-90.20334,38.62588],[-90.20322,38.62579],[-90.20312,38.62569],[-90.20305,38.62555],[-90.20303,38.62539],[-90.20304,38.62522],[-90.20305,38.62514]]}},{"type":"Feature","properties":{"type":"Light Rail","network":"MetroLink","route_name":"Red Line","color":"#E2382D"},"geometry":{"type":"LineString","coordinates":[[-90.36462,38.74131],[-90.3644,38.74053],[-90.36437,38.74043],[-90.36433,38.74033],[-90.36428,38.74024],[-90.36423,38.74015],[-90.36418,38.74006],[-90.36412,38.73997],[-90.36405,38.73989],[-90.3639,38.73974],[-90.36374,38.73962],[-90.36365,38.73956],[-90.36356,38.73951],[-90.36346,38.73947],[-90.36336,38.73943],[-90.36326,38.7394],[-90.36255,38.73918],[-90.36239,38.73913],[-90.36224,38.73908],[-90.36209,38.73902],[-90.36194,38.73895],[-90.3618,38.73889],[-90.36034,38.73821],[-90.3594,38.73774],[-90.35854,38.73732],[-90.35839,38.73724],[-90.35824,38.73718],[-90.35808,38.73712],[-90.35793,38.73706],[-90.35778,38.73701],[-90.35767,38.73698],[-90.35753,38.73694],[-90.35742,38.73689],[-90.3573,38.73684],[-90.35719,38.73679],[-90.35708,38.73673],[-90.35643,38.73638],[-90.35562,38.73596],[-90.35545,38.73587],[-90.3551,38.73569],[-90.35495,38.73562],[-90.35481,38.73555],[-90.35466,38.73549],[-90.35451,38.73543],[-90.35436,38.73538],[-90.35421,38.73534],[-90.35405,38.7353],[-90.35393,38.73527],[-90.35374,38.73524],[-90.35353,38.7352],[-90.35333,38.73516],[-90.35306,38.7351],[-90.35256,38.73501],[-90.3524,38.73497],[-90.35223,38.73493],[-90.35207,38.73488],[-90.35192,38.73483],[-90.35176,38.73477],[-90.35161,38.7347],[-90.35146,38.73462],[-90.35129,38.73454],[-90.35113,38.73446],[-90.35096,38.73439],[-90.35079,38.73432],[-90.35061,38.73426],[-90.35046,38.7342],[-90.3503,38.73414],[-90.35014,38.7341],[-90.34994,38.73404],[-90.34974,38.73399],[-90.34954,38.73394],[-90.34934,38.7339],[-90.34914,38.73386],[-90.34808,38.73367],[-90.34789,38.73364],[-90.3477,38.73362],[-90.34751,38.73361],[-90.34732,38.7336],[-90.34713,38.7336],[-90.34664,38.73362],[-90.34606,38.73365],[-90.34553,38.73368],[-90.34499,38.7337],[-90.34483,38.73371],[-90.34467,38.73371],[-90.3445,38.7337],[-90.34434,38.73369],[-90.34417,38.73367],[-90.34398,38.73365],[-90.34382,38.73363],[-90.34361,38.7336],[-90.34342,38.73356],[-90.34324,38.73352],[-90.34305,38.73347],[-90.34277,38.7334],[-90.34248,38.73332],[-90.3422,38.73324],[-90.34192,38.73315],[-90.34129,38.73296],[-90.34109,38.7329],[-90.34089,38.73285],[-90.34069,38.7328],[-90.34049,38.73275],[-90.34029,38.73271],[-90.34008,38.73268],[-90.33987,38.73265],[-90.33966,38.73263],[-90.33944,38.73262],[-90.33923,38.7326],[-90.33822,38.73255],[-90.3377,38.73252],[-90.33713,38.73248],[-90.33699,38.73247],[-90.33685,38.73244],[-90.33671,38.73242],[-90.33658,38.73238],[-90.33644,38.73234],[-90.33631,38.7323],[-90.33618,38.73225],[-90.33606,38.73221],[-90.33595,38.73216],[-90.33584,38.7321],[-90.33573,38.73204],[-90.33562,38.73198],[-90.33552,38.73191],[-90.33542,38.73183],[-90.33533,38.73176],[-90.33524,38.73167],[-90.33515,38.73158],[-90.33506,38.73147],[-90.33497,38.73134],[-90.33489,38.73122],[-90.33481,38.73109],[-90.33473,38.73096],[-90.33467,38.73083],[-90.33425,38.73012],[-90.33415,38.72994],[-90.3341,38.72985],[-90.33404,38.72975],[-90.33397,38.72965],[-90.33391,38.72955],[-90.33383,38.72946],[-90.33375,38.72938],[-90.33367,38.7293],[-90.33358,38.72923],[-90.33349,38.72916],[-90.3334,38.72909],[-90.3333,38.72903],[-90.33321,38.72898],[-90.3331,38.72893],[-90.33246,38.7286],[-90.3322,38.72846],[-90.33149,38.7281],[-90.33132,38.72801],[-90.3312,38.72795],[-90.33059,38.72763],[-90.32963,38.72715],[-90.32932,38.72699],[-90.32879,38.72672],[-90.32788,38.72625],[-90.32771,38.72615],[-90.32754,38.72605],[-90.32737,38.72595],[-90.3272,38.72584],[-90.32703,38.72573],[-90.32681,38.72559],[-90.3266,38.72544],[-90.32639,38.72529],[-90.32618,38.72513],[-90.32585,38.72486],[-90.32544,38.72451],[-90.32514,38.72427],[-90.32436,38.72364],[-90.32382,38.7232],[-90.32327,38.72277],[-90.32284,38.72241],[-90.32246,38.7221],[-90.32209,38.72182],[-90.32194,38.72172],[-90.32178,38.72161],[-90.32161,38.72151],[-90.32145,38.72142],[-90.32128,38.72133],[-90.32113,38.72125],[-90.32099,38.72118],[-90.32084,38.72111],[-90.32069,38.72105],[-90.32053,38.72099],[-90.32038,38.72094],[-90.31991,38.72078],[-90.31941,38.72064],[-90.31894,38.72051],[-90.31853,38.72039],[-90.31775,38.72015],[-90.31761,38.72011],[-90.31746,38.72007],[-90.31731,38.72004],[-90.31717,38.72001],[-90.31701,38.71999],[-90.31686,38.71998],[-90.31671,38.71997],[-90.31605,38.71996],[-90.31567,38.71996],[-90.31535,38.71996],[-90.315,38.71997],[-90.3149,38.71997],[-90.31467,38.71997],[-90.3145,38.71996],[-90.31433,38.71995],[-90.31416,38.71993],[-90.314,38.71991],[-90.31388,38.71988],[-90.31376,38.71986],[-90.31364,38.71982],[-90.31353,38.71978],[-90.31341,38.71973],[-90.3133,38.71968],[-90.3132,38.71962],[-90.31309,38.71956],[-90.313,38.7195],[-90.31291,38.71943],[-90.31283,38.71936],[-90.31274,38.71929],[-90.31267,38.71921],[-90.3126,38.71912],[-90.31253,38.71903],[-90.31247,38.71894],[-90.31237,38.71878],[-90.3123,38.71862],[-90.31224,38.71844],[-90.31217,38.71822],[-90.31198,38.71759],[-90.31193,38.71744],[-90.31188,38.71727],[-90.31172,38.71678],[-90.31169,38.71668],[-90.31166,38.71658],[-90.31162,38.71648],[-90.31158,38.71637],[-90.31154,38.71627],[-90.31149,38.71617],[-90.31143,38.71607],[-90.31137,38.71597],[-90.3113,38.71588],[-90.31123,38.71579],[-90.31115,38.71571],[-90.31107,38.71563],[-90.31098,38.71555],[-90.31082,38.71541],[-90.31064,38.71528],[-90.31047,38.71515],[-90.31035,38.71507],[-90.31016,38.71494],[-90.30999,38.71484],[-90.3097,38.71469],[-90.30948,38.71458],[-90.30939,38.71453],[-90.30926,38.71447],[-90.30904,38.71437],[-90.30878,38.71425],[-90.30852,38.71413],[-90.30827,38.71399],[-90.30795,38.71384],[-90.30765,38.71369],[-90.30719,38.71345],[-90.30703,38.71337],[-90.30691,38.71332],[-90.30682,38.71326],[-90.30669,38.71318],[-90.30658,38.71312],[-90.3062,38.71291],[-90.3059,38.71273],[-90.30577,38.71266],[-90.30562,38.71257],[-90.30548,38.71247],[-90.30533,38.71237],[-90.3052,38.71226],[-90.30509,38.71219],[-90.30499,38.7121],[-90.30489,38.71201],[-90.30479,38.71192],[-90.30468,38.71179],[-90.30458,38.71165],[-90.30451,38.71149],[-90.30445,38.71133],[-90.30442,38.71116],[-90.30443,38.71095],[-90.30445,38.71083],[-90.30447,38.71071],[-90.3045,38.71059],[-90.30454,38.71047],[-90.30471,38.70996],[-90.30485,38.70954],[-90.305,38.70909],[-90.30516,38.70859],[-90.30519,38.70849],[-90.30522,38.70839],[-90.30525,38.70828],[-90.30527,38.70818],[-90.3053,38.708],[-90.30532,38.70781],[-90.30535,38.70763],[-90.30536,38.70745],[-90.30537,38.70726],[-90.30538,38.70708],[-90.30537,38.70696],[-90.30537,38.70673],[-90.30535,38.70655],[-90.30534,38.70638],[-90.30531,38.70617],[-90.30527,38.70597],[-90.30523,38.70576],[-90.30519,38.70558],[-90.30515,38.70534],[-90.30499,38.70448],[-90.30483,38.70365],[-90.30468,38.70282],[-90.30452,38.70194],[-90.30442,38.70138],[-90.30431,38.70083],[-90.30421,38.70027],[-90.3041,38.69971],[-90.304,38.69916],[-90.3039,38.6986],[-90.30379,38.69804],[-90.3037,38.69751],[-90.30362,38.69708],[-90.30352,38.69656],[-90.30344,38.69615],[-90.30336,38.6957],[-90.30327,38.69523],[-90.30318,38.69475],[-90.30306,38.69412],[-90.30296,38.69355],[-90.30288,38.69313],[-90.30275,38.6924],[-90.30265,38.69186],[-90.30257,38.69145],[-90.30245,38.69078],[-90.30242,38.69066],[-90.30234,38.69023],[-90.30224,38.68969],[-90.30214,38.68914],[-90.30204,38.6886],[-90.30194,38.68806],[-90.30189,38.68778],[-90.30184,38.68751],[-90.30174,38.68697],[-90.30164,38.68643],[-90.30154,38.68588],[-90.30148,38.68555],[-90.30144,38.68532],[-90.30135,38.68488],[-90.30125,38.68434],[-90.30117,38.68385],[-90.30113,38.68364],[-90.30109,38.68344],[-90.30101,38.68301],[-90.30093,38.68256],[-90.30085,38.68216],[-90.30076,38.68167],[-90.30065,38.68109],[-90.30054,38.68048],[-90.30043,38.67986],[-90.30032,38.67927],[-90.3002,38.67864],[-90.30009,38.67804],[-90.29999,38.6775],[-90.29988,38.67695],[-90.29978,38.67644],[-90.2997,38.67592],[-90.29959,38.67538],[-90.29954,38.67509],[-90.29949,38.67483],[-90.29939,38.67427],[-90.29929,38.67373],[-90.29919,38.67319],[-90.29914,38.67292],[-90.2991,38.6727],[-90.29901,38.67222],[-90.29892,38.67173],[-90.29883,38.67124],[-90.29875,38.67081],[-90.29866,38.67032],[-90.29856,38.66978],[-90.29847,38.66929],[-90.29839,38.66887],[-90.29829,38.66832],[-90.29803,38.66699],[-90.29789,38.66619],[-90.29787,38.66608],[-90.29776,38.66544],[-90.29765,38.66488],[-90.29756,38.66435],[-90.29749,38.664],[-90.29746,38.66383],[-90.29735,38.66329],[-90.29726,38.66279],[-90.29718,38.66236],[-90.29709,38.66187],[-90.29706,38.6617],[-90.29699,38.66137],[-90.29696,38.66119],[-90.29694,38.66106],[-90.29691,38.66091],[-90.29688,38.66074],[-90.29685,38.66057],[-90.29681,38.6604],[-90.29676,38.66024],[-90.29671,38.66007],[-90.29666,38.65991],[-90.29659,38.65975],[-90.29653,38.6596],[-90.29638,38.65928],[-90.29623,38.65896],[-90.29607,38.65865],[-90.29576,38.65806],[-90.2955,38.65753],[-90.29521,38.65697],[-90.29493,38.65642],[-90.29484,38.65625],[-90.29455,38.65567],[-90.29444,38.65544],[-90.29418,38.65491],[-90.29399,38.65456],[-90.29375,38.65414],[-90.29363,38.65394],[-90.29351,38.65375],[-90.29338,38.65356],[-90.29324,38.65338],[-90.29309,38.65319],[-90.29292,38.653],[-90.29276,38.65282],[-90.29259,38.65263],[-90.29242,38.65246],[-90.29224,38.6523],[-90.29206,38.65213],[-90.29187,38.65198],[-90.29169,38.65182],[-90.29083,38.6511],[-90.29003,38.65042],[-90.28963,38.65008],[-90.28906,38.6496],[-90.28865,38.64926],[-90.28848,38.64912],[-90.2883,38.64899],[-90.28812,38.64887],[-90.28794,38.64875],[-90.28775,38.64864],[-90.28756,38.64853],[-90.2874,38.64845],[-90.28724,38.64837],[-90.28708,38.6483],[-90.28692,38.64823],[-90.28676,38.64817],[-90.28659,38.64811],[-90.28641,38.64805],[-90.28621,38.648],[-90.28602,38.64795],[-90.28583,38.64791],[-90.28563,38.64787],[-90.28544,38.64784],[-90.28528,38.64783],[-90.28514,38.64782],[-90.28464,38.64778],[-90.28345,38.64768],[-90.28277,38.64761],[-90.28198,38.64754],[-90.28125,38.64748],[-90.28051,38.6474],[-90.27971,38.64733],[-90.27899,38.64728],[-90.27813,38.6472],[-90.27797,38.64718],[-90.27782,38.64715],[-90.27766,38.64712],[-90.27751,38.64708],[-90.27735,38.64703],[-90.2772,38.64698],[-90.27705,38.64693],[-90.2769,38.64686],[-90.27676,38.6468],[-90.27662,38.64673],[-90.27648,38.64666],[-90.27634,38.64657],[-90.27621,38.64649],[-90.27608,38.64639],[-90.27595,38.6463],[-90.27584,38.64619],[-90.27572,38.64608],[-90.27561,38.64597],[-90.27505,38.6454],[-90.27493,38.64527],[-90.27481,38.64515],[-90.27468,38.64504],[-90.27455,38.64492],[-90.27442,38.64481],[-90.27428,38.64471],[-90.27413,38.64461],[-90.27399,38.64452],[-90.27384,38.64443],[-90.27367,38.64434],[-90.27349,38.64426],[-90.27331,38.64418],[-90.27313,38.64411],[-90.27295,38.64404],[-90.27277,38.64398],[-90.27258,38.64393],[-90.27133,38.64363],[-90.2701,38.64333],[-90.26993,38.64329],[-90.26976,38.64325],[-90.26959,38.6432],[-90.26943,38.64315],[-90.26927,38.64309],[-90.2691,38.64302],[-90.26895,38.64294],[-90.26882,38.64288],[-90.26869,38.64281],[-90.26857,38.64273],[-90.26844,38.64265],[-90.26833,38.64257],[-90.26821,38.64248],[-90.2681,38.64238],[-90.268,38.64228],[-90.26789,38.64218],[-90.2678,38.64207],[-90.26771,38.64197],[-90.26763,38.64187],[-90.26755,38.64176],[-90.26748,38.64165],[-90.26741,38.64154],[-90.26735,38.64142],[-90.26729,38.6413],[-90.26724,38.64118],[-90.26719,38.64106],[-90.26715,38.64093],[-90.26711,38.64071],[-90.26707,38.6405],[-90.26704,38.64028],[-90.26702,38.64006],[-90.26701,38.63984],[-90.26699,38.63965],[-90.26697,38.63945],[-90.26694,38.63926],[-90.2669,38.63907],[-90.26688,38.63895],[-90.26685,38.63883],[-90.26681,38.63871],[-90.26677,38.63859],[-90.26672,38.63848],[-90.26667,38.63837],[-90.26661,38.63826],[-90.26654,38.63815],[-90.26647,38.63805],[-90.26637,38.63791],[-90.26624,38.63778],[-90.2661,38.63766],[-90.26589,38.63752],[-90.2656,38.63734],[-90.26534,38.63719],[-90.26508,38.63704],[-90.26481,38.6369],[-90.26461,38.63678],[-90.26441,38.63668],[-90.2642,38.63658],[-90.264,38.63648],[-90.26378,38.63639],[-90.26357,38.63631],[-90.26336,38.63623],[-90.26314,38.63616],[-90.26292,38.6361],[-90.2627,38.63604],[-90.26204,38.63586],[-90.26157,38.63575],[-90.2608,38.6356],[-90.25964,38.63539],[-90.25954,38.63537],[-90.25847,38.63515],[-90.25761,38.63497],[-90.25703,38.63485],[-90.25626,38.63469],[-90.25608,38.63465],[-90.25523,38.63447],[-90.25461,38.63434],[-90.25352,38.6341],[-90.25294,38.63398],[-90.25276,38.63394],[-90.25217,38.63381],[-90.25158,38.63369],[-90.25103,38.63357],[-90.25048,38.63346],[-90.24995,38.63334],[-90.24939,38.63322],[-90.2488,38.6331],[-90.24846,38.63302],[-90.24816,38.63296],[-90.24752,38.63282],[-90.24691,38.63269],[-90.24654,38.63261],[-90.24617,38.63251],[-90.2458,38.63242],[-90.24555,38.63235],[-90.24531,38.63229],[-90.24507,38.63221],[-90.24468,38.63211],[-90.24427,38.632],[-90.24398,38.63193],[-90.24356,38.63182],[-90.24302,38.63169],[-90.24268,38.6316],[-90.24207,38.63146],[-90.24192,38.63142],[-90.24177,38.63138],[-90.24162,38.63134],[-90.24148,38.63129],[-90.24125,38.63122],[-90.24102,38.63114],[-90.24079,38.63105],[-90.24056,38.63096],[-90.24034,38.63087],[-90.23979,38.63062],[-90.23962,38.63054],[-90.23945,38.63046],[-90.23927,38.63039],[-90.2391,38.63032],[-90.23892,38.63026],[-90.23874,38.6302],[-90.23852,38.63014],[-90.23829,38.63008],[-90.23807,38.63002],[-90.23785,38.62997],[-90.23762,38.62993],[-90.23695,38.6298],[-90.23584,38.62959],[-90.23556,38.62954],[-90.23545,38.62952],[-90.235,38.62944],[-90.23474,38.62938],[-90.23448,38.62933],[-90.23422,38.62926],[-90.23396,38.62919],[-90.23371,38.62911],[-90.23345,38.62902],[-90.2332,38.62893],[-90.23297,38.62884],[-90.23274,38.62875],[-90.23251,38.62864],[-90.23228,38.62854],[-90.23206,38.62842],[-90.23098,38.62794],[-90.23073,38.62784],[-90.23047,38.62774],[-90.23022,38.62766],[-90.22996,38.62757],[-90.2297,38.6275],[-90.22943,38.62743],[-90.22859,38.6272],[-90.22764,38.62693],[-90.22602,38.62649],[-90.22569,38.62639],[-90.22535,38.6263],[-90.22502,38.62622],[-90.22469,38.62613],[-90.22435,38.62606],[-90.22266,38.6257],[-90.2209,38.62532],[-90.21923,38.62497],[-90.21813,38.62476],[-90.21746,38.62462],[-90.21691,38.62451],[-90.21673,38.62447],[-90.21656,38.62445],[-90.21638,38.62442],[-90.2162,38.62441],[-90.21603,38.6244],[-90.21585,38.6244],[-90.21567,38.62441],[-90.21476,38.62446],[-90.21442,38.62448],[-90.21426,38.6245],[-90.21411,38.62452],[-90.21396,38.62456],[-90.21381,38.62459],[-90.21366,38.62464],[-90.21351,38.62469],[-90.21337,38.62474],[-90.21322,38.62481],[-90.21308,38.62488],[-90.21295,38.62495],[-90.21282,38.62503],[-90.21271,38.62512],[-90.2126,38.62521],[-90.2125,38.6253],[-90.21241,38.6254],[-90.21232,38.62551],[-90.21224,38.62562],[-90.21215,38.62573],[-90.21208,38.62584],[-90.21201,38.62596],[-90.21195,38.62608],[-90.21185,38.62626],[-90.2118,38.62636],[-90.21166,38.62661],[-90.21155,38.62678],[-90.21143,38.62691],[-90.21129,38.62703],[-90.21121,38.62709],[-90.21105,38.62717],[-90.21086,38.62724],[-90.21076,38.62727],[-90.21065,38.62729],[-90.21054,38.62731],[-90.21043,38.62732],[-90.21032,38.62732],[-90.21021,38.62732],[-90.2101,38.62731],[-90.20999,38.62729],[-90.20988,38.62727],[-90.20978,38.62725],[-90.20748,38.62678],[-90.2071,38.6267],[-90.20698,38.62668],[-90.206,38.62647],[-90.20503,38.62627],[-90.20477,38.62622],[-90.20394,38.62605],[-90.20361,38.62598],[-90.20347,38.62594],[-90.20334,38.62588],[-90.20322,38.62579],[-90.20312,38.62569],[-90.20305,38.62555],[-90.20303,38.62539],[-90.20304,38.62522],[-90.20306,38.6251],[-90.20309,38.62491],[-90.20318,38.62447],[-90.20325,38.62412],[-90.20329,38.62394],[-90.2033,38.62382],[-90.20331,38.62372],[-90.2033,38.62361],[-90.20327,38.62351],[-90.20322,38.62342],[-90.20314,38.62335],[-90.20297,38.62327],[-90.20279,38.62321],[-90.2026,38.62317],[-90.20226,38.62311],[-90.20189,38.62305],[-90.20144,38.62298],[-90.20067,38.62285],[-90.20018,38.62277],[-90.19988,38.62272],[-90.19942,38.62264],[-90.19906,38.62257],[-90.19888,38.62254],[-90.19871,38.6225],[-90.19854,38.62246],[-90.19807,38.62233],[-90.19792,38.62229],[-90.19776,38.62225],[-90.1976,38.62223],[-90.19744,38.6222],[-90.19727,38.62219],[-90.19711,38.62217],[-90.19695,38.62217],[-90.19679,38.62217],[-90.19664,38.62217],[-90.19649,38.62217],[-90.19638,38.62218],[-90.19619,38.6222],[-90.19604,38.62222],[-90.19589,38.62225],[-90.19575,38.62228],[-90.19561,38.62232],[-90.19551,38.62234],[-90.19533,38.62241],[-90.19524,38.62246],[-90.19515,38.62251],[-90.19507,38.62257],[-90.19493,38.62269],[-90.19486,38.62277],[-90.19474,38.62292],[-90.19469,38.62301],[-90.19461,38.62318],[-90.19457,38.62328],[-90.19451,38.62345],[-90.19426,38.62403],[-90.19411,38.62438],[-90.19372,38.62537],[-90.19337,38.62625],[-90.19329,38.62643],[-90.19325,38.62655],[-90.19304,38.62706],[-90.19292,38.62736],[-90.19272,38.62783],[-90.19246,38.62845],[-90.19239,38.62861],[-90.1921,38.62935],[-90.19179,38.6301],[-90.19167,38.63039],[-90.1916,38.63047],[-90.1915,38.63054],[-90.19139,38.63058],[-90.19127,38.63059],[-90.19115,38.63058],[-90.19047,38.63044],[-90.18976,38.63029],[-90.18934,38.6302],[-90.18846,38.63003],[-90.18815,38.62996],[-90.18721,38.62978],[-90.1871,38.62975],[-90.18698,38.62973],[-90.18686,38.62971],[-90.18675,38.6297],[-90.18663,38.62969],[-90.18651,38.62969],[-90.18623,38.62967],[-90.18606,38.62967],[-90.1859,38.62966],[-90.18507,38.6296],[-90.18463,38.62956],[-90.18403,38.6295],[-90.18374,38.62947],[-90.1835,38.62945],[-90.1827,38.62937],[-90.18225,38.62932],[-90.18154,38.62926],[-90.1803,38.62912],[-90.17921,38.62901],[-90.17885,38.62897],[-90.17793,38.62888],[-90.17672,38.62873],[-90.17552,38.62859],[-90.17518,38.62856],[-90.175,38.62854],[-90.17485,38.62852],[-90.17364,38.62837],[-90.1732,38.62832],[-90.17288,38.62828],[-90.17256,38.62823],[-90.17205,38.62816],[-90.17167,38.62811],[-90.17125,38.62806],[-90.17099,38.62802],[-90.17062,38.62798],[-90.17007,38.6279],[-90.16957,38.62784],[-90.16912,38.62778],[-90.16866,38.62772],[-90.16817,38.62766],[-90.168,38.62763],[-90.16783,38.62761],[-90.16766,38.62757],[-90.1675,38.62753],[-90.16734,38.62749],[-90.16718,38.62744],[-90.16702,38.62738],[-90.16686,38.62733],[-90.1667,38.62726],[-90.16655,38.62719],[-90.1664,38.62711],[-90.16625,38.62703],[-90.16611,38.62694],[-90.16596,38.62685],[-90.16579,38.62672],[-90.16562,38.62659],[-90.16545,38.62645],[-90.16526,38.62629],[-90.16505,38.62611],[-90.16485,38.62594],[-90.16457,38.62571],[-90.16432,38.6255],[-90.16418,38.62539],[-90.16384,38.6251],[-90.16372,38.625],[-90.16321,38.62457],[-90.16294,38.62435],[-90.16286,38.62428],[-90.16272,38.62418],[-90.16258,38.6241],[-90.16243,38.62405],[-90.16227,38.62402],[-90.16211,38.62402],[-90.16177,38.62405],[-90.16105,38.62413],[-90.16095,38.62414],[-90.16085,38.62416],[-90.16075,38.62419],[-90.16056,38.62425],[-90.16047,38.6243],[-90.1603,38.6244],[-90.16021,38.62446],[-90.15993,38.62466],[-90.15946,38.62501],[-90.15888,38.62544],[-90.15841,38.62577],[-90.15785,38.62617],[-90.15735,38.62654],[-90.15695,38.62684],[-90.15671,38.62703],[-90.15612,38.62749],[-90.15568,38.62784],[-90.1552,38.6282],[-90.15507,38.6283],[-90.15472,38.62855],[-90.15422,38.62891],[-90.15343,38.62949],[-90.15306,38.62974],[-90.15286,38.62986],[-90.15266,38.62998],[-90.15245,38.63009],[-90.15224,38.6302],[-90.15203,38.6303],[-90.15181,38.6304],[-90.15133,38.63063],[-90.15078,38.63088],[-90.15045,38.63103],[-90.15016,38.63116],[-90.15003,38.63122],[-90.1499,38.63128],[-90.14976,38.63133],[-90.14963,38.63137],[-90.14949,38.63141],[-90.14935,38.63144],[-90.1492,38.63146],[-90.14906,38.63148],[-90.14892,38.63148],[-90.1488,38.63148],[-90.14867,38.63148],[-90.14855,38.63146],[-90.14843,38.63145],[-90.14831,38.63142],[-90.14819,38.63139],[-90.14807,38.63136],[-90.14796,38.63132],[-90.14785,38.63127],[-90.14773,38.63121],[-90.14763,38.63115],[-90.14752,38.63108],[-90.14742,38.63101],[-90.14719,38.63083],[-90.14663,38.63035],[-90.14651,38.63027],[-90.14639,38.6302],[-90.14627,38.63014],[-90.14614,38.63008],[-90.14602,38.63002],[-90.14592,38.62998],[-90.14582,38.62994],[-90.14571,38.62991],[-90.14544,38.62982],[-90.14512,38.62971],[-90.14477,38.62959],[-90.14464,38.62955],[-90.14452,38.62952],[-90.14439,38.62949],[-90.14426,38.62947],[-90.14414,38.62945],[-90.14401,38.62944],[-90.14388,38.62944],[-90.14375,38.62944],[-90.14362,38.62945],[-90.14338,38.62947],[-90.14315,38.6295],[-90.14291,38.62953],[-90.14231,38.62963],[-90.14159,38.62975],[-90.14119,38.62982],[-90.14109,38.62983],[-90.14086,38.62987],[-90.14036,38.62996],[-90.14008,38.63],[-90.13997,38.63002],[-90.13979,38.63005],[-90.13964,38.63007],[-90.13949,38.63008],[-90.13935,38.63008],[-90.1392,38.63007],[-90.13905,38.63007],[-90.1389,38.63005],[-90.13876,38.63003],[-90.13863,38.63],[-90.1385,38.62996],[-90.13838,38.62992],[-90.13826,38.62987],[-90.13814,38.62981],[-90.13803,38.62975],[-90.13792,38.62968],[-90.13781,38.62961],[-90.13771,38.62953],[-90.13761,38.62945]]}},{"type":"Feature","properties":{"type":"Light Rail","network":"MetroLink","route_name":"Red Line","color":"#E2382D"},"geometry":{"type":"LineString","coordinates":[[-90.36462,38.74131],[-90.3644,38.74053],[-90.36437,38.74043],[-90.36433,38.74033],[-90.36428,38.74024],[-90.36423,38.74015],[-90.36418,38.74006],[-90.36412,38.73997],[-90.36405,38.73989],[-90.3639,38.73974],[-90.36374,38.73962],[-90.36365,38.73956],[-90.36356,38.73951],[-90.36346,38.73947],[-90.36336,38.73943],[-90.36326,38.7394],[-90.36255,38.73918],[-90.36239,38.73913],[-90.36224,38.73908],[-90.36209,38.73902],[-90.36194,38.73895],[-90.3618,38.73889],[-90.36034,38.73821],[-90.3594,38.73774],[-90.35854,38.73732],[-90.35839,38.73724],[-90.35824,38.73718],[-90.35808,38.73712],[-90.35793,38.73706],[-90.35778,38.73701],[-90.35767,38.73698],[-90.35753,38.73694],[-90.35742,38.73689],[-90.3573,38.73684],[-90.35719,38.73679],[-90.35708,38.73673],[-90.35643,38.73638],[-90.35562,38.73596],[-90.35545,38.73587],[-90.3551,38.73569],[-90.35495,38.73562],[-90.35481,38.73555],[-90.35466,38.73549],[-90.35451,38.73543],[-90.35436,38.73538],[-90.35421,38.73534],[-90.35405,38.7353],[-90.35393,38.73527],[-90.35374,38.73524],[-90.35353,38.7352],[-90.35333,38.73516],[-90.35306,38.7351],[-90.35256,38.73501],[-90.3524,38.73497],[-90.35223,38.73493],[-90.35207,38.73488],[-90.35192,38.73483],[-90.35176,38.73477],[-90.35161,38.7347],[-90.35146,38.73462],[-90.35129,38.73454],[-90.35113,38.73446],[-90.35096,38.73439],[-90.35079,38.73432],[-90.35061,38.73426],[-90.35046,38.7342],[-90.3503,38.73414],[-90.35014,38.7341],[-90.34994,38.73404],[-90.34974,38.73399],[-90.34954,38.73394],[-90.34934,38.7339],[-90.34914,38.73386],[-90.34808,38.73367],[-90.34789,38.73364],[-90.3477,38.73362],[-90.34751,38.73361],[-90.34732,38.7336],[-90.34713,38.7336],[-90.34664,38.73362],[-90.34606,38.73365],[-90.34553,38.73368],[-90.34499,38.7337],[-90.34483,38.73371],[-90.34467,38.73371],[-90.3445,38.7337],[-90.34434,38.73369],[-90.34417,38.73367],[-90.34398,38.73365],[-90.34382,38.73363],[-90.34361,38.7336],[-90.34342,38.73356],[-90.34324,38.73352],[-90.34305,38.73347],[-90.34277,38.7334],[-90.34248,38.73332],[-90.3422,38.73324],[-90.34192,38.73315],[-90.34129,38.73296],[-90.34109,38.7329],[-90.34089,38.73285],[-90.34069,38.7328],[-90.34049,38.73275],[-90.34029,38.73271],[-90.34008,38.73268],[-90.33987,38.73265],[-90.33966,38.73263],[-90.33944,38.73262],[-90.33923,38.7326],[-90.33822,38.73255],[-90.3377,38.73252],[-90.33713,38.73248],[-90.33699,38.73247],[-90.33685,38.73244],[-90.33671,38.73242],[-90.33658,38.73238],[-90.33644,38.73234],[-90.33631,38.7323],[-90.33618,38.73225],[-90.33606,38.73221],[-90.33595,38.73216],[-90.33584,38.7321],[-90.33573,38.73204],[-90.33562,38.73198],[-90.33552,38.73191],[-90.33542,38.73183],[-90.33533,38.73176],[-90.33524,38.73167],[-90.33515,38.73158],[-90.33506,38.73147],[-90.33497,38.73134],[-90.33489,38.73122],[-90.33481,38.73109],[-90.33473,38.73096],[-90.33467,38.73083],[-90.33425,38.73012],[-90.33415,38.72994],[-90.3341,38.72985],[-90.33404,38.72975],[-90.33397,38.72965],[-90.33391,38.72955],[-90.33383,38.72946],[-90.33375,38.72938],[-90.33367,38.7293],[-90.33358,38.72923],[-90.33349,38.72916],[-90.3334,38.72909],[-90.3333,38.72903],[-90.33321,38.72898],[-90.3331,38.72893],[-90.33246,38.7286],[-90.3322,38.72846],[-90.33149,38.7281],[-90.33132,38.72801],[-90.3312,38.72795],[-90.33059,38.72763],[-90.32963,38.72715],[-90.32932,38.72699],[-90.32879,38.72672],[-90.32788,38.72625],[-90.32771,38.72615],[-90.32754,38.72605],[-90.32737,38.72595],[-90.3272,38.72584],[-90.32703,38.72573],[-90.32681,38.72559],[-90.3266,38.72544],[-90.32639,38.72529],[-90.32618,38.72513],[-90.32585,38.72486],[-90.32544,38.72451],[-90.32514,38.72427],[-90.32436,38.72364],[-90.32382,38.7232],[-90.32327,38.72277],[-90.32284,38.72241],[-90.32246,38.7221],[-90.32209,38.72182],[-90.32194,38.72172],[-90.32178,38.72161],[-90.32161,38.72151],[-90.32145,38.72142],[-90.32128,38.72133],[-90.32113,38.72125],[-90.32099,38.72118],[-90.32084,38.72111],[-90.32069,38.72105],[-90.32053,38.72099],[-90.32038,38.72094],[-90.31991,38.72078],[-90.31941,38.72064],[-90.31894,38.72051],[-90.31853,38.72039],[-90.31775,38.72015],[-90.31761,38.72011],[-90.31746,38.72007],[-90.31731,38.72004],[-90.31717,38.72001],[-90.31701,38.71999],[-90.31686,38.71998],[-90.31671,38.71997],[-90.31605,38.71996],[-90.31567,38.71996],[-90.31535,38.71996],[-90.315,38.71997],[-90.3149,38.71997],[-90.31467,38.71997],[-90.3145,38.71996],[-90.31433,38.71995],[-90.31416,38.71993],[-90.314,38.71991],[-90.31388,38.71988],[-90.31376,38.71986],[-90.31364,38.71982],[-90.31353,38.71978],[-90.31341,38.71973],[-90.3133,38.71968],[-90.3132,38.71962],[-90.31309,38.71956],[-90.313,38.7195],[-90.31291,38.71943],[-90.31283,38.71936],[-90.31274,38.71929],[-90.31267,38.71921],[-90.3126,38.71912],[-90.31253,38.71903],[-90.31247,38.71894],[-90.31237,38.71878],[-90.3123,38.71862],[-90.31224,38.71844],[-90.31217,38.71822],[-90.31198,38.71759],[-90.31193,38.71744],[-90.31188,38.71727],[-90.31172,38.71678],[-90.31169,38.71668],[-90.31166,38.71658],[-90.31162,38.71648],[-90.31158,38.71637],[-90.31154,38.71627],[-90.31149,38.71617],[-90.31143,38.71607],[-90.31137,38.71597],[-90.3113,38.71588],[-90.31123,38.71579],[-90.31115,38.71571],[-90.31107,38.71563],[-90.31098,38.71555],[-90.31082,38.71541],[-90.31064,38.71528],[-90.31047,38.71515],[-90.31035,38.71507],[-90.31016,38.71494],[-90.30999,38.71484],[-90.3097,38.71469],[-90.30948,38.71458],[-90.30939,38.71453],[-90.30926,38.71447],[-90.30904,38.71437],[-90.30878,38.71425],[-90.30852,38.71413],[-90.30827,38.71399],[-90.30795,38.71384],[-90.30765,38.71369],[-90.30719,38.71345],[-90.30703,38.71337],[-90.30691,38.71332],[-90.30682,38.71326],[-90.30669,38.71318],[-90.30658,38.71312],[-90.3062,38.71291],[-90.3059,38.71273],[-90.30577,38.71266],[-90.30562,38.71257],[-90.30548,38.71247],[-90.30533,38.71237],[-90.3052,38.71226],[-90.30509,38.71219],[-90.30499,38.7121],[-90.30489,38.71201],[-90.30479,38.71192],[-90.30468,38.71179],[-90.30458,38.71165],[-90.30451,38.71149],[-90.30445,38.71133],[-90.30442,38.71116],[-90.30443,38.71095],[-90.30445,38.71083],[-90.30447,38.71071],[-90.3045,38.71059],[-90.30454,38.71047],[-90.30471,38.70996],[-90.30485,38.70954],[-90.305,38.70909],[-90.30516,38.70859],[-90.30519,38.70849],[-90.30522,38.70839],[-90.30525,38.70828],[-90.30527,38.70818],[-90.3053,38.708],[-90.30532,38.70781],[-90.30535,38.70763],[-90.30536,38.70745],[-90.30537,38.70726],[-90.30538,38.70708],[-90.30537,38.70696],[-90.30537,38.70673],[-90.30535,38.70655],[-90.30534,38.70638],[-90.30531,38.70617],[-90.30527,38.70597],[-90.30523,38.70576],[-90.30519,38.70558],[-90.30515,38.70534],[-90.30499,38.70448],[-90.30483,38.70365],[-90.30468,38.70282],[-90.30452,38.70194],[-90.30442,38.70138],[-90.30431,38.70083],[-90.30421,38.70027],[-90.3041,38.69971],[-90.304,38.69916],[-90.3039,38.6986],[-90.30379,38.69804],[-90.3037,38.69751],[-90.30362,38.69708],[-90.30352,38.69656],[-90.30344,38.69615],[-90.30336,38.6957],[-90.30327,38.69523],[-90.30318,38.69475],[-90.30306,38.69412],[-90.30296,38.69355],[-90.30288,38.69313],[-90.30275,38.6924],[-90.30265,38.69186],[-90.30257,38.69145],[-90.30245,38.69078],[-90.30242,38.69066],[-90.30234,38.69023],[-90.30224,38.68969],[-90.30214,38.68914],[-90.30204,38.6886],[-90.30194,38.68806],[-90.30189,38.68778],[-90.30184,38.68751],[-90.30174,38.68697],[-90.30164,38.68643],[-90.30154,38.68588],[-90.30148,38.68555],[-90.30144,38.68532],[-90.30135,38.68488],[-90.30125,38.68434],[-90.30117,38.68385],[-90.30113,38.68364],[-90.30109,38.68344],[-90.30101,38.68301],[-90.30093,38.68256],[-90.30085,38.68216],[-90.30076,38.68167],[-90.30065,38.68109],[-90.30054,38.68048],[-90.30043,38.67986],[-90.30032,38.67927],[-90.3002,38.67864],[-90.30009,38.67804],[-90.29999,38.6775],[-90.29988,38.67695],[-90.29978,38.67644],[-90.2997,38.67592],[-90.29959,38.67538],[-90.29954,38.67509],[-90.29949,38.67483],[-90.29939,38.67427],[-90.29929,38.67373],[-90.29919,38.67319],[-90.29914,38.67292],[-90.2991,38.6727],[-90.29901,38.67222],[-90.29892,38.67173],[-90.29883,38.67124],[-90.29875,38.67081],[-90.29866,38.67032],[-90.29856,38.66978],[-90.29847,38.66929],[-90.29839,38.66887],[-90.29829,38.66832],[-90.29803,38.66699],[-90.29789,38.66619],[-90.29787,38.66608],[-90.29776,38.66544],[-90.29765,38.66488],[-90.29756,38.66435],[-90.29749,38.664],[-90.29746,38.66383],[-90.29735,38.66329],[-90.29726,38.66279],[-90.29718,38.66236],[-90.29709,38.66187],[-90.29706,38.6617],[-90.29699,38.66137],[-90.29696,38.66119],[-90.29694,38.66106],[-90.29691,38.66091],[-90.29688,38.66074],[-90.29685,38.66057],[-90.29681,38.6604],[-90.29676,38.66024],[-90.29671,38.66007],[-90.29666,38.65991],[-90.29659,38.65975],[-90.29653,38.6596],[-90.29638,38.65928],[-90.29623,38.65896],[-90.29607,38.65865],[-90.29576,38.65806],[-90.2955,38.65753],[-90.29521,38.65697],[-90.29493,38.65642],[-90.29484,38.65625],[-90.29455,38.65567],[-90.29444,38.65544],[-90.29418,38.65491],[-90.29399,38.65456],[-90.29375,38.65414],[-90.29363,38.65394],[-90.29351,38.65375],[-90.29338,38.65356],[-90.29324,38.65338],[-90.29309,38.65319],[-90.29292,38.653],[-90.29276,38.65282],[-90.29259,38.65263],[-90.29242,38.65246],[-90.29224,38.6523],[-90.29206,38.65213],[-90.29187,38.65198],[-90.29169,38.65182],[-90.29083,38.6511],[-90.29003,38.65042],[-90.28963,38.65008],[-90.28906,38.6496],[-90.28865,38.64926],[-90.28848,38.64912],[-90.2883,38.64899],[-90.28812,38.64887],[-90.28794,38.64875],[-90.28775,38.64864],[-90.28756,38.64853],[-90.2874,38.64845],[-90.28724,38.64837],[-90.28708,38.6483],[-90.28692,38.64823],[-90.28676,38.64817],[-90.28659,38.64811],[-90.28641,38.64805],[-90.28621,38.648],[-90.28602,38.64795],[-90.28583,38.64791],[-90.28563,38.64787],[-90.28544,38.64784],[-90.28528,38.64783],[-90.28514,38.64782],[-90.28464,38.64778],[-90.28345,38.64768],[-90.28277,38.64761],[-90.28198,38.64754],[-90.28125,38.64748],[-90.28051,38.6474],[-90.27971,38.64733],[-90.27899,38.64728],[-90.27813,38.6472],[-90.27797,38.64718],[-90.27782,38.64715],[-90.27766,38.64712],[-90.27751,38.64708],[-90.27735,38.64703],[-90.2772,38.64698],[-90.27705,38.64693],[-90.2769,38.64686],[-90.27676,38.6468],[-90.27662,38.64673],[-90.27648,38.64666],[-90.27634,38.64657],[-90.27621,38.64649],[-90.27608,38.64639],[-90.27595,38.6463],[-90.27584,38.64619],[-90.27572,38.64608],[-90.27561,38.64597],[-90.27505,38.6454],[-90.27493,38.64527],[-90.27481,38.64515],[-90.27468,38.64504],[-90.27455,38.64492],[-90.27442,38.64481],[-90.27428,38.64471],[-90.27413,38.64461],[-90.27399,38.64452],[-90.27384,38.64443],[-90.27367,38.64434],[-90.27349,38.64426],[-90.27331,38.64418],[-90.27313,38.64411],[-90.27295,38.64404],[-90.27277,38.64398],[-90.27258,38.64393],[-90.27133,38.64363],[-90.2701,38.64333],[-90.26993,38.64329],[-90.26976,38.64325],[-90.26959,38.6432],[-90.26943,38.64315],[-90.26927,38.64309],[-90.2691,38.64302],[-90.26895,38.64294],[-90.26882,38.64288],[-90.26869,38.64281],[-90.26857,38.64273],[-90.26844,38.64265],[-90.26833,38.64257],[-90.26821,38.64248],[-90.2681,38.64238],[-90.268,38.64228],[-90.26789,38.64218],[-90.2678,38.64207],[-90.26771,38.64197],[-90.26763,38.64187],[-90.26755,38.64176],[-90.26748,38.64165],[-90.26741,38.64154],[-90.26735,38.64142],[-90.26729,38.6413],[-90.26724,38.64118],[-90.26719,38.64106],[-90.26715,38.64093],[-90.26711,38.64071],[-90.26707,38.6405],[-90.26704,38.64028],[-90.26702,38.64006],[-90.26701,38.63984],[-90.26699,38.63965],[-90.26697,38.63945],[-90.26694,38.63926],[-90.2669,38.63907],[-90.26688,38.63895],[-90.26685,38.63883],[-90.26681,38.63871],[-90.26677,38.63859],[-90.26672,38.63848],[-90.26667,38.63837],[-90.26661,38.63826],[-90.26654,38.63815],[-90.26647,38.63805],[-90.26637,38.63791],[-90.26624,38.63778],[-90.2661,38.63766],[-90.26589,38.63752],[-90.2656,38.63734],[-90.26534,38.63719],[-90.26508,38.63704],[-90.26481,38.6369],[-90.26461,38.63678],[-90.26441,38.63668],[-90.2642,38.63658],[-90.264,38.63648],[-90.26378,38.63639],[-90.26357,38.63631],[-90.26336,38.63623],[-90.26314,38.63616],[-90.26292,38.6361],[-90.2627,38.63604],[-90.26204,38.63586],[-90.26157,38.63575],[-90.2608,38.6356],[-90.25964,38.63539],[-90.25954,38.63537],[-90.25847,38.63515],[-90.25761,38.63497],[-90.25703,38.63485],[-90.25626,38.63469],[-90.25608,38.63465],[-90.25523,38.63447],[-90.25461,38.63434],[-90.25352,38.6341],[-90.25294,38.63398],[-90.25276,38.63394],[-90.25217,38.63381],[-90.25158,38.63369],[-90.25103,38.63357],[-90.25048,38.63346],[-90.24995,38.63334],[-90.24939,38.63322],[-90.2488,38.6331],[-90.24846,38.63302],[-90.24816,38.63296],[-90.24752,38.63282],[-90.24691,38.63269],[-90.24654,38.63261],[-90.24617,38.63251],[-90.2458,38.63242],[-90.24555,38.63235],[-90.24531,38.63229],[-90.24507,38.63221],[-90.24468,38.63211],[-90.24427,38.632],[-90.24398,38.63193],[-90.24356,38.63182],[-90.24302,38.63169],[-90.24268,38.6316],[-90.24207,38.63146],[-90.24192,38.63142],[-90.24177,38.63138],[-90.24162,38.63134],[-90.24148,38.63129],[-90.24125,38.63122],[-90.24102,38.63114],[-90.24079,38.63105],[-90.24056,38.63096],[-90.24034,38.63087],[-90.23979,38.63062],[-90.23962,38.63054],[-90.23945,38.63046],[-90.23927,38.63039],[-90.2391,38.63032],[-90.23892,38.63026],[-90.23874,38.6302],[-90.23852,38.63014],[-90.23829,38.63008],[-90.23807,38.63002],[-90.23785,38.62997],[-90.23762,38.62993],[-90.23695,38.6298],[-90.23584,38.62959],[-90.23556,38.62954],[-90.23545,38.62952],[-90.235,38.62944],[-90.23474,38.62938],[-90.23448,38.62933],[-90.23422,38.62926],[-90.23396,38.62919],[-90.23371,38.62911],[-90.23345,38.62902],[-90.2332,38.62893],[-90.23297,38.62884],[-90.23274,38.62875],[-90.23251,38.62864],[-90.23228,38.62854],[-90.23206,38.62842],[-90.23098,38.62794],[-90.23073,38.62784],[-90.23047,38.62774],[-90.23022,38.62766],[-90.22996,38.62757],[-90.2297,38.6275],[-90.22943,38.62743],[-90.22859,38.6272],[-90.22764,38.62693],[-90.22602,38.62649],[-90.22569,38.62639],[-90.22535,38.6263],[-90.22502,38.62622],[-90.22469,38.62613],[-90.22435,38.62606],[-90.22266,38.6257],[-90.2209,38.62532],[-90.21923,38.62497],[-90.21813,38.62476],[-90.21746,38.62462],[-90.21691,38.62451],[-90.21673,38.62447],[-90.21656,38.62445],[-90.21638,38.62442],[-90.2162,38.62441],[-90.21603,38.6244],[-90.21585,38.6244],[-90.21567,38.62441],[-90.21476,38.62446],[-90.21442,38.62448],[-90.21426,38.6245],[-90.21411,38.62452],[-90.21396,38.62456],[-90.21381,38.62459],[-90.21366,38.62464],[-90.21351,38.62469],[-90.21337,38.62474],[-90.21322,38.62481],[-90.21308,38.62488],[-90.21295,38.62495],[-90.21282,38.62503],[-90.21271,38.62512],[-90.2126,38.62521],[-90.2125,38.6253],[-90.21241,38.6254],[-90.21232,38.62551],[-90.21224,38.62562],[-90.21215,38.62573],[-90.21208,38.62584],[-90.21201,38.62596],[-90.21195,38.62608],[-90.21185,38.62626],[-90.2118,38.62636],[-90.21166,38.62661],[-90.21155,38.62678],[-90.21143,38.62691],[-90.21129,38.62703],[-90.21121,38.62709],[-90.21105,38.62717],[-90.21086,38.62724],[-90.21076,38.62727],[-90.21065,38.62729],[-90.21054,38.62731],[-90.21043,38.62732],[-90.21032,38.62732],[-90.21021,38.62732],[-90.2101,38.62731],[-90.20999,38.62729],[-90.20988,38.62727],[-90.20978,38.62725],[-90.20748,38.62678],[-90.2071,38.6267],[-90.20698,38.62668],[-90.206,38.62647],[-90.20503,38.62627],[-90.20477,38.62622],[-90.20394,38.62605],[-90.20361,38.62598],[-90.20347,38.62594],[-90.20334,38.62588],[-90.20322,38.62579],[-90.20312,38.62569],[-90.20305,38.62555],[-90.20303,38.62539],[-90.20304,38.62522],[-90.20305,38.62514]]}},{"type":"Feature","properties":{"type":"Light Rail","network":"MetroLink","route_name":"Red Line","color":"#E2382D"},"geometry":{"type":"LineString","coordinates":[[-90.09529,38.61375],[-90.09518,38.61372],[-90.09449,38.6135],[-90.09325,38.61313],[-90.09283,38.613],[-90.09194,38.61273],[-90.09078,38.61237],[-90.08961,38.612],[-90.08864,38.6117],[-90.08809,38.61153],[-90.08782,38.61144],[-90.08756,38.61134],[-90.08729,38.61124],[-90.08703,38.61113],[-90.08676,38.61102],[-90.08553,38.61049],[-90.08444,38.61003],[-90.08355,38.60964],[-90.08225,38.60909],[-90.0818,38.6089],[-90.08151,38.60877],[-90.08115,38.60862],[-90.08018,38.60821],[-90.07922,38.6078],[-90.07808,38.6073],[-90.07764,38.60713],[-90.07713,38.60695],[-90.07661,38.60679],[-90.07604,38.60663],[-90.07545,38.60647],[-90.07486,38.6063],[-90.07363,38.60596],[-90.07251,38.60564],[-90.07148,38.60535],[-90.0703,38.60502],[-90.06905,38.60466],[-90.06784,38.60433],[-90.06665,38.60399],[-90.06539,38.60364],[-90.06453,38.6034],[-90.0643,38.60334],[-90.06315,38.60301],[-90.06216,38.60273],[-90.06196,38.60267],[-90.06176,38.60262],[-90.06157,38.60255],[-90.06138,38.60248],[-90.06119,38.60241],[-90.06095,38.60232],[-90.06072,38.60222],[-90.06049,38.60212],[-90.06026,38.60202],[-90.06004,38.60191],[-90.05982,38.60179],[-90.05877,38.60128],[-90.05765,38.60074],[-90.05654,38.6002],[-90.05544,38.59965],[-90.0544,38.59915],[-90.05332,38.59861],[-90.05322,38.59857],[-90.05312,38.59851],[-90.05248,38.59821],[-90.05198,38.59795],[-90.05177,38.59783],[-90.05156,38.59771],[-90.05136,38.59759],[-90.05116,38.59745],[-90.05097,38.59732],[-90.05077,38.59718],[-90.05056,38.597],[-90.05034,38.59682],[-90.05014,38.59664],[-90.04993,38.59645],[-90.04973,38.59626],[-90.04958,38.59609],[-90.04944,38.59592],[-90.04929,38.59575],[-90.04915,38.59558],[-90.04902,38.5954],[-90.04889,38.59522],[-90.04831,38.59437],[-90.0478,38.59362],[-90.0471,38.59265],[-90.04634,38.59153],[-90.04564,38.59052],[-90.04495,38.5895],[-90.04479,38.58926],[-90.04467,38.58904],[-90.04456,38.58882],[-90.04445,38.5886],[-90.04435,38.58838],[-90.04425,38.58816],[-90.04389,38.58733],[-90.04372,38.58695],[-90.04335,38.58613],[-90.04327,38.58597],[-90.04292,38.58516],[-90.04265,38.58455],[-90.04253,38.58428],[-90.04237,38.58388],[-90.04231,38.58374],[-90.04226,38.58359],[-90.04222,38.58345],[-90.04219,38.5833],[-90.04215,38.58315],[-90.04213,38.583],[-90.04211,38.58285],[-90.04211,38.58269],[-90.04211,38.58253],[-90.04212,38.58237],[-90.04214,38.58221],[-90.04217,38.58206],[-90.0422,38.5819],[-90.04224,38.58175],[-90.0423,38.58156],[-90.04236,38.58138],[-90.04243,38.58119],[-90.04251,38.58101],[-90.04259,38.58083],[-90.04268,38.58066],[-90.04322,38.57955],[-90.04328,38.57942],[-90.04334,38.57929],[-90.0434,38.57915],[-90.04344,38.57902],[-90.04349,38.57888],[-90.04352,38.57874],[-90.04355,38.5786],[-90.04358,38.57846],[-90.04359,38.57832],[-90.0436,38.57817],[-90.0436,38.57803],[-90.0436,38.57789],[-90.04359,38.57775],[-90.04357,38.57761],[-90.04354,38.57747],[-90.0435,38.5773],[-90.04346,38.57714],[-90.04341,38.57698],[-90.04335,38.57682],[-90.04329,38.57666],[-90.04322,38.57651],[-90.04315,38.57635],[-90.04306,38.57618],[-90.04297,38.57601],[-90.04287,38.57585],[-90.04277,38.57569],[-90.04266,38.57552],[-90.04254,38.57534],[-90.0424,38.57515],[-90.04226,38.57497],[-90.04212,38.5748],[-90.04197,38.57463],[-90.04182,38.57446],[-90.04163,38.57427],[-90.04144,38.57409],[-90.04125,38.57391],[-90.04105,38.57374],[-90.04094,38.57365],[-90.04083,38.57357],[-90.04072,38.57348],[-90.0406,38.57341],[-90.04048,38.57334],[-90.04035,38.57327],[-90.04023,38.57321],[-90.0401,38.57315],[-90.03997,38.5731],[-90.03981,38.57305],[-90.03964,38.57299],[-90.03948,38.57295],[-90.03931,38.57291],[-90.03914,38.57288],[-90.03897,38.57285],[-90.03844,38.57279],[-90.03785,38.57273],[-90.03738,38.57267],[-90.03714,38.57264],[-90.0369,38.57259],[-90.03666,38.57254],[-90.03642,38.57249],[-90.03619,38.57243],[-90.03607,38.57239],[-90.03591,38.57234],[-90.0358,38.57231],[-90.03561,38.57224],[-90.03542,38.57217],[-90.03523,38.57209],[-90.03505,38.57202],[-90.03487,38.57194],[-90.0347,38.57185],[-90.03453,38.57176],[-90.03436,38.57166],[-90.0342,38.57156],[-90.03404,38.57145],[-90.03389,38.57134],[-90.03373,38.57122],[-90.03358,38.5711],[-90.03343,38.57097],[-90.03328,38.57083],[-90.03314,38.57069],[-90.033,38.57055],[-90.03287,38.5704],[-90.03276,38.57028],[-90.03266,38.57015],[-90.03257,38.57002],[-90.03247,38.56988],[-90.03239,38.56974],[-90.03231,38.5696],[-90.03223,38.56945],[-90.03217,38.56931],[-90.03207,38.56911],[-90.03199,38.56891],[-90.03191,38.56871],[-90.03176,38.56827],[-90.03146,38.56747],[-90.03104,38.56628],[-90.03065,38.56523],[-90.03059,38.56509],[-90.03053,38.56495],[-90.03046,38.56482],[-90.03038,38.56469],[-90.0303,38.56456],[-90.03021,38.56444],[-90.03012,38.56433],[-90.03002,38.56423],[-90.02992,38.56413],[-90.02982,38.56403],[-90.02971,38.56394],[-90.0296,38.56386],[-90.02948,38.56378],[-90.02936,38.5637],[-90.02923,38.56364],[-90.02911,38.56357],[-90.02898,38.56351],[-90.02882,38.56345],[-90.02866,38.5634],[-90.0285,38.56334],[-90.02834,38.5633],[-90.02818,38.56326],[-90.02801,38.56323],[-90.02784,38.5632],[-90.02767,38.56317],[-90.02667,38.56306],[-90.02535,38.56291],[-90.02468,38.56284],[-90.02447,38.56282],[-90.02426,38.56279],[-90.02405,38.56275],[-90.02384,38.56271],[-90.02363,38.56267],[-90.02343,38.56261],[-90.02322,38.56255],[-90.02303,38.56249],[-90.02283,38.56242],[-90.02263,38.56235],[-90.02244,38.56227],[-90.02225,38.56218],[-90.02209,38.5621],[-90.02193,38.56201],[-90.02177,38.56192],[-90.02162,38.56182],[-90.02147,38.56172],[-90.02132,38.56161],[-90.02118,38.5615],[-90.02104,38.56139],[-90.02091,38.56126],[-90.02079,38.56115],[-90.02067,38.56103],[-90.02055,38.56091],[-90.02044,38.56078],[-90.02034,38.56065],[-90.02024,38.56051],[-90.02015,38.56037],[-90.02006,38.56023],[-90.01943,38.55923],[-90.01935,38.55911],[-90.01925,38.559],[-90.01915,38.55889],[-90.01905,38.55878],[-90.01895,38.55868],[-90.01883,38.55858],[-90.01872,38.55849],[-90.0186,38.5584],[-90.01848,38.55832],[-90.01835,38.55825],[-90.01821,38.55817],[-90.01807,38.55811],[-90.01792,38.55805],[-90.01778,38.55799],[-90.01763,38.55794],[-90.01748,38.5579],[-90.01732,38.55786],[-90.01717,38.55783],[-90.01703,38.55781],[-90.0169,38.55778],[-90.01676,38.55776],[-90.01627,38.5577],[-90.0159,38.55765],[-90.0146,38.55748],[-90.01418,38.55743],[-90.01401,38.5574],[-90.01384,38.55737],[-90.01367,38.55733],[-90.0135,38.55729],[-90.01333,38.55724],[-90.01316,38.55719],[-90.013,38.55713],[-90.01284,38.55706],[-90.0127,38.55699],[-90.01255,38.55691],[-90.01241,38.55682],[-90.01227,38.55674],[-90.01214,38.55664],[-90.012,38.55654],[-90.01157,38.55621],[-90.01085,38.55566],[-90.00958,38.55469],[-90.00832,38.55375],[-90.00718,38.55289],[-90.00608,38.55206],[-90.00484,38.55111],[-90.00378,38.55031],[-90.00361,38.55019],[-90.00343,38.55008],[-90.00325,38.54997],[-90.00307,38.54986],[-90.00288,38.54977],[-90.00269,38.54967],[-90.00181,38.54928],[-90.00158,38.54918],[-90.00143,38.54912],[-90.00128,38.54904],[-90.00113,38.54896],[-90.00099,38.54888],[-90.00084,38.54879],[-90.00071,38.5487],[-90.00057,38.5486],[-90.00044,38.54849],[-90.00032,38.54838],[-90.00019,38.54827],[-90.00007,38.54815],[-89.99913,38.54711],[-89.99844,38.54634],[-89.99828,38.54618],[-89.99818,38.54608],[-89.99795,38.54587],[-89.99778,38.54572],[-89.99761,38.54558],[-89.99743,38.54544],[-89.99724,38.54531],[-89.99703,38.54517],[-89.99681,38.54502],[-89.9966,38.54489],[-89.99638,38.54475],[-89.99505,38.54398],[-89.99466,38.54374],[-89.99454,38.54367],[-89.99412,38.5434],[-89.99392,38.54326],[-89.99372,38.54311],[-89.99352,38.54296],[-89.99333,38.5428],[-89.99314,38.54264],[-89.99246,38.54204],[-89.99228,38.54188],[-89.9921,38.54171],[-89.99192,38.54154],[-89.99176,38.54137],[-89.99159,38.54119],[-89.99143,38.54101],[-89.99111,38.54065],[-89.99079,38.54026],[-89.98998,38.53923],[-89.98911,38.53811],[-89.98831,38.5371],[-89.9882,38.53697],[-89.98808,38.53684],[-89.98796,38.53672],[-89.98783,38.5366],[-89.98768,38.53646],[-89.98754,38.53633],[-89.98735,38.53616],[-89.98664,38.53555],[-89.98655,38.53548],[-89.98646,38.53541],[-89.98638,38.53533],[-89.98631,38.53525],[-89.98624,38.53516],[-89.98618,38.53507],[-89.98612,38.53498],[-89.98607,38.53488],[-89.98602,38.53478],[-89.98598,38.53467],[-89.98593,38.53454],[-89.98589,38.53441],[-89.98586,38.53427],[-89.98583,38.53413],[-89.9858,38.53399],[-89.98579,38.53386],[-89.98578,38.53376],[-89.98577,38.53357],[-89.98565,38.53274],[-89.9856,38.53258],[-89.98555,38.53241],[-89.9855,38.53225],[-89.98544,38.53209],[-89.98537,38.53194],[-89.98529,38.53178],[-89.98521,38.53164],[-89.98511,38.5315],[-89.98501,38.53137],[-89.98491,38.53124],[-89.9848,38.53111],[-89.98469,38.53099],[-89.98457,38.53087],[-89.98445,38.53076],[-89.98433,38.53065],[-89.984,38.53036],[-89.98366,38.53007],[-89.98352,38.52994],[-89.98338,38.52982],[-89.98324,38.52968],[-89.98311,38.52955],[-89.98298,38.52941],[-89.98286,38.52926],[-89.98274,38.52911],[-89.98197,38.52812],[-89.98137,38.52733],[-89.98089,38.52672],[-89.98082,38.52664],[-89.9805,38.52624],[-89.98011,38.52577],[-89.97997,38.52561],[-89.97982,38.52545],[-89.97967,38.5253],[-89.97951,38.52515],[-89.97935,38.52501],[-89.97919,38.52488],[-89.97902,38.52474],[-89.97883,38.5246],[-89.97864,38.52446],[-89.97844,38.52432],[-89.97825,38.52419],[-89.97801,38.52405],[-89.97701,38.52344],[-89.97601,38.52284],[-89.97491,38.52217],[-89.97447,38.52191],[-89.97422,38.52175],[-89.9732,38.52114],[-89.97204,38.52043],[-89.97077,38.51967],[-89.96947,38.51889],[-89.96918,38.51872],[-89.96815,38.5181],[-89.96739,38.51764],[-89.96686,38.51732],[-89.96581,38.51669],[-89.96563,38.51658],[-89.96471,38.51602],[-89.96353,38.51531],[-89.96289,38.51493],[-89.96228,38.51456],[-89.96131,38.51397],[-89.96004,38.51321],[-89.95979,38.51306],[-89.95871,38.51242],[-89.95755,38.51183],[-89.95667,38.51139],[-89.95626,38.51119],[-89.9553,38.51071],[-89.95405,38.51008],[-89.95393,38.51002],[-89.95367,38.50989],[-89.95341,38.50977],[-89.95327,38.50971],[-89.95314,38.50966],[-89.95287,38.50955],[-89.95262,38.50945],[-89.95236,38.50936],[-89.9521,38.50928],[-89.95184,38.50919],[-89.95158,38.50912],[-89.95131,38.50905],[-89.95104,38.50899],[-89.95077,38.50894],[-89.95041,38.50887],[-89.95004,38.50881],[-89.94967,38.50876],[-89.94939,38.50873],[-89.94911,38.50871],[-89.94883,38.50869],[-89.94855,38.50868],[-89.94827,38.50867],[-89.94799,38.50867],[-89.94771,38.50868],[-89.94743,38.50869],[-89.9463,38.50874],[-89.9452,38.50879],[-89.94379,38.50885],[-89.94242,38.50892],[-89.94112,38.50898],[-89.93978,38.50903],[-89.93845,38.5091],[-89.93835,38.5091],[-89.93714,38.50915],[-89.93585,38.50921],[-89.93451,38.50927],[-89.93321,38.50934],[-89.93181,38.5094],[-89.93056,38.50945],[-89.92923,38.50951],[-89.9285,38.50954],[-89.92791,38.50957],[-89.92733,38.50959],[-89.92657,38.50963],[-89.92518,38.5097],[-89.9238,38.50976],[-89.92287,38.50982],[-89.92269,38.50984],[-89.92252,38.50986],[-89.92234,38.50989],[-89.92217,38.50993],[-89.922,38.50997],[-89.92184,38.51002],[-89.92167,38.51008],[-89.92151,38.51015],[-89.92136,38.51021],[-89.92122,38.51029],[-89.92108,38.51037],[-89.92095,38.51045],[-89.92081,38.51054],[-89.92069,38.51063],[-89.92056,38.51073],[-89.92044,38.51084],[-89.92032,38.51095],[-89.92021,38.51106],[-89.92013,38.51118],[-89.92005,38.5113],[-89.91997,38.51142],[-89.9199,38.51155],[-89.91984,38.51168],[-89.91979,38.51181],[-89.91974,38.51195],[-89.91969,38.51208],[-89.91966,38.51219],[-89.91964,38.5123],[-89.91963,38.51242],[-89.91962,38.51253],[-89.91962,38.51264],[-89.91964,38.51377],[-89.91966,38.51487],[-89.91966,38.51575],[-89.91967,38.51622],[-89.91967,38.5169],[-89.91969,38.51781],[-89.91969,38.51803],[-89.91968,38.51825],[-89.91966,38.51847],[-89.91965,38.51869],[-89.91962,38.51891],[-89.91956,38.5195],[-89.9195,38.52003],[-89.91941,38.52108],[-89.91932,38.52198],[-89.91921,38.52309],[-89.9191,38.52421],[-89.91903,38.52495],[-89.91893,38.52588],[-89.91889,38.52607],[-89.91885,38.52625],[-89.91881,38.52644],[-89.91876,38.52663],[-89.9187,38.52681],[-89.91863,38.52699],[-89.91859,38.52709],[-89.91854,38.52719],[-89.91845,38.52738],[-89.91835,38.52757],[-89.91824,38.52776],[-89.91813,38.52795],[-89.91799,38.52814],[-89.91784,38.52833],[-89.91769,38.52851],[-89.91753,38.52869],[-89.91736,38.52886],[-89.91719,38.52903],[-89.91704,38.52916],[-89.91688,38.52929],[-89.91671,38.52942],[-89.91655,38.52954],[-89.91638,38.52966],[-89.9162,38.52977],[-89.91603,38.52988],[-89.91585,38.52998],[-89.91567,38.53007],[-89.91549,38.53016],[-89.91531,38.53025],[-89.91513,38.53033],[-89.91494,38.53041],[-89.91475,38.53048],[-89.91457,38.53054],[-89.91438,38.53061],[-89.91418,38.53066],[-89.91399,38.53071],[-89.91379,38.53076],[-89.91358,38.53081],[-89.91336,38.53085],[-89.91315,38.53089],[-89.91293,38.53092],[-89.91271,38.53094],[-89.91249,38.53096],[-89.91229,38.53098],[-89.91209,38.53099],[-89.91189,38.53099],[-89.91169,38.531],[-89.91035,38.53099],[-89.90901,38.53099],[-89.90766,38.53099],[-89.90634,38.53098],[-89.90601,38.53098],[-89.905,38.53098],[-89.90372,38.53097],[-89.90234,38.53097],[-89.90097,38.53096],[-89.89965,38.53096],[-89.89819,38.53096],[-89.89721,38.53095],[-89.89683,38.53095],[-89.89546,38.53095],[-89.89527,38.53095],[-89.89507,38.53096],[-89.89488,38.53097],[-89.89469,38.53099],[-89.8945,38.53101],[-89.89431,38.53103],[-89.89412,38.53105],[-89.89393,38.53108],[-89.89375,38.53112],[-89.89356,38.53116],[-89.89335,38.53121],[-89.89322,38.53124],[-89.89291,38.53133],[-89.8927,38.5314],[-89.89249,38.53148],[-89.89228,38.53156],[-89.89201,38.53169],[-89.89186,38.53176],[-89.89174,38.53182],[-89.89147,38.53196],[-89.8901,38.53268],[-89.88989,38.53278],[-89.88967,38.53289],[-89.88945,38.53298],[-89.88923,38.53307],[-89.88901,38.53316],[-89.88878,38.53323],[-89.88856,38.53331],[-89.88834,38.53338],[-89.88812,38.53344],[-89.8879,38.5335],[-89.88767,38.53355],[-89.88744,38.5336],[-89.88723,38.53364],[-89.88702,38.53368],[-89.88679,38.53372],[-89.88656,38.53375],[-89.88634,38.53377],[-89.88612,38.53378],[-89.88591,38.5338],[-89.88571,38.53381],[-89.8855,38.53382],[-89.8853,38.53382],[-89.88392,38.53379],[-89.88378,38.53379],[-89.88343,38.53378],[-89.88261,38.53376],[-89.88129,38.53374],[-89.88055,38.53372],[-89.88039,38.53372],[-89.88023,38.53373],[-89.88008,38.53374],[-89.87992,38.53376],[-89.87976,38.53379],[-89.87961,38.53383],[-89.87946,38.53387],[-89.87931,38.53392],[-89.87916,38.53397],[-89.87904,38.53402],[-89.87892,38.53407],[-89.87881,38.53413],[-89.8787,38.5342],[-89.87859,38.53427],[-89.87849,38.53435],[-89.87839,38.53443],[-89.8783,38.53452],[-89.87821,38.53461],[-89.87813,38.53471],[-89.87805,38.53481],[-89.87797,38.53491],[-89.87791,38.53502],[-89.87785,38.53511],[-89.87776,38.53529],[-89.8777,38.53548],[-89.87767,38.53558],[-89.87766,38.53568],[-89.87764,38.53587],[-89.87764,38.53606],[-89.87766,38.53625],[-89.87771,38.53644],[-89.87778,38.53662],[-89.87787,38.53679],[-89.87837,38.53769],[-89.87892,38.53865]]}},{"type":"Feature","properties":{"type":"Light Rail","network":"MetroLink","route_name":"Red Line","color":"#E2382D"},"geometry":{"type":"LineString","coordinates":[[-89.87892,38.53865],[-89.87837,38.53769],[-89.87787,38.53679],[-89.87778,38.53662],[-89.87771,38.53644],[-89.87768,38.53634],[-89.87765,38.53615],[-89.87764,38.53596],[-89.87764,38.53577],[-89.87767,38.53558],[-89.8777,38.53548],[-89.87773,38.53538],[-89.87781,38.5352],[-89.87791,38.53502],[-89.87797,38.53491],[-89.87805,38.53481],[-89.87813,38.53471],[-89.87821,38.53461],[-89.8783,38.53452],[-89.87839,38.53443],[-89.87849,38.53435],[-89.87859,38.53427],[-89.8787,38.5342],[-89.87881,38.53413],[-89.87892,38.53407],[-89.87904,38.53402],[-89.87916,38.53397],[-89.87931,38.53392],[-89.87946,38.53387],[-89.87961,38.53383],[-89.87971,38.5338],[-89.87992,38.53376],[-89.88008,38.53374],[-89.88023,38.53373],[-89.88039,38.53372],[-89.88055,38.53372],[-89.88129,38.53374],[-89.88261,38.53376],[-89.88343,38.53378],[-89.88378,38.53379],[-89.88392,38.53379],[-89.8853,38.53382],[-89.8855,38.53382],[-89.88571,38.53381],[-89.88591,38.5338],[-89.88612,38.53378],[-89.88634,38.53377],[-89.88656,38.53375],[-89.88679,38.53372],[-89.88701,38.53368],[-89.88723,38.53364],[-89.88744,38.5336],[-89.88767,38.53355],[-89.8879,38.5335],[-89.88812,38.53344],[-89.88834,38.53338],[-89.88856,38.53331],[-89.88878,38.53323],[-89.88901,38.53316],[-89.88923,38.53307],[-89.88945,38.53298],[-89.88967,38.53289],[-89.88989,38.53278],[-89.8901,38.53268],[-89.89147,38.53196],[-89.89174,38.53182],[-89.89186,38.53176],[-89.89201,38.53169],[-89.89228,38.53156],[-89.89249,38.53148],[-89.8927,38.5314],[-89.89291,38.53133],[-89.89313,38.53127],[-89.89335,38.53121],[-89.89356,38.53116],[-89.89375,38.53112],[-89.89393,38.53108],[-89.89412,38.53105],[-89.89431,38.53103],[-89.8945,38.53101],[-89.89469,38.53099],[-89.89488,38.53097],[-89.89507,38.53096],[-89.89527,38.53095],[-89.89546,38.53095],[-89.89683,38.53095],[-89.89721,38.53095],[-89.89819,38.53096],[-89.89958,38.53096],[-89.90097,38.53096],[-89.90234,38.53097],[-89.90372,38.53097],[-89.905,38.53098],[-89.90601,38.53098],[-89.90634,38.53098],[-89.90766,38.53099],[-89.90901,38.53099],[-89.91035,38.53099],[-89.91169,38.531],[-89.91189,38.53099],[-89.91209,38.53099],[-89.91229,38.53098],[-89.91249,38.53096],[-89.91271,38.53094],[-89.91293,38.53092],[-89.91315,38.53089],[-89.91336,38.53085],[-89.91358,38.53081],[-89.91379,38.53076],[-89.91399,38.53071],[-89.91418,38.53066],[-89.91438,38.53061],[-89.91457,38.53054],[-89.91475,38.53048],[-89.91494,38.53041],[-89.91513,38.53033],[-89.91531,38.53025],[-89.91549,38.53016],[-89.91567,38.53007],[-89.91585,38.52998],[-89.91603,38.52988],[-89.9162,38.52977],[-89.91638,38.52966],[-89.91655,38.52954],[-89.91671,38.52942],[-89.91688,38.52929],[-89.91704,38.52916],[-89.91719,38.52903],[-89.91736,38.52886],[-89.91753,38.52869],[-89.91769,38.52851],[-89.91784,38.52833],[-89.91799,38.52814],[-89.91813,38.52795],[-89.91824,38.52776],[-89.91835,38.52757],[-89.91845,38.52738],[-89.91854,38.52719],[-89.91859,38.52709],[-89.91863,38.52699],[-89.9187,38.52681],[-89.91876,38.52663],[-89.91881,38.52644],[-89.91885,38.52625],[-89.91889,38.52607],[-89.91893,38.52588],[-89.91903,38.52495],[-89.9191,38.52421],[-89.91921,38.52309],[-89.91932,38.52198],[-89.91941,38.52108],[-89.9195,38.52003],[-89.91956,38.5195],[-89.91962,38.51891],[-89.91965,38.51869],[-89.91966,38.51847],[-89.91968,38.51825],[-89.91969,38.51803],[-89.91969,38.51781],[-89.91967,38.5169],[-89.91967,38.51628],[-89.91966,38.51575],[-89.91966,38.51487],[-89.91964,38.51377],[-89.91962,38.51264],[-89.91962,38.51253],[-89.91963,38.51242],[-89.91964,38.5123],[-89.91966,38.51219],[-89.91969,38.51208],[-89.91974,38.51195],[-89.91979,38.51181],[-89.91984,38.51168],[-89.9199,38.51155],[-89.91997,38.51142],[-89.92005,38.5113],[-89.92013,38.51118],[-89.92021,38.51106],[-89.92032,38.51095],[-89.92044,38.51084],[-89.92056,38.51073],[-89.92069,38.51063],[-89.92081,38.51054],[-89.9209,38.51048],[-89.92108,38.51037],[-89.92122,38.51029],[-89.92136,38.51021],[-89.92151,38.51015],[-89.92167,38.51008],[-89.92184,38.51002],[-89.922,38.50997],[-89.92217,38.50993],[-89.92234,38.50989],[-89.92252,38.50986],[-89.92269,38.50984],[-89.92287,38.50982],[-89.9238,38.50976],[-89.92518,38.5097],[-89.92657,38.50963],[-89.92733,38.50959],[-89.92791,38.50957],[-89.9285,38.50954],[-89.92923,38.50951],[-89.93056,38.50945],[-89.93181,38.5094],[-89.93316,38.50934],[-89.93451,38.50927],[-89.93585,38.50921],[-89.93714,38.50915],[-89.93835,38.5091],[-89.93845,38.5091],[-89.93978,38.50903],[-89.94112,38.50898],[-89.94242,38.50892],[-89.94379,38.50885],[-89.9452,38.50879],[-89.9463,38.50874],[-89.94743,38.50869],[-89.94771,38.50868],[-89.94799,38.50867],[-89.94827,38.50867],[-89.94855,38.50868],[-89.94883,38.50869],[-89.94911,38.50871],[-89.94939,38.50873],[-89.94967,38.50876],[-89.95004,38.50881],[-89.95041,38.50887],[-89.95077,38.50894],[-89.95104,38.50899],[-89.95131,38.50905],[-89.95158,38.50912],[-89.95184,38.50919],[-89.9521,38.50928],[-89.95236,38.50936],[-89.95262,38.50945],[-89.95287,38.50955],[-89.95314,38.50966],[-89.95327,38.50971],[-89.95341,38.50977],[-89.95367,38.50989],[-89.95393,38.51002],[-89.95405,38.51008],[-89.9553,38.51071],[-89.95626,38.51119],[-89.95667,38.51139],[-89.95755,38.51183],[-89.95871,38.51242],[-89.95979,38.51306],[-89.96004,38.51321],[-89.96131,38.51397],[-89.96228,38.51456],[-89.96289,38.51493],[-89.96353,38.51531],[-89.96471,38.51602],[-89.96563,38.51658],[-89.96581,38.51669],[-89.96686,38.51732],[-89.96739,38.51764],[-89.96815,38.5181],[-89.96918,38.51872],[-89.96947,38.51889],[-89.97077,38.51967],[-89.97204,38.52043],[-89.9732,38.52114],[-89.97422,38.52175],[-89.97447,38.52191],[-89.97491,38.52217],[-89.97601,38.52284],[-89.97701,38.52344],[-89.97801,38.52405],[-89.97825,38.52419],[-89.97844,38.52432],[-89.97864,38.52446],[-89.97883,38.5246],[-89.97902,38.52474],[-89.97919,38.52488],[-89.97935,38.52501],[-89.97951,38.52515],[-89.97967,38.5253],[-89.97982,38.52545],[-89.97997,38.52561],[-89.98011,38.52577],[-89.9805,38.52624],[-89.98082,38.52664],[-89.98089,38.52672],[-89.98137,38.52733],[-89.98197,38.52812],[-89.98274,38.52911],[-89.98286,38.52926],[-89.98298,38.52941],[-89.98311,38.52955],[-89.98324,38.52968],[-89.98338,38.52982],[-89.98352,38.52994],[-89.98366,38.53007],[-89.984,38.53036],[-89.98433,38.53065],[-89.98445,38.53076],[-89.98457,38.53087],[-89.98469,38.53099],[-89.9848,38.53111],[-89.98491,38.53124],[-89.98501,38.53137],[-89.98511,38.5315],[-89.98521,38.53164],[-89.98529,38.53178],[-89.98537,38.53194],[-89.98544,38.53209],[-89.9855,38.53225],[-89.98555,38.53241],[-89.9856,38.53258],[-89.98565,38.53274],[-89.98577,38.53357],[-89.98578,38.53372],[-89.98579,38.53386],[-89.9858,38.53399],[-89.98583,38.53413],[-89.98586,38.53427],[-89.98589,38.53441],[-89.98593,38.53454],[-89.98598,38.53467],[-89.98602,38.53478],[-89.98607,38.53488],[-89.98612,38.53498],[-89.98618,38.53507],[-89.98624,38.53516],[-89.98631,38.53525],[-89.98638,38.53533],[-89.98646,38.53541],[-89.98655,38.53548],[-89.98664,38.53555],[-89.98735,38.53616],[-89.98748,38.53628],[-89.98768,38.53646],[-89.98783,38.5366],[-89.98796,38.53672],[-89.98808,38.53684],[-89.9882,38.53697],[-89.98831,38.5371],[-89.98911,38.53811],[-89.98998,38.53923],[-89.99079,38.54026],[-89.99111,38.54065],[-89.99143,38.54101],[-89.99159,38.54119],[-89.99176,38.54137],[-89.99187,38.54149],[-89.9921,38.54171],[-89.99228,38.54188],[-89.99246,38.54204],[-89.99314,38.54264],[-89.99333,38.5428],[-89.99352,38.54296],[-89.99372,38.54311],[-89.99392,38.54326],[-89.99412,38.5434],[-89.99454,38.54367],[-89.99466,38.54374],[-89.99505,38.54398],[-89.99638,38.54475],[-89.9966,38.54489],[-89.99681,38.54502],[-89.99703,38.54517],[-89.99724,38.54531],[-89.99743,38.54544],[-89.99761,38.54558],[-89.99778,38.54572],[-89.99795,38.54587],[-89.99812,38.54602],[-89.99828,38.54618],[-89.99844,38.54634],[-89.99913,38.54711],[-90.00007,38.54815],[-90.00019,38.54827],[-90.00032,38.54838],[-90.00044,38.54849],[-90.00057,38.5486],[-90.00071,38.5487],[-90.00084,38.54879],[-90.00099,38.54888],[-90.00113,38.54896],[-90.00128,38.54904],[-90.00138,38.54909],[-90.00158,38.54918],[-90.00181,38.54928],[-90.00269,38.54967],[-90.00288,38.54977],[-90.00307,38.54986],[-90.00325,38.54997],[-90.00343,38.55008],[-90.00361,38.55019],[-90.00378,38.55031],[-90.00484,38.55111],[-90.00608,38.55206],[-90.00718,38.55289],[-90.00832,38.55375],[-90.00958,38.55469],[-90.01085,38.55566],[-90.01157,38.55621],[-90.012,38.55654],[-90.01214,38.55664],[-90.01227,38.55674],[-90.01241,38.55682],[-90.01255,38.55691],[-90.0127,38.55699],[-90.01284,38.55706],[-90.013,38.55713],[-90.01316,38.55719],[-90.01333,38.55724],[-90.0135,38.55729],[-90.01367,38.55733],[-90.01384,38.55737],[-90.01401,38.5574],[-90.01418,38.55743],[-90.0146,38.55748],[-90.01581,38.55764],[-90.01627,38.5577],[-90.01676,38.55776],[-90.0169,38.55778],[-90.01703,38.55781],[-90.01717,38.55783],[-90.01732,38.55786],[-90.01748,38.5579],[-90.01763,38.55794],[-90.01778,38.55799],[-90.01792,38.55805],[-90.01807,38.55811],[-90.01821,38.55817],[-90.01835,38.55825],[-90.01848,38.55832],[-90.0186,38.5584],[-90.01872,38.55849],[-90.01883,38.55858],[-90.01895,38.55868],[-90.01905,38.55878],[-90.01915,38.55889],[-90.01925,38.559],[-90.01935,38.55911],[-90.01943,38.55923],[-90.02006,38.56023],[-90.02015,38.56037],[-90.02024,38.56051],[-90.02034,38.56065],[-90.02044,38.56078],[-90.02055,38.56091],[-90.02067,38.56103],[-90.02079,38.56115],[-90.02091,38.56126],[-90.02104,38.56139],[-90.02118,38.5615],[-90.02132,38.56161],[-90.02147,38.56172],[-90.02162,38.56182],[-90.02177,38.56192],[-90.02193,38.56201],[-90.02209,38.5621],[-90.02225,38.56218],[-90.02244,38.56227],[-90.02263,38.56235],[-90.02283,38.56242],[-90.02303,38.56249],[-90.02322,38.56255],[-90.02343,38.56261],[-90.02363,38.56267],[-90.02384,38.56271],[-90.02405,38.56275],[-90.02426,38.56279],[-90.02447,38.56282],[-90.02468,38.56284],[-90.02535,38.56291],[-90.02667,38.56306],[-90.02767,38.56317],[-90.02784,38.5632],[-90.02801,38.56323],[-90.02817,38.56326],[-90.02834,38.5633],[-90.0285,38.56334],[-90.02866,38.5634],[-90.02882,38.56345],[-90.02898,38.56351],[-90.02911,38.56357],[-90.02923,38.56364],[-90.02936,38.5637],[-90.02948,38.56378],[-90.0296,38.56386],[-90.02971,38.56394],[-90.02982,38.56403],[-90.02991,38.56412],[-90.03002,38.56423],[-90.03012,38.56433],[-90.03021,38.56444],[-90.0303,38.56456],[-90.03038,38.56469],[-90.03046,38.56482],[-90.03053,38.56495],[-90.03059,38.56509],[-90.03065,38.56523],[-90.03104,38.56628],[-90.03146,38.56747],[-90.03176,38.56827],[-90.03191,38.56871],[-90.03199,38.56891],[-90.03207,38.56911],[-90.03217,38.56931],[-90.03223,38.56945],[-90.03231,38.5696],[-90.03239,38.56974],[-90.03247,38.56988],[-90.03257,38.57002],[-90.03266,38.57015],[-90.03276,38.57028],[-90.03287,38.5704],[-90.033,38.57055],[-90.03314,38.57069],[-90.03328,38.57083],[-90.03343,38.57097],[-90.03358,38.5711],[-90.03373,38.57122],[-90.03389,38.57134],[-90.03404,38.57145],[-90.0342,38.57156],[-90.03436,38.57166],[-90.03453,38.57176],[-90.0347,38.57185],[-90.03487,38.57194],[-90.03505,38.57202],[-90.03523,38.57209],[-90.03542,38.57217],[-90.03561,38.57224],[-90.0358,38.57231],[-90.03591,38.57234],[-90.03607,38.57239],[-90.03619,38.57243],[-90.03642,38.57249],[-90.03666,38.57254],[-90.0369,38.57259],[-90.03714,38.57264],[-90.03738,38.57267],[-90.03785,38.57273],[-90.03844,38.57279],[-90.03897,38.57285],[-90.03914,38.57288],[-90.03931,38.57291],[-90.03948,38.57295],[-90.03964,38.57299],[-90.03981,38.57305],[-90.03997,38.5731],[-90.0401,38.57315],[-90.04023,38.57321],[-90.04035,38.57327],[-90.04048,38.57334],[-90.0406,38.57341],[-90.04072,38.57348],[-90.04083,38.57357],[-90.04094,38.57365],[-90.04105,38.57374],[-90.04125,38.57391],[-90.04144,38.57409],[-90.04163,38.57427],[-90.04182,38.57446],[-90.04197,38.57463],[-90.04212,38.5748],[-90.04226,38.57497],[-90.0424,38.57515],[-90.04254,38.57534],[-90.04266,38.57552],[-90.04277,38.57569],[-90.04287,38.57585],[-90.04297,38.57601],[-90.04306,38.57618],[-90.04315,38.57635],[-90.04322,38.57651],[-90.04329,38.57666],[-90.04335,38.57682],[-90.04341,38.57698],[-90.04346,38.57714],[-90.0435,38.5773],[-90.04354,38.57747],[-90.04357,38.57761],[-90.04359,38.57775],[-90.0436,38.57789],[-90.0436,38.57803],[-90.0436,38.57817],[-90.04359,38.57832],[-90.04358,38.57846],[-90.04355,38.5786],[-90.04352,38.57874],[-90.04349,38.57888],[-90.04344,38.57902],[-90.0434,38.57915],[-90.04334,38.57929],[-90.04328,38.57942],[-90.04322,38.57955],[-90.04268,38.58066],[-90.04259,38.58083],[-90.04251,38.58101],[-90.04243,38.58119],[-90.04236,38.58138],[-90.0423,38.58156],[-90.04224,38.58175],[-90.0422,38.5819],[-90.04217,38.58206],[-90.04214,38.58221],[-90.04212,38.58237],[-90.04211,38.58253],[-90.04211,38.58269],[-90.04211,38.58285],[-90.04213,38.583],[-90.04215,38.58315],[-90.04219,38.5833],[-90.04222,38.58345],[-90.04226,38.58359],[-90.04231,38.58374],[-90.04237,38.58388],[-90.04253,38.58428],[-90.04265,38.58455],[-90.04292,38.58516],[-90.04327,38.58597],[-90.04335,38.58613],[-90.04372,38.58695],[-90.04389,38.58733],[-90.04425,38.58816],[-90.04435,38.58838],[-90.04445,38.5886],[-90.04456,38.58882],[-90.04467,38.58904],[-90.04479,38.58926],[-90.04495,38.5895],[-90.04564,38.59052],[-90.04634,38.59153],[-90.0471,38.59265],[-90.0478,38.59362],[-90.04831,38.59437],[-90.04889,38.59522],[-90.04902,38.5954],[-90.04915,38.59558],[-90.04929,38.59575],[-90.04944,38.59592],[-90.04958,38.59609],[-90.04973,38.59626],[-90.04993,38.59645],[-90.05014,38.59664],[-90.05034,38.59682],[-90.05056,38.597],[-90.05077,38.59718],[-90.05097,38.59732],[-90.05113,38.59743],[-90.05136,38.59759],[-90.05156,38.59771],[-90.05177,38.59783],[-90.05198,38.59795],[-90.05248,38.59821],[-90.05312,38.59851],[-90.05322,38.59857],[-90.05332,38.59861],[-90.0544,38.59915],[-90.05544,38.59965],[-90.05654,38.6002],[-90.05765,38.60074],[-90.05877,38.60128],[-90.05982,38.60179],[-90.06004,38.60191],[-90.06026,38.60202],[-90.06049,38.60212],[-90.06072,38.60222],[-90.06095,38.60232],[-90.06119,38.60241],[-90.06138,38.60248],[-90.06157,38.60255],[-90.06176,38.60262],[-90.06196,38.60267],[-90.06216,38.60273],[-90.06315,38.60301],[-90.0643,38.60334],[-90.06453,38.6034],[-90.06539,38.60364],[-90.06665,38.60399],[-90.06784,38.60433],[-90.06905,38.60466],[-90.0703,38.60502],[-90.07148,38.60535],[-90.07251,38.60564],[-90.07363,38.60596],[-90.07486,38.6063],[-90.07545,38.60647],[-90.07604,38.60663],[-90.07661,38.60679],[-90.07713,38.60695],[-90.07764,38.60713],[-90.07808,38.6073],[-90.07922,38.6078],[-90.08018,38.60821],[-90.08115,38.60862],[-90.08151,38.60877],[-90.0818,38.6089],[-90.08225,38.60909],[-90.08355,38.60964],[-90.08444,38.61003],[-90.08553,38.61049],[-90.08676,38.61102],[-90.08703,38.61113],[-90.08729,38.61124],[-90.08756,38.61134],[-90.08782,38.61144],[-90.08809,38.61153],[-90.08864,38.6117],[-90.08961,38.612],[-90.09078,38.61237],[-90.09194,38.61273],[-90.09283,38.613],[-90.09325,38.61313],[-90.09449,38.6135],[-90.09518,38.61372],[-90.09529,38.61375],[-90.09549,38.61381],[-90.09658,38.61416],[-90.0976,38.61449],[-90.09855,38.61479],[-90.09918,38.61498],[-90.09975,38.61516],[-90.10086,38.61551],[-90.10204,38.61588],[-90.10314,38.61622],[-90.10414,38.61653],[-90.10516,38.61685],[-90.1065,38.61728],[-90.10768,38.61764],[-90.10884,38.618],[-90.10988,38.61832],[-90.11093,38.61864],[-90.1112,38.61873],[-90.11194,38.61896],[-90.11303,38.6193],[-90.11383,38.61954],[-90.11503,38.61992],[-90.11616,38.62027],[-90.1163,38.62032],[-90.11718,38.62061],[-90.1182,38.62097],[-90.11898,38.62125],[-90.11924,38.62135],[-90.11983,38.62156],[-90.12025,38.62171],[-90.12124,38.62208],[-90.12227,38.62246],[-90.12322,38.62282],[-90.12346,38.62291],[-90.1236,38.62295],[-90.12404,38.62311],[-90.12456,38.6233],[-90.12535,38.62359],[-90.12579,38.62375],[-90.12661,38.62404],[-90.12708,38.62421],[-90.12794,38.62453],[-90.12902,38.62492],[-90.12939,38.62506],[-90.12978,38.6252],[-90.13016,38.62533],[-90.13138,38.62579],[-90.13238,38.62617],[-90.13326,38.62649],[-90.13377,38.62668],[-90.13412,38.62682],[-90.13439,38.62692],[-90.13454,38.62699],[-90.13469,38.62706],[-90.13484,38.62714],[-90.13499,38.62723],[-90.13513,38.62733],[-90.13527,38.62743],[-90.1354,38.62753],[-90.13553,38.62764],[-90.13641,38.6284],[-90.13698,38.6289],[-90.13722,38.62911],[-90.13761,38.62945],[-90.13771,38.62953],[-90.13781,38.62961],[-90.13792,38.62968],[-90.13803,38.62975],[-90.13814,38.62981],[-90.13826,38.62987],[-90.13838,38.62992],[-90.1385,38.62996],[-90.13863,38.63],[-90.13876,38.63003],[-90.1389,38.63005],[-90.13905,38.63007],[-90.1392,38.63007],[-90.13935,38.63008],[-90.13949,38.63008],[-90.13964,38.63007],[-90.13979,38.63005],[-90.13993,38.63003],[-90.14008,38.63],[-90.14033,38.62996],[-90.14086,38.62987],[-90.14109,38.62983],[-90.14119,38.62982],[-90.14159,38.62975],[-90.14231,38.62963],[-90.14291,38.62953],[-90.14315,38.6295],[-90.14338,38.62947],[-90.14362,38.62945],[-90.14375,38.62944],[-90.14388,38.62944],[-90.14401,38.62944],[-90.14414,38.62945],[-90.14426,38.62947],[-90.14439,38.62949],[-90.14452,38.62952],[-90.14464,38.62955],[-90.14477,38.62959],[-90.14512,38.62971],[-90.14544,38.62982],[-90.14571,38.62991],[-90.14582,38.62994],[-90.14592,38.62998],[-90.14602,38.63002],[-90.14614,38.63008],[-90.14627,38.63014],[-90.14639,38.6302],[-90.14651,38.63027],[-90.14663,38.63035],[-90.14719,38.63083],[-90.14742,38.63101],[-90.14752,38.63108],[-90.14763,38.63115],[-90.14773,38.63121],[-90.14785,38.63127],[-90.14796,38.63132],[-90.14807,38.63136],[-90.14819,38.63139],[-90.14831,38.63142],[-90.14843,38.63145],[-90.14855,38.63146],[-90.14867,38.63148],[-90.1488,38.63148],[-90.14892,38.63148],[-90.14906,38.63148],[-90.1492,38.63146],[-90.14935,38.63144],[-90.14949,38.63141],[-90.14963,38.63137],[-90.14976,38.63133],[-90.1499,38.63128],[-90.15003,38.63122],[-90.15016,38.63116],[-90.15045,38.63103],[-90.15078,38.63088],[-90.15133,38.63063],[-90.15181,38.6304],[-90.15203,38.6303],[-90.15224,38.6302],[-90.15245,38.63009],[-90.15266,38.62998],[-90.15286,38.62986],[-90.15306,38.62974],[-90.15343,38.62949],[-90.15422,38.62891],[-90.15472,38.62855],[-90.15507,38.6283],[-90.1552,38.6282],[-90.15568,38.62784],[-90.15612,38.62749],[-90.15671,38.62703],[-90.15695,38.62684],[-90.15735,38.62654],[-90.15785,38.62617],[-90.15841,38.62577],[-90.15888,38.62544],[-90.15946,38.62501],[-90.15993,38.62466],[-90.16021,38.62446],[-90.1603,38.6244],[-90.16038,38.62434],[-90.16056,38.62425],[-90.16066,38.62422],[-90.16078,38.62418],[-90.16095,38.62414],[-90.16105,38.62413],[-90.16177,38.62405],[-90.16203,38.62403],[-90.16219,38.62402],[-90.16235,38.62403],[-90.16251,38.62407],[-90.16266,38.62414],[-90.16279,38.62422],[-90.16294,38.62435],[-90.16321,38.62457],[-90.16372,38.625],[-90.16383,38.62509],[-90.16418,38.62539],[-90.16432,38.6255],[-90.16454,38.62568],[-90.16485,38.62594],[-90.16505,38.62611],[-90.16526,38.62629],[-90.16545,38.62645],[-90.16562,38.62659],[-90.16579,38.62672],[-90.16596,38.62685],[-90.16611,38.62694],[-90.16625,38.62703],[-90.1664,38.62711],[-90.16655,38.62719],[-90.1667,38.62726],[-90.16686,38.62733],[-90.16702,38.62738],[-90.16718,38.62744],[-90.16734,38.62749],[-90.1675,38.62753],[-90.16766,38.62757],[-90.16783,38.62761],[-90.168,38.62763],[-90.16817,38.62766],[-90.16866,38.62772],[-90.16912,38.62778],[-90.16957,38.62784],[-90.17007,38.6279],[-90.17062,38.62798],[-90.17099,38.62802],[-90.17125,38.62806],[-90.17167,38.62811],[-90.17203,38.62816],[-90.17256,38.62823],[-90.1728,38.62826],[-90.1732,38.62832],[-90.17364,38.62837],[-90.17485,38.62852],[-90.17495,38.62853],[-90.17518,38.62856],[-90.17552,38.62859],[-90.17672,38.62873],[-90.17793,38.62888],[-90.17885,38.62897],[-90.17921,38.62901],[-90.1803,38.62912],[-90.18154,38.62926],[-90.18225,38.62932],[-90.1827,38.62937],[-90.18342,38.62944],[-90.18374,38.62947],[-90.184,38.6295],[-90.18463,38.62956],[-90.18507,38.6296],[-90.18581,38.62965],[-90.18606,38.62967],[-90.18623,38.62967],[-90.18651,38.62969],[-90.18663,38.62969],[-90.18675,38.6297],[-90.18686,38.62971],[-90.18696,38.62973],[-90.1871,38.62975],[-90.18721,38.62978],[-90.18815,38.62996],[-90.18846,38.63003],[-90.18934,38.6302],[-90.18976,38.63029],[-90.19046,38.63044],[-90.19115,38.63058],[-90.19127,38.63059],[-90.19139,38.63058],[-90.1915,38.63054],[-90.1916,38.63047],[-90.19167,38.63039],[-90.19179,38.6301],[-90.19208,38.62941],[-90.19239,38.62861],[-90.19246,38.62845],[-90.1927,38.62788],[-90.19292,38.62736],[-90.19304,38.62706],[-90.19325,38.62655],[-90.19329,38.62643],[-90.19337,38.62625],[-90.1937,38.62542],[-90.19411,38.62438],[-90.19426,38.62403],[-90.19451,38.62345],[-90.19457,38.62328],[-90.19461,38.62318],[-90.19469,38.62301],[-90.19474,38.62292],[-90.1948,38.62284],[-90.19493,38.62269],[-90.19507,38.62257],[-90.19515,38.62251],[-90.19524,38.62246],[-90.19533,38.62241],[-90.19551,38.62234],[-90.19561,38.62232],[-90.19572,38.62229],[-90.19589,38.62225],[-90.19604,38.62222],[-90.19619,38.6222],[-90.19632,38.62218],[-90.19649,38.62217],[-90.19664,38.62217],[-90.19679,38.62217],[-90.19695,38.62217],[-90.19711,38.62217],[-90.19727,38.62219],[-90.19744,38.6222],[-90.1976,38.62223],[-90.19776,38.62225],[-90.19792,38.62229],[-90.19807,38.62233],[-90.19854,38.62246],[-90.19871,38.6225],[-90.19888,38.62254],[-90.19906,38.62257],[-90.19942,38.62264],[-90.19988,38.62272],[-90.20018,38.62277],[-90.20067,38.62285],[-90.20144,38.62298],[-90.20189,38.62305],[-90.20226,38.62311],[-90.2026,38.62317],[-90.2027,38.62319],[-90.20288,38.62324],[-90.20306,38.62331],[-90.20318,38.62339],[-90.20325,38.62347],[-90.2033,38.62361],[-90.20331,38.62372],[-90.2033,38.62382],[-90.20329,38.62394],[-90.20325,38.62412],[-90.20318,38.62447],[-90.20309,38.62491],[-90.20306,38.6251],[-90.20304,38.62522],[-90.20303,38.62539],[-90.20305,38.62555],[-90.20312,38.62569],[-90.20322,38.62579],[-90.20334,38.62588],[-90.20347,38.62594],[-90.20361,38.62598],[-90.20394,38.62605],[-90.20477,38.62622],[-90.20503,38.62627],[-90.206,38.62647],[-90.20698,38.62668],[-90.2071,38.6267],[-90.20741,38.62676],[-90.20978,38.62725],[-90.20988,38.62727],[-90.20999,38.62729],[-90.2101,38.62731],[-90.21021,38.62732],[-90.21032,38.62732],[-90.21043,38.62732],[-90.21054,38.62731],[-90.21065,38.62729],[-90.21076,38.62727],[-90.21086,38.62724],[-90.21097,38.62721],[-90.21113,38.62713],[-90.21129,38.62703],[-90.21143,38.62691],[-90.21155,38.62678],[-90.21166,38.62661],[-90.21176,38.62644],[-90.21185,38.62627],[-90.21191,38.62615],[-90.21201,38.62596],[-90.21208,38.62584],[-90.21215,38.62573],[-90.21224,38.62562],[-90.21232,38.62551],[-90.21241,38.6254],[-90.2125,38.6253],[-90.2126,38.62521],[-90.21271,38.62512],[-90.21282,38.62503],[-90.21295,38.62495],[-90.21308,38.62488],[-90.21322,38.62481],[-90.21337,38.62474],[-90.21351,38.62469],[-90.21366,38.62464],[-90.21381,38.62459],[-90.21396,38.62456],[-90.21411,38.62452],[-90.21426,38.6245],[-90.21442,38.62448],[-90.21476,38.62446],[-90.21567,38.62441],[-90.21585,38.6244],[-90.21603,38.6244],[-90.2162,38.62441],[-90.21638,38.62442],[-90.21656,38.62445],[-90.21673,38.62447],[-90.21691,38.62451],[-90.21746,38.62462],[-90.21813,38.62476],[-90.21923,38.62497],[-90.2209,38.62532],[-90.22266,38.6257],[-90.22435,38.62606],[-90.22469,38.62613],[-90.22502,38.62622],[-90.22535,38.6263],[-90.22569,38.62639],[-90.22602,38.62649],[-90.22764,38.62693],[-90.22859,38.6272],[-90.22943,38.62743],[-90.2297,38.6275],[-90.22996,38.62757],[-90.23022,38.62766],[-90.23047,38.62774],[-90.23073,38.62784],[-90.23098,38.62794],[-90.23206,38.62842],[-90.23228,38.62854],[-90.23251,38.62864],[-90.23274,38.62875],[-90.23297,38.62884],[-90.2332,38.62893],[-90.23345,38.62902],[-90.23371,38.62911],[-90.23396,38.62919],[-90.23422,38.62926],[-90.23448,38.62933],[-90.23474,38.62938],[-90.235,38.62944],[-90.23545,38.62952],[-90.23556,38.62954],[-90.23584,38.62959],[-90.23695,38.6298],[-90.23762,38.62993],[-90.23785,38.62997],[-90.23807,38.63002],[-90.23829,38.63008],[-90.23852,38.63014],[-90.23874,38.6302],[-90.23892,38.63026],[-90.2391,38.63032],[-90.23927,38.63039],[-90.23945,38.63046],[-90.23962,38.63054],[-90.23979,38.63062],[-90.24034,38.63087],[-90.24056,38.63096],[-90.24079,38.63105],[-90.24102,38.63114],[-90.24125,38.63122],[-90.24148,38.63129],[-90.24162,38.63134],[-90.24177,38.63138],[-90.24192,38.63142],[-90.24207,38.63146],[-90.24268,38.6316],[-90.24302,38.63169],[-90.24356,38.63182],[-90.24398,38.63193],[-90.24427,38.632],[-90.24468,38.63211],[-90.24507,38.63221],[-90.24531,38.63229],[-90.24555,38.63235],[-90.2458,38.63242],[-90.24617,38.63251],[-90.24654,38.63261],[-90.24691,38.63269],[-90.24752,38.63282],[-90.24816,38.63296],[-90.24846,38.63302],[-90.2488,38.6331],[-90.24939,38.63322],[-90.24995,38.63334],[-90.25048,38.63346],[-90.25103,38.63357],[-90.25158,38.63369],[-90.25217,38.63381],[-90.25276,38.63394],[-90.25294,38.63398],[-90.25352,38.6341],[-90.25461,38.63434],[-90.25523,38.63447],[-90.25608,38.63465],[-90.25626,38.63469],[-90.25703,38.63485],[-90.25761,38.63497],[-90.25847,38.63515],[-90.25954,38.63537],[-90.25964,38.63539],[-90.2608,38.6356],[-90.26157,38.63575],[-90.26204,38.63586],[-90.2627,38.63604],[-90.26291,38.63609],[-90.26314,38.63616],[-90.26336,38.63623],[-90.26357,38.63631],[-90.26378,38.63639],[-90.264,38.63648],[-90.2642,38.63658],[-90.26441,38.63668],[-90.26461,38.63678],[-90.26481,38.6369],[-90.26508,38.63704],[-90.26534,38.63719],[-90.2656,38.63734],[-90.26585,38.6375],[-90.2661,38.63766],[-90.26618,38.63772],[-90.26631,38.63784],[-90.26642,38.63798],[-90.26654,38.63815],[-90.26661,38.63826],[-90.26667,38.63837],[-90.26672,38.63848],[-90.26677,38.63859],[-90.26681,38.63871],[-90.26685,38.63883],[-90.26688,38.63895],[-90.2669,38.63907],[-90.26694,38.63926],[-90.26697,38.63945],[-90.26699,38.63965],[-90.26701,38.63984],[-90.26702,38.64004],[-90.26704,38.64028],[-90.26707,38.6405],[-90.26711,38.64071],[-90.26715,38.64093],[-90.26719,38.64106],[-90.26724,38.64118],[-90.26729,38.6413],[-90.26735,38.64142],[-90.26741,38.64154],[-90.26748,38.64165],[-90.26755,38.64176],[-90.26763,38.64187],[-90.26771,38.64197],[-90.2678,38.64207],[-90.26789,38.64218],[-90.268,38.64228],[-90.2681,38.64238],[-90.26821,38.64248],[-90.26833,38.64257],[-90.26844,38.64265],[-90.26857,38.64273],[-90.26869,38.64281],[-90.26882,38.64288],[-90.26895,38.64294],[-90.2691,38.64302],[-90.26927,38.64309],[-90.26943,38.64315],[-90.26959,38.6432],[-90.26976,38.64325],[-90.26988,38.64328],[-90.2701,38.64333],[-90.27133,38.64363],[-90.27258,38.64393],[-90.27277,38.64398],[-90.27295,38.64404],[-90.27313,38.64411],[-90.27331,38.64418],[-90.27349,38.64426],[-90.27367,38.64434],[-90.27384,38.64443],[-90.27399,38.64452],[-90.27413,38.64461],[-90.27428,38.64471],[-90.27442,38.64481],[-90.27455,38.64492],[-90.27464,38.645],[-90.27481,38.64515],[-90.27493,38.64527],[-90.27505,38.6454],[-90.27561,38.64597],[-90.27572,38.64608],[-90.27584,38.64619],[-90.27595,38.6463],[-90.27608,38.64639],[-90.27621,38.64649],[-90.27634,38.64657],[-90.27648,38.64666],[-90.27662,38.64673],[-90.27676,38.6468],[-90.2769,38.64686],[-90.27705,38.64693],[-90.2772,38.64698],[-90.27735,38.64703],[-90.27751,38.64708],[-90.27766,38.64712],[-90.27782,38.64715],[-90.27797,38.64718],[-90.27813,38.6472],[-90.27899,38.64728],[-90.27971,38.64733],[-90.28051,38.6474],[-90.28125,38.64748],[-90.28198,38.64754],[-90.28277,38.64761],[-90.28345,38.64768],[-90.28464,38.64778],[-90.28514,38.64782],[-90.28524,38.64783],[-90.28544,38.64784],[-90.28563,38.64787],[-90.28583,38.64791],[-90.28602,38.64795],[-90.28621,38.648],[-90.28641,38.64805],[-90.28659,38.64811],[-90.28676,38.64817],[-90.28692,38.64823],[-90.28708,38.6483],[-90.28724,38.64837],[-90.2874,38.64845],[-90.28756,38.64853],[-90.28775,38.64864],[-90.28794,38.64875],[-90.28812,38.64887],[-90.2883,38.64899],[-90.28848,38.64912],[-90.28865,38.64926],[-90.28906,38.6496],[-90.28963,38.65008],[-90.29003,38.65042],[-90.29083,38.6511],[-90.29169,38.65182],[-90.29187,38.65198],[-90.29202,38.6521],[-90.29224,38.6523],[-90.29242,38.65246],[-90.29259,38.65263],[-90.29276,38.65282],[-90.29292,38.653],[-90.29309,38.65319],[-90.29324,38.65338],[-90.29338,38.65356],[-90.29351,38.65375],[-90.29363,38.65394],[-90.29375,38.65414],[-90.29399,38.65456],[-90.29417,38.65489],[-90.29444,38.65544],[-90.29455,38.65567],[-90.29484,38.65625],[-90.29493,38.65642],[-90.29521,38.65697],[-90.2955,38.65753],[-90.29576,38.65806],[-90.29607,38.65865],[-90.29623,38.65896],[-90.29638,38.65928],[-90.29653,38.6596],[-90.29659,38.65975],[-90.29666,38.65991],[-90.29671,38.66007],[-90.29676,38.66024],[-90.29681,38.6604],[-90.29685,38.66057],[-90.29688,38.66074],[-90.29691,38.66091],[-90.29694,38.66106],[-90.29696,38.66119],[-90.29699,38.66137],[-90.29706,38.6617],[-90.29709,38.66187],[-90.29718,38.66236],[-90.29726,38.66279],[-90.29735,38.66329],[-90.29746,38.66383],[-90.29749,38.664],[-90.29756,38.66435],[-90.29765,38.66488],[-90.29776,38.66544],[-90.29787,38.66608],[-90.29789,38.66619],[-90.29803,38.66699],[-90.29829,38.66832],[-90.29839,38.66887],[-90.29847,38.66929],[-90.29856,38.66978],[-90.29866,38.67032],[-90.29875,38.67081],[-90.29883,38.67124],[-90.29892,38.67173],[-90.29901,38.67222],[-90.2991,38.6727],[-90.29914,38.67292],[-90.29919,38.67319],[-90.29929,38.67373],[-90.29939,38.67427],[-90.29949,38.67483],[-90.29954,38.67509],[-90.29959,38.67538],[-90.2997,38.67592],[-90.29978,38.67644],[-90.29988,38.67695],[-90.29999,38.6775],[-90.30009,38.67804],[-90.3002,38.67864],[-90.30032,38.67927],[-90.30043,38.67986],[-90.30054,38.68048],[-90.30065,38.68109],[-90.30076,38.68167],[-90.30085,38.68216],[-90.30093,38.68256],[-90.30101,38.68301],[-90.30109,38.68344],[-90.30113,38.68364],[-90.30117,38.68385],[-90.30125,38.68434],[-90.30135,38.68488],[-90.30144,38.68532],[-90.30148,38.68555],[-90.30154,38.68588],[-90.30164,38.68643],[-90.30174,38.68697],[-90.30184,38.68751],[-90.30189,38.68778],[-90.30194,38.68806],[-90.30204,38.6886],[-90.30214,38.68914],[-90.30224,38.68969],[-90.30234,38.69023],[-90.30242,38.69066],[-90.30245,38.69078],[-90.30257,38.69145],[-90.30265,38.69186],[-90.30275,38.6924],[-90.30288,38.69313],[-90.30296,38.69355],[-90.30306,38.69412],[-90.30318,38.69475],[-90.30327,38.69523],[-90.30336,38.6957],[-90.30344,38.69615],[-90.30352,38.69656],[-90.30362,38.69708],[-90.3037,38.69751],[-90.30379,38.69804],[-90.3039,38.6986],[-90.304,38.69916],[-90.3041,38.69971],[-90.30421,38.70027],[-90.30431,38.70083],[-90.30442,38.70138],[-90.30452,38.70194],[-90.30468,38.70282],[-90.30483,38.70365],[-90.30499,38.70448],[-90.30515,38.70534],[-90.30519,38.70556],[-90.30523,38.70576],[-90.30527,38.70597],[-90.30531,38.70617],[-90.30534,38.70638],[-90.30535,38.70655],[-90.30537,38.70673],[-90.30537,38.70691],[-90.30538,38.70708],[-90.30537,38.70726],[-90.30536,38.70745],[-90.30535,38.70763],[-90.30532,38.70781],[-90.3053,38.708],[-90.30527,38.70818],[-90.30525,38.70828],[-90.30522,38.70839],[-90.30519,38.70849],[-90.30516,38.70859],[-90.305,38.70909],[-90.30485,38.70954],[-90.30471,38.70996],[-90.30454,38.71047],[-90.3045,38.71059],[-90.30447,38.71071],[-90.30445,38.71083],[-90.30443,38.71095],[-90.30442,38.71108],[-90.30443,38.71125],[-90.30447,38.71141],[-90.30454,38.71157],[-90.30463,38.71172],[-90.30473,38.71186],[-90.30489,38.71201],[-90.30499,38.7121],[-90.30509,38.71219],[-90.3052,38.71226],[-90.30533,38.71237],[-90.30548,38.71247],[-90.30562,38.71257],[-90.30577,38.71266],[-90.3059,38.71273],[-90.3062,38.71291],[-90.30656,38.71311],[-90.30669,38.71318],[-90.3068,38.71325],[-90.30691,38.71332],[-90.30703,38.71337],[-90.30719,38.71345],[-90.30765,38.71369],[-90.30795,38.71384],[-90.30827,38.71399],[-90.30852,38.71413],[-90.30878,38.71425],[-90.30904,38.71437],[-90.30926,38.71447],[-90.30939,38.71453],[-90.30948,38.71458],[-90.3097,38.71469],[-90.30991,38.7148],[-90.3101,38.71491],[-90.31029,38.71503],[-90.31047,38.71515],[-90.31064,38.71528],[-90.31082,38.71541],[-90.31098,38.71555],[-90.31107,38.71563],[-90.31115,38.71571],[-90.31123,38.71579],[-90.3113,38.71588],[-90.31137,38.71597],[-90.31143,38.71607],[-90.31149,38.71617],[-90.31154,38.71627],[-90.31158,38.71637],[-90.31162,38.71648],[-90.31166,38.71658],[-90.31169,38.71668],[-90.31172,38.71678],[-90.31188,38.71727],[-90.31193,38.71744],[-90.31198,38.71759],[-90.31217,38.71822],[-90.31224,38.71844],[-90.3123,38.71862],[-90.31237,38.71878],[-90.31247,38.71894],[-90.31253,38.71903],[-90.3126,38.71912],[-90.31267,38.71921],[-90.31274,38.71929],[-90.31283,38.71936],[-90.31291,38.71943],[-90.313,38.7195],[-90.31309,38.71956],[-90.3132,38.71962],[-90.3133,38.71968],[-90.31341,38.71973],[-90.31353,38.71978],[-90.31364,38.71982],[-90.31376,38.71986],[-90.31388,38.71988],[-90.314,38.71991],[-90.31416,38.71993],[-90.31433,38.71995],[-90.3145,38.71996],[-90.31467,38.71997],[-90.3149,38.71997],[-90.315,38.71997],[-90.31531,38.71996],[-90.31567,38.71996],[-90.31605,38.71996],[-90.31671,38.71997],[-90.31686,38.71998],[-90.31696,38.71999],[-90.31711,38.72001],[-90.31731,38.72004],[-90.31746,38.72007],[-90.31761,38.72011],[-90.31775,38.72015],[-90.31853,38.72039],[-90.31894,38.72051],[-90.31941,38.72064],[-90.31991,38.72078],[-90.32038,38.72094],[-90.32053,38.72099],[-90.32069,38.72105],[-90.32084,38.72111],[-90.32099,38.72118],[-90.32113,38.72125],[-90.32128,38.72133],[-90.32145,38.72142],[-90.32161,38.72151],[-90.32178,38.72161],[-90.32194,38.72172],[-90.32209,38.72182],[-90.32246,38.7221],[-90.32284,38.72241],[-90.32327,38.72277],[-90.32382,38.7232],[-90.32436,38.72364],[-90.32514,38.72427],[-90.32544,38.72451],[-90.32585,38.72486],[-90.32618,38.72513],[-90.32639,38.72529],[-90.3266,38.72544],[-90.32681,38.72559],[-90.32703,38.72573],[-90.3272,38.72584],[-90.32737,38.72595],[-90.32754,38.72605],[-90.32771,38.72615],[-90.32788,38.72625],[-90.32879,38.72672],[-90.32932,38.72699],[-90.32963,38.72715],[-90.33059,38.72763],[-90.33115,38.72792],[-90.33132,38.72801],[-90.33149,38.7281],[-90.3322,38.72846],[-90.33246,38.7286],[-90.3331,38.72893],[-90.33321,38.72898],[-90.3333,38.72903],[-90.3334,38.72909],[-90.33349,38.72916],[-90.33358,38.72923],[-90.33367,38.7293],[-90.33375,38.72938],[-90.33383,38.72946],[-90.33391,38.72955],[-90.33397,38.72965],[-90.33404,38.72975],[-90.3341,38.72985],[-90.33415,38.72994],[-90.33425,38.73012],[-90.33467,38.73083],[-90.33473,38.73096],[-90.33481,38.73109],[-90.33489,38.73122],[-90.33497,38.73134],[-90.33506,38.73147],[-90.33515,38.73158],[-90.33524,38.73167],[-90.33533,38.73176],[-90.33542,38.73183],[-90.33552,38.73191],[-90.33562,38.73198],[-90.33573,38.73204],[-90.33584,38.7321],[-90.33595,38.73216],[-90.33606,38.73221],[-90.33618,38.73225],[-90.33631,38.7323],[-90.33644,38.73234],[-90.33658,38.73238],[-90.33671,38.73242],[-90.33685,38.73244],[-90.33699,38.73247],[-90.33713,38.73248],[-90.3377,38.73252],[-90.33822,38.73255],[-90.33923,38.7326],[-90.33944,38.73262],[-90.33966,38.73263],[-90.33987,38.73265],[-90.34008,38.73268],[-90.34029,38.73271],[-90.34049,38.73275],[-90.34069,38.7328],[-90.34089,38.73285],[-90.34109,38.7329],[-90.34129,38.73296],[-90.34192,38.73315],[-90.3422,38.73324],[-90.34248,38.73332],[-90.34277,38.7334],[-90.34305,38.73347],[-90.34324,38.73352],[-90.34342,38.73356],[-90.34361,38.7336],[-90.3438,38.73363],[-90.34398,38.73365],[-90.34417,38.73367],[-90.34434,38.73369],[-90.3445,38.7337],[-90.34467,38.73371],[-90.34483,38.73371],[-90.34499,38.7337],[-90.34553,38.73368],[-90.34606,38.73365],[-90.34664,38.73362],[-90.34713,38.7336],[-90.34732,38.7336],[-90.34751,38.73361],[-90.3477,38.73362],[-90.34789,38.73364],[-90.34808,38.73367],[-90.34914,38.73386],[-90.34934,38.7339],[-90.34954,38.73394],[-90.34974,38.73399],[-90.34994,38.73404],[-90.35014,38.7341],[-90.3503,38.73414],[-90.35046,38.7342],[-90.35061,38.73426],[-90.35079,38.73432],[-90.35096,38.73439],[-90.35113,38.73446],[-90.35129,38.73454],[-90.35146,38.73462],[-90.35161,38.7347],[-90.35176,38.73477],[-90.35192,38.73483],[-90.35207,38.73488],[-90.35223,38.73493],[-90.3524,38.73497],[-90.35256,38.73501],[-90.35306,38.7351],[-90.35333,38.73516],[-90.35353,38.7352],[-90.35374,38.73524],[-90.3539,38.73527],[-90.35405,38.7353],[-90.35421,38.73534],[-90.35436,38.73538],[-90.35451,38.73543],[-90.35466,38.73549],[-90.35481,38.73555],[-90.35495,38.73562],[-90.3551,38.73569],[-90.35545,38.73587],[-90.35562,38.73596],[-90.35643,38.73638],[-90.35708,38.73673],[-90.35719,38.73679],[-90.3573,38.73684],[-90.35742,38.73689],[-90.35753,38.73694],[-90.35765,38.73698],[-90.35777,38.73701],[-90.35793,38.73706],[-90.35808,38.73712],[-90.35824,38.73718],[-90.35839,38.73724],[-90.35854,38.73732],[-90.3594,38.73774],[-90.36034,38.73821],[-90.3618,38.73889],[-90.36194,38.73895],[-90.36209,38.73902],[-90.36221,38.73906],[-90.36239,38.73913],[-90.36255,38.73918],[-90.36326,38.7394],[-90.36336,38.73943],[-90.36346,38.73947],[-90.36356,38.73951],[-90.36365,38.73956],[-90.36374,38.73962],[-90.3639,38.73974],[-90.36398,38.73982],[-90.36412,38.73997],[-90.36418,38.74006],[-90.36423,38.74015],[-90.36428,38.74024],[-90.36433,38.74033],[-90.36437,38.74043],[-90.3644,38.74053],[-90.36462,38.74131]]}},{"type":"Feature","properties":{"type":"Light Rail","network":"MetroLink","route_name":"Blue Line","color":"#002774"},"geometry":{"type":"LineString","coordinates":[[-90.13761,38.62945],[-90.13771,38.62953],[-90.13781,38.62961],[-90.13792,38.62968],[-90.13803,38.62975],[-90.13814,38.62981],[-90.13826,38.62987],[-90.13838,38.62992],[-90.1385,38.62996],[-90.13863,38.63],[-90.13876,38.63003],[-90.1389,38.63005],[-90.13905,38.63007],[-90.1392,38.63007],[-90.13935,38.63008],[-90.13949,38.63008],[-90.13964,38.63007],[-90.13979,38.63005],[-90.13993,38.63003],[-90.14008,38.63],[-90.14033,38.62996],[-90.14086,38.62987],[-90.14109,38.62983],[-90.14119,38.62982],[-90.14159,38.62975],[-90.14231,38.62963],[-90.14291,38.62953],[-90.14315,38.6295],[-90.14338,38.62947],[-90.14362,38.62945],[-90.14375,38.62944],[-90.14388,38.62944],[-90.14401,38.62944],[-90.14414,38.62945],[-90.14426,38.62947],[-90.14439,38.62949],[-90.14452,38.62952],[-90.14464,38.62955],[-90.14477,38.62959],[-90.14512,38.62971],[-90.14544,38.62982],[-90.14571,38.62991],[-90.14582,38.62994],[-90.14592,38.62998],[-90.14602,38.63002],[-90.14614,38.63008],[-90.14627,38.63014],[-90.14639,38.6302],[-90.14651,38.63027],[-90.14663,38.63035],[-90.14719,38.63083],[-90.14742,38.63101],[-90.14752,38.63108],[-90.14763,38.63115],[-90.14773,38.63121],[-90.14785,38.63127],[-90.14796,38.63132],[-90.14807,38.63136],[-90.14819,38.63139],[-90.14831,38.63142],[-90.14843,38.63145],[-90.14855,38.63146],[-90.14867,38.63148],[-90.1488,38.63148],[-90.14892,38.63148],[-90.14906,38.63148],[-90.1492,38.63146],[-90.14935,38.63144],[-90.14949,38.63141],[-90.14963,38.63137],[-90.14976,38.63133],[-90.1499,38.63128],[-90.15003,38.63122],[-90.15016,38.63116],[-90.15045,38.63103],[-90.15078,38.63088],[-90.15133,38.63063],[-90.15181,38.6304],[-90.15203,38.6303],[-90.15224,38.6302],[-90.15245,38.63009],[-90.15266,38.62998],[-90.15286,38.62986],[-90.15306,38.62974],[-90.15343,38.62949],[-90.15422,38.62891],[-90.15472,38.62855],[-90.15507,38.6283],[-90.1552,38.6282],[-90.15568,38.62784],[-90.15612,38.62749],[-90.15671,38.62703],[-90.15695,38.62684],[-90.15735,38.62654],[-90.15785,38.62617],[-90.15841,38.62577],[-90.15888,38.62544],[-90.15946,38.62501],[-90.15993,38.62466],[-90.16021,38.62446],[-90.1603,38.6244],[-90.16038,38.62434],[-90.16056,38.62425],[-90.16066,38.62422],[-90.16078,38.62418],[-90.16095,38.62414],[-90.16105,38.62413],[-90.16177,38.62405],[-90.16203,38.62403],[-90.16219,38.62402],[-90.16235,38.62403],[-90.16251,38.62407],[-90.16266,38.62414],[-90.16279,38.62422],[-90.16294,38.62435],[-90.16321,38.62457],[-90.16372,38.625],[-90.16383,38.62509],[-90.16418,38.62539],[-90.16432,38.6255],[-90.16454,38.62568],[-90.16485,38.62594],[-90.16505,38.62611],[-90.16526,38.62629],[-90.16545,38.62645],[-90.16562,38.62659],[-90.16579,38.62672],[-90.16596,38.62685],[-90.16611,38.62694],[-90.16625,38.62703],[-90.1664,38.62711],[-90.16655,38.62719],[-90.1667,38.62726],[-90.16686,38.62733],[-90.16702,38.62738],[-90.16718,38.62744],[-90.16734,38.62749],[-90.1675,38.62753],[-90.16766,38.62757],[-90.16783,38.62761],[-90.168,38.62763],[-90.16817,38.62766],[-90.16866,38.62772],[-90.16912,38.62778],[-90.16957,38.62784],[-90.17007,38.6279],[-90.17062,38.62798],[-90.17099,38.62802],[-90.17125,38.62806],[-90.17167,38.62811],[-90.17203,38.62816],[-90.17256,38.62823],[-90.1728,38.62826],[-90.1732,38.62832],[-90.17364,38.62837],[-90.17485,38.62852],[-90.17495,38.62853],[-90.17518,38.62856],[-90.17552,38.62859],[-90.17672,38.62873],[-90.17793,38.62888],[-90.17885,38.62897],[-90.17921,38.62901],[-90.1803,38.62912],[-90.18154,38.62926],[-90.18225,38.62932],[-90.1827,38.62937],[-90.18342,38.62944],[-90.18374,38.62947],[-90.184,38.6295],[-90.18463,38.62956],[-90.18507,38.6296],[-90.18581,38.62965],[-90.18606,38.62967],[-90.18623,38.62967],[-90.18651,38.62969],[-90.18663,38.62969],[-90.18675,38.6297],[-90.18686,38.62971],[-90.18696,38.62973],[-90.1871,38.62975],[-90.18721,38.62978],[-90.18815,38.62996],[-90.18846,38.63003],[-90.18934,38.6302],[-90.18976,38.63029],[-90.19046,38.63044],[-90.19115,38.63058],[-90.19127,38.63059],[-90.19139,38.63058],[-90.1915,38.63054],[-90.1916,38.63047],[-90.19167,38.63039],[-90.19179,38.6301],[-90.19208,38.62941],[-90.19239,38.62861],[-90.19246,38.62845],[-90.1927,38.62788],[-90.19292,38.62736],[-90.19304,38.62706],[-90.19325,38.62655],[-90.19329,38.62643],[-90.19337,38.62625],[-90.1937,38.62542],[-90.19411,38.62438],[-90.19426,38.62403],[-90.19451,38.62345],[-90.19457,38.62328],[-90.19461,38.62318],[-90.19469,38.62301],[-90.19474,38.62292],[-90.1948,38.62284],[-90.19493,38.62269],[-90.19507,38.62257],[-90.19515,38.62251],[-90.19524,38.62246],[-90.19533,38.62241],[-90.19551,38.62234],[-90.19561,38.62232],[-90.19572,38.62229],[-90.19589,38.62225],[-90.19604,38.62222],[-90.19619,38.6222],[-90.19632,38.62218],[-90.19649,38.62217],[-90.19664,38.62217],[-90.19679,38.62217],[-90.19695,38.62217],[-90.19711,38.62217],[-90.19727,38.62219],[-90.19744,38.6222],[-90.1976,38.62223],[-90.19776,38.62225],[-90.19792,38.62229],[-90.19807,38.62233],[-90.19854,38.62246],[-90.19871,38.6225],[-90.19888,38.62254],[-90.19906,38.62257],[-90.19942,38.62264],[-90.19988,38.62272],[-90.20018,38.62277],[-90.20067,38.62285],[-90.20144,38.62298],[-90.20189,38.62305],[-90.20226,38.62311],[-90.2026,38.62317],[-90.2027,38.62319],[-90.20288,38.62324],[-90.20306,38.62331],[-90.20318,38.62339],[-90.20325,38.62347],[-90.2033,38.62361],[-90.20331,38.62372],[-90.2033,38.62382],[-90.20329,38.62394],[-90.20325,38.62412],[-90.20318,38.62447],[-90.20309,38.62491],[-90.20306,38.6251],[-90.20304,38.62522],[-90.20303,38.62539],[-90.20305,38.62555],[-90.20312,38.62569],[-90.20322,38.62579],[-90.20334,38.62588],[-90.20347,38.62594],[-90.20361,38.62598],[-90.20394,38.62605],[-90.20477,38.62622],[-90.20503,38.62627],[-90.206,38.62647],[-90.20698,38.62668],[-90.2071,38.6267],[-90.20741,38.62676],[-90.20978,38.62725],[-90.20988,38.62727],[-90.20999,38.62729],[-90.2101,38.62731],[-90.21021,38.62732],[-90.21032,38.62732],[-90.21043,38.62732],[-90.21054,38.62731],[-90.21065,38.62729],[-90.21076,38.62727],[-90.21086,38.62724],[-90.21097,38.62721],[-90.21113,38.62713],[-90.21129,38.62703],[-90.21143,38.62691],[-90.21155,38.62678],[-90.21166,38.62661],[-90.21176,38.62644],[-90.21185,38.62627],[-90.21191,38.62615],[-90.21201,38.62596],[-90.21208,38.62584],[-90.21215,38.62573],[-90.21224,38.62562],[-90.21232,38.62551],[-90.21241,38.6254],[-90.2125,38.6253],[-90.2126,38.62521],[-90.21271,38.62512],[-90.21282,38.62503],[-90.21295,38.62495],[-90.21308,38.62488],[-90.21322,38.62481],[-90.21337,38.62474],[-90.21351,38.62469],[-90.21366,38.62464],[-90.21381,38.62459],[-90.21396,38.62456],[-90.21411,38.62452],[-90.21426,38.6245],[-90.21442,38.62448],[-90.21476,38.62446],[-90.21567,38.62441],[-90.21585,38.6244],[-90.21603,38.6244],[-90.2162,38.62441],[-90.21638,38.62442],[-90.21656,38.62445],[-90.21673,38.62447],[-90.21691,38.62451],[-90.21746,38.62462],[-90.21813,38.62476],[-90.21923,38.62497],[-90.2209,38.62532],[-90.22266,38.6257],[-90.22435,38.62606],[-90.22469,38.62613],[-90.22502,38.62622],[-90.22535,38.6263],[-90.22569,38.62639],[-90.22602,38.62649],[-90.22764,38.62693],[-90.22859,38.6272],[-90.22943,38.62743],[-90.2297,38.6275],[-90.22996,38.62757],[-90.23022,38.62766],[-90.23047,38.62774],[-90.23073,38.62784],[-90.23098,38.62794],[-90.23206,38.62842],[-90.23228,38.62854],[-90.23251,38.62864],[-90.23274,38.62875],[-90.23297,38.62884],[-90.2332,38.62893],[-90.23345,38.62902],[-90.23371,38.62911],[-90.23396,38.62919],[-90.23422,38.62926],[-90.23448,38.62933],[-90.23474,38.62938],[-90.235,38.62944],[-90.23545,38.62952],[-90.23556,38.62954],[-90.23584,38.62959],[-90.23695,38.6298],[-90.23762,38.62993],[-90.23785,38.62997],[-90.23807,38.63002],[-90.23829,38.63008],[-90.23852,38.63014],[-90.23874,38.6302],[-90.23892,38.63026],[-90.2391,38.63032],[-90.23927,38.63039],[-90.23945,38.63046],[-90.23962,38.63054],[-90.23979,38.63062],[-90.24034,38.63087],[-90.24056,38.63096],[-90.24079,38.63105],[-90.24102,38.63114],[-90.24125,38.63122],[-90.24148,38.63129],[-90.24162,38.63134],[-90.24177,38.63138],[-90.24192,38.63142],[-90.24207,38.63146],[-90.24268,38.6316],[-90.24302,38.63169],[-90.24356,38.63182],[-90.24398,38.63193],[-90.24427,38.632],[-90.24468,38.63211],[-90.24507,38.63221],[-90.24531,38.63229],[-90.24555,38.63235],[-90.2458,38.63242],[-90.24617,38.63251],[-90.24654,38.63261],[-90.24691,38.63269],[-90.24752,38.63282],[-90.24816,38.63296],[-90.24846,38.63302],[-90.2488,38.6331],[-90.24939,38.63322],[-90.24995,38.63334],[-90.25048,38.63346],[-90.25103,38.63357],[-90.25158,38.63369],[-90.25217,38.63381],[-90.25276,38.63394],[-90.25294,38.63398],[-90.25352,38.6341],[-90.25461,38.63434],[-90.25523,38.63447],[-90.25608,38.63465],[-90.25626,38.63469],[-90.25703,38.63485],[-90.25761,38.63497],[-90.25847,38.63515],[-90.25954,38.63537],[-90.25964,38.63539],[-90.2608,38.6356],[-90.26157,38.63575],[-90.26204,38.63586],[-90.2627,38.63604],[-90.26291,38.63609],[-90.26314,38.63616],[-90.26336,38.63623],[-90.26357,38.63631],[-90.26378,38.63639],[-90.264,38.63648],[-90.2642,38.63658],[-90.26441,38.63668],[-90.26461,38.63678],[-90.26481,38.6369],[-90.26508,38.63704],[-90.26534,38.63719],[-90.2656,38.63734],[-90.26585,38.6375],[-90.2661,38.63766],[-90.26618,38.63772],[-90.26631,38.63784],[-90.26642,38.63798],[-90.26654,38.63815],[-90.26661,38.63826],[-90.26667,38.63837],[-90.26672,38.63848],[-90.26677,38.63859],[-90.26681,38.63871],[-90.26685,38.63883],[-90.26688,38.63895],[-90.2669,38.63907],[-90.26694,38.63926],[-90.26697,38.63945],[-90.26699,38.63965],[-90.26701,38.63984],[-90.26702,38.64004],[-90.26704,38.64028],[-90.26707,38.6405],[-90.26711,38.64071],[-90.26715,38.64093],[-90.26719,38.64106],[-90.26724,38.64118],[-90.26729,38.6413],[-90.26735,38.64142],[-90.26741,38.64154],[-90.26748,38.64165],[-90.26755,38.64176],[-90.26763,38.64187],[-90.26771,38.64197],[-90.2678,38.64207],[-90.26789,38.64218],[-90.268,38.64228],[-90.2681,38.64238],[-90.26821,38.64248],[-90.26833,38.64257],[-90.26844,38.64265],[-90.26857,38.64273],[-90.26869,38.64281],[-90.26882,38.64288],[-90.26895,38.64294],[-90.2691,38.64302],[-90.26927,38.64309],[-90.26943,38.64315],[-90.26959,38.6432],[-90.26976,38.64325],[-90.26988,38.64328],[-90.2701,38.64333],[-90.27133,38.64363],[-90.27258,38.64393],[-90.27277,38.64398],[-90.27295,38.64404],[-90.27313,38.64411],[-90.27331,38.64418],[-90.27349,38.64426],[-90.27367,38.64434],[-90.27384,38.64443],[-90.27399,38.64452],[-90.27413,38.64461],[-90.27428,38.64471],[-90.27442,38.64481],[-90.27455,38.64492],[-90.27464,38.645],[-90.27481,38.64515],[-90.27493,38.64527],[-90.27505,38.6454],[-90.27561,38.64597],[-90.27572,38.64608],[-90.27584,38.64619],[-90.27595,38.6463],[-90.27608,38.64639],[-90.27621,38.64649],[-90.27634,38.64657],[-90.27648,38.64666],[-90.27662,38.64673],[-90.27676,38.6468],[-90.2769,38.64686],[-90.27705,38.64693],[-90.2772,38.64698],[-90.27735,38.64703],[-90.27751,38.64708],[-90.27766,38.64712],[-90.27782,38.64715],[-90.27797,38.64718],[-90.27813,38.6472],[-90.27899,38.64728],[-90.27971,38.64733],[-90.28051,38.6474],[-90.28125,38.64748],[-90.28198,38.64754],[-90.28277,38.64761],[-90.28345,38.64768],[-90.28464,38.64778],[-90.28514,38.64782],[-90.28524,38.64783],[-90.28544,38.64784],[-90.2856,38.64785],[-90.28602,38.64787],[-90.28633,38.64789],[-90.28644,38.64789],[-90.28675,38.64791],[-90.28687,38.64791],[-90.28706,38.64792],[-90.28726,38.64794],[-90.28746,38.64796],[-90.28765,38.64798],[-90.28841,38.64805],[-90.28918,38.64812],[-90.2899,38.64819],[-90.29055,38.64826],[-90.29135,38.64834],[-90.29209,38.64841],[-90.29299,38.6485],[-90.29378,38.64858],[-90.2944,38.64863],[-90.29464,38.64865],[-90.29487,38.64867],[-90.29511,38.6487],[-90.29583,38.64877],[-90.29653,38.64884],[-90.29731,38.64891],[-90.29789,38.64897],[-90.29819,38.649],[-90.29934,38.64909],[-90.29948,38.6491],[-90.29962,38.64912],[-90.29976,38.64914],[-90.2999,38.64917],[-90.3001,38.64921],[-90.30027,38.64924],[-90.3005,38.64929],[-90.30066,38.64933],[-90.30092,38.64939],[-90.30114,38.64944],[-90.30135,38.64947],[-90.30156,38.6495],[-90.30177,38.64952],[-90.30198,38.64954],[-90.30219,38.64955],[-90.30246,38.64958],[-90.30272,38.64961],[-90.30291,38.64964],[-90.30327,38.64968],[-90.30355,38.64971],[-90.30382,38.64974],[-90.3041,38.64978],[-90.30438,38.64982],[-90.30465,38.64986],[-90.30521,38.64994],[-90.30575,38.65001],[-90.30631,38.65008],[-90.30648,38.6501],[-90.30665,38.65012],[-90.30682,38.65015],[-90.307,38.65017],[-90.30717,38.6502],[-90.30734,38.65024],[-90.30787,38.65036],[-90.3084,38.65048],[-90.30894,38.6506],[-90.30949,38.65074],[-90.31003,38.65086],[-90.31051,38.65097],[-90.31129,38.65116],[-90.31151,38.65122],[-90.31173,38.65127],[-90.31196,38.65132],[-90.31218,38.65136],[-90.3124,38.6514],[-90.31262,38.65143],[-90.31284,38.65145],[-90.31306,38.65147],[-90.31328,38.65148],[-90.31358,38.6515],[-90.31388,38.65152],[-90.31418,38.65153],[-90.31491,38.6516],[-90.31557,38.65167],[-90.31641,38.65174],[-90.3172,38.65183],[-90.31805,38.65191],[-90.31878,38.65198],[-90.31962,38.65207],[-90.32039,38.65214],[-90.32114,38.65222],[-90.32126,38.65223],[-90.32137,38.65224],[-90.32149,38.65224],[-90.3216,38.65224],[-90.32172,38.65223],[-90.32183,38.65221],[-90.32196,38.6522],[-90.32216,38.65217],[-90.32234,38.65213],[-90.32251,38.6521],[-90.32268,38.65205],[-90.32284,38.65201],[-90.323,38.65195],[-90.32316,38.6519],[-90.32331,38.65183],[-90.32347,38.65177],[-90.32362,38.65169],[-90.32377,38.65162],[-90.32392,38.65154],[-90.32407,38.65145],[-90.32465,38.65109],[-90.32533,38.65066],[-90.32593,38.65028],[-90.32643,38.64995],[-90.32694,38.64961],[-90.32708,38.64952],[-90.32722,38.64943],[-90.32736,38.64935],[-90.3275,38.64927],[-90.32765,38.64919],[-90.32802,38.649],[-90.32822,38.64888],[-90.32837,38.6488],[-90.32863,38.64866],[-90.32883,38.64856],[-90.32904,38.64846],[-90.3293,38.64836],[-90.32955,38.64827],[-90.32981,38.64817],[-90.33007,38.64809],[-90.33033,38.64801],[-90.33059,38.64793],[-90.33085,38.64786],[-90.33112,38.6478],[-90.33159,38.64767],[-90.33214,38.64751],[-90.33271,38.64733],[-90.33326,38.64716],[-90.33382,38.647],[-90.33421,38.6469],[-90.33451,38.64682],[-90.33485,38.64673],[-90.33533,38.6466],[-90.33594,38.64643],[-90.33737,38.64601],[-90.33764,38.64594],[-90.33784,38.64588],[-90.33804,38.64583],[-90.33825,38.64579],[-90.33845,38.64576],[-90.33865,38.64572],[-90.33886,38.6457],[-90.33907,38.64567],[-90.33994,38.64562],[-90.3403,38.6456],[-90.34078,38.64556],[-90.34099,38.64555],[-90.34119,38.64555],[-90.3414,38.64555],[-90.34161,38.64556],[-90.34174,38.64556],[-90.34186,38.64557],[-90.34198,38.64558],[-90.34215,38.6456],[-90.34235,38.64563],[-90.34269,38.64568],[-90.343,38.64572],[-90.34333,38.64577],[-90.34398,38.64586],[-90.3444,38.64592],[-90.34456,38.64594],[-90.34473,38.64596],[-90.34489,38.64597],[-90.34509,38.64597],[-90.34519,38.64597],[-90.34529,38.64596],[-90.34539,38.64594],[-90.3455,38.64593],[-90.3456,38.6459],[-90.34571,38.64587],[-90.34581,38.64584],[-90.34591,38.6458],[-90.34601,38.64576],[-90.34619,38.64567],[-90.34635,38.64556],[-90.34647,38.64546],[-90.34659,38.64535],[-90.3467,38.64522],[-90.34678,38.6451],[-90.34685,38.64497],[-90.34691,38.64483],[-90.34695,38.64469],[-90.34696,38.64456],[-90.34696,38.64444],[-90.34695,38.64429],[-90.34693,38.64415],[-90.3469,38.64402],[-90.34685,38.6439],[-90.3468,38.64381],[-90.34671,38.64363],[-90.34648,38.64323],[-90.34625,38.64283],[-90.34608,38.64252],[-90.34581,38.64207],[-90.34559,38.64167],[-90.34536,38.64127],[-90.34512,38.64084],[-90.34499,38.64063],[-90.34486,38.6404],[-90.34458,38.63992],[-90.34445,38.6397],[-90.34429,38.63943],[-90.34403,38.639],[-90.34385,38.6387],[-90.34365,38.63836],[-90.34346,38.63802],[-90.34339,38.63788],[-90.34307,38.63727],[-90.343,38.6371],[-90.34294,38.63693],[-90.3429,38.63676],[-90.34287,38.63659],[-90.34286,38.63634],[-90.34285,38.63618],[-90.34284,38.63601],[-90.34281,38.63585],[-90.34277,38.63572],[-90.3427,38.63558],[-90.34263,38.63547],[-90.34255,38.63537],[-90.34207,38.63488],[-90.34182,38.63464],[-90.3415,38.63431],[-90.34128,38.63412],[-90.34099,38.63386],[-90.34046,38.6334],[-90.34022,38.6332],[-90.34,38.633],[-90.33964,38.63264],[-90.33942,38.63241],[-90.33928,38.63225],[-90.33915,38.63209],[-90.33901,38.63193],[-90.33888,38.63176],[-90.33876,38.63159],[-90.33864,38.63142],[-90.33856,38.6313],[-90.33848,38.63118],[-90.33841,38.63106],[-90.33835,38.63093],[-90.33829,38.6308],[-90.33823,38.63067],[-90.33819,38.63053],[-90.33815,38.6304],[-90.33811,38.63026],[-90.33809,38.63009],[-90.33808,38.62992],[-90.33806,38.62969],[-90.33806,38.62944],[-90.33806,38.62923],[-90.33807,38.62901],[-90.33808,38.62866],[-90.33809,38.62847],[-90.3381,38.62807],[-90.33814,38.62723],[-90.33815,38.62689],[-90.33815,38.62674],[-90.33815,38.62647],[-90.33814,38.62635],[-90.33814,38.62622],[-90.33813,38.62609],[-90.33812,38.62597],[-90.3381,38.62585],[-90.33808,38.62573],[-90.33806,38.6256],[-90.33803,38.62548],[-90.33799,38.62536],[-90.33795,38.62524],[-90.33792,38.62512],[-90.33787,38.62501],[-90.33783,38.62489],[-90.33778,38.62477],[-90.33772,38.62465],[-90.33763,38.62447],[-90.3374,38.62406],[-90.337,38.6234],[-90.33656,38.62265],[-90.33608,38.62185],[-90.33558,38.62104],[-90.33511,38.62025],[-90.33473,38.61962],[-90.33432,38.61895],[-90.33413,38.61862],[-90.33397,38.61837],[-90.33382,38.61812],[-90.33347,38.61762],[-90.33322,38.61728],[-90.33312,38.61712],[-90.33296,38.61688],[-90.33251,38.61612],[-90.33223,38.61565],[-90.33217,38.61554],[-90.3321,38.61543],[-90.33204,38.61532],[-90.33187,38.61495],[-90.33179,38.61481],[-90.33164,38.61453],[-90.33156,38.61439],[-90.3314,38.61412],[-90.33108,38.6136],[-90.33085,38.61321],[-90.33057,38.61282],[-90.33045,38.61265],[-90.3304,38.61256],[-90.33032,38.61237],[-90.33029,38.61227],[-90.33025,38.61216],[-90.33023,38.61204],[-90.33021,38.61192],[-90.33019,38.6118],[-90.33019,38.61168],[-90.33018,38.61156],[-90.33019,38.61144],[-90.3302,38.61132],[-90.33022,38.6112],[-90.33036,38.61019],[-90.33038,38.61006],[-90.3304,38.60991],[-90.33041,38.60977],[-90.33041,38.60963],[-90.3304,38.60949],[-90.3304,38.60935],[-90.33039,38.60921],[-90.33037,38.60907],[-90.33035,38.60887],[-90.33032,38.60858],[-90.3303,38.60838],[-90.33029,38.60819],[-90.33028,38.60799],[-90.33029,38.60763],[-90.33029,38.6071],[-90.33029,38.60699],[-90.33028,38.60642],[-90.33028,38.60625],[-90.33026,38.60609],[-90.33024,38.60593],[-90.33019,38.60578],[-90.33015,38.60568],[-90.33011,38.60558],[-90.33007,38.60548],[-90.33001,38.60539],[-90.32995,38.60529],[-90.32987,38.60519],[-90.32979,38.60509],[-90.3297,38.605],[-90.3296,38.60491],[-90.3295,38.60482],[-90.32939,38.60475],[-90.32928,38.60467],[-90.32917,38.60461],[-90.32905,38.60455],[-90.32892,38.60449],[-90.32879,38.60444],[-90.32866,38.60439],[-90.32853,38.60435],[-90.3284,38.60432],[-90.32827,38.60429],[-90.32813,38.60427],[-90.32799,38.60425],[-90.32786,38.60424],[-90.32709,38.60414],[-90.32695,38.60412],[-90.32682,38.60409],[-90.32668,38.60406],[-90.32655,38.60402],[-90.32642,38.60397],[-90.32629,38.60392],[-90.32616,38.60386],[-90.32604,38.6038],[-90.32593,38.60374],[-90.32583,38.60368],[-90.32574,38.60361],[-90.32565,38.60353],[-90.32556,38.60345],[-90.32548,38.60337],[-90.3254,38.60328],[-90.32513,38.60296],[-90.32503,38.60284],[-90.32478,38.60254],[-90.32468,38.60241],[-90.3245,38.60221],[-90.32441,38.60211],[-90.32431,38.60201],[-90.32421,38.60191],[-90.3241,38.60182],[-90.32398,38.60173],[-90.32386,38.60164],[-90.32373,38.60155],[-90.32359,38.60146],[-90.32346,38.60139],[-90.32332,38.60132],[-90.32269,38.60104],[-90.32204,38.60076],[-90.32188,38.60069],[-90.32158,38.60055],[-90.32136,38.60044],[-90.32123,38.60036],[-90.3211,38.60028],[-90.32097,38.6002],[-90.32085,38.60011],[-90.32073,38.60001],[-90.32062,38.59991],[-90.32051,38.59981],[-90.32043,38.59973],[-90.32035,38.59965],[-90.32028,38.59956],[-90.32021,38.59947],[-90.32014,38.59937],[-90.32006,38.59925],[-90.31998,38.59913],[-90.31991,38.59901],[-90.31985,38.59888],[-90.31978,38.59875],[-90.31973,38.59861],[-90.31969,38.59848],[-90.31966,38.59834],[-90.31963,38.5982],[-90.31961,38.59805],[-90.31959,38.59791],[-90.31959,38.5978],[-90.31959,38.59766],[-90.3196,38.59751],[-90.31962,38.59726],[-90.31971,38.59647],[-90.31972,38.59636],[-90.31973,38.5962],[-90.31973,38.59605],[-90.31972,38.59587],[-90.31968,38.59542],[-90.31965,38.59515],[-90.31958,38.59454],[-90.31956,38.59435],[-90.31954,38.59419],[-90.31951,38.59395],[-90.31947,38.5934],[-90.31943,38.5928]]}},{"type":"Feature","properties":{"type":"Light Rail","network":"MetroLink","route_name":"Blue Line","color":"#002774"},"geometry":{"type":"LineString","coordinates":[[-90.28464,38.64778],[-90.28514,38.64782],[-90.28524,38.64783],[-90.28544,38.64784],[-90.2856,38.64785],[-90.28602,38.64787],[-90.28633,38.64789],[-90.28644,38.64789],[-90.28675,38.64791],[-90.28687,38.64791],[-90.28706,38.64792],[-90.28726,38.64794],[-90.28746,38.64796],[-90.28765,38.64798],[-90.28841,38.64805],[-90.28918,38.64812],[-90.2899,38.64819],[-90.29055,38.64826],[-90.29135,38.64834],[-90.29209,38.64841],[-90.29299,38.6485],[-90.29378,38.64858],[-90.2944,38.64863],[-90.29464,38.64865],[-90.29487,38.64867],[-90.29511,38.6487],[-90.29583,38.64877],[-90.29653,38.64884],[-90.29731,38.64891],[-90.29789,38.64897],[-90.29819,38.649],[-90.29934,38.64909],[-90.29948,38.6491],[-90.29962,38.64912],[-90.29976,38.64914],[-90.2999,38.64917],[-90.3001,38.64921],[-90.30027,38.64924],[-90.3005,38.64929],[-90.30066,38.64933],[-90.30092,38.64939],[-90.30114,38.64944],[-90.30135,38.64947],[-90.30156,38.6495],[-90.30177,38.64952],[-90.30198,38.64954],[-90.30219,38.64955],[-90.30246,38.64958],[-90.30272,38.64961],[-90.30291,38.64964],[-90.30327,38.64968],[-90.30355,38.64971],[-90.30382,38.64974],[-90.3041,38.64978],[-90.30438,38.64982],[-90.30465,38.64986],[-90.30521,38.64994],[-90.30575,38.65001],[-90.30631,38.65008],[-90.30648,38.6501],[-90.30665,38.65012],[-90.30682,38.65015],[-90.307,38.65017],[-90.30717,38.6502],[-90.30734,38.65024],[-90.30787,38.65036],[-90.3084,38.65048],[-90.30894,38.6506],[-90.30949,38.65074],[-90.31003,38.65086],[-90.31051,38.65097],[-90.31129,38.65116],[-90.31151,38.65122],[-90.31173,38.65127],[-90.31196,38.65132],[-90.31218,38.65136],[-90.3124,38.6514],[-90.31262,38.65143],[-90.31284,38.65145],[-90.31306,38.65147],[-90.31328,38.65148],[-90.31358,38.6515],[-90.31388,38.65152],[-90.31418,38.65153],[-90.31491,38.6516],[-90.31557,38.65167],[-90.31641,38.65174],[-90.3172,38.65183],[-90.31805,38.65191],[-90.31878,38.65198],[-90.31962,38.65207],[-90.32039,38.65214],[-90.32114,38.65222],[-90.32126,38.65223],[-90.32137,38.65224],[-90.32149,38.65224],[-90.3216,38.65224],[-90.32172,38.65223],[-90.32183,38.65221],[-90.32196,38.6522],[-90.32216,38.65217],[-90.32234,38.65213],[-90.32251,38.6521],[-90.32268,38.65205],[-90.32284,38.65201],[-90.323,38.65195],[-90.32316,38.6519],[-90.32331,38.65183],[-90.32347,38.65177],[-90.32362,38.65169],[-90.32377,38.65162],[-90.32392,38.65154],[-90.32407,38.65145],[-90.32465,38.65109],[-90.32533,38.65066],[-90.32593,38.65028],[-90.32643,38.64995],[-90.32694,38.64961],[-90.32708,38.64952],[-90.32722,38.64943],[-90.32736,38.64935],[-90.3275,38.64927],[-90.32765,38.64919],[-90.32802,38.649],[-90.32822,38.64888],[-90.32837,38.6488],[-90.32863,38.64866],[-90.32883,38.64856],[-90.32904,38.64846],[-90.3293,38.64836],[-90.32955,38.64827],[-90.32981,38.64817],[-90.33007,38.64809],[-90.33033,38.64801],[-90.33059,38.64793],[-90.33085,38.64786],[-90.33112,38.6478],[-90.33159,38.64767],[-90.33214,38.64751],[-90.33271,38.64733],[-90.33326,38.64716],[-90.33382,38.647],[-90.33421,38.6469],[-90.33451,38.64682],[-90.33485,38.64673],[-90.33533,38.6466],[-90.33594,38.64643],[-90.33737,38.64601],[-90.33764,38.64594],[-90.33784,38.64588],[-90.33804,38.64583],[-90.33825,38.64579],[-90.33845,38.64576],[-90.33865,38.64572],[-90.33886,38.6457],[-90.33907,38.64567],[-90.33994,38.64562],[-90.3403,38.6456],[-90.34078,38.64556],[-90.34099,38.64555],[-90.34119,38.64555],[-90.3414,38.64555],[-90.34161,38.64556],[-90.34174,38.64556],[-90.34186,38.64557],[-90.34198,38.64558],[-90.34215,38.6456],[-90.34235,38.64563],[-90.34269,38.64568],[-90.343,38.64572],[-90.34333,38.64577],[-90.34398,38.64586],[-90.3444,38.64592],[-90.34456,38.64594],[-90.34473,38.64596],[-90.34489,38.64597],[-90.34509,38.64597],[-90.34519,38.64597],[-90.34529,38.64596],[-90.34539,38.64594],[-90.3455,38.64593],[-90.3456,38.6459],[-90.34571,38.64587],[-90.34581,38.64584],[-90.34591,38.6458],[-90.34601,38.64576],[-90.34619,38.64567],[-90.34635,38.64556],[-90.34647,38.64546],[-90.34659,38.64535],[-90.3467,38.64522],[-90.34678,38.6451],[-90.34685,38.64497],[-90.34691,38.64483],[-90.34695,38.64469],[-90.34696,38.64456],[-90.34696,38.64444],[-90.34695,38.64429],[-90.34693,38.64415],[-90.3469,38.64402],[-90.34685,38.6439],[-90.3468,38.64381],[-90.34671,38.64363],[-90.34648,38.64323],[-90.34625,38.64283],[-90.34608,38.64252],[-90.34581,38.64207],[-90.34559,38.64167],[-90.34536,38.64127],[-90.34512,38.64084],[-90.34499,38.64063],[-90.34486,38.6404],[-90.34458,38.63992],[-90.34445,38.6397],[-90.34429,38.63943],[-90.34403,38.639],[-90.34385,38.6387],[-90.34365,38.63836],[-90.34346,38.63802],[-90.34339,38.63788],[-90.34307,38.63727],[-90.343,38.6371],[-90.34294,38.63693],[-90.3429,38.63676],[-90.34287,38.63659],[-90.34286,38.63634],[-90.34285,38.63618],[-90.34284,38.63601],[-90.34281,38.63585],[-90.34277,38.63572],[-90.3427,38.63558],[-90.34263,38.63547],[-90.34255,38.63537],[-90.34207,38.63488],[-90.34182,38.63464],[-90.3415,38.63431],[-90.34128,38.63412],[-90.34099,38.63386],[-90.34046,38.6334],[-90.34022,38.6332],[-90.34,38.633],[-90.33964,38.63264],[-90.33942,38.63241],[-90.33928,38.63225],[-90.33915,38.63209],[-90.33901,38.63193],[-90.33888,38.63176],[-90.33876,38.63159],[-90.33864,38.63142],[-90.33856,38.6313],[-90.33848,38.63118],[-90.33841,38.63106],[-90.33835,38.63093],[-90.33829,38.6308],[-90.33823,38.63067],[-90.33819,38.63053],[-90.33815,38.6304],[-90.33811,38.63026],[-90.33809,38.63009],[-90.33808,38.62992],[-90.33806,38.62969],[-90.33806,38.62944],[-90.33806,38.62923],[-90.33807,38.62901],[-90.33808,38.62866],[-90.33809,38.62847],[-90.3381,38.62807],[-90.33814,38.62723],[-90.33815,38.62689],[-90.33815,38.62674],[-90.33815,38.62647],[-90.33814,38.62635],[-90.33814,38.62622],[-90.33813,38.62609],[-90.33812,38.62597],[-90.3381,38.62585],[-90.33808,38.62573],[-90.33806,38.6256],[-90.33803,38.62548],[-90.33799,38.62536],[-90.33795,38.62524],[-90.33792,38.62512],[-90.33787,38.62501],[-90.33783,38.62489],[-90.33778,38.62477],[-90.33772,38.62465],[-90.33763,38.62447],[-90.3374,38.62406],[-90.337,38.6234],[-90.33656,38.62265],[-90.33608,38.62185],[-90.33558,38.62104],[-90.33511,38.62025],[-90.33473,38.61962],[-90.33432,38.61895],[-90.33413,38.61862],[-90.33397,38.61837],[-90.33382,38.61812],[-90.33347,38.61762],[-90.33322,38.61728],[-90.33312,38.61712],[-90.33296,38.61688],[-90.33251,38.61612],[-90.33223,38.61565],[-90.33217,38.61554],[-90.3321,38.61543],[-90.33204,38.61532],[-90.33187,38.61495],[-90.33179,38.61481],[-90.33164,38.61453],[-90.33156,38.61439],[-90.3314,38.61412],[-90.33108,38.6136],[-90.33085,38.61321],[-90.33057,38.61282],[-90.33045,38.61265],[-90.3304,38.61256],[-90.33032,38.61237],[-90.33029,38.61227],[-90.33025,38.61216],[-90.33023,38.61204],[-90.33021,38.61192],[-90.33019,38.6118],[-90.33019,38.61168],[-90.33018,38.61156],[-90.33019,38.61144],[-90.3302,38.61132],[-90.33022,38.6112],[-90.33036,38.61019],[-90.33038,38.61006],[-90.3304,38.60991],[-90.33041,38.60977],[-90.33041,38.60963],[-90.3304,38.60949],[-90.3304,38.60935],[-90.33039,38.60921],[-90.33037,38.60907],[-90.33035,38.60887],[-90.33032,38.60858],[-90.3303,38.60838],[-90.33029,38.60819],[-90.33028,38.60799],[-90.33029,38.60763],[-90.33029,38.6071],[-90.33029,38.60699],[-90.33028,38.60642],[-90.33028,38.60625],[-90.33026,38.60609],[-90.33024,38.60593],[-90.33019,38.60578],[-90.33015,38.60568],[-90.33011,38.60558],[-90.33007,38.60548],[-90.33001,38.60539],[-90.32995,38.60529],[-90.32987,38.60519],[-90.32979,38.60509],[-90.3297,38.605],[-90.3296,38.60491],[-90.3295,38.60482],[-90.32939,38.60475],[-90.32928,38.60467],[-90.32917,38.60461],[-90.32905,38.60455],[-90.32892,38.60449],[-90.32879,38.60444],[-90.32866,38.60439],[-90.32853,38.60435],[-90.3284,38.60432],[-90.32827,38.60429],[-90.32813,38.60427],[-90.32799,38.60425],[-90.32786,38.60424],[-90.32709,38.60414],[-90.32695,38.60412],[-90.32682,38.60409],[-90.32668,38.60406],[-90.32655,38.60402],[-90.32642,38.60397],[-90.32629,38.60392],[-90.32616,38.60386],[-90.32604,38.6038],[-90.32593,38.60374],[-90.32583,38.60368],[-90.32574,38.60361],[-90.32565,38.60353],[-90.32556,38.60345],[-90.32548,38.60337],[-90.3254,38.60328],[-90.32513,38.60296],[-90.32503,38.60284],[-90.32478,38.60254],[-90.32468,38.60241],[-90.3245,38.60221],[-90.32441,38.60211],[-90.32431,38.60201],[-90.32421,38.60191],[-90.3241,38.60182],[-90.32398,38.60173],[-90.32386,38.60164],[-90.32373,38.60155],[-90.32359,38.60146],[-90.32346,38.60139],[-90.32332,38.60132],[-90.32269,38.60104],[-90.32204,38.60076],[-90.32188,38.60069],[-90.32158,38.60055],[-90.32136,38.60044],[-90.32123,38.60036],[-90.3211,38.60028],[-90.32097,38.6002],[-90.32085,38.60011],[-90.32073,38.60001],[-90.32062,38.59991],[-90.32051,38.59981],[-90.32043,38.59973],[-90.32035,38.59965],[-90.32028,38.59956],[-90.32021,38.59947],[-90.32014,38.59937],[-90.32006,38.59925],[-90.31998,38.59913],[-90.31991,38.59901],[-90.31985,38.59888],[-90.31978,38.59875],[-90.31973,38.59861],[-90.31969,38.59848],[-90.31966,38.59834],[-90.31963,38.5982],[-90.31961,38.59805],[-90.31959,38.59791],[-90.31959,38.5978],[-90.31959,38.59766],[-90.3196,38.59751],[-90.31962,38.59726],[-90.31971,38.59647],[-90.31972,38.59636],[-90.31973,38.5962],[-90.31973,38.59605],[-90.31972,38.59587],[-90.31968,38.59542],[-90.31965,38.59515],[-90.31958,38.59454],[-90.31956,38.59435],[-90.31954,38.59419],[-90.31951,38.59395],[-90.31947,38.5934],[-90.31943,38.5928]]}},{"type":"Feature","properties":{"type":"Light Rail","network":"MetroLink","route_name":"Red Line","color":"#E2382D"},"geometry":{"type":"LineString","coordinates":[[-90.12535,38.62359],[-90.12579,38.62375],[-90.12661,38.62404],[-90.12708,38.62421],[-90.12794,38.62453],[-90.12902,38.62492],[-90.12939,38.62506],[-90.12978,38.6252],[-90.13016,38.62533],[-90.13138,38.62579],[-90.13238,38.62617],[-90.13326,38.62649],[-90.13377,38.62668],[-90.13412,38.62682],[-90.13439,38.62692],[-90.13454,38.62699],[-90.13469,38.62706],[-90.13484,38.62714],[-90.13499,38.62723],[-90.13513,38.62733],[-90.13527,38.62743],[-90.1354,38.62753],[-90.13553,38.62764],[-90.13641,38.6284],[-90.13698,38.6289],[-90.13722,38.62911],[-90.13761,38.62945],[-90.13771,38.62953],[-90.13781,38.62961],[-90.13792,38.62968],[-90.13803,38.62975],[-90.13814,38.62981],[-90.13826,38.62987],[-90.13838,38.62992],[-90.1385,38.62996],[-90.13863,38.63],[-90.13876,38.63003],[-90.1389,38.63005],[-90.13905,38.63007],[-90.1392,38.63007],[-90.13935,38.63008],[-90.13949,38.63008],[-90.13964,38.63007],[-90.13979,38.63005],[-90.13993,38.63003],[-90.14008,38.63],[-90.14033,38.62996],[-90.14086,38.62987],[-90.14109,38.62983],[-90.14119,38.62982],[-90.14159,38.62975],[-90.14231,38.62963],[-90.14291,38.62953],[-90.14315,38.6295],[-90.14338,38.62947],[-90.14362,38.62945],[-90.14375,38.62944],[-90.14388,38.62944],[-90.14401,38.62944],[-90.14414,38.62945],[-90.14426,38.62947],[-90.14439,38.62949],[-90.14452,38.62952],[-90.14464,38.62955],[-90.14477,38.62959],[-90.14512,38.62971],[-90.14544,38.62982],[-90.14571,38.62991],[-90.14582,38.62994],[-90.14592,38.62998],[-90.14602,38.63002],[-90.14614,38.63008],[-90.14627,38.63014],[-90.14639,38.6302],[-90.14651,38.63027],[-90.14663,38.63035],[-90.14719,38.63083],[-90.14742,38.63101],[-90.14752,38.63108],[-90.14763,38.63115],[-90.14773,38.63121],[-90.14785,38.63127],[-90.14796,38.63132],[-90.14807,38.63136],[-90.14819,38.63139],[-90.14831,38.63142],[-90.14843,38.63145],[-90.14855,38.63146],[-90.14867,38.63148],[-90.1488,38.63148],[-90.14892,38.63148],[-90.14906,38.63148],[-90.1492,38.63146],[-90.14935,38.63144],[-90.14949,38.63141],[-90.14963,38.63137],[-90.14976,38.63133],[-90.1499,38.63128],[-90.15003,38.63122],[-90.15016,38.63116],[-90.15045,38.63103],[-90.15078,38.63088],[-90.15133,38.63063],[-90.15181,38.6304],[-90.15203,38.6303],[-90.15224,38.6302],[-90.15245,38.63009],[-90.15266,38.62998],[-90.15286,38.62986],[-90.15306,38.62974],[-90.15343,38.62949],[-90.15422,38.62891],[-90.15472,38.62855],[-90.15507,38.6283],[-90.1552,38.6282],[-90.15568,38.62784],[-90.15612,38.62749],[-90.15671,38.62703],[-90.15695,38.62684],[-90.15735,38.62654],[-90.15785,38.62617],[-90.15841,38.62577],[-90.15888,38.62544],[-90.15946,38.62501],[-90.15993,38.62466],[-90.16021,38.62446],[-90.1603,38.6244],[-90.16038,38.62434],[-90.16056,38.62425],[-90.16066,38.62422],[-90.16078,38.62418],[-90.16095,38.62414],[-90.16105,38.62413],[-90.16177,38.62405],[-90.16203,38.62403],[-90.16219,38.62402],[-90.16235,38.62403],[-90.16251,38.62407],[-90.16266,38.62414],[-90.16279,38.62422],[-90.16294,38.62435],[-90.16321,38.62457],[-90.16372,38.625],[-90.16383,38.62509],[-90.16418,38.62539],[-90.16432,38.6255],[-90.16454,38.62568],[-90.16485,38.62594],[-90.16505,38.62611],[-90.16526,38.62629],[-90.16545,38.62645],[-90.16562,38.62659],[-90.16579,38.62672],[-90.16596,38.62685],[-90.16611,38.62694],[-90.16625,38.62703],[-90.1664,38.62711],[-90.16655,38.62719],[-90.1667,38.62726],[-90.16686,38.62733],[-90.16702,38.62738],[-90.16718,38.62744],[-90.16734,38.62749],[-90.1675,38.62753],[-90.16766,38.62757],[-90.16783,38.62761],[-90.168,38.62763],[-90.16817,38.62766],[-90.16866,38.62772],[-90.16912,38.62778],[-90.16957,38.62784],[-90.17007,38.6279],[-90.17062,38.62798],[-90.17099,38.62802],[-90.17125,38.62806],[-90.17167,38.62811],[-90.17203,38.62816],[-90.17256,38.62823],[-90.1728,38.62826],[-90.1732,38.62832],[-90.17364,38.62837],[-90.17485,38.62852],[-90.17495,38.62853],[-90.17518,38.62856],[-90.17552,38.62859],[-90.17672,38.62873],[-90.17793,38.62888],[-90.17885,38.62897],[-90.17921,38.62901],[-90.1803,38.62912],[-90.18154,38.62926],[-90.18225,38.62932],[-90.1827,38.62937],[-90.18342,38.62944],[-90.18374,38.62947],[-90.184,38.6295],[-90.18463,38.62956],[-90.18507,38.6296],[-90.18581,38.62965],[-90.18606,38.62967],[-90.18623,38.62967],[-90.18651,38.62969],[-90.18663,38.62969],[-90.18675,38.6297],[-90.18686,38.62971],[-90.18696,38.62973],[-90.1871,38.62975],[-90.18721,38.62978],[-90.18815,38.62996],[-90.18846,38.63003],[-90.18934,38.6302],[-90.18976,38.63029],[-90.19046,38.63044],[-90.19115,38.63058],[-90.19127,38.63059],[-90.19139,38.63058],[-90.1915,38.63054],[-90.1916,38.63047],[-90.19167,38.63039],[-90.19179,38.6301],[-90.19208,38.62941],[-90.19239,38.62861],[-90.19246,38.62845],[-90.1927,38.62788],[-90.19292,38.62736],[-90.19304,38.62706],[-90.19325,38.62655],[-90.19329,38.62643],[-90.19337,38.62625],[-90.1937,38.62542],[-90.19411,38.62438],[-90.19426,38.62403],[-90.19451,38.62345],[-90.19457,38.62328],[-90.19461,38.62318],[-90.19469,38.62301],[-90.19474,38.62292],[-90.1948,38.62284],[-90.19493,38.62269],[-90.19507,38.62257],[-90.19515,38.62251],[-90.19524,38.62246],[-90.19533,38.62241],[-90.19551,38.62234],[-90.19561,38.62232],[-90.19572,38.62229],[-90.19589,38.62225],[-90.19604,38.62222],[-90.19619,38.6222],[-90.19632,38.62218],[-90.19649,38.62217],[-90.19664,38.62217],[-90.19679,38.62217],[-90.19695,38.62217],[-90.19711,38.62217],[-90.19727,38.62219],[-90.19744,38.6222],[-90.1976,38.62223],[-90.19776,38.62225],[-90.19792,38.62229],[-90.19807,38.62233],[-90.19854,38.62246],[-90.19871,38.6225],[-90.19888,38.62254],[-90.19906,38.62257],[-90.19942,38.62264],[-90.19988,38.62272],[-90.20018,38.62277],[-90.20067,38.62285],[-90.20144,38.62298],[-90.20189,38.62305],[-90.20226,38.62311],[-90.2026,38.62317],[-90.2027,38.62319],[-90.20288,38.62324],[-90.20306,38.62331],[-90.20318,38.62339],[-90.20325,38.62347],[-90.2033,38.62361],[-90.20331,38.62372],[-90.2033,38.62382],[-90.20329,38.62394],[-90.20325,38.62412],[-90.20318,38.62447],[-90.20309,38.62491],[-90.20306,38.6251],[-90.20304,38.62522],[-90.20303,38.62539],[-90.20305,38.62555],[-90.20312,38.62569],[-90.20322,38.62579],[-90.20334,38.62588],[-90.20347,38.62594],[-90.20361,38.62598],[-90.20394,38.62605],[-90.20477,38.62622],[-90.20503,38.62627],[-90.206,38.62647],[-90.20698,38.62668],[-90.2071,38.6267],[-90.20741,38.62676],[-90.20978,38.62725],[-90.20988,38.62727],[-90.20999,38.62729],[-90.2101,38.62731],[-90.21021,38.62732],[-90.21032,38.62732],[-90.21043,38.62732],[-90.21054,38.62731],[-90.21065,38.62729],[-90.21076,38.62727],[-90.21086,38.62724],[-90.21097,38.62721],[-90.21113,38.62713],[-90.21129,38.62703],[-90.21143,38.62691],[-90.21155,38.62678],[-90.21166,38.62661],[-90.21176,38.62644],[-90.21185,38.62627],[-90.21191,38.62615],[-90.21201,38.62596],[-90.21208,38.62584],[-90.21215,38.62573],[-90.21224,38.62562],[-90.21232,38.62551],[-90.21241,38.6254],[-90.2125,38.6253],[-90.2126,38.62521],[-90.21271,38.62512],[-90.21282,38.62503],[-90.21295,38.62495],[-90.21308,38.62488],[-90.21322,38.62481],[-90.21337,38.62474],[-90.21351,38.62469],[-90.21366,38.62464],[-90.21381,38.62459],[-90.21396,38.62456],[-90.21411,38.62452],[-90.21426,38.6245],[-90.21442,38.62448],[-90.21476,38.62446],[-90.21567,38.62441],[-90.21585,38.6244],[-90.21603,38.6244],[-90.2162,38.62441],[-90.21638,38.62442],[-90.21656,38.62445],[-90.21673,38.62447],[-90.21691,38.62451],[-90.21746,38.62462],[-90.21813,38.62476],[-90.21923,38.62497],[-90.2209,38.62532],[-90.22266,38.6257],[-90.22435,38.62606],[-90.22469,38.62613],[-90.22502,38.62622],[-90.22535,38.6263],[-90.22569,38.62639],[-90.22602,38.62649],[-90.22764,38.62693],[-90.22859,38.6272],[-90.22943,38.62743],[-90.2297,38.6275],[-90.22996,38.62757],[-90.23022,38.62766],[-90.23047,38.62774],[-90.23073,38.62784],[-90.23098,38.62794],[-90.23206,38.62842],[-90.23228,38.62854],[-90.23251,38.62864],[-90.23274,38.62875],[-90.23297,38.62884],[-90.2332,38.62893],[-90.23345,38.62902],[-90.23371,38.62911],[-90.23396,38.62919],[-90.23422,38.62926],[-90.23448,38.62933],[-90.23474,38.62938],[-90.235,38.62944],[-90.23545,38.62952],[-90.23556,38.62954],[-90.23584,38.62959],[-90.23695,38.6298],[-90.23762,38.62993],[-90.23785,38.62997],[-90.23807,38.63002],[-90.23829,38.63008],[-90.23852,38.63014],[-90.23874,38.6302],[-90.23892,38.63026],[-90.2391,38.63032],[-90.23927,38.63039],[-90.23945,38.63046],[-90.23962,38.63054],[-90.23979,38.63062],[-90.24034,38.63087],[-90.24056,38.63096],[-90.24079,38.63105],[-90.24102,38.63114],[-90.24125,38.63122],[-90.24148,38.63129],[-90.24162,38.63134],[-90.24177,38.63138],[-90.24192,38.63142],[-90.24207,38.63146],[-90.24268,38.6316],[-90.24302,38.63169],[-90.24356,38.63182],[-90.24398,38.63193],[-90.24427,38.632],[-90.24468,38.63211],[-90.24507,38.63221],[-90.24531,38.63229],[-90.24555,38.63235],[-90.2458,38.63242],[-90.24617,38.63251],[-90.24654,38.63261],[-90.24691,38.63269],[-90.24752,38.63282],[-90.24816,38.63296],[-90.24846,38.63302],[-90.2488,38.6331],[-90.24939,38.63322],[-90.24995,38.63334],[-90.25048,38.63346],[-90.25103,38.63357],[-90.25158,38.63369],[-90.25217,38.63381],[-90.25276,38.63394],[-90.25294,38.63398],[-90.25352,38.6341],[-90.25461,38.63434],[-90.25523,38.63447],[-90.25608,38.63465],[-90.25626,38.63469],[-90.25703,38.63485],[-90.25761,38.63497],[-90.25847,38.63515],[-90.25954,38.63537],[-90.25964,38.63539],[-90.2608,38.6356],[-90.26157,38.63575],[-90.26204,38.63586],[-90.2627,38.63604],[-90.26291,38.63609],[-90.26314,38.63616],[-90.26336,38.63623],[-90.26357,38.63631],[-90.26378,38.63639],[-90.264,38.63648],[-90.2642,38.63658],[-90.26441,38.63668],[-90.26461,38.63678],[-90.26481,38.6369],[-90.26508,38.63704],[-90.26534,38.63719],[-90.2656,38.63734],[-90.26585,38.6375],[-90.2661,38.63766],[-90.26618,38.63772],[-90.26631,38.63784],[-90.26642,38.63798],[-90.26654,38.63815],[-90.26661,38.63826],[-90.26667,38.63837],[-90.26672,38.63848],[-90.26677,38.63859],[-90.26681,38.63871],[-90.26685,38.63883],[-90.26688,38.63895],[-90.2669,38.63907],[-90.26694,38.63926],[-90.26697,38.63945],[-90.26699,38.63965],[-90.26701,38.63984],[-90.26702,38.64004],[-90.26704,38.64028],[-90.26707,38.6405],[-90.26711,38.64071],[-90.26715,38.64093],[-90.26719,38.64106],[-90.26724,38.64118],[-90.26729,38.6413],[-90.26735,38.64142],[-90.26741,38.64154],[-90.26748,38.64165],[-90.26755,38.64176],[-90.26763,38.64187],[-90.26771,38.64197],[-90.2678,38.64207],[-90.26789,38.64218],[-90.268,38.64228],[-90.2681,38.64238],[-90.26821,38.64248],[-90.26833,38.64257],[-90.26844,38.64265],[-90.26857,38.64273],[-90.26869,38.64281],[-90.26882,38.64288],[-90.26895,38.64294],[-90.2691,38.64302],[-90.26927,38.64309],[-90.26943,38.64315],[-90.26959,38.6432],[-90.26976,38.64325],[-90.26988,38.64328],[-90.2701,38.64333],[-90.27133,38.64363],[-90.27258,38.64393],[-90.27277,38.64398],[-90.27295,38.64404],[-90.27313,38.64411],[-90.27331,38.64418],[-90.27349,38.64426],[-90.27367,38.64434],[-90.27384,38.64443],[-90.27399,38.64452],[-90.27413,38.64461],[-90.27428,38.64471],[-90.27442,38.64481],[-90.27455,38.64492],[-90.27464,38.645],[-90.27481,38.64515],[-90.27493,38.64527],[-90.27505,38.6454],[-90.27561,38.64597],[-90.27572,38.64608],[-90.27584,38.64619],[-90.27595,38.6463],[-90.27608,38.64639],[-90.27621,38.64649],[-90.27634,38.64657],[-90.27648,38.64666],[-90.27662,38.64673],[-90.27676,38.6468],[-90.2769,38.64686],[-90.27705,38.64693],[-90.2772,38.64698],[-90.27735,38.64703],[-90.27751,38.64708],[-90.27766,38.64712],[-90.27782,38.64715],[-90.27797,38.64718],[-90.27813,38.6472],[-90.27899,38.64728],[-90.27971,38.64733],[-90.28051,38.6474],[-90.28125,38.64748],[-90.28198,38.64754],[-90.28277,38.64761],[-90.28345,38.64768],[-90.28464,38.64778],[-90.28514,38.64782],[-90.28524,38.64783],[-90.28544,38.64784],[-90.28563,38.64787],[-90.28583,38.64791],[-90.28602,38.64795],[-90.28621,38.648],[-90.28641,38.64805],[-90.28659,38.64811],[-90.28676,38.64817],[-90.28692,38.64823],[-90.28708,38.6483],[-90.28724,38.64837],[-90.2874,38.64845],[-90.28756,38.64853],[-90.28775,38.64864],[-90.28794,38.64875],[-90.28812,38.64887],[-90.2883,38.64899],[-90.28848,38.64912],[-90.28865,38.64926],[-90.28906,38.6496],[-90.28963,38.65008],[-90.29003,38.65042],[-90.29083,38.6511],[-90.29169,38.65182],[-90.29187,38.65198],[-90.29202,38.6521],[-90.29224,38.6523],[-90.29242,38.65246],[-90.29259,38.65263],[-90.29276,38.65282],[-90.29292,38.653],[-90.29309,38.65319],[-90.29324,38.65338],[-90.29338,38.65356],[-90.29351,38.65375],[-90.29363,38.65394],[-90.29375,38.65414],[-90.29399,38.65456],[-90.29417,38.65489],[-90.29444,38.65544],[-90.29455,38.65567],[-90.29484,38.65625],[-90.29493,38.65642],[-90.29521,38.65697],[-90.2955,38.65753],[-90.29576,38.65806],[-90.29607,38.65865],[-90.29623,38.65896],[-90.29638,38.65928],[-90.29653,38.6596],[-90.29659,38.65975],[-90.29666,38.65991],[-90.29671,38.66007],[-90.29676,38.66024],[-90.29681,38.6604],[-90.29685,38.66057],[-90.29688,38.66074],[-90.29691,38.66091],[-90.29694,38.66106],[-90.29696,38.66119],[-90.29699,38.66137],[-90.29706,38.6617],[-90.29709,38.66187],[-90.29718,38.66236],[-90.29726,38.66279],[-90.29735,38.66329],[-90.29746,38.66383],[-90.29749,38.664],[-90.29756,38.66435],[-90.29765,38.66488],[-90.29776,38.66544],[-90.29787,38.66608],[-90.29789,38.66619],[-90.29803,38.66699],[-90.29829,38.66832],[-90.29839,38.66887],[-90.29847,38.66929],[-90.29856,38.66978],[-90.29866,38.67032],[-90.29875,38.67081],[-90.29883,38.67124],[-90.29892,38.67173],[-90.29901,38.67222],[-90.2991,38.6727],[-90.29914,38.67292],[-90.29919,38.67319],[-90.29929,38.67373],[-90.29939,38.67427],[-90.29949,38.67483],[-90.29954,38.67509],[-90.29959,38.67538],[-90.2997,38.67592],[-90.29978,38.67644],[-90.29988,38.67695],[-90.29999,38.6775],[-90.30009,38.67804],[-90.3002,38.67864],[-90.30032,38.67927],[-90.30043,38.67986],[-90.30054,38.68048],[-90.30065,38.68109],[-90.30076,38.68167],[-90.30085,38.68216],[-90.30093,38.68256],[-90.30101,38.68301],[-90.30109,38.68344],[-90.30113,38.68364],[-90.30117,38.68385],[-90.30125,38.68434],[-90.30135,38.68488],[-90.30144,38.68532],[-90.30148,38.68555],[-90.30154,38.68588],[-90.30164,38.68643],[-90.30174,38.68697],[-90.30184,38.68751],[-90.30189,38.68778],[-90.30194,38.68806],[-90.30204,38.6886],[-90.30214,38.68914],[-90.30224,38.68969],[-90.30234,38.69023],[-90.30242,38.69066],[-90.30245,38.69078],[-90.30257,38.69145],[-90.30265,38.69186],[-90.30275,38.6924],[-90.30288,38.69313],[-90.30296,38.69355],[-90.30306,38.69412],[-90.30318,38.69475],[-90.30327,38.69523],[-90.30336,38.6957],[-90.30344,38.69615],[-90.30352,38.69656],[-90.30362,38.69708],[-90.3037,38.69751],[-90.30379,38.69804],[-90.3039,38.6986],[-90.304,38.69916],[-90.3041,38.69971],[-90.30421,38.70027],[-90.30431,38.70083],[-90.30442,38.70138],[-90.30452,38.70194],[-90.30468,38.70282],[-90.30483,38.70365],[-90.30499,38.70448],[-90.30515,38.70534],[-90.30519,38.70556],[-90.30523,38.70576],[-90.30527,38.70597],[-90.30531,38.70617],[-90.30534,38.70638],[-90.30535,38.70655],[-90.30537,38.70673],[-90.30537,38.70691],[-90.30538,38.70708],[-90.30537,38.70726],[-90.30536,38.70745],[-90.30535,38.70763],[-90.30532,38.70781],[-90.3053,38.708],[-90.30527,38.70818],[-90.30525,38.70828],[-90.30522,38.70839],[-90.30519,38.70849],[-90.30516,38.70859],[-90.305,38.70909],[-90.30485,38.70954],[-90.30471,38.70996],[-90.30454,38.71047],[-90.3045,38.71059],[-90.30447,38.71071],[-90.30445,38.71083],[-90.30443,38.71095],[-90.30442,38.71108],[-90.30443,38.71125],[-90.30447,38.71141],[-90.30454,38.71157],[-90.30463,38.71172],[-90.30473,38.71186],[-90.30489,38.71201],[-90.30499,38.7121],[-90.30509,38.71219],[-90.3052,38.71226],[-90.30533,38.71237],[-90.30548,38.71247],[-90.30562,38.71257],[-90.30577,38.71266],[-90.3059,38.71273],[-90.3062,38.71291],[-90.30656,38.71311],[-90.30669,38.71318],[-90.3068,38.71325],[-90.30691,38.71332],[-90.30703,38.71337],[-90.30719,38.71345],[-90.30765,38.71369],[-90.30795,38.71384],[-90.30827,38.71399],[-90.30852,38.71413],[-90.30878,38.71425],[-90.30904,38.71437],[-90.30926,38.71447],[-90.30939,38.71453],[-90.30948,38.71458],[-90.3097,38.71469],[-90.30991,38.7148],[-90.3101,38.71491],[-90.31029,38.71503],[-90.31047,38.71515],[-90.31064,38.71528],[-90.31082,38.71541],[-90.31098,38.71555],[-90.31107,38.71563],[-90.31115,38.71571],[-90.31123,38.71579],[-90.3113,38.71588],[-90.31137,38.71597],[-90.31143,38.71607],[-90.31149,38.71617],[-90.31154,38.71627],[-90.31158,38.71637],[-90.31162,38.71648],[-90.31166,38.71658],[-90.31169,38.71668],[-90.31172,38.71678],[-90.31188,38.71727],[-90.31193,38.71744],[-90.31198,38.71759],[-90.31217,38.71822],[-90.31224,38.71844],[-90.3123,38.71862],[-90.31237,38.71878],[-90.31247,38.71894],[-90.31253,38.71903],[-90.3126,38.71912],[-90.31267,38.71921],[-90.31274,38.71929],[-90.31283,38.71936],[-90.31291,38.71943],[-90.313,38.7195],[-90.31309,38.71956],[-90.3132,38.71962],[-90.3133,38.71968],[-90.31341,38.71973],[-90.31353,38.71978],[-90.31364,38.71982],[-90.31376,38.71986],[-90.31388,38.71988],[-90.314,38.71991],[-90.31416,38.71993],[-90.31433,38.71995],[-90.3145,38.71996],[-90.31467,38.71997],[-90.3149,38.71997],[-90.315,38.71997],[-90.31531,38.71996],[-90.31567,38.71996],[-90.31605,38.71996],[-90.31671,38.71997],[-90.31686,38.71998],[-90.31696,38.71999],[-90.31711,38.72001],[-90.31731,38.72004],[-90.31746,38.72007],[-90.31761,38.72011],[-90.31775,38.72015],[-90.31853,38.72039],[-90.31894,38.72051],[-90.31941,38.72064],[-90.31991,38.72078],[-90.32038,38.72094],[-90.32053,38.72099],[-90.32069,38.72105],[-90.32084,38.72111],[-90.32099,38.72118],[-90.32113,38.72125],[-90.32128,38.72133],[-90.32145,38.72142],[-90.32161,38.72151],[-90.32178,38.72161],[-90.32194,38.72172],[-90.32209,38.72182],[-90.32246,38.7221],[-90.32284,38.72241],[-90.32327,38.72277],[-90.32382,38.7232],[-90.32436,38.72364],[-90.32514,38.72427],[-90.32544,38.72451],[-90.32585,38.72486],[-90.32618,38.72513],[-90.32639,38.72529],[-90.3266,38.72544],[-90.32681,38.72559],[-90.32703,38.72573],[-90.3272,38.72584],[-90.32737,38.72595],[-90.32754,38.72605],[-90.32771,38.72615],[-90.32788,38.72625],[-90.32879,38.72672],[-90.32932,38.72699],[-90.32963,38.72715],[-90.33059,38.72763],[-90.33115,38.72792],[-90.33132,38.72801],[-90.33149,38.7281],[-90.3322,38.72846],[-90.33246,38.7286],[-90.3331,38.72893],[-90.33321,38.72898],[-90.3333,38.72903],[-90.3334,38.72909],[-90.33349,38.72916],[-90.33358,38.72923],[-90.33367,38.7293],[-90.33375,38.72938],[-90.33383,38.72946],[-90.33391,38.72955],[-90.33397,38.72965],[-90.33404,38.72975],[-90.3341,38.72985],[-90.33415,38.72994],[-90.33425,38.73012],[-90.33467,38.73083],[-90.33473,38.73096],[-90.33481,38.73109],[-90.33489,38.73122],[-90.33497,38.73134],[-90.33506,38.73147],[-90.33515,38.73158],[-90.33524,38.73167],[-90.33533,38.73176],[-90.33542,38.73183],[-90.33552,38.73191],[-90.33562,38.73198],[-90.33573,38.73204],[-90.33584,38.7321],[-90.33595,38.73216],[-90.33606,38.73221],[-90.33618,38.73225],[-90.33631,38.7323],[-90.33644,38.73234],[-90.33658,38.73238],[-90.33671,38.73242],[-90.33685,38.73244],[-90.33699,38.73247],[-90.33713,38.73248],[-90.3377,38.73252],[-90.33822,38.73255],[-90.33923,38.7326],[-90.33944,38.73262],[-90.33966,38.73263],[-90.33987,38.73265],[-90.34008,38.73268],[-90.34029,38.73271],[-90.34049,38.73275],[-90.34069,38.7328],[-90.34089,38.73285],[-90.34109,38.7329],[-90.34129,38.73296],[-90.34192,38.73315],[-90.3422,38.73324],[-90.34248,38.73332],[-90.34277,38.7334],[-90.34305,38.73347],[-90.34324,38.73352],[-90.34342,38.73356],[-90.34361,38.7336],[-90.3438,38.73363],[-90.34398,38.73365],[-90.34417,38.73367],[-90.34434,38.73369],[-90.3445,38.7337],[-90.34467,38.73371],[-90.34483,38.73371],[-90.34499,38.7337],[-90.34553,38.73368],[-90.34606,38.73365],[-90.34664,38.73362],[-90.34713,38.7336],[-90.34732,38.7336],[-90.34751,38.73361],[-90.3477,38.73362],[-90.34789,38.73364],[-90.34808,38.73367],[-90.34914,38.73386],[-90.34934,38.7339],[-90.34954,38.73394],[-90.34974,38.73399],[-90.34994,38.73404],[-90.35014,38.7341],[-90.3503,38.73414],[-90.35046,38.7342],[-90.35061,38.73426],[-90.35079,38.73432],[-90.35096,38.73439],[-90.35113,38.73446],[-90.35129,38.73454],[-90.35146,38.73462],[-90.35161,38.7347],[-90.35176,38.73477],[-90.35192,38.73483],[-90.35207,38.73488],[-90.35223,38.73493],[-90.3524,38.73497],[-90.35256,38.73501],[-90.35306,38.7351],[-90.35333,38.73516],[-90.35353,38.7352],[-90.35374,38.73524],[-90.3539,38.73527],[-90.35405,38.7353],[-90.35421,38.73534],[-90.35436,38.73538],[-90.35451,38.73543],[-90.35466,38.73549],[-90.35481,38.73555],[-90.35495,38.73562],[-90.3551,38.73569],[-90.35545,38.73587],[-90.35562,38.73596],[-90.35643,38.73638],[-90.35708,38.73673],[-90.35719,38.73679],[-90.3573,38.73684],[-90.35742,38.73689],[-90.35753,38.73694],[-90.35765,38.73698],[-90.35777,38.73701],[-90.35793,38.73706],[-90.35808,38.73712],[-90.35824,38.73718],[-90.35839,38.73724],[-90.35854,38.73732],[-90.3594,38.73774],[-90.36034,38.73821],[-90.3618,38.73889],[-90.36194,38.73895],[-90.36209,38.73902],[-90.36221,38.73906],[-90.36239,38.73913],[-90.36255,38.73918],[-90.36326,38.7394],[-90.36336,38.73943],[-90.36346,38.73947],[-90.36356,38.73951],[-90.36365,38.73956],[-90.36374,38.73962],[-90.3639,38.73974],[-90.36398,38.73982],[-90.36412,38.73997],[-90.36418,38.74006],[-90.36423,38.74015],[-90.36428,38.74024],[-90.36433,38.74033],[-90.36437,38.74043],[-90.3644,38.74053],[-90.36462,38.74131]]}},{"type":"Feature","properties":{"type":"Light Rail","network":"MetroLink","route_name":"Red Line","color":"#E2382D"},"geometry":{"type":"LineString","coordinates":[[-89.87892,38.53865],[-89.87837,38.53769],[-89.87787,38.53679],[-89.87778,38.53662],[-89.87771,38.53644],[-89.87768,38.53634],[-89.87765,38.53615],[-89.87764,38.53596],[-89.87764,38.53577],[-89.87767,38.53558],[-89.8777,38.53548],[-89.87773,38.53538],[-89.87781,38.5352],[-89.87791,38.53502],[-89.87797,38.53491],[-89.87805,38.53481],[-89.87813,38.53471],[-89.87821,38.53461],[-89.8783,38.53452],[-89.87839,38.53443],[-89.87849,38.53435],[-89.87859,38.53427],[-89.8787,38.5342],[-89.87881,38.53413],[-89.87892,38.53407],[-89.87904,38.53402],[-89.87916,38.53397],[-89.87931,38.53392],[-89.87946,38.53387],[-89.87961,38.53383],[-89.87971,38.5338],[-89.87992,38.53376],[-89.88008,38.53374],[-89.88023,38.53373],[-89.88039,38.53372],[-89.88055,38.53372],[-89.88129,38.53374],[-89.88261,38.53376],[-89.88343,38.53378],[-89.88378,38.53379],[-89.88392,38.53379],[-89.8853,38.53382],[-89.8855,38.53382],[-89.88571,38.53381],[-89.88591,38.5338],[-89.88612,38.53378],[-89.88634,38.53377],[-89.88656,38.53375],[-89.88679,38.53372],[-89.88701,38.53368],[-89.88723,38.53364],[-89.88744,38.5336],[-89.88767,38.53355],[-89.8879,38.5335],[-89.88812,38.53344],[-89.88834,38.53338],[-89.88856,38.53331],[-89.88878,38.53323],[-89.88901,38.53316],[-89.88923,38.53307],[-89.88945,38.53298],[-89.88967,38.53289],[-89.88989,38.53278],[-89.8901,38.53268],[-89.89147,38.53196],[-89.89174,38.53182],[-89.89186,38.53176],[-89.89201,38.53169],[-89.89228,38.53156],[-89.89249,38.53148],[-89.8927,38.5314],[-89.89291,38.53133],[-89.89313,38.53127],[-89.89335,38.53121],[-89.89356,38.53116],[-89.89375,38.53112],[-89.89393,38.53108],[-89.89412,38.53105],[-89.89431,38.53103],[-89.8945,38.53101],[-89.89469,38.53099],[-89.89488,38.53097],[-89.89507,38.53096],[-89.89527,38.53095],[-89.89546,38.53095],[-89.89683,38.53095],[-89.89721,38.53095],[-89.89819,38.53096],[-89.89958,38.53096],[-89.90097,38.53096],[-89.90234,38.53097],[-89.90372,38.53097],[-89.905,38.53098],[-89.90601,38.53098],[-89.90634,38.53098],[-89.90766,38.53099],[-89.90901,38.53099],[-89.91035,38.53099],[-89.91169,38.531],[-89.91189,38.53099],[-89.91209,38.53099],[-89.91229,38.53098],[-89.91249,38.53096],[-89.91271,38.53094],[-89.91293,38.53092],[-89.91315,38.53089],[-89.91336,38.53085],[-89.91358,38.53081],[-89.91379,38.53076],[-89.91399,38.53071],[-89.91418,38.53066],[-89.91438,38.53061],[-89.91457,38.53054],[-89.91475,38.53048],[-89.91494,38.53041],[-89.91513,38.53033],[-89.91531,38.53025],[-89.91549,38.53016],[-89.91567,38.53007],[-89.91585,38.52998],[-89.91603,38.52988],[-89.9162,38.52977],[-89.91638,38.52966],[-89.91655,38.52954],[-89.91671,38.52942],[-89.91688,38.52929],[-89.91704,38.52916],[-89.91719,38.52903],[-89.91736,38.52886],[-89.91753,38.52869],[-89.91769,38.52851],[-89.91784,38.52833],[-89.91799,38.52814],[-89.91813,38.52795],[-89.91824,38.52776],[-89.91835,38.52757],[-89.91845,38.52738],[-89.91854,38.52719],[-89.91859,38.52709],[-89.91863,38.52699],[-89.9187,38.52681],[-89.91876,38.52663],[-89.91881,38.52644],[-89.91885,38.52625],[-89.91889,38.52607],[-89.91893,38.52588],[-89.91903,38.52495],[-89.9191,38.52421],[-89.91921,38.52309],[-89.91932,38.52198],[-89.91941,38.52108],[-89.9195,38.52003],[-89.91956,38.5195],[-89.91962,38.51891],[-89.91965,38.51869],[-89.91966,38.51847],[-89.91968,38.51825],[-89.91969,38.51803],[-89.91969,38.51781],[-89.91967,38.5169],[-89.91967,38.51628],[-89.91966,38.51575],[-89.91966,38.51487],[-89.91964,38.51377],[-89.91962,38.51264],[-89.91962,38.51253],[-89.91963,38.51242],[-89.91964,38.5123],[-89.91966,38.51219],[-89.91969,38.51208],[-89.91974,38.51195],[-89.91979,38.51181],[-89.91984,38.51168],[-89.9199,38.51155],[-89.91997,38.51142],[-89.92005,38.5113],[-89.92013,38.51118],[-89.92021,38.51106],[-89.92032,38.51095],[-89.92044,38.51084],[-89.92056,38.51073],[-89.92069,38.51063],[-89.92081,38.51054],[-89.9209,38.51048],[-89.92108,38.51037],[-89.92122,38.51029],[-89.92136,38.51021],[-89.92151,38.51015],[-89.92167,38.51008],[-89.92184,38.51002],[-89.922,38.50997],[-89.92217,38.50993],[-89.92234,38.50989],[-89.92252,38.50986],[-89.92269,38.50984],[-89.92287,38.50982],[-89.9238,38.50976],[-89.92518,38.5097],[-89.92657,38.50963],[-89.92733,38.50959],[-89.92791,38.50957],[-89.9285,38.50954],[-89.92923,38.50951],[-89.93056,38.50945],[-89.93181,38.5094],[-89.93316,38.50934],[-89.93451,38.50927],[-89.93585,38.50921],[-89.93714,38.50915],[-89.93835,38.5091],[-89.93845,38.5091],[-89.93978,38.50903],[-89.94112,38.50898],[-89.94242,38.50892],[-89.94379,38.50885],[-89.9452,38.50879],[-89.9463,38.50874],[-89.94743,38.50869],[-89.94771,38.50868],[-89.94799,38.50867],[-89.94827,38.50867],[-89.94855,38.50868],[-89.94883,38.50869],[-89.94911,38.50871],[-89.94939,38.50873],[-89.94967,38.50876],[-89.95004,38.50881],[-89.95041,38.50887],[-89.95077,38.50894],[-89.95104,38.50899],[-89.95131,38.50905],[-89.95158,38.50912],[-89.95184,38.50919],[-89.9521,38.50928],[-89.95236,38.50936],[-89.95262,38.50945],[-89.95287,38.50955],[-89.95314,38.50966],[-89.95327,38.50971],[-89.95341,38.50977],[-89.95367,38.50989],[-89.95393,38.51002],[-89.95405,38.51008],[-89.9553,38.51071],[-89.95626,38.51119],[-89.95667,38.51139],[-89.95755,38.51183],[-89.95871,38.51242],[-89.95979,38.51306],[-89.96004,38.51321],[-89.96131,38.51397],[-89.96228,38.51456],[-89.96289,38.51493],[-89.96353,38.51531],[-89.96471,38.51602],[-89.96563,38.51658],[-89.96581,38.51669],[-89.96686,38.51732],[-89.96739,38.51764],[-89.96815,38.5181],[-89.96918,38.51872],[-89.96947,38.51889],[-89.97077,38.51967],[-89.97204,38.52043],[-89.9732,38.52114],[-89.97422,38.52175],[-89.97447,38.52191],[-89.97491,38.52217],[-89.97601,38.52284],[-89.97701,38.52344],[-89.97801,38.52405],[-89.97825,38.52419],[-89.97844,38.52432],[-89.97864,38.52446],[-89.97883,38.5246],[-89.97902,38.52474],[-89.97919,38.52488],[-89.97935,38.52501],[-89.97951,38.52515],[-89.97967,38.5253],[-89.97982,38.52545],[-89.97997,38.52561],[-89.98011,38.52577],[-89.9805,38.52624],[-89.98082,38.52664],[-89.98089,38.52672],[-89.98137,38.52733],[-89.98197,38.52812],[-89.98274,38.52911],[-89.98286,38.52926],[-89.98298,38.52941],[-89.98311,38.52955],[-89.98324,38.52968],[-89.98338,38.52982],[-89.98352,38.52994],[-89.98366,38.53007],[-89.984,38.53036],[-89.98433,38.53065],[-89.98445,38.53076],[-89.98457,38.53087],[-89.98469,38.53099],[-89.9848,38.53111],[-89.98491,38.53124],[-89.98501,38.53137],[-89.98511,38.5315],[-89.98521,38.53164],[-89.98529,38.53178],[-89.98537,38.53194],[-89.98544,38.53209],[-89.9855,38.53225],[-89.98555,38.53241],[-89.9856,38.53258],[-89.98565,38.53274],[-89.98577,38.53357],[-89.98578,38.53372],[-89.98579,38.53386],[-89.9858,38.53399],[-89.98583,38.53413],[-89.98586,38.53427],[-89.98589,38.53441],[-89.98593,38.53454],[-89.98598,38.53467],[-89.98602,38.53478],[-89.98607,38.53488],[-89.98612,38.53498],[-89.98618,38.53507],[-89.98624,38.53516],[-89.98631,38.53525],[-89.98638,38.53533],[-89.98646,38.53541],[-89.98655,38.53548],[-89.98664,38.53555],[-89.98735,38.53616],[-89.98748,38.53628],[-89.98768,38.53646],[-89.98783,38.5366],[-89.98796,38.53672],[-89.98808,38.53684],[-89.9882,38.53697],[-89.98831,38.5371],[-89.98911,38.53811],[-89.98998,38.53923],[-89.99079,38.54026],[-89.99111,38.54065],[-89.99143,38.54101],[-89.99159,38.54119],[-89.99176,38.54137],[-89.99187,38.54149],[-89.9921,38.54171],[-89.99228,38.54188],[-89.99246,38.54204],[-89.99314,38.54264],[-89.99333,38.5428],[-89.99352,38.54296],[-89.99372,38.54311],[-89.99392,38.54326],[-89.99412,38.5434],[-89.99454,38.54367],[-89.99466,38.54374],[-89.99505,38.54398],[-89.99638,38.54475],[-89.9966,38.54489],[-89.99681,38.54502],[-89.99703,38.54517],[-89.99724,38.54531],[-89.99743,38.54544],[-89.99761,38.54558],[-89.99778,38.54572],[-89.99795,38.54587],[-89.99812,38.54602],[-89.99828,38.54618],[-89.99844,38.54634],[-89.99913,38.54711],[-90.00007,38.54815],[-90.00019,38.54827],[-90.00032,38.54838],[-90.00044,38.54849],[-90.00057,38.5486],[-90.00071,38.5487],[-90.00084,38.54879],[-90.00099,38.54888],[-90.00113,38.54896],[-90.00128,38.54904],[-90.00138,38.54909],[-90.00158,38.54918],[-90.00181,38.54928],[-90.00269,38.54967],[-90.00288,38.54977],[-90.00307,38.54986],[-90.00325,38.54997],[-90.00343,38.55008],[-90.00361,38.55019],[-90.00378,38.55031],[-90.00484,38.55111],[-90.00608,38.55206],[-90.00718,38.55289],[-90.00832,38.55375],[-90.00958,38.55469],[-90.01085,38.55566],[-90.01157,38.55621],[-90.012,38.55654],[-90.01214,38.55664],[-90.01227,38.55674],[-90.01241,38.55682],[-90.01255,38.55691],[-90.0127,38.55699],[-90.01284,38.55706],[-90.013,38.55713],[-90.01316,38.55719],[-90.01333,38.55724],[-90.0135,38.55729],[-90.01367,38.55733],[-90.01384,38.55737],[-90.01401,38.5574],[-90.01418,38.55743],[-90.0146,38.55748],[-90.01581,38.55764],[-90.01627,38.5577],[-90.01676,38.55776],[-90.0169,38.55778],[-90.01703,38.55781],[-90.01717,38.55783],[-90.01732,38.55786],[-90.01748,38.5579],[-90.01763,38.55794],[-90.01778,38.55799],[-90.01792,38.55805],[-90.01807,38.55811],[-90.01821,38.55817],[-90.01835,38.55825],[-90.01848,38.55832],[-90.0186,38.5584],[-90.01872,38.55849],[-90.01883,38.55858],[-90.01895,38.55868],[-90.01905,38.55878],[-90.01915,38.55889],[-90.01925,38.559],[-90.01935,38.55911],[-90.01943,38.55923],[-90.02006,38.56023],[-90.02015,38.56037],[-90.02024,38.56051],[-90.02034,38.56065],[-90.02044,38.56078],[-90.02055,38.56091],[-90.02067,38.56103],[-90.02079,38.56115],[-90.02091,38.56126],[-90.02104,38.56139],[-90.02118,38.5615],[-90.02132,38.56161],[-90.02147,38.56172],[-90.02162,38.56182],[-90.02177,38.56192],[-90.02193,38.56201],[-90.02209,38.5621],[-90.02225,38.56218],[-90.02244,38.56227],[-90.02263,38.56235],[-90.02283,38.56242],[-90.02303,38.56249],[-90.02322,38.56255],[-90.02343,38.56261],[-90.02363,38.56267],[-90.02384,38.56271],[-90.02405,38.56275],[-90.02426,38.56279],[-90.02447,38.56282],[-90.02468,38.56284],[-90.02535,38.56291],[-90.02667,38.56306],[-90.02767,38.56317],[-90.02784,38.5632],[-90.02801,38.56323],[-90.02817,38.56326],[-90.02834,38.5633],[-90.0285,38.56334],[-90.02866,38.5634],[-90.02882,38.56345],[-90.02898,38.56351],[-90.02911,38.56357],[-90.02923,38.56364],[-90.02936,38.5637],[-90.02948,38.56378],[-90.0296,38.56386],[-90.02971,38.56394],[-90.02982,38.56403],[-90.02991,38.56412],[-90.03002,38.56423],[-90.03012,38.56433],[-90.03021,38.56444],[-90.0303,38.56456],[-90.03038,38.56469],[-90.03046,38.56482],[-90.03053,38.56495],[-90.03059,38.56509],[-90.03065,38.56523],[-90.03104,38.56628],[-90.03146,38.56747],[-90.03176,38.56827],[-90.03191,38.56871],[-90.03199,38.56891],[-90.03207,38.56911],[-90.03217,38.56931],[-90.03223,38.56945],[-90.03231,38.5696],[-90.03239,38.56974],[-90.03247,38.56988],[-90.03257,38.57002],[-90.03266,38.57015],[-90.03276,38.57028],[-90.03287,38.5704],[-90.033,38.57055],[-90.03314,38.57069],[-90.03328,38.57083],[-90.03343,38.57097],[-90.03358,38.5711],[-90.03373,38.57122],[-90.03389,38.57134],[-90.03404,38.57145],[-90.0342,38.57156],[-90.03436,38.57166],[-90.03453,38.57176],[-90.0347,38.57185],[-90.03487,38.57194],[-90.03505,38.57202],[-90.03523,38.57209],[-90.03542,38.57217],[-90.03561,38.57224],[-90.0358,38.57231],[-90.03591,38.57234],[-90.03607,38.57239],[-90.03619,38.57243],[-90.03642,38.57249],[-90.03666,38.57254],[-90.0369,38.57259],[-90.03714,38.57264],[-90.03738,38.57267],[-90.03785,38.57273],[-90.03844,38.57279],[-90.03897,38.57285],[-90.03914,38.57288],[-90.03931,38.57291],[-90.03948,38.57295],[-90.03964,38.57299],[-90.03981,38.57305],[-90.03997,38.5731],[-90.0401,38.57315],[-90.04023,38.57321],[-90.04035,38.57327],[-90.04048,38.57334],[-90.0406,38.57341],[-90.04072,38.57348],[-90.04083,38.57357],[-90.04094,38.57365],[-90.04105,38.57374],[-90.04125,38.57391],[-90.04144,38.57409],[-90.04163,38.57427],[-90.04182,38.57446],[-90.04197,38.57463],[-90.04212,38.5748],[-90.04226,38.57497],[-90.0424,38.57515],[-90.04254,38.57534],[-90.04266,38.57552],[-90.04277,38.57569],[-90.04287,38.57585],[-90.04297,38.57601],[-90.04306,38.57618],[-90.04315,38.57635],[-90.04322,38.57651],[-90.04329,38.57666],[-90.04335,38.57682],[-90.04341,38.57698],[-90.04346,38.57714],[-90.0435,38.5773],[-90.04354,38.57747],[-90.04357,38.57761],[-90.04359,38.57775],[-90.0436,38.57789],[-90.0436,38.57803],[-90.0436,38.57817],[-90.04359,38.57832],[-90.04358,38.57846],[-90.04355,38.5786],[-90.04352,38.57874],[-90.04349,38.57888],[-90.04344,38.57902],[-90.0434,38.57915],[-90.04334,38.57929],[-90.04328,38.57942],[-90.04322,38.57955],[-90.04268,38.58066],[-90.04259,38.58083],[-90.04251,38.58101],[-90.04243,38.58119],[-90.04236,38.58138],[-90.0423,38.58156],[-90.04224,38.58175],[-90.0422,38.5819],[-90.04217,38.58206],[-90.04214,38.58221],[-90.04212,38.58237],[-90.04211,38.58253],[-90.04211,38.58269],[-90.04211,38.58285],[-90.04213,38.583],[-90.04215,38.58315],[-90.04219,38.5833],[-90.04222,38.58345],[-90.04226,38.58359],[-90.04231,38.58374],[-90.04237,38.58388],[-90.04253,38.58428],[-90.04265,38.58455],[-90.04292,38.58516],[-90.04327,38.58597],[-90.04335,38.58613],[-90.04372,38.58695],[-90.04389,38.58733],[-90.04425,38.58816],[-90.04435,38.58838],[-90.04445,38.5886],[-90.04456,38.58882],[-90.04467,38.58904],[-90.04479,38.58926],[-90.04495,38.5895],[-90.04564,38.59052],[-90.04634,38.59153],[-90.0471,38.59265],[-90.0478,38.59362]]}},{"type":"Feature","properties":{"type":"Light Rail","network":"MetroLink","route_name":"Blue Line","color":"#002774"},"geometry":{"type":"LineString","coordinates":[[-90.12535,38.62359],[-90.12579,38.62375],[-90.12661,38.62404],[-90.12708,38.62421],[-90.12794,38.62453],[-90.12902,38.62492],[-90.12939,38.62506],[-90.12978,38.6252],[-90.13016,38.62533],[-90.13138,38.62579],[-90.13238,38.62617],[-90.13326,38.62649],[-90.13377,38.62668],[-90.13412,38.62682],[-90.13439,38.62692],[-90.13454,38.62699],[-90.13469,38.62706],[-90.13484,38.62714],[-90.13499,38.62723],[-90.13513,38.62733],[-90.13527,38.62743],[-90.1354,38.62753],[-90.13553,38.62764],[-90.13641,38.6284],[-90.13698,38.6289],[-90.13722,38.62911],[-90.13761,38.62945],[-90.13771,38.62953],[-90.13781,38.62961],[-90.13792,38.62968],[-90.13803,38.62975],[-90.13814,38.62981],[-90.13826,38.62987],[-90.13838,38.62992],[-90.1385,38.62996],[-90.13863,38.63],[-90.13876,38.63003],[-90.1389,38.63005],[-90.13905,38.63007],[-90.1392,38.63007],[-90.13935,38.63008],[-90.13949,38.63008],[-90.13964,38.63007],[-90.13979,38.63005],[-90.13993,38.63003],[-90.14008,38.63],[-90.14033,38.62996],[-90.14086,38.62987],[-90.14109,38.62983],[-90.14119,38.62982],[-90.14159,38.62975],[-90.14231,38.62963],[-90.14291,38.62953],[-90.14315,38.6295],[-90.14338,38.62947],[-90.14362,38.62945],[-90.14375,38.62944],[-90.14388,38.62944],[-90.14401,38.62944],[-90.14414,38.62945],[-90.14426,38.62947],[-90.14439,38.62949],[-90.14452,38.62952],[-90.14464,38.62955],[-90.14477,38.62959],[-90.14512,38.62971],[-90.14544,38.62982],[-90.14571,38.62991],[-90.14582,38.62994],[-90.14592,38.62998],[-90.14602,38.63002],[-90.14614,38.63008],[-90.14627,38.63014],[-90.14639,38.6302],[-90.14651,38.63027],[-90.14663,38.63035],[-90.14719,38.63083],[-90.14742,38.63101],[-90.14752,38.63108],[-90.14763,38.63115],[-90.14773,38.63121],[-90.14785,38.63127],[-90.14796,38.63132],[-90.14807,38.63136],[-90.14819,38.63139],[-90.14831,38.63142],[-90.14843,38.63145],[-90.14855,38.63146],[-90.14867,38.63148],[-90.1488,38.63148],[-90.14892,38.63148],[-90.14906,38.63148],[-90.1492,38.63146],[-90.14935,38.63144],[-90.14949,38.63141],[-90.14963,38.63137],[-90.14976,38.63133],[-90.1499,38.63128],[-90.15003,38.63122],[-90.15016,38.63116],[-90.15045,38.63103],[-90.15078,38.63088],[-90.15133,38.63063],[-90.15181,38.6304],[-90.15203,38.6303],[-90.15224,38.6302],[-90.15245,38.63009],[-90.15266,38.62998],[-90.15286,38.62986],[-90.15306,38.62974],[-90.15343,38.62949],[-90.15422,38.62891],[-90.15472,38.62855],[-90.15507,38.6283],[-90.1552,38.6282],[-90.15568,38.62784],[-90.15612,38.62749],[-90.15671,38.62703],[-90.15695,38.62684],[-90.15735,38.62654],[-90.15785,38.62617],[-90.15841,38.62577],[-90.15888,38.62544],[-90.15946,38.62501],[-90.15993,38.62466],[-90.16021,38.62446],[-90.1603,38.6244],[-90.16038,38.62434],[-90.16056,38.62425],[-90.16066,38.62422],[-90.16078,38.62418],[-90.16095,38.62414],[-90.16105,38.62413],[-90.16177,38.62405],[-90.16203,38.62403],[-90.16219,38.62402],[-90.16235,38.62403],[-90.16251,38.62407],[-90.16266,38.62414],[-90.16279,38.62422],[-90.16294,38.62435],[-90.16321,38.62457],[-90.16372,38.625],[-90.16383,38.62509],[-90.16418,38.62539],[-90.16432,38.6255],[-90.16454,38.62568],[-90.16485,38.62594],[-90.16505,38.62611],[-90.16526,38.62629],[-90.16545,38.62645],[-90.16562,38.62659],[-90.16579,38.62672],[-90.16596,38.62685],[-90.16611,38.62694],[-90.16625,38.62703],[-90.1664,38.62711],[-90.16655,38.62719],[-90.1667,38.62726],[-90.16686,38.62733],[-90.16702,38.62738],[-90.16718,38.62744],[-90.16734,38.62749],[-90.1675,38.62753],[-90.16766,38.62757],[-90.16783,38.62761],[-90.168,38.62763],[-90.16817,38.62766],[-90.16866,38.62772],[-90.16912,38.62778],[-90.16957,38.62784],[-90.17007,38.6279],[-90.17062,38.62798],[-90.17099,38.62802],[-90.17125,38.62806],[-90.17167,38.62811],[-90.17203,38.62816],[-90.17256,38.62823],[-90.1728,38.62826],[-90.1732,38.62832],[-90.17364,38.62837],[-90.17485,38.62852],[-90.17495,38.62853],[-90.17518,38.62856],[-90.17552,38.62859],[-90.17672,38.62873],[-90.17793,38.62888],[-90.17885,38.62897],[-90.17921,38.62901],[-90.1803,38.62912],[-90.18154,38.62926],[-90.18225,38.62932],[-90.1827,38.62937],[-90.18342,38.62944],[-90.18374,38.62947],[-90.184,38.6295],[-90.18463,38.62956],[-90.18507,38.6296],[-90.18581,38.62965],[-90.18606,38.62967],[-90.18623,38.62967],[-90.18651,38.62969],[-90.18663,38.62969],[-90.18675,38.6297],[-90.18686,38.62971],[-90.18696,38.62973],[-90.1871,38.62975],[-90.18721,38.62978],[-90.18815,38.62996],[-90.18846,38.63003],[-90.18934,38.6302],[-90.18976,38.63029],[-90.19046,38.63044],[-90.19115,38.63058],[-90.19127,38.63059],[-90.19139,38.63058],[-90.1915,38.63054],[-90.1916,38.63047],[-90.19167,38.63039],[-90.19179,38.6301],[-90.19208,38.62941],[-90.19239,38.62861],[-90.19246,38.62845],[-90.1927,38.62788],[-90.19292,38.62736],[-90.19304,38.62706],[-90.19325,38.62655],[-90.19329,38.62643],[-90.19337,38.62625],[-90.1937,38.62542],[-90.19411,38.62438],[-90.19426,38.62403],[-90.19451,38.62345],[-90.19457,38.62328],[-90.19461,38.62318],[-90.19469,38.62301],[-90.19474,38.62292],[-90.1948,38.62284],[-90.19493,38.62269],[-90.19507,38.62257],[-90.19515,38.62251],[-90.19524,38.62246],[-90.19533,38.62241],[-90.19551,38.62234],[-90.19561,38.62232],[-90.19572,38.62229],[-90.19589,38.62225],[-90.19604,38.62222],[-90.19619,38.6222],[-90.19632,38.62218],[-90.19649,38.62217],[-90.19664,38.62217],[-90.19679,38.62217],[-90.19695,38.62217],[-90.19711,38.62217],[-90.19727,38.62219],[-90.19744,38.6222],[-90.1976,38.62223],[-90.19776,38.62225],[-90.19792,38.62229],[-90.19807,38.62233],[-90.19854,38.62246],[-90.19871,38.6225],[-90.19888,38.62254],[-90.19906,38.62257],[-90.19942,38.62264],[-90.19988,38.62272],[-90.20018,38.62277],[-90.20067,38.62285],[-90.20144,38.62298],[-90.20189,38.62305],[-90.20226,38.62311],[-90.2026,38.62317],[-90.2027,38.62319],[-90.20288,38.62324],[-90.20306,38.62331],[-90.20318,38.62339],[-90.20325,38.62347],[-90.2033,38.62361],[-90.20331,38.62372],[-90.2033,38.62382],[-90.20329,38.62394],[-90.20325,38.62412],[-90.20318,38.62447],[-90.20309,38.62491],[-90.20306,38.6251],[-90.20304,38.62522],[-90.20303,38.62539],[-90.20305,38.62555],[-90.20312,38.62569],[-90.20322,38.62579],[-90.20334,38.62588],[-90.20347,38.62594],[-90.20361,38.62598],[-90.20394,38.62605],[-90.20477,38.62622],[-90.20503,38.62627],[-90.206,38.62647],[-90.20698,38.62668],[-90.2071,38.6267],[-90.20741,38.62676],[-90.20978,38.62725],[-90.20988,38.62727],[-90.20999,38.62729],[-90.2101,38.62731],[-90.21021,38.62732],[-90.21032,38.62732],[-90.21043,38.62732],[-90.21054,38.62731],[-90.21065,38.62729],[-90.21076,38.62727],[-90.21086,38.62724],[-90.21097,38.62721],[-90.21113,38.62713],[-90.21129,38.62703],[-90.21143,38.62691],[-90.21155,38.62678],[-90.21166,38.62661],[-90.21176,38.62644],[-90.21185,38.62627],[-90.21191,38.62615],[-90.21201,38.62596],[-90.21208,38.62584],[-90.21215,38.62573],[-90.21224,38.62562],[-90.21232,38.62551],[-90.21241,38.6254],[-90.2125,38.6253],[-90.2126,38.62521],[-90.21271,38.62512],[-90.21282,38.62503],[-90.21295,38.62495],[-90.21308,38.62488],[-90.21322,38.62481],[-90.21337,38.62474],[-90.21351,38.62469],[-90.21366,38.62464],[-90.21381,38.62459],[-90.21396,38.62456],[-90.21411,38.62452],[-90.21426,38.6245],[-90.21442,38.62448],[-90.21476,38.62446],[-90.21567,38.62441],[-90.21585,38.6244],[-90.21603,38.6244],[-90.2162,38.62441],[-90.21638,38.62442],[-90.21656,38.62445],[-90.21673,38.62447],[-90.21691,38.62451],[-90.21746,38.62462],[-90.21813,38.62476],[-90.21923,38.62497],[-90.2209,38.62532],[-90.22266,38.6257],[-90.22435,38.62606],[-90.22469,38.62613],[-90.22502,38.62622],[-90.22535,38.6263],[-90.22569,38.62639],[-90.22602,38.62649],[-90.22764,38.62693],[-90.22859,38.6272],[-90.22943,38.62743],[-90.2297,38.6275],[-90.22996,38.62757],[-90.23022,38.62766],[-90.23047,38.62774],[-90.23073,38.62784],[-90.23098,38.62794],[-90.23206,38.62842],[-90.23228,38.62854],[-90.23251,38.62864],[-90.23274,38.62875],[-90.23297,38.62884],[-90.2332,38.62893],[-90.23345,38.62902],[-90.23371,38.62911],[-90.23396,38.62919],[-90.23422,38.62926],[-90.23448,38.62933],[-90.23474,38.62938],[-90.235,38.62944],[-90.23545,38.62952],[-90.23556,38.62954],[-90.23584,38.62959],[-90.23695,38.6298],[-90.23762,38.62993],[-90.23785,38.62997],[-90.23807,38.63002],[-90.23829,38.63008],[-90.23852,38.63014],[-90.23874,38.6302],[-90.23892,38.63026],[-90.2391,38.63032],[-90.23927,38.63039],[-90.23945,38.63046],[-90.23962,38.63054],[-90.23979,38.63062],[-90.24034,38.63087],[-90.24056,38.63096],[-90.24079,38.63105],[-90.24102,38.63114],[-90.24125,38.63122],[-90.24148,38.63129],[-90.24162,38.63134],[-90.24177,38.63138],[-90.24192,38.63142],[-90.24207,38.63146],[-90.24268,38.6316],[-90.24302,38.63169],[-90.24356,38.63182],[-90.24398,38.63193],[-90.24427,38.632],[-90.24468,38.63211],[-90.24507,38.63221],[-90.24531,38.63229],[-90.24555,38.63235],[-90.2458,38.63242],[-90.24617,38.63251],[-90.24654,38.63261],[-90.24691,38.63269],[-90.24752,38.63282],[-90.24816,38.63296],[-90.24846,38.63302],[-90.2488,38.6331],[-90.24939,38.63322],[-90.24995,38.63334],[-90.25048,38.63346],[-90.25103,38.63357],[-90.25158,38.63369],[-90.25217,38.63381],[-90.25276,38.63394],[-90.25294,38.63398],[-90.25352,38.6341],[-90.25461,38.63434],[-90.25523,38.63447],[-90.25608,38.63465],[-90.25626,38.63469],[-90.25703,38.63485],[-90.25761,38.63497],[-90.25847,38.63515],[-90.25954,38.63537],[-90.25964,38.63539],[-90.2608,38.6356],[-90.26157,38.63575],[-90.26204,38.63586],[-90.2627,38.63604],[-90.26291,38.63609],[-90.26314,38.63616],[-90.26336,38.63623],[-90.26357,38.63631],[-90.26378,38.63639],[-90.264,38.63648],[-90.2642,38.63658],[-90.26441,38.63668],[-90.26461,38.63678],[-90.26481,38.6369],[-90.26508,38.63704],[-90.26534,38.63719],[-90.2656,38.63734],[-90.26585,38.6375],[-90.2661,38.63766],[-90.26618,38.63772],[-90.26631,38.63784],[-90.26642,38.63798],[-90.26654,38.63815],[-90.26661,38.63826],[-90.26667,38.63837],[-90.26672,38.63848],[-90.26677,38.63859],[-90.26681,38.63871],[-90.26685,38.63883],[-90.26688,38.63895],[-90.2669,38.63907],[-90.26694,38.63926],[-90.26697,38.63945],[-90.26699,38.63965],[-90.26701,38.63984],[-90.26702,38.64004],[-90.26704,38.64028],[-90.26707,38.6405],[-90.26711,38.64071],[-90.26715,38.64093],[-90.26719,38.64106],[-90.26724,38.64118],[-90.26729,38.6413],[-90.26735,38.64142],[-90.26741,38.64154],[-90.26748,38.64165],[-90.26755,38.64176],[-90.26763,38.64187],[-90.26771,38.64197],[-90.2678,38.64207],[-90.26789,38.64218],[-90.268,38.64228],[-90.2681,38.64238],[-90.26821,38.64248],[-90.26833,38.64257],[-90.26844,38.64265],[-90.26857,38.64273],[-90.26869,38.64281],[-90.26882,38.64288],[-90.26895,38.64294],[-90.2691,38.64302],[-90.26927,38.64309],[-90.26943,38.64315],[-90.26959,38.6432],[-90.26976,38.64325],[-90.26988,38.64328],[-90.2701,38.64333],[-90.27133,38.64363],[-90.27258,38.64393],[-90.27277,38.64398],[-90.27295,38.64404],[-90.27313,38.64411],[-90.27331,38.64418],[-90.27349,38.64426],[-90.27367,38.64434],[-90.27384,38.64443],[-90.27399,38.64452],[-90.27413,38.64461],[-90.27428,38.64471],[-90.27442,38.64481],[-90.27455,38.64492],[-90.27464,38.645],[-90.27481,38.64515],[-90.27493,38.64527],[-90.27505,38.6454],[-90.27561,38.64597],[-90.27572,38.64608],[-90.27584,38.64619],[-90.27595,38.6463],[-90.27608,38.64639],[-90.27621,38.64649],[-90.27634,38.64657],[-90.27648,38.64666],[-90.27662,38.64673],[-90.27676,38.6468],[-90.2769,38.64686],[-90.27705,38.64693],[-90.2772,38.64698],[-90.27735,38.64703],[-90.27751,38.64708],[-90.27766,38.64712],[-90.27782,38.64715],[-90.27797,38.64718],[-90.27813,38.6472],[-90.27899,38.64728],[-90.27971,38.64733],[-90.28051,38.6474],[-90.28125,38.64748],[-90.28198,38.64754],[-90.28277,38.64761],[-90.28345,38.64768],[-90.28464,38.64778],[-90.28514,38.64782],[-90.28524,38.64783],[-90.28544,38.64784],[-90.2856,38.64785],[-90.28602,38.64787],[-90.28633,38.64789],[-90.28644,38.64789],[-90.28675,38.64791],[-90.28687,38.64791],[-90.28706,38.64792],[-90.28726,38.64794],[-90.28746,38.64796],[-90.28765,38.64798],[-90.28841,38.64805],[-90.28918,38.64812],[-90.2899,38.64819],[-90.29055,38.64826],[-90.29135,38.64834],[-90.29209,38.64841],[-90.29299,38.6485],[-90.29378,38.64858],[-90.2944,38.64863],[-90.29464,38.64865],[-90.29487,38.64867],[-90.29511,38.6487],[-90.29583,38.64877],[-90.29653,38.64884],[-90.29731,38.64891],[-90.29789,38.64897],[-90.29819,38.649],[-90.29934,38.64909],[-90.29948,38.6491],[-90.29962,38.64912],[-90.29976,38.64914],[-90.2999,38.64917],[-90.3001,38.64921],[-90.30027,38.64924],[-90.3005,38.64929],[-90.30066,38.64933],[-90.30092,38.64939],[-90.30114,38.64944],[-90.30135,38.64947],[-90.30156,38.6495],[-90.30177,38.64952],[-90.30198,38.64954],[-90.30219,38.64955],[-90.30246,38.64958],[-90.30272,38.64961],[-90.30291,38.64964],[-90.30327,38.64968],[-90.30355,38.64971],[-90.30382,38.64974],[-90.3041,38.64978],[-90.30438,38.64982],[-90.30465,38.64986],[-90.30521,38.64994],[-90.30575,38.65001],[-90.30631,38.65008],[-90.30648,38.6501],[-90.30665,38.65012],[-90.30682,38.65015],[-90.307,38.65017],[-90.30717,38.6502],[-90.30734,38.65024],[-90.30787,38.65036],[-90.3084,38.65048],[-90.30894,38.6506],[-90.30949,38.65074],[-90.31003,38.65086],[-90.31051,38.65097],[-90.31129,38.65116],[-90.31151,38.65122],[-90.31173,38.65127],[-90.31196,38.65132],[-90.31218,38.65136],[-90.3124,38.6514],[-90.31262,38.65143],[-90.31284,38.65145],[-90.31306,38.65147],[-90.31328,38.65148],[-90.31358,38.6515],[-90.31388,38.65152],[-90.31418,38.65153],[-90.31491,38.6516],[-90.31557,38.65167],[-90.31641,38.65174],[-90.3172,38.65183],[-90.31805,38.65191],[-90.31878,38.65198],[-90.31962,38.65207],[-90.32039,38.65214],[-90.32114,38.65222],[-90.32126,38.65223],[-90.32137,38.65224],[-90.32149,38.65224],[-90.3216,38.65224],[-90.32172,38.65223],[-90.32183,38.65221],[-90.32196,38.6522],[-90.32216,38.65217],[-90.32234,38.65213],[-90.32251,38.6521],[-90.32268,38.65205],[-90.32284,38.65201],[-90.323,38.65195],[-90.32316,38.6519],[-90.32331,38.65183],[-90.32347,38.65177],[-90.32362,38.65169],[-90.32377,38.65162],[-90.32392,38.65154],[-90.32407,38.65145],[-90.32465,38.65109],[-90.32533,38.65066],[-90.32593,38.65028],[-90.32643,38.64995],[-90.32694,38.64961],[-90.32708,38.64952],[-90.32722,38.64943],[-90.32736,38.64935],[-90.3275,38.64927],[-90.32765,38.64919],[-90.32802,38.649],[-90.32822,38.64888],[-90.32837,38.6488],[-90.32863,38.64866],[-90.32883,38.64856],[-90.32904,38.64846],[-90.3293,38.64836],[-90.32955,38.64827],[-90.32981,38.64817],[-90.33007,38.64809],[-90.33033,38.64801],[-90.33059,38.64793],[-90.33085,38.64786],[-90.33112,38.6478],[-90.33159,38.64767],[-90.33214,38.64751],[-90.33271,38.64733],[-90.33326,38.64716],[-90.33382,38.647],[-90.33421,38.6469],[-90.33451,38.64682],[-90.33485,38.64673],[-90.33533,38.6466],[-90.33594,38.64643],[-90.33737,38.64601],[-90.33764,38.64594],[-90.33784,38.64588],[-90.33804,38.64583],[-90.33825,38.64579],[-90.33845,38.64576],[-90.33865,38.64572],[-90.33886,38.6457],[-90.33907,38.64567],[-90.33994,38.64562],[-90.3403,38.6456],[-90.34078,38.64556],[-90.34099,38.64555],[-90.34119,38.64555],[-90.3414,38.64555],[-90.34161,38.64556],[-90.34174,38.64556],[-90.34186,38.64557],[-90.34198,38.64558],[-90.34215,38.6456],[-90.34235,38.64563],[-90.34269,38.64568],[-90.343,38.64572],[-90.34333,38.64577],[-90.34398,38.64586],[-90.3444,38.64592],[-90.34456,38.64594],[-90.34473,38.64596],[-90.34489,38.64597],[-90.34509,38.64597],[-90.34519,38.64597],[-90.34529,38.64596],[-90.34539,38.64594],[-90.3455,38.64593],[-90.3456,38.6459],[-90.34571,38.64587],[-90.34581,38.64584],[-90.34591,38.6458],[-90.34601,38.64576],[-90.34619,38.64567],[-90.34635,38.64556],[-90.34647,38.64546],[-90.34659,38.64535],[-90.3467,38.64522],[-90.34678,38.6451],[-90.34685,38.64497],[-90.34691,38.64483],[-90.34695,38.64469],[-90.34696,38.64456],[-90.34696,38.64444],[-90.34695,38.64429],[-90.34693,38.64415],[-90.3469,38.64402],[-90.34685,38.6439],[-90.3468,38.64381],[-90.34671,38.64363],[-90.34648,38.64323],[-90.34625,38.64283],[-90.34608,38.64252],[-90.34581,38.64207],[-90.34559,38.64167],[-90.34536,38.64127],[-90.34512,38.64084],[-90.34499,38.64063],[-90.34486,38.6404],[-90.34458,38.63992],[-90.34445,38.6397],[-90.34429,38.63943],[-90.34403,38.639],[-90.34385,38.6387],[-90.34365,38.63836],[-90.34346,38.63802],[-90.34339,38.63788],[-90.34307,38.63727],[-90.343,38.6371],[-90.34294,38.63693],[-90.3429,38.63676],[-90.34287,38.63659],[-90.34286,38.63634],[-90.34285,38.63618],[-90.34284,38.63601],[-90.34281,38.63585],[-90.34277,38.63572],[-90.3427,38.63558],[-90.34263,38.63547],[-90.34255,38.63537],[-90.34207,38.63488],[-90.34182,38.63464],[-90.3415,38.63431],[-90.34128,38.63412],[-90.34099,38.63386],[-90.34046,38.6334],[-90.34022,38.6332],[-90.34,38.633],[-90.33964,38.63264],[-90.33942,38.63241],[-90.33928,38.63225],[-90.33915,38.63209],[-90.33901,38.63193],[-90.33888,38.63176],[-90.33876,38.63159],[-90.33864,38.63142],[-90.33856,38.6313],[-90.33848,38.63118],[-90.33841,38.63106],[-90.33835,38.63093],[-90.33829,38.6308],[-90.33823,38.63067],[-90.33819,38.63053],[-90.33815,38.6304],[-90.33811,38.63026],[-90.33809,38.63009],[-90.33808,38.62992],[-90.33806,38.62969],[-90.33806,38.62944],[-90.33806,38.62923],[-90.33807,38.62901],[-90.33808,38.62866],[-90.33809,38.62847],[-90.3381,38.62807],[-90.33814,38.62723],[-90.33815,38.62689],[-90.33815,38.62674],[-90.33815,38.62647],[-90.33814,38.62635],[-90.33814,38.62622],[-90.33813,38.62609],[-90.33812,38.62597],[-90.3381,38.62585],[-90.33808,38.62573],[-90.33806,38.6256],[-90.33803,38.62548],[-90.33799,38.62536],[-90.33795,38.62524],[-90.33792,38.62512],[-90.33787,38.62501],[-90.33783,38.62489],[-90.33778,38.62477],[-90.33772,38.62465],[-90.33763,38.62447],[-90.3374,38.62406],[-90.337,38.6234],[-90.33656,38.62265],[-90.33608,38.62185],[-90.33558,38.62104],[-90.33511,38.62025],[-90.33473,38.61962],[-90.33432,38.61895],[-90.33413,38.61862],[-90.33397,38.61837],[-90.33382,38.61812],[-90.33347,38.61762],[-90.33322,38.61728],[-90.33312,38.61712],[-90.33296,38.61688],[-90.33251,38.61612],[-90.33223,38.61565],[-90.33217,38.61554],[-90.3321,38.61543],[-90.33204,38.61532],[-90.33187,38.61495],[-90.33179,38.61481],[-90.33164,38.61453],[-90.33156,38.61439],[-90.3314,38.61412],[-90.33108,38.6136],[-90.33085,38.61321],[-90.33057,38.61282],[-90.33045,38.61265],[-90.3304,38.61256],[-90.33032,38.61237],[-90.33029,38.61227],[-90.33025,38.61216],[-90.33023,38.61204],[-90.33021,38.61192],[-90.33019,38.6118],[-90.33019,38.61168],[-90.33018,38.61156],[-90.33019,38.61144],[-90.3302,38.61132],[-90.33022,38.6112],[-90.33036,38.61019],[-90.33038,38.61006],[-90.3304,38.60991],[-90.33041,38.60977],[-90.33041,38.60963],[-90.3304,38.60949],[-90.3304,38.60935],[-90.33039,38.60921],[-90.33037,38.60907],[-90.33035,38.60887],[-90.33032,38.60858],[-90.3303,38.60838],[-90.33029,38.60819],[-90.33028,38.60799],[-90.33029,38.60763],[-90.33029,38.6071],[-90.33029,38.60699],[-90.33028,38.60642],[-90.33028,38.60625],[-90.33026,38.60609],[-90.33024,38.60593],[-90.33019,38.60578],[-90.33015,38.60568],[-90.33011,38.60558],[-90.33007,38.60548],[-90.33001,38.60539],[-90.32995,38.60529],[-90.32987,38.60519],[-90.32979,38.60509],[-90.3297,38.605],[-90.3296,38.60491],[-90.3295,38.60482],[-90.32939,38.60475],[-90.32928,38.60467],[-90.32917,38.60461],[-90.32905,38.60455],[-90.32892,38.60449],[-90.32879,38.60444],[-90.32866,38.60439],[-90.32853,38.60435],[-90.3284,38.60432],[-90.32827,38.60429],[-90.32813,38.60427],[-90.32799,38.60425],[-90.32786,38.60424],[-90.32709,38.60414],[-90.32695,38.60412],[-90.32682,38.60409],[-90.32668,38.60406],[-90.32655,38.60402],[-90.32642,38.60397],[-90.32629,38.60392],[-90.32616,38.60386],[-90.32604,38.6038],[-90.32593,38.60374],[-90.32583,38.60368],[-90.32574,38.60361],[-90.32565,38.60353],[-90.32556,38.60345],[-90.32548,38.60337],[-90.3254,38.60328],[-90.32513,38.60296],[-90.32503,38.60284],[-90.32478,38.60254],[-90.32468,38.60241],[-90.3245,38.60221],[-90.32441,38.60211],[-90.32431,38.60201],[-90.32421,38.60191],[-90.3241,38.60182],[-90.32398,38.60173],[-90.32386,38.60164],[-90.32373,38.60155],[-90.32359,38.60146],[-90.32346,38.60139],[-90.32332,38.60132],[-90.32269,38.60104],[-90.32204,38.60076],[-90.32188,38.60069],[-90.32158,38.60055],[-90.32136,38.60044],[-90.32123,38.60036],[-90.3211,38.60028],[-90.32097,38.6002],[-90.32085,38.60011],[-90.32073,38.60001],[-90.32062,38.59991],[-90.32051,38.59981],[-90.32043,38.59973],[-90.32035,38.59965],[-90.32028,38.59956],[-90.32021,38.59947],[-90.32014,38.59937],[-90.32006,38.59925],[-90.31998,38.59913],[-90.31991,38.59901],[-90.31985,38.59888],[-90.31978,38.59875],[-90.31973,38.59861],[-90.31969,38.59848],[-90.31966,38.59834],[-90.31963,38.5982],[-90.31961,38.59805],[-90.31959,38.59791],[-90.31959,38.5978],[-90.31959,38.59766],[-90.3196,38.59751],[-90.31962,38.59726],[-90.31971,38.59647],[-90.31972,38.59636],[-90.31973,38.5962],[-90.31973,38.59605],[-90.31972,38.59587],[-90.31968,38.59542],[-90.31965,38.59515],[-90.31958,38.59454],[-90.31956,38.59435],[-90.31954,38.59419],[-90.31951,38.59395],[-90.31947,38.5934],[-90.31943,38.5928]]}},{"type":"Feature","properties":{"type":"Light Rail","network":"MetroLink","route_name":"Red Line","color":"#E2382D","is_station":true,"station_name":"Lambert Airport Terminal #1"},"geometry":{"type":"Point","coordinates":[-90.3646,38.74122]}},{"type":"Feature","properties":{"type":"Light Rail","network":"MetroLink","route_name":"Red Line","color":"#E2382D","is_station":true,"station_name":"Lambert Airport Terminal #2"},"geometry":{"type":"Point","coordinates":[-90.35603,38.73617]}},{"type":"Feature","properties":{"type":"Light Rail","network":"MetroLink","route_name":"Red Line","color":"#E2382D","is_station":true,"station_name":"North Hanley Station"},"geometry":{"type":"Point","coordinates":[-90.31521,38.71996]}},{"type":"Feature","properties":{"type":"Light Rail","network":"MetroLink","route_name":"Red Line","color":"#E2382D","is_station":true,"station_name":"Umsl North Station"},"geometry":{"type":"Point","coordinates":[-90.30612,38.71285]}},{"type":"Feature","properties":{"type":"Light Rail","network":"MetroLink","route_name":"Red Line","color":"#E2382D","is_station":true,"station_name":"Umsl South Station"},"geometry":{"type":"Point","coordinates":[-90.30514,38.70526]}},{"type":"Feature","properties":{"type":"Light Rail","network":"MetroLink","route_name":"Red Line","color":"#E2382D","is_station":true,"station_name":"Rock Road Station"},"geometry":{"type":"Point","coordinates":[-90.30143,38.68524]}},{"type":"Feature","properties":{"type":"Light Rail","network":"MetroLink","route_name":"Red Line","color":"#E2382D","is_station":true,"station_name":"Wellston Station"},"geometry":{"type":"Point","coordinates":[-90.29841,38.66889]}},{"type":"Feature","properties":{"type":"Light Rail","network":"MetroLink","route_name":"Red Line","color":"#E2382D","is_station":true,"station_name":"Delmar Loop Station"},"geometry":{"type":"Point","coordinates":[-90.29459,38.65572]}},{"type":"Feature","properties":{"type":"Light Rail","network":"MetroLink","route_name":"Red Line","color":"#E2382D","is_station":true,"station_name":"Forest Park Debaliviere Station"},"geometry":{"type":"Point","coordinates":[-90.28465,38.64778]}},{"type":"Feature","properties":{"type":"Light Rail","network":"MetroLink","route_name":"Red Line","color":"#E2382D","is_station":true,"station_name":"Central West End Station"},"geometry":{"type":"Point","coordinates":[-90.26194,38.63583]}},{"type":"Feature","properties":{"type":"Light Rail","network":"MetroLink","route_name":"Red Line","color":"#E2382D","is_station":true,"station_name":"Cortex Station"},"geometry":{"type":"Point","coordinates":[-90.2512,38.63361]}},{"type":"Feature","properties":{"type":"Light Rail","network":"MetroLink","route_name":"Red Line","color":"#E2382D","is_station":true,"station_name":"Grand Station"},"geometry":{"type":"Point","coordinates":[-90.23546,38.62951]}},{"type":"Feature","properties":{"type":"Light Rail","network":"MetroLink","route_name":"Red Line","color":"#E2382D","is_station":true,"station_name":"Union Station"},"geometry":{"type":"Point","coordinates":[-90.20655,38.62659]}},{"type":"Feature","properties":{"type":"Light Rail","network":"MetroLink","route_name":"Red Line","color":"#E2382D","is_station":true,"station_name":"Civic Center Station"},"geometry":{"type":"Point","coordinates":[-90.20307,38.62501]}},{"type":"Feature","properties":{"type":"Light Rail","network":"MetroLink","route_name":"Red Line","color":"#E2382D","is_station":true,"station_name":"Stadium Station"},"geometry":{"type":"Point","coordinates":[-90.19454,38.62341]}},{"type":"Feature","properties":{"type":"Light Rail","network":"MetroLink","route_name":"Red Line","color":"#E2382D","is_station":true,"station_name":"8Th & Pine Station"},"geometry":{"type":"Point","coordinates":[-90.19271,38.62791]}},{"type":"Feature","properties":{"type":"Light Rail","network":"MetroLink","route_name":"Red Line","color":"#E2382D","is_station":true,"station_name":"Convention Center Station"},"geometry":{"type":"Point","coordinates":[-90.1894,38.63022]}},{"type":"Feature","properties":{"type":"Light Rail","network":"MetroLink","route_name":"Red Line","color":"#E2382D","is_station":true,"station_name":"Laclede'S Landing Station"},"geometry":{"type":"Point","coordinates":[-90.18364,38.62946]}},{"type":"Feature","properties":{"type":"Light Rail","network":"MetroLink","route_name":"Red Line","color":"#E2382D","is_station":true,"station_name":"East Riverfront Station"},"geometry":{"type":"Point","coordinates":[-90.17475,38.62851]}},{"type":"Feature","properties":{"type":"Light Rail","network":"MetroLink","route_name":"Red Line","color":"#E2382D","is_station":true,"station_name":"5Th & Missouri Station"},"geometry":{"type":"Point","coordinates":[-90.15938,38.62506]}},{"type":"Feature","properties":{"type":"Light Rail","network":"MetroLink","route_name":"Red Line","color":"#E2382D","is_station":true,"station_name":"Emerson Park Station"},"geometry":{"type":"Point","coordinates":[-90.13723,38.62911]}},{"type":"Feature","properties":{"type":"Light Rail","network":"MetroLink","route_name":"Red Line","color":"#E2382D","is_station":true,"station_name":"Jjk Center Station"},"geometry":{"type":"Point","coordinates":[-90.12441,38.62324]}},{"type":"Feature","properties":{"type":"Light Rail","network":"MetroLink","route_name":"Red Line","color":"#E2382D","is_station":true,"station_name":"Washington Park Station"},"geometry":{"type":"Point","coordinates":[-90.09529,38.61374]}},{"type":"Feature","properties":{"type":"Light Rail","network":"MetroLink","route_name":"Red Line","color":"#E2382D","is_station":true,"station_name":"Fairview Heights Station"},"geometry":{"type":"Point","coordinates":[-90.04794,38.59381]}},{"type":"Feature","properties":{"type":"Light Rail","network":"MetroLink","route_name":"Red Line","color":"#E2382D","is_station":true,"station_name":"Memorial Hospital Station"},"geometry":{"type":"Point","coordinates":[-90.01536,38.55757]}},{"type":"Feature","properties":{"type":"Light Rail","network":"MetroLink","route_name":"Red Line","color":"#E2382D","is_station":true,"station_name":"Swansea Station"},"geometry":{"type":"Point","coordinates":[-89.98748,38.53627]}},{"type":"Feature","properties":{"type":"Light Rail","network":"MetroLink","route_name":"Red Line","color":"#E2382D","is_station":true,"station_name":"Belleville Station"},"geometry":{"type":"Point","coordinates":[-89.97436,38.52183]}},{"type":"Feature","properties":{"type":"Light Rail","network":"MetroLink","route_name":"Red Line","color":"#E2382D","is_station":true,"station_name":"College Station"},"geometry":{"type":"Point","coordinates":[-89.91967,38.51618]}},{"type":"Feature","properties":{"type":"Light Rail","network":"MetroLink","route_name":"Red Line","color":"#E2382D","is_station":true,"station_name":"Shiloh-Scott Station"},"geometry":{"type":"Point","coordinates":[-89.87917,38.53909]}},{"type":"Feature","properties":{"type":"Light Rail","network":"MetroLink","route_name":"Blue Line","color":"#002774","is_station":true,"station_name":"Shrewsbury-Lansdowne I-44 Station"},"geometry":{"type":"Point","coordinates":[-90.31944,38.59287]}},{"type":"Feature","properties":{"type":"Light Rail","network":"MetroLink","route_name":"Blue Line","color":"#002774","is_station":true,"station_name":"Sunnen Station"},"geometry":{"type":"Point","coordinates":[-90.33029,38.60717]}},{"type":"Feature","properties":{"type":"Light Rail","network":"MetroLink","route_name":"Blue Line","color":"#002774","is_station":true,"station_name":"Maplewood-Manchester Station"},"geometry":{"type":"Point","coordinates":[-90.33113,38.61367]}},{"type":"Feature","properties":{"type":"Light Rail","network":"MetroLink","route_name":"Blue Line","color":"#002774","is_station":true,"station_name":"Brentwood I-64 Station"},"geometry":{"type":"Point","coordinates":[-90.33811,38.62834]}},{"type":"Feature","properties":{"type":"Light Rail","network":"MetroLink","route_name":"Blue Line","color":"#002774","is_station":true,"station_name":"Richmond Heights Station"},"geometry":{"type":"Point","coordinates":[-90.34234,38.63514]}},{"type":"Feature","properties":{"type":"Light Rail","network":"MetroLink","route_name":"Blue Line","color":"#002774","is_station":true,"station_name":"Clayton Station"},"geometry":{"type":"Point","coordinates":[-90.33926,38.64565]}},{"type":"Feature","properties":{"type":"Light Rail","network":"MetroLink","route_name":"Blue Line","color":"#002774","is_station":true,"station_name":"Forsyth Station"},"geometry":{"type":"Point","coordinates":[-90.32814,38.64893]}},{"type":"Feature","properties":{"type":"Light Rail","network":"MetroLink","route_name":"Blue Line","color":"#002774","is_station":true,"station_name":"University City-Big Bend Station"},"geometry":{"type":"Point","coordinates":[-90.31495,38.65161]}},{"type":"Feature","properties":{"type":"Light Rail","network":"MetroLink","route_name":"Blue Line","color":"#002774","is_station":true,"station_name":"Skinker Station"},"geometry":{"type":"Point","coordinates":[-90.30081,38.64936]}},{"type":"Feature","properties":{"type":"Light Rail","network":"MetroLink","route_name":"Blue Line","color":"#002774","is_station":true,"station_name":"Forest Park Debaliviere Station"},"geometry":{"type":"Point","coordinates":[-90.28465,38.64778]}},{"type":"Feature","properties":{"type":"Light Rail","network":"MetroLink","route_name":"Blue Line","color":"#002774","is_station":true,"station_name":"Central West End Station"},"geometry":{"type":"Point","coordinates":[-90.26194,38.63583]}},{"type":"Feature","properties":{"type":"Light Rail","network":"MetroLink","route_name":"Blue Line","color":"#002774","is_station":true,"station_name":"Cortex Station"},"geometry":{"type":"Point","coordinates":[-90.2512,38.63361]}},{"type":"Feature","properties":{"type":"Light Rail","network":"MetroLink","route_name":"Blue Line","color":"#002774","is_station":true,"station_name":"Grand Station"},"geometry":{"type":"Point","coordinates":[-90.23546,38.62951]}},{"type":"Feature","properties":{"type":"Light Rail","network":"MetroLink","route_name":"Blue Line","color":"#002774","is_station":true,"station_name":"Union Station"},"geometry":{"type":"Point","coordinates":[-90.20655,38.62659]}},{"type":"Feature","properties":{"type":"Light Rail","network":"MetroLink","route_name":"Blue Line","color":"#002774","is_station":true,"station_name":"Civic Center Station"},"geometry":{"type":"Point","coordinates":[-90.20307,38.62501]}},{"type":"Feature","properties":{"type":"Light Rail","network":"MetroLink","route_name":"Blue Line","color":"#002774","is_station":true,"station_name":"Stadium Station"},"geometry":{"type":"Point","coordinates":[-90.19454,38.62341]}},{"type":"Feature","properties":{"type":"Light Rail","network":"MetroLink","route_name":"Blue Line","color":"#002774","is_station":true,"station_name":"8Th & Pine Station"},"geometry":{"type":"Point","coordinates":[-90.19271,38.62791]}},{"type":"Feature","properties":{"type":"Light Rail","network":"MetroLink","route_name":"Blue Line","color":"#002774","is_station":true,"station_name":"Convention Center Station"},"geometry":{"type":"Point","coordinates":[-90.1894,38.63022]}},{"type":"Feature","properties":{"type":"Light Rail","network":"MetroLink","route_name":"Blue Line","color":"#002774","is_station":true,"station_name":"Laclede'S Landing Station"},"geometry":{"type":"Point","coordinates":[-90.18364,38.62946]}},{"type":"Feature","properties":{"type":"Light Rail","network":"MetroLink","route_name":"Blue Line","color":"#002774","is_station":true,"station_name":"East Riverfront Station"},"geometry":{"type":"Point","coordinates":[-90.17475,38.62851]}},{"type":"Feature","properties":{"type":"Light Rail","network":"MetroLink","route_name":"Blue Line","color":"#002774","is_station":true,"station_name":"5Th & Missouri Station"},"geometry":{"type":"Point","coordinates":[-90.15938,38.62506]}},{"type":"Feature","properties":{"type":"Light Rail","network":"MetroLink","route_name":"Blue Line","color":"#002774","is_station":true,"station_name":"Emerson Park Station"},"geometry":{"type":"Point","coordinates":[-90.13723,38.62911]}},{"type":"Feature","properties":{"type":"Light Rail","network":"MetroLink","route_name":"Blue Line","color":"#002774","is_station":true,"station_name":"Jjk Center Station"},"geometry":{"type":"Point","coordinates":[-90.12441,38.62324]}}]}